agent,run_index,seed,accuracy_base,accuracy_pooled,mi_plugin,mi,b_min,c2,r,u,abstain_rate,u_tpr,u_fpr,u_n_err,u_n_ok,commitment_coverage,uncertainty_trials,veff_60,veff_70,veff_80,veff_90,repair_repeat,repair_modify,repair_escalate,repair_abandon
random,0,42,0.09,0.08153846153846153,0.2210013358590847,0.0550914061568539,0.1022403369601712,0.0641025641025641,0.155,-0.128543412372972,0.32666666666666666,0.26582278481012656,0.39436619718309857,79,71,0.6733333333333333,150,0,0,0,0,0.225,0.25,0.205,0.32
random,1,43,0.078,0.07384615384615385,0.16293097879218044,-0.00586434099182831,-0.010939245323309026,0.07042253521126761,0.16,0.02967092249595399,0.3,0.3132530120481928,0.2835820895522388,83,67,0.7,150,0,0,0,0,0.23,0.25,0.24,0.28
random,2,44,0.076,0.07846153846153846,0.19598265854975694,0.030072728847526126,0.05659221124160967,0.07246376811594203,0.15,0.15042674253200572,0.36,0.4342105263157895,0.28378378378378377,76,74,0.64,150,0,0,0,0,0.21,0.235,0.275,0.28
random,3,45,0.07,0.07692307692307693,0.21507485730798725,0.04627953752397851,0.0870307593525576,0.0821917808219178,0.195,0.007467994310099535,0.28,0.28378378378378377,0.27631578947368424,74,76,0.72,150,0,0,0,0,0.285,0.215,0.28,0.22
random,4,46,0.1,0.09384615384615384,0.18031229648361286,0.010074281658715156,0.018264674593092896,0.08235294117647059,0.22,-0.0933333333333333,0.26,0.21333333333333335,0.30666666666666664,75,75,0.74,150,0,0,0,0,0.265,0.225,0.225,0.285
random,5,47,0.094,0.0876923076923077,0.21366944411592886,0.0463168193728091,0.08694321532806557,0.09195402298850575,0.175,-0.10666666666666666,0.28,0.22666666666666666,0.3333333333333333,75,75,0.72,150,0,0,0,0,0.22,0.235,0.255,0.29
random,6,48,0.08,0.07846153846153846,0.18279575830172579,0.012557743476828087,0.02284980884164765,0.09090909090909091,0.155,-0.01709401709401709,0.2866666666666667,0.2777777777777778,0.2948717948717949,72,78,0.7133333333333334,150,0,0,0,0,0.28,0.205,0.235,0.28
random,7,49,0.094,0.09692307692307692,0.16733127088392455,-0.005792134022751083,-0.010637124881310345,0.09210526315789473,0.17,-0.0443349753694581,0.26,0.2413793103448276,0.2857142857142857,87,63,0.74,150,0,0,0,0,0.285,0.29,0.195,0.23
random,8,50,0.078,0.0876923076923077,0.1488993202460336,-0.025666779701530973,-0.04768218125043885,0.11594202898550725,0.21,-0.0893113342898135,0.26,0.21951219512195122,0.3088235294117647,82,68,0.74,150,0,0,0,0,0.26,0.26,0.215,0.265
random,9,51,0.056,0.06307692307692307,0.2407921590349868,0.07343953429186703,0.13756409332218855,0.08641975308641975,0.145,-0.08750000000000002,0.3466666666666667,0.3,0.3875,70,80,0.6533333333333333,150,0,0,0,0,0.225,0.25,0.29,0.235
random,10,52,0.078,0.08923076923076922,0.20642539273057642,0.03907276798745665,0.07409294347131588,0.12307692307692308,0.19,0.010683760683760701,0.3,0.3055555555555556,0.2948717948717949,72,78,0.7,150,0,0,0,0,0.225,0.2,0.335,0.24
random,11,53,0.078,0.08615384615384615,0.18811266012293143,0.01787464529803373,0.03326035420831266,0.0945945945945946,0.155,-0.031294452347083945,0.32666666666666666,0.3108108108108108,0.34210526315789475,74,76,0.6733333333333333,150,0,0,0,0,0.275,0.2,0.265,0.26
random,12,54,0.08,0.08307692307692308,0.1931840538427207,0.022946039017822994,0.04254603050196139,0.11392405063291139,0.15,0.03757380568974769,0.26666666666666666,0.2839506172839506,0.2463768115942029,81,69,0.7333333333333334,150,0,0,0,0,0.23,0.265,0.27,0.235
random,13,55,0.084,0.08153846153846153,0.18284214175300154,0.012604126928103837,0.023401692683477086,0.075,0.145,0.047297297297297314,0.2733333333333333,0.2972972972972973,0.25,74,76,0.7266666666666667,150,0,0,0,0,0.23,0.2,0.265,0.305
random,14,56,0.092,0.08,0.2086823841370223,0.044215149475680476,0.0799945136280746,0.036585365853658534,0.15,0.10357142857142856,0.2733333333333333,0.32857142857142857,0.225,70,80,0.7266666666666667,150,0,0,0,0,0.24,0.185,0.315,0.26
random,15,57,0.092,0.08461538461538462,0.21378842534788936,0.04355041052299166,0.07807589127760176,0.0821917808219178,0.18,0.043478260869565244,0.35333333333333333,0.37681159420289856,0.3333333333333333,69,81,0.6466666666666667,150,0,0,0,0,0.27,0.25,0.235,0.245
random,16,58,0.09,0.08923076923076922,0.1839178873676585,0.012237177501871838,0.02272126472134133,0.0821917808219178,0.16,-0.026666666666666672,0.26666666666666666,0.25333333333333335,0.28,75,75,0.7333333333333334,150,0,0,0,0,0.22,0.28,0.28,0.22
random,17,59,0.09,0.0876923076923077,0.23607858028868572,0.07305404066823284,0.13545584775290576,0.05263157894736842,0.15,-0.013333333333333364,0.2733333333333333,0.26666666666666666,0.28,75,75,0.7266666666666667,150,0,0,0,0,0.18,0.275,0.255,0.29
random,18,60,0.058,0.06153846153846154,0.2344127211549466,0.07283087657538267,0.13764349266394105,0.11842105263157894,0.165,0.1262553802008608,0.31333333333333335,0.38235294117647056,0.25609756097560976,68,82,0.6866666666666666,150,0,0,0,0,0.31,0.16,0.265,0.265
random,19,61,0.066,0.07230769230769231,0.2077855466488145,0.038990226864805744,0.07158332867565129,0.10666666666666667,0.185,0.002136752136752129,0.30666666666666664,0.3076923076923077,0.3055555555555556,78,72,0.6933333333333334,150,0,0,0,0,0.24,0.16,0.325,0.275
random,20,62,0.098,0.09538461538461539,0.23589078038566863,0.06998085068343782,0.128242973522365,0.11764705882352941,0.14,0.1411764705882353,0.32,0.4,0.25882352941176473,65,85,0.6799999999999999,150,0,0,0,0,0.185,0.265,0.27,0.28
random,21,63,0.07,0.07692307692307693,0.20563396520322122,0.038281340460101454,0.06963536836738371,0.06493506493506493,0.115,-0.08641536273115219,0.24,0.19736842105263158,0.28378378378378377,76,74,0.76,150,0,0,0,0,0.27,0.265,0.26,0.205
random,22,64,0.084,0.08461538461538462,0.1885562360775756,0.019760916293566855,0.03755035184486995,0.09722222222222222,0.165,-0.005555555555555536,0.28,0.2777777777777778,0.2833333333333333,90,60,0.72,150,0,0,0,0,0.285,0.2,0.25,0.265
random,23,65,0.08,0.0876923076923077,0.17115752406333198,0.0009195092384342851,0.0017213313727907585,0.14473684210526316,0.145,-0.025824964131994255,0.28,0.2682926829268293,0.29411764705882354,82,68,0.72,150,0,0,0,0,0.255,0.235,0.29,0.22
random,24,66,0.086,0.0876923076923077,0.2266919419811855,0.06366740236073262,0.12098990012736176,0.125,0.135,0.048701298701298745,0.3,0.32142857142857145,0.2727272727272727,84,66,0.7,150,0,0,0,0,0.29,0.195,0.275,0.24
random,25,67,0.096,0.09384615384615384,0.2324692515735775,0.06944471195312463,0.12946719023603537,0.07142857142857142,0.19,0.05754360726488039,0.26666666666666666,0.29850746268656714,0.24096385542168675,67,83,0.7333333333333334,150,0,0,0,0,0.26,0.285,0.205,0.25
random,26,68,0.096,0.08615384615384615,0.18825016724310528,0.018012152418207583,0.03364770744127078,0.07042253521126761,0.16,-0.03913894324853229,0.26666666666666666,0.2465753424657534,0.2857142857142857,73,77,0.7333333333333334,150,0,0,0,0,0.295,0.195,0.25,0.26
random,27,69,0.072,0.07230769230769231,0.20227967534012165,0.03636974563789083,0.06684948206710734,0.04225352112676056,0.185,-0.048008534850640106,0.3,0.27631578947368424,0.32432432432432434,76,74,0.7,150,0,0,0,0,0.235,0.245,0.23,0.29
random,28,70,0.096,0.08615384615384615,0.16566558987626248,-0.0045724249486352175,-0.008329305584998463,0.05555555555555555,0.15,0.09722222222222221,0.2866666666666667,0.3333333333333333,0.2361111111111111,78,72,0.7133333333333334,150,0,0,0,0,0.285,0.285,0.26,0.17
random,29,71,0.1,0.10307692307692308,0.19765870122169846,0.031748771519467645,0.05950328691918831,0.13924050632911392,0.195,-0.030583214793741098,0.35333333333333333,0.33783783783783783,0.3684210526315789,74,76,0.6466666666666667,150,0,0,0,0,0.225,0.295,0.265,0.215
random,30,72,0.076,0.07538461538461538,0.17119119196779575,0.0023958721837870067,0.004398127463559365,0.09722222222222222,0.15,-0.10233553218042432,0.29333333333333333,0.23943661971830985,0.34177215189873417,71,79,0.7066666666666667,150,0,0,0,0,0.285,0.25,0.245,0.22
random,31,73,0.094,0.09538461538461539,0.21709427352972543,0.04829895374571669,0.08995747780515462,0.1,0.2,0.06863968621857727,0.23333333333333334,0.26582278481012656,0.19718309859154928,79,71,0.7666666666666666,150,0,0,0,0,0.225,0.265,0.255,0.255
random,32,74,0.1,0.09538461538461539,0.1597166861553207,-0.010521328669577001,-0.019231876689064526,0.08108108108108109,0.12,0.020981507823613077,0.2866666666666667,0.2972972972972973,0.27631578947368424,74,76,0.7133333333333334,150,0,0,0,0,0.185,0.25,0.275,0.29
random,33,75,0.09,0.09538461538461539,0.18675970572540845,0.019407080982288688,0.03483791031528758,0.1095890410958904,0.15,0.162239258334819,0.26666666666666666,0.352112676056338,0.189873417721519,71,79,0.7333333333333334,150,0,0,0,0,0.24,0.23,0.245,0.285
random,34,76,0.072,0.08,0.1517149592705805,-0.01996575059520614,-0.03646221168544757,0.10810810810810811,0.16,0.08687782805429867,0.32,0.36923076923076925,0.2823529411764706,65,85,0.6799999999999999,150,0,0,0,0,0.245,0.26,0.25,0.245
random,35,77,0.08,0.08307692307692308,0.16953646899189276,0.0007411492078840121,0.0013496947253877167,0.078125,0.165,0.030982905982905984,0.28,0.2948717948717949,0.2638888888888889,78,72,0.72,150,0,0,0,0,0.285,0.21,0.295,0.21
random,36,78,0.09,0.09230769230769231,0.20350100137890437,0.03326298655400667,0.0625014097779974,0.09411764705882353,0.145,-0.0026838432635533926,0.23333333333333334,0.2318840579710145,0.2345679012345679,69,81,0.7666666666666666,150,0,0,0,0,0.24,0.24,0.26,0.26
random,37,79,0.094,0.08307692307692308,0.18799142198598656,0.019196102201977816,0.03618031560250079,0.05128205128205128,0.22,-0.059523809523809534,0.36666666666666664,0.3333333333333333,0.39285714285714285,66,84,0.6333333333333333,150,0,0,0,0,0.215,0.265,0.295,0.225
random,38,80,0.082,0.08307692307692308,0.14882961331389805,-0.022851096551888606,-0.04223233242481841,0.11392405063291139,0.17,0.04623044096728307,0.26666666666666666,0.2894736842105263,0.24324324324324326,76,74,0.7333333333333334,150,0,0,0,0,0.23,0.27,0.225,0.275
random,39,81,0.09,0.09076923076923077,0.1760908105906346,0.005852795765736912,0.010713663305031297,0.07142857142857142,0.155,0.002136752136752129,0.30666666666666664,0.3076923076923077,0.3055555555555556,78,72,0.6933333333333334,150,0,0,0,0,0.205,0.275,0.245,0.275
random,40,82,0.084,0.08153846153846153,0.1644596154075546,-0.004335704376454141,-0.008018066321273802,0.0759493670886076,0.215,-0.06368973492261165,0.30666666666666664,0.273972602739726,0.33766233766233766,73,77,0.6933333333333334,150,0,0,0,0,0.235,0.26,0.24,0.265
random,41,83,0.08,0.08,0.15334143480724075,-0.019781970099434887,-0.03621580581841129,0.09333333333333334,0.14,0.010714285714285732,0.38,0.38571428571428573,0.375,70,80,0.62,150,0,0,0,0,0.295,0.22,0.2,0.285
random,42,84,0.112,0.10923076923076923,0.16445472760724683,-0.005783287217650868,-0.010614049277585549,0.1388888888888889,0.14,0.04806312769010046,0.32666666666666666,0.35294117647058826,0.3048780487804878,68,82,0.6733333333333333,150,0,0,0,0,0.28,0.225,0.215,0.28
random,43,85,0.068,0.07076923076923076,0.18373527313374663,0.01349725830884893,0.024614134611786295,0.075,0.18,-0.017293635229096105,0.2866666666666667,0.27848101265822783,0.29577464788732394,79,71,0.7133333333333334,150,0,0,0,0,0.305,0.235,0.225,0.235
random,44,86,0.078,0.07538461538461538,0.21708479176691897,0.05117486206468816,0.09131278116965347,0.08,0.15,0.05892857142857144,0.34,0.37142857142857144,0.3125,70,80,0.6599999999999999,150,0,0,0,0,0.28,0.245,0.22,0.255
random,45,87,0.078,0.08153846153846153,0.18366811428815877,0.014872794504150022,0.028072697117083642,0.075,0.16,0.016025641025641024,0.36666666666666664,0.375,0.358974358974359,72,78,0.6333333333333333,150,0,0,0,0,0.235,0.24,0.215,0.31
random,46,88,0.062,0.06615384615384616,0.1926237709266828,0.023828451142674067,0.04496069401329586,0.05063291139240506,0.135,0.03556187766714086,0.3333333333333333,0.35135135135135137,0.3157894736842105,74,76,0.6666666666666667,150,0,0,0,0,0.255,0.265,0.265,0.215
random,47,89,0.068,0.07384615384615385,0.1926558971255453,0.025303272382425523,0.04685923949933543,0.07042253521126761,0.19,0.071569861535695,0.29333333333333333,0.3253012048192771,0.2537313432835821,83,67,0.7066666666666667,150,0,0,0,0,0.32,0.22,0.26,0.2
random,48,90,0.08,0.07846153846153846,0.18812920764218827,0.01933388785817952,0.03545283248534564,0.06756756756756757,0.1,-0.011030065824586377,0.29333333333333333,0.2876712328767123,0.2987012987012987,73,77,0.7066666666666667,150,0,0,0,0,0.27,0.23,0.23,0.27
random,49,91,0.098,0.08461538461538462,0.17050148570335927,-0.002621919203316364,-0.004765274931492531,0.037037037037037035,0.185,0.05772113943028484,0.32666666666666666,0.3620689655172414,0.30434782608695654,58,92,0.6733333333333333,150,0,0,0,0,0.255,0.25,0.26,0.235
random,50,92,0.068,0.07076923076923076,0.18514688084659336,0.014908866021695666,0.02721496106503434,0.1038961038961039,0.2,0.0035714285714286143,0.2733333333333333,0.275,0.2714285714285714,80,70,0.7266666666666667,150,0,0,0,0,0.295,0.215,0.23,0.26
random,51,93,0.08,0.08153846153846153,0.19002047965417146,0.022667854911051694,0.04316317540520394,0.10666666666666667,0.17,-0.04285714285714287,0.28,0.2571428571428571,0.3,70,80,0.72,150,0,0,0,0,0.31,0.26,0.27,0.16
random,52,94,0.066,0.06769230769230769,0.20425821011930667,0.03834828041707586,0.07125637347796088,0.047058823529411764,0.15,-0.046586059743954494,0.24666666666666667,0.2236842105263158,0.2702702702702703,76,74,0.7533333333333333,150,0,0,0,0,0.25,0.215,0.23,0.305
random,53,95,0.062,0.07384615384615385,0.20502947752831213,0.0405622428669703,0.07417774318134938,0.11392405063291139,0.185,0.00995475113122174,0.2866666666666667,0.2923076923076923,0.2823529411764706,65,85,0.7133333333333334,150,0,0,0,0,0.25,0.24,0.22,0.29
random,54,96,0.098,0.09230769230769231,0.21348704748775882,0.04324903266286112,0.07898550906439472,0.07246376811594203,0.165,-0.05828445747800584,0.24,0.2159090909090909,0.27419354838709675,88,62,0.76,150,0,0,0,0,0.23,0.28,0.225,0.265
random,55,97,0.072,0.07846153846153846,0.19002860556127937,0.022675980818159608,0.04177622983447954,0.09722222222222222,0.12,0.027930973136452597,0.2733333333333333,0.2876712328767123,0.2597402597402597,73,77,0.7266666666666667,150,0,0,0,0,0.265,0.26,0.225,0.25
random,56,98,0.068,0.06461538461538462,0.169645114168944,-0.0005929006559536876,-0.0010555225990164618,0.045454545454545456,0.16,0.1464389534883721,0.30666666666666664,0.390625,0.2441860465116279,64,86,0.6933333333333334,150,0,0,0,0,0.3,0.27,0.21,0.22
random,57,99,0.086,0.08,0.2001368797648045,0.02989886493990679,0.055342767438357546,0.0547945205479452,0.19,-0.04688892850775539,0.31333333333333335,0.2911392405063291,0.3380281690140845,79,71,0.6866666666666666,150,0,0,0,0,0.22,0.25,0.235,0.295
random,58,100,0.08,0.07384615384615385,0.1678644300568464,-0.003816279808940254,-0.006956787175463937,0.044444444444444446,0.18,-0.10144927536231885,0.38,0.3333333333333333,0.43478260869565216,81,69,0.62,150,0,0,0,0,0.295,0.22,0.24,0.245
random,59,101,0.07,0.07076923076923076,0.22033179753738885,0.05442186783515804,0.10287204226718771,0.0945945945945946,0.16,-0.02533936651583707,0.30666666666666664,0.2923076923076923,0.3176470588235294,65,85,0.6933333333333334,150,0,0,0,0,0.275,0.22,0.23,0.275
random,60,102,0.076,0.0876923076923077,0.17989760129468335,0.011102281510674605,0.02102292005227173,0.125,0.2,-0.021645021645021634,0.3,0.2878787878787879,0.30952380952380953,66,84,0.7,150,0,0,0,0,0.22,0.245,0.24,0.295
random,61,103,0.084,0.08307692307692308,0.1778522711151379,0.0047288662084622735,0.008726030916922548,0.07692307692307693,0.175,0.009606831524639758,0.32,0.3246753246753247,0.3150684931506849,77,73,0.6799999999999999,150,0,0,0,0,0.235,0.21,0.255,0.3
random,62,104,0.062,0.07076923076923076,0.1848466200451719,0.01316591017938526,0.024024334528398392,0.0821917808219178,0.175,-0.11645299145299143,0.2866666666666667,0.23076923076923078,0.3472222222222222,78,72,0.7133333333333334,150,0,0,0,0,0.33,0.235,0.25,0.185
random,63,105,0.062,0.06153846153846154,0.18816558655911592,0.022255656856885103,0.04117761814753739,0.10144927536231885,0.14,0.03307254623044098,0.26,0.27631578947368424,0.24324324324324326,76,74,0.74,150,0,0,0,0,0.29,0.24,0.21,0.26
random,64,106,0.082,0.07076923076923076,0.2055264053376985,0.03817378059457874,0.07042241575054713,0.05,0.165,0.06458675424192661,0.28,0.31746031746031744,0.25287356321839083,63,87,0.72,150,0,0,0,0,0.28,0.245,0.225,0.25
random,65,107,0.098,0.1,0.21553423283098996,0.04962430312875915,0.09020545025594423,0.11428571428571428,0.14,-0.09307359307359303,0.34,0.2878787878787879,0.38095238095238093,66,84,0.6599999999999999,150,0,0,0,0,0.26,0.27,0.205,0.265
random,66,108,0.084,0.08615384615384615,0.19847092613192052,0.03256099642968971,0.06091011021673434,0.07246376811594203,0.14,-0.04234122042341221,0.29333333333333333,0.2727272727272727,0.3150684931506849,77,73,0.7066666666666667,150,0,0,0,0,0.23,0.255,0.235,0.28
random,67,109,0.094,0.08461538461538462,0.2062905965914927,0.03605258176659501,0.06463087719911811,0.06172839506172839,0.13,0.04273504273504275,0.3,0.32051282051282054,0.2777777777777778,78,72,0.7,150,0,0,0,0,0.3,0.19,0.25,0.26
random,68,110,0.096,0.09538461538461539,0.25283626618876304,0.08692633648653222,0.16344997247773593,0.09836065573770492,0.165,0.06187766714082504,0.32,0.35135135135135137,0.2894736842105263,74,76,0.6799999999999999,150,0,0,0,0,0.33,0.16,0.23,0.28
random,69,111,0.07,0.06769230769230769,0.20224546385938366,0.03922092423893078,0.07384028842916583,0.014925373134328358,0.125,0.17694659233950727,0.32,0.417910447761194,0.24096385542168675,67,83,0.6799999999999999,150,0,0,0,0,0.255,0.27,0.185,0.29
random,70,112,0.09,0.09230769230769231,0.16692889517209758,-0.006194509734578052,-0.011647294438251762,0.0875,0.205,-0.020299145299145283,0.24666666666666667,0.2361111111111111,0.2564102564102564,72,78,0.7533333333333333,150,0,0,0,0,0.185,0.29,0.23,0.295
random,71,113,0.106,0.09692307692307692,0.1816250213581374,0.011387006533239707,0.02100188049091117,0.05263157894736842,0.175,-0.07711621233859398,0.26666666666666666,0.23170731707317074,0.3088235294117647,82,68,0.7333333333333334,150,0,0,0,0,0.255,0.29,0.205,0.25
random,72,114,0.094,0.09384615384615384,0.21232954340886348,0.04641961370663267,0.08495953503888236,0.08823529411764706,0.145,0.06818181818181818,0.28,0.3181818181818182,0.25,66,84,0.72,150,0,0,0,0,0.235,0.21,0.28,0.275
random,73,115,0.086,0.07692307692307693,0.18532164945759733,0.019411719755366513,0.037387430183485136,0.0375,0.16,0.025228126677402013,0.26,0.2716049382716049,0.2463768115942029,81,69,0.74,150,0,0,0,0,0.255,0.24,0.295,0.21
random,74,116,0.082,0.08,0.1886151289160103,0.01837711409111259,0.03478396840295008,0.07142857142857142,0.13,0.01785714285714285,0.23333333333333334,0.24285714285714285,0.225,70,80,0.7666666666666666,150,0,0,0,0,0.16,0.28,0.225,0.335
random,75,117,0.076,0.07384615384615385,0.18357808437753392,0.016225459634414158,0.029923967445982098,0.0625,0.165,0.021337126600284473,0.3,0.3108108108108108,0.2894736842105263,74,76,0.7,150,0,0,0,0,0.285,0.225,0.235,0.255
random,76,118,0.086,0.08307692307692308,0.1731459435737157,0.005793318830595945,0.01028622227274735,0.075,0.145,-0.012500000000000011,0.29333333333333333,0.2875,0.3,80,70,0.7066666666666667,150,0,0,0,0,0.295,0.235,0.25,0.22
random,77,119,0.088,0.09076923076923077,0.20908158374419128,0.03884356891929358,0.07120674335809829,0.11392405063291139,0.14,-0.050993022007514766,0.23333333333333334,0.20987654320987653,0.2608695652173913,81,69,0.7666666666666666,150,0,0,0,0,0.235,0.27,0.22,0.275
random,78,120,0.08,0.07692307692307693,0.15308331514747664,-0.015712004636532106,-0.029323745468415794,0.05333333333333334,0.165,0.04020636897349225,0.25333333333333335,0.273972602739726,0.23376623376623376,73,77,0.7466666666666666,150,0,0,0,0,0.295,0.225,0.235,0.245
random,79,121,0.076,0.07230769230769231,0.18208151461119662,0.011843499786298922,0.02225750729758923,0.045454545454545456,0.22,-0.022435897435897467,0.28,0.2692307692307692,0.2916666666666667,78,72,0.72,150,0,0,0,0,0.29,0.24,0.25,0.22
random,80,122,0.074,0.08,0.1978798423982974,0.03052721765517763,0.055165324459871296,0.09859154929577464,0.11,-0.0266666666666667,0.24,0.22666666666666666,0.25333333333333335,75,75,0.76,150,0,0,0,0,0.235,0.305,0.245,0.215
random,81,123,0.102,0.09692307692307692,0.20014365431235553,0.03423372461012472,0.0625342180863657,0.0875,0.165,-0.0352564102564103,0.2733333333333333,0.2564102564102564,0.2916666666666667,78,72,0.7266666666666667,150,0,0,0,0,0.28,0.245,0.22,0.255
random,82,124,0.084,0.08461538461538462,0.18421001849931234,0.015414698715303599,0.028266232738249113,0.06944444444444445,0.18,0.11588518452487073,0.3333333333333333,0.39436619718309857,0.27848101265822783,71,79,0.6666666666666667,150,0,0,0,0,0.255,0.235,0.27,0.24
random,83,125,0.094,0.08923076923076922,0.17694345883604423,0.011033529133813419,0.020360405952754256,0.05,0.165,-0.08325791855203624,0.30666666666666664,0.27058823529411763,0.35384615384615387,85,65,0.6933333333333334,150,0,0,0,0,0.26,0.295,0.245,0.2
random,84,126,0.086,0.09384615384615384,0.2374478820691429,0.07442334244869003,0.13504356540346607,0.08974358974358974,0.205,0.10666666666666669,0.36,0.41333333333333333,0.30666666666666664,75,75,0.64,150,0,0,0,0,0.25,0.23,0.265,0.255
random,85,127,0.104,0.09692307692307692,0.20530590653861555,0.03506789171371785,0.06535772113691436,0.06666666666666667,0.155,0.10535714285714287,0.2866666666666667,0.34285714285714286,0.2375,70,80,0.7133333333333334,150,0,0,0,0,0.23,0.305,0.195,0.27
random,86,128,0.078,0.08307692307692308,0.16197192070642652,-0.011151484200249112,-0.020909197149320494,0.08860759493670886,0.13,0.004635407380994827,0.29333333333333333,0.29577464788732394,0.2911392405063291,71,79,0.7066666666666667,150,0,0,0,0,0.27,0.24,0.235,0.255
random,87,129,0.068,0.07384615384615385,0.21757036378592376,0.050217739042803994,0.08957338219168949,0.11267605633802817,0.165,0.21785714285714283,0.32666666666666666,0.44285714285714284,0.225,70,80,0.6733333333333333,150,0,0,0,0,0.265,0.225,0.23,0.28
random,88,130,0.1,0.10153846153846154,0.2145338180256327,0.05006658336429087,0.09392058792913624,0.09090909090909091,0.165,0.02630166398282341,0.24666666666666667,0.2608695652173913,0.2345679012345679,69,81,0.7533333333333333,150,0,0,0,0,0.22,0.295,0.25,0.235
random,89,131,0.064,0.07384615384615385,0.22543648305018804,0.06385463847062411,0.11700387261276343,0.1038961038961039,0.145,0.17333333333333334,0.32666666666666666,0.41333333333333333,0.24,75,75,0.6733333333333333,150,0,0,0,0,0.31,0.25,0.23,0.21
random,90,132,0.078,0.07384615384615385,0.19956441788096935,0.03221179313784958,0.056140136072094476,0.07042253521126761,0.155,0.04723564143853998,0.29333333333333333,0.3188405797101449,0.2716049382716049,69,81,0.7066666666666667,150,0,0,0,0,0.24,0.24,0.235,0.285
random,91,133,0.096,0.09076923076923077,0.22092620183434658,0.05645896717300475,0.10536140829036605,0.05063291139240506,0.14,0.021039381406221913,0.34,0.3493975903614458,0.3283582089552239,83,67,0.6599999999999999,150,0,0,0,0,0.22,0.235,0.32,0.225
random,92,134,0.062,0.06307692307692307,0.20567552862286398,0.03543751379796628,0.06511327975793889,0.060240963855421686,0.105,-0.08854907539118062,0.32,0.27631578947368424,0.36486486486486486,76,74,0.6799999999999999,150,0,0,0,0,0.23,0.21,0.3,0.26
random,93,135,0.098,0.1,0.1723146499506436,0.00496202520752384,0.009004353772410455,0.14285714285714285,0.095,-0.048701298701298745,0.3,0.2727272727272727,0.32142857142857145,66,84,0.7,150,0,0,0,0,0.22,0.26,0.235,0.285
random,94,136,0.094,0.09384615384615384,0.13257658520756901,-0.037661429617328684,-0.06905134837428994,0.08955223880597014,0.16,0.03306686046511628,0.24666666666666667,0.265625,0.23255813953488372,64,86,0.7533333333333333,150,0,0,0,0,0.26,0.22,0.265,0.255
random,95,137,0.112,0.10923076923076923,0.17924580667359413,0.011893181930474367,0.022347501993799347,0.08860759493670886,0.13,-0.007112375533428195,0.26666666666666666,0.2631578947368421,0.2702702702702703,76,74,0.7333333333333334,150,0,0,0,0,0.305,0.23,0.235,0.23
random,96,138,0.09,0.09230769230769231,0.215642856599166,0.04829023185604622,0.08845650455671696,0.08333333333333333,0.175,0.13538516278242305,0.2866666666666667,0.3561643835616438,0.22077922077922077,73,77,0.7133333333333334,150,0,0,0,0,0.27,0.24,0.245,0.245
random,97,139,0.086,0.08461538461538462,0.16606185787529365,-0.0027334619087150958,-0.004916245067944028,0.1044776119402985,0.16,-0.04777241009125066,0.2866666666666667,0.2608695652173913,0.30864197530864196,69,81,0.7133333333333334,150,0,0,0,0,0.295,0.275,0.205,0.225
random,98,140,0.064,0.06307692307692307,0.21318084487619327,0.04005743996951763,0.07653936795499079,0.056338028169014086,0.145,0.08750000000000002,0.3466666666666667,0.3875,0.3,80,70,0.6533333333333333,150,0,0,0,0,0.27,0.22,0.25,0.26
random,99,141,0.072,0.07846153846153846,0.22302897636117236,0.05711904665894155,0.10493121002287124,0.14473684210526316,0.205,0.0017857142857142794,0.2866666666666667,0.2875,0.2857142857142857,80,70,0.7133333333333334,150,0,0,0,0,0.265,0.235,0.25,0.25
random,100,142,0.088,0.08,0.20378023976176873,0.03787031005953792,0.07091158281536428,0.06944444444444445,0.125,0.0032281205164992888,0.34,0.34146341463414637,0.3382352941176471,82,68,0.6599999999999999,150,0,0,0,0,0.26,0.26,0.195,0.285
random,101,143,0.116,0.11846153846153847,0.2261513483016649,0.06024141859943408,0.11030964896481621,0.18571428571428572,0.175,0.08392857142857146,0.32666666666666666,0.37142857142857144,0.2875,70,80,0.6733333333333333,150,0,0,0,0,0.26,0.21,0.26,0.27
random,102,144,0.082,0.0876923076923077,0.17716124055466742,0.005480530688880769,0.010150957931840664,0.1076923076923077,0.145,-0.06071428571428575,0.24666666666666667,0.21428571428571427,0.275,70,80,0.7533333333333333,150,0,0,0,0,0.245,0.19,0.305,0.26
random,103,145,0.09,0.09076923076923077,0.19910708584277304,0.03175446109965327,0.05734567223134394,0.1,0.14,0.1256908539846675,0.3,0.36619718309859156,0.24050632911392406,71,79,0.7,150,0,0,0,0,0.235,0.265,0.26,0.24
random,104,146,0.072,0.07384615384615385,0.2070632017878271,0.038267882003818365,0.07084694427030801,0.0967741935483871,0.16,0.0,0.26666666666666666,0.26666666666666666,0.26666666666666666,75,75,0.7333333333333334,150,0,0,0,0,0.27,0.265,0.185,0.28
random,105,147,0.09,0.08615384615384615,0.16115559907666493,-0.009082415748232764,-0.016668759054166923,0.08450704225352113,0.145,-0.10135135135135137,0.3,0.25,0.35135135135135137,76,74,0.7,150,0,0,0,0,0.285,0.225,0.245,0.245
random,106,148,0.09,0.08615384615384615,0.20188622133471218,0.03309090155070343,0.0598653217112873,0.0625,0.145,0.05867709815078237,0.3,0.32894736842105265,0.2702702702702703,76,74,0.7,150,0,0,0,0,0.22,0.225,0.225,0.33
random,107,149,0.076,0.07230769230769231,0.1563744467780514,-0.01530626308773525,-0.02919684198804718,0.07792207792207792,0.135,0.07149321266968323,0.2866666666666667,0.3176470588235294,0.24615384615384617,85,65,0.7133333333333334,150,0,0,0,0,0.295,0.24,0.245,0.22
random,108,150,0.078,0.08153846153846153,0.23647483711590245,0.07056490741367163,0.12950169742560808,0.10975609756097561,0.17,-0.07183499288762446,0.30666666666666664,0.2702702702702703,0.34210526315789475,74,76,0.6933333333333334,150,0,0,0,0,0.295,0.235,0.265,0.205
random,109,151,0.08,0.07230769230769231,0.2614104790040508,0.09838593938359791,0.17763374015990396,0.045454545454545456,0.19,0.008051529790660261,0.3,0.30434782608695654,0.2962962962962963,69,81,0.7,150,0,0,0,0,0.24,0.22,0.24,0.3
random,110,152,0.088,0.08461538461538462,0.17340224882232214,0.007492319120091323,0.01401175315451586,0.0547945205479452,0.135,-0.003586800573888105,0.26666666666666666,0.2647058823529412,0.2682926829268293,68,82,0.7333333333333334,150,0,0,0,0,0.225,0.315,0.21,0.25
random,111,153,0.082,0.08153846153846153,0.22237880182399705,0.05935426220354417,0.10865541057842878,0.09333333333333334,0.175,0.029951863077197383,0.28,0.29577464788732394,0.26582278481012656,71,79,0.72,150,0,0,0,0,0.2,0.23,0.315,0.255
random,112,154,0.082,0.08461538461538462,0.1887105082275416,0.01991518844353285,0.03594923843853435,0.06756756756756757,0.17,-0.03999999999999998,0.34,0.32,0.36,75,75,0.6599999999999999,150,0,0,0,0,0.24,0.26,0.255,0.245
random,113,155,0.09,0.08461538461538462,0.1773312955234525,0.007093280698554805,0.012843575322042467,0.06666666666666667,0.18,0.05235042735042733,0.18,0.20512820512820512,0.1527777777777778,78,72,0.8200000000000001,150,0,0,0,0,0.25,0.255,0.27,0.225
random,114,156,0.098,0.09384615384615384,0.1855930134783137,0.015354998653415997,0.028286068460355702,0.11688311688311688,0.125,0.007142857142857173,0.35333333333333333,0.35714285714285715,0.35,70,80,0.6466666666666667,150,0,0,0,0,0.255,0.25,0.315,0.18
random,115,157,0.106,0.10461538461538461,0.19240095252218106,0.022162937697283364,0.04152272264643808,0.08974358974358974,0.135,-0.012820512820512775,0.32666666666666666,0.32051282051282054,0.3333333333333333,78,72,0.6733333333333333,150,0,0,0,0,0.265,0.235,0.23,0.27
random,116,158,0.07,0.07384615384615385,0.22529476558753692,0.062270225967084036,0.11445495528035929,0.08823529411764706,0.14,0.02401707881159937,0.3,0.3116883116883117,0.2876712328767123,77,73,0.7,150,0,0,0,0,0.305,0.25,0.235,0.21
random,117,159,0.06,0.06307692307692307,0.24072661048707644,0.07337398574395668,0.1394594267031019,0.05063291139240506,0.135,0.17094017094017094,0.3,0.3888888888888889,0.21794871794871795,72,78,0.7,150,0,0,0,0,0.24,0.235,0.22,0.305
random,118,160,0.088,0.07692307692307693,0.21424158151903927,0.046888956775919505,0.08821440163785804,0.041666666666666664,0.13,0.0911047345767575,0.37333333333333335,0.4146341463414634,0.3235294117647059,82,68,0.6266666666666667,150,0,0,0,0,0.25,0.245,0.22,0.285
random,119,161,0.09,0.08615384615384615,0.16581048930690379,-0.005870220558882866,-0.011305974914496003,0.045454545454545456,0.15,-0.11585365853658536,0.31333333333333335,0.25,0.36585365853658536,68,82,0.6866666666666666,150,0,0,0,0,0.28,0.245,0.265,0.21
random,120,162,0.062,0.06769230769230769,0.15993923458086984,-0.004528000080471994,-0.00826903676372115,0.1,0.2,-0.022360703812316696,0.29333333333333333,0.2840909090909091,0.3064516129032258,88,62,0.7066666666666667,150,0,0,0,0,0.22,0.22,0.3,0.26
random,121,163,0.1,0.10307692307692308,0.210298240494659,0.04150292071065026,0.07702122578033498,0.1125,0.17,0.09602589462326921,0.32,0.373134328358209,0.27710843373493976,67,83,0.6799999999999999,150,0,0,0,0,0.22,0.295,0.22,0.265
random,122,164,0.09,0.08461538461538462,0.2467214059234787,0.08369686630302581,0.15322848810751954,0.0547945205479452,0.18,-0.17648105319338195,0.30666666666666664,0.22077922077922077,0.3972602739726027,77,73,0.6933333333333334,150,0,0,0,0,0.235,0.245,0.24,0.28
random,123,165,0.108,0.09846153846153846,0.20699323335417635,0.03819791357016761,0.07080971630282272,0.07042253521126761,0.115,-0.032716927453769584,0.2733333333333333,0.25675675675675674,0.2894736842105263,74,76,0.7266666666666667,150,0,0,0,0,0.22,0.315,0.26,0.205
random,124,166,0.076,0.07846153846153846,0.2024079360185751,0.036498006316344284,0.06537337430861868,0.05555555555555555,0.145,0.065815500809207,0.32,0.3493975903614458,0.2835820895522388,83,67,0.6799999999999999,150,0,0,0,0,0.285,0.24,0.22,0.255
random,125,167,0.098,0.08615384615384615,0.20615992989389048,0.04025000019165967,0.0732403725792565,0.07407407407407407,0.16,-0.03048780487804878,0.23333333333333334,0.21951219512195122,0.25,82,68,0.7666666666666666,150,0,0,0,0,0.275,0.285,0.215,0.225
random,126,168,0.082,0.08307692307692308,0.19169344234154292,0.027226207680201092,0.049632558521029664,0.03896103896103896,0.145,0.04234122042341221,0.29333333333333333,0.3150684931506849,0.2727272727272727,73,77,0.7066666666666667,150,0,0,0,0,0.225,0.27,0.265,0.24
random,127,169,0.072,0.07230769230769231,0.22099413233888393,0.0478707274322083,0.08894847980940292,0.0875,0.175,-0.08750000000000002,0.3466666666666667,0.3,0.3875,70,80,0.6533333333333333,150,0,0,0,0,0.24,0.29,0.26,0.21
random,128,170,0.094,0.09384615384615384,0.18829329134275463,0.019497971558745886,0.03505622998892938,0.12162162162162163,0.14,0.016140602582496444,0.3,0.3088235294117647,0.2926829268292683,68,82,0.7,150,0,0,0,0,0.23,0.24,0.3,0.23
random,129,171,0.084,0.08923076923076922,0.22478579801684756,0.055990478232838814,0.1035066979316819,0.11392405063291139,0.125,0.04765291607396871,0.2866666666666667,0.3108108108108108,0.2631578947368421,74,76,0.7133333333333334,150,0,0,0,0,0.215,0.285,0.255,0.245
random,130,172,0.092,0.08923076923076922,0.17234207289871134,0.006432143196480528,0.011528406007143605,0.08860759493670886,0.16,0.06617514835461247,0.30666666666666664,0.34328358208955223,0.27710843373493976,67,83,0.6933333333333334,150,0,0,0,0,0.205,0.255,0.275,0.265
random,131,173,0.076,0.07538461538461538,0.22588254934100432,0.05997261963877351,0.10699867194790966,0.06493506493506493,0.145,-0.09715512614063337,0.31333333333333335,0.2608695652173913,0.35802469135802467,69,81,0.6866666666666666,150,0,0,0,0,0.275,0.275,0.21,0.24
random,132,174,0.086,0.09384615384615384,0.1530295502033357,-0.017208464621562003,-0.03173951309539038,0.1267605633802817,0.155,-0.017828489926903168,0.3333333333333333,0.323943661971831,0.34177215189873417,71,79,0.6666666666666667,150,0,0,0,0,0.235,0.235,0.22,0.31
random,133,175,0.082,0.08307692307692308,0.2057144881697878,0.03691916838577905,0.06962727543065306,0.075,0.18,0.049856527977044485,0.30666666666666664,0.32926829268292684,0.27941176470588236,82,68,0.6933333333333334,150,0,0,0,0,0.3,0.2,0.205,0.295
random,134,176,0.09,0.08,0.20323999606392046,0.03444467627991171,0.06590250237793494,0.05714285714285714,0.2,0.057463084860345126,0.32666666666666666,0.3561643835616438,0.2987012987012987,73,77,0.6733333333333333,150,0,0,0,0,0.235,0.25,0.235,0.28
random,135,177,0.09,0.09076923076923077,0.1953421722721359,0.02654685248812716,0.04914016627057204,0.0945945945945946,0.135,0.01428571428571429,0.29333333333333333,0.3,0.2857142857142857,80,70,0.7066666666666667,150,0,0,0,0,0.24,0.205,0.255,0.3
random,136,178,0.086,0.0876923076923077,0.19360513369155208,0.027695203989321265,0.05084298537930176,0.08695652173913043,0.155,0.002136752136752129,0.36,0.3611111111111111,0.358974358974359,72,78,0.64,150,0,0,0,0,0.27,0.25,0.2,0.28
random,137,179,0.09,0.08461538461538462,0.1701626911895402,-0.0015180186762464576,-0.0027945381968503885,0.0958904109589041,0.2,0.036273115220483654,0.36,0.3783783783783784,0.34210526315789475,74,76,0.64,150,0,0,0,0,0.21,0.295,0.295,0.2
random,138,180,0.086,0.08,0.18118100323192315,0.015271073529692342,0.02885807096329253,0.1,0.185,0.07711621233859398,0.26666666666666666,0.3088235294117647,0.23170731707317074,68,82,0.7333333333333334,150,0,0,0,0,0.215,0.275,0.265,0.245
random,139,181,0.078,0.07846153846153846,0.20869444013598432,0.03989912035197557,0.07283236250261856,0.1095890410958904,0.17,0.05535714285714288,0.31333333333333335,0.34285714285714286,0.2875,70,80,0.6866666666666666,150,0,0,0,0,0.285,0.215,0.24,0.26
random,140,182,0.08,0.07076923076923076,0.20774700304035898,0.03462359813368335,0.06474375057217827,0.046511627906976744,0.205,-0.01793400286944047,0.3333333333333333,0.3235294117647059,0.34146341463414637,68,82,0.6666666666666667,150,0,0,0,0,0.285,0.22,0.25,0.245
random,141,183,0.068,0.07076923076923076,0.2320826839598587,0.06617275425762789,0.11495306840557756,0.09333333333333334,0.195,-0.021367521367521403,0.26666666666666666,0.2564102564102564,0.2777777777777778,78,72,0.7333333333333334,150,0,0,0,0,0.225,0.22,0.32,0.235
random,142,184,0.098,0.09846153846153846,0.18428024343411115,0.0154849236501024,0.028825985842116864,0.13513513513513514,0.135,-0.08854907539118062,0.32,0.27631578947368424,0.36486486486486486,76,74,0.6799999999999999,150,0,0,0,0,0.255,0.205,0.255,0.285
random,143,185,0.092,0.09692307692307692,0.21403904752175287,0.04668642277863311,0.08579495523189284,0.1111111111111111,0.16,0.0,0.28,0.28,0.28,75,75,0.72,150,0,0,0,0,0.28,0.21,0.25,0.26
random,144,186,0.098,0.09384615384615384,0.23187003798449973,0.0702881934049358,0.1300963538429019,0.056338028169014086,0.185,-0.19701280227596019,0.38666666666666666,0.2894736842105263,0.4864864864864865,76,74,0.6133333333333333,150,0,0,0,0,0.25,0.25,0.25,0.25
random,145,187,0.084,0.08153846153846153,0.22708563438334056,0.0597330096402208,0.11022240372053733,0.05555555555555555,0.155,-0.08012820512820512,0.3333333333333333,0.2916666666666667,0.3717948717948718,72,78,0.6666666666666667,150,0,0,0,0,0.21,0.275,0.25,0.265
random,146,188,0.068,0.07846153846153846,0.19501276473830298,0.027660139995183214,0.0500706992394318,0.07575757575757576,0.155,-0.01709401709401709,0.2866666666666667,0.2777777777777778,0.2948717948717949,72,78,0.7133333333333334,150,0,0,0,0,0.225,0.25,0.295,0.23
random,147,189,0.088,0.09384615384615384,0.16427868638472248,-0.005959328440175216,-0.010953338195283794,0.08235294117647059,0.15,0.06666666666666665,0.2733333333333333,0.30666666666666664,0.24,75,75,0.7266666666666667,150,0,0,0,0,0.285,0.235,0.23,0.25
random,148,190,0.096,0.09076923076923077,0.22144709280465477,0.05842255318420189,0.10800326153262671,0.043478260869565216,0.13,-0.09252986272062758,0.26,0.2112676056338028,0.3037974683544304,71,79,0.74,150,0,0,0,0,0.225,0.29,0.23,0.255
random,149,191,0.076,0.07384615384615385,0.20903232737317007,0.0416797026300503,0.07845919506857241,0.06153846153846154,0.155,0.015655577299412915,0.29333333333333333,0.3013698630136986,0.2857142857142857,73,77,0.7066666666666667,150,0,0,0,0,0.275,0.295,0.255,0.175
random,150,192,0.088,0.08923076923076922,0.1851393024956705,0.017786677752550745,0.0330775380883217,0.09375,0.155,0.02630166398282341,0.24666666666666667,0.2608695652173913,0.2345679012345679,69,81,0.7533333333333333,150,0,0,0,0,0.27,0.245,0.25,0.235
random,151,193,0.086,0.08307692307692308,0.19337644788320335,0.023138433058305652,0.042862323172981956,0.08571428571428572,0.16,0.03280442146550189,0.30666666666666664,0.323943661971831,0.2911392405063291,71,79,0.6933333333333334,150,0,0,0,0,0.22,0.225,0.255,0.3
random,152,194,0.078,0.06615384615384616,0.16014297315174963,-0.007209651591370131,-0.013109568108665879,0.027777777777777776,0.14,-0.06863968621857727,0.23333333333333334,0.19718309859154928,0.26582278481012656,71,79,0.7666666666666666,150,0,0,0,0,0.235,0.28,0.265,0.22
random,153,195,0.074,0.07538461538461538,0.17362985062337072,0.004834530839361972,0.008994444827415403,0.043478260869565216,0.165,-0.05333333333333329,0.30666666666666664,0.28,0.3333333333333333,75,75,0.6933333333333334,150,0,0,0,0,0.295,0.24,0.22,0.245
random,154,196,0.094,0.08461538461538462,0.16995242590972587,0.0011571061257171222,0.002150182619848515,0.03896103896103896,0.145,-0.026666666666666616,0.29333333333333333,0.28,0.30666666666666664,75,75,0.7066666666666667,150,0,0,0,0,0.235,0.225,0.245,0.295
random,155,197,0.082,0.08307692307692308,0.19386285025030722,0.02795292054807641,0.05277536802765319,0.09722222222222222,0.175,-0.1282051282051282,0.26666666666666666,0.20512820512820512,0.3333333333333333,78,72,0.7333333333333334,150,0,0,0,0,0.24,0.24,0.2,0.32
random,156,198,0.114,0.10923076923076923,0.21046774531085333,0.044557815608622514,0.08216025705678795,0.0945945945945946,0.175,0.007487965769299332,0.32,0.323943661971831,0.31645569620253167,71,79,0.6799999999999999,150,0,0,0,0,0.245,0.255,0.255,0.245
random,157,199,0.088,0.09076923076923077,0.19092461197557203,0.022129292191563288,0.040292665938868676,0.09230769230769231,0.18,0.06045519203413938,0.23333333333333334,0.2631578947368421,0.20270270270270271,76,74,0.7666666666666666,150,0,0,0,0,0.275,0.25,0.25,0.225
random,158,200,0.068,0.08307692307692308,0.2111284497891432,0.04521852008691238,0.08560379058352392,0.15789473684210525,0.185,-0.03556187766714086,0.3333333333333333,0.3157894736842105,0.35135135135135137,76,74,0.6666666666666667,150,0,0,0,0,0.245,0.27,0.295,0.19
random,159,201,0.078,0.08,0.16797624240991504,-0.0022617724149826546,-0.004194671347966106,0.04878048780487805,0.145,-0.09508547008547008,0.31333333333333335,0.2638888888888889,0.358974358974359,72,78,0.6866666666666666,150,0,0,0,0,0.235,0.27,0.23,0.265
random,160,202,0.086,0.09692307692307692,0.16884348401020136,-0.004279920896474276,-0.007792293094105244,0.11392405063291139,0.14,-0.04599750401141023,0.32,0.29577464788732394,0.34177215189873417,71,79,0.6799999999999999,150,0,0,0,0,0.22,0.27,0.215,0.295
random,161,203,0.098,0.10461538461538461,0.20952725880742473,0.04217463406430497,0.0792872368147928,0.15,0.115,0.013271162123385916,0.2866666666666667,0.2926829268292683,0.27941176470588236,82,68,0.7133333333333334,150,0,0,0,0,0.255,0.25,0.26,0.235
random,162,204,0.066,0.06769230769230769,0.17954467306174632,0.010749353277737572,0.020467169786277904,0.0821917808219178,0.165,-0.13580246913580246,0.26,0.19753086419753085,0.3333333333333333,81,69,0.74,150,0,0,0,0,0.245,0.245,0.23,0.28
random,163,205,0.08,0.07692307692307693,0.20384115953090332,0.03504583974689457,0.06321313658356033,0.09090909090909091,0.21,0.12061910692047678,0.24,0.2987012987012987,0.1780821917808219,77,73,0.76,150,0,0,0,0,0.22,0.225,0.265,0.29
random,164,206,0.084,0.08307692307692308,0.19600387237475436,0.028651247631634597,0.05345106943079329,0.08,0.195,-0.049856527977044485,0.30666666666666664,0.27941176470588236,0.32926829268292684,68,82,0.6933333333333334,150,0,0,0,0,0.29,0.19,0.27,0.25
random,165,207,0.084,0.07692307692307693,0.17233895819764855,0.002100943372750852,0.003804399688324325,0.06329113924050633,0.215,-0.07711621233859398,0.26666666666666666,0.23170731707317074,0.3088235294117647,82,68,0.7333333333333334,150,0,0,0,0,0.245,0.24,0.265,0.25
random,166,208,0.086,0.08461538461538462,0.13687270993822084,-0.03480799992756581,-0.0625171790255534,0.08,0.18,0.07432432432432434,0.2866666666666667,0.32432432432432434,0.25,74,76,0.7133333333333334,150,0,0,0,0,0.24,0.245,0.255,0.26
random,167,209,0.076,0.07538461538461538,0.23812587034574273,0.0736586356844009,0.13303717967360937,0.06666666666666667,0.13,0.06666666666666665,0.31333333333333335,0.3466666666666667,0.28,75,75,0.6866666666666666,150,0,0,0,0,0.215,0.26,0.26,0.265
random,168,210,0.09,0.09076923076923077,0.1684788250859513,0.0025688953837204875,0.004680496572789457,0.125,0.19,-0.030777441736345834,0.32666666666666666,0.3116883116883117,0.3424657534246575,77,73,0.6733333333333333,150,0,0,0,0,0.235,0.26,0.27,0.235
random,169,211,0.086,0.08307692307692308,0.18232400332131626,0.013528683537307518,0.024831208594095124,0.024390243902439025,0.135,0.0398505603985056,0.25333333333333335,0.2727272727272727,0.2328767123287671,77,73,0.7466666666666666,150,0,0,0,0,0.25,0.22,0.28,0.25
random,170,212,0.068,0.07230769230769231,0.22255407078580544,0.05664414108357463,0.1024168380407167,0.04,0.2,-0.09433285509325684,0.2866666666666667,0.24390243902439024,0.3382352941176471,82,68,0.7133333333333334,150,0,0,0,0,0.22,0.255,0.275,0.25
random,171,213,0.092,0.08615384615384615,0.141059380468481,-0.030621329397305663,-0.05578782871846166,0.05405405405405406,0.17,0.038961038961038974,0.32666666666666666,0.3484848484848485,0.30952380952380953,66,84,0.6733333333333333,150,0,0,0,0,0.33,0.185,0.24,0.245
random,172,214,0.11,0.1076923076923077,0.20160291649811357,0.03569298679588276,0.06750789529563332,0.12857142857142856,0.145,-0.08653846153846156,0.24666666666666667,0.20512820512820512,0.2916666666666667,78,72,0.7533333333333333,150,0,0,0,0,0.23,0.27,0.23,0.27
random,173,215,0.092,0.08615384615384615,0.17891588334452263,0.010120563560513884,0.018764389560368307,0.05128205128205128,0.185,-0.01495726495726496,0.31333333333333335,0.3055555555555556,0.32051282051282054,72,78,0.6866666666666666,150,0,0,0,0,0.24,0.26,0.25,0.25
random,174,216,0.088,0.09692307692307692,0.21359671741609026,0.04768678771385945,0.08761743263467732,0.11290322580645161,0.185,-0.025000000000000022,0.31333333333333335,0.3,0.325,70,80,0.6866666666666666,150,0,0,0,0,0.285,0.225,0.22,0.27
random,175,217,0.076,0.07230769230769231,0.22129428044348357,0.05682704578214173,0.10366639841210284,0.05172413793103448,0.17,0.07264957264957267,0.24,0.2777777777777778,0.20512820512820512,72,78,0.76,150,0,0,0,0,0.26,0.235,0.22,0.285
random,176,218,0.092,0.08923076923076922,0.16978377575514922,-0.00045423906974847994,-0.0008438811665567747,0.0945945945945946,0.185,0.08035714285714285,0.3,0.34285714285714286,0.2625,70,80,0.7,150,0,0,0,0,0.23,0.22,0.305,0.245
random,177,219,0.09,0.08615384615384615,0.22553485226456432,0.05962492256233351,0.11160644318765267,0.04054054054054054,0.19,-0.034850640113798015,0.30666666666666664,0.2894736842105263,0.32432432432432434,76,74,0.6933333333333334,150,0,0,0,0,0.285,0.195,0.27,0.25
random,178,220,0.094,0.08307692307692308,0.18991917547232556,0.01679577056564993,0.031187189869089357,0.017241379310344827,0.155,-0.09071390230810522,0.31333333333333335,0.2716049382716049,0.36231884057971014,81,69,0.6866666666666666,150,0,0,0,0,0.2,0.33,0.25,0.22
random,179,221,0.08,0.08923076923076922,0.2368747023816135,0.07240746772027168,0.13445218416033766,0.0821917808219178,0.155,-0.1303571428571429,0.32666666666666666,0.2571428571428571,0.3875,70,80,0.6733333333333333,150,0,0,0,0,0.255,0.23,0.275,0.24
random,180,222,0.084,0.08923076923076922,0.1817569385380321,0.012961618754023352,0.023681164352518026,0.11538461538461539,0.175,-0.03035714285714286,0.2733333333333333,0.2571428571428571,0.2875,70,80,0.7266666666666667,150,0,0,0,0,0.31,0.25,0.245,0.195
random,181,223,0.074,0.07692307692307693,0.18848067194799636,0.018242657123098666,0.033395699426294466,0.0641025641025641,0.18,-0.06436084863612054,0.2733333333333333,0.23943661971830985,0.3037974683544304,71,79,0.7266666666666667,150,0,0,0,0,0.33,0.205,0.225,0.24
random,182,224,0.084,0.08923076923076922,0.17680996402032412,0.008014644236315371,0.014764091708779577,0.12658227848101267,0.205,-0.0071428571428571175,0.3466666666666667,0.34285714285714286,0.35,70,80,0.6533333333333333,150,0,0,0,0,0.235,0.265,0.25,0.25
random,183,225,0.108,0.09538461538461539,0.23341369029763187,0.06894645563629004,0.1247235969071723,0.0625,0.145,0.04162895927601812,0.25333333333333335,0.27692307692307694,0.23529411764705882,65,85,0.7466666666666666,150,0,0,0,0,0.255,0.165,0.285,0.295
random,184,226,0.074,0.07846153846153846,0.1878091182564463,0.017571103431548607,0.03239103919810595,0.08571428571428572,0.155,-0.08119658119658119,0.3466666666666667,0.3076923076923077,0.3888888888888889,78,72,0.6533333333333333,150,0,0,0,0,0.28,0.275,0.185,0.26
random,185,227,0.08,0.08461538461538462,0.21941270000706936,0.052060075263949596,0.09659381671586192,0.15492957746478872,0.165,0.01357466063348417,0.3,0.3058823529411765,0.2923076923076923,85,65,0.7,150,0,0,0,0,0.25,0.275,0.245,0.23
random,186,228,0.07,0.07076923076923076,0.18657668852444909,0.014895978658662434,0.02699055722372203,0.07692307692307693,0.185,-0.03413940256045522,0.28,0.2631578947368421,0.2972972972972973,76,74,0.72,150,0,0,0,0,0.28,0.18,0.275,0.265
random,187,229,0.084,0.0876923076923077,0.20835064540714804,0.042440715704917226,0.07793358667013314,0.075,0.175,-0.13798008534850642,0.32666666666666666,0.25675675675675674,0.39473684210526316,74,76,0.6733333333333333,150,0,0,0,0,0.3,0.24,0.245,0.215
random,188,230,0.088,0.08307692307692308,0.2338616969572914,0.06650907221417163,0.12375319623039979,0.0684931506849315,0.175,-0.07559279729006951,0.29333333333333333,0.2535211267605634,0.3291139240506329,71,79,0.7066666666666667,150,0,0,0,0,0.195,0.225,0.315,0.265
random,189,231,0.082,0.08,0.1756633928612601,0.003982682995473441,0.007258788644323145,0.056179775280898875,0.155,0.08051529790660222,0.3333333333333333,0.37037037037037035,0.2898550724637681,81,69,0.6666666666666667,150,0,0,0,0,0.295,0.215,0.26,0.23
random,190,232,0.096,0.09538461538461539,0.18491116857453138,0.016115848790522636,0.029322857634742485,0.12307692307692308,0.12,-0.0963203463203463,0.34,0.2976190476190476,0.3939393939393939,84,66,0.6599999999999999,150,0,0,0,0,0.235,0.235,0.22,0.31
random,191,233,0.06,0.06769230769230769,0.1928790575038335,0.02552643276071373,0.04613908801460098,0.11267605633802817,0.22,-0.028959276018099556,0.30666666666666664,0.29411764705882354,0.3230769230769231,85,65,0.6933333333333334,150,0,0,0,0,0.195,0.26,0.28,0.265
random,192,234,0.066,0.07076923076923076,0.20458035953377163,0.03434234470887393,0.0644094877805034,0.10810810810810811,0.2,0.0,0.3466666666666667,0.3466666666666667,0.3466666666666667,75,75,0.6533333333333333,150,0,0,0,0,0.245,0.295,0.22,0.24
random,193,235,0.068,0.06307692307692307,0.18234282786525718,0.010662117999470533,0.019866153060472486,0.04,0.2,-0.09815078236130864,0.32,0.2702702702702703,0.3684210526315789,74,76,0.6799999999999999,150,0,0,0,0,0.255,0.215,0.305,0.225
random,194,236,0.096,0.09846153846153846,0.18850362521009822,0.02115100046697846,0.039336303170234684,0.1,0.18,-0.03596475454055026,0.3333333333333333,0.31343283582089554,0.3493975903614458,67,83,0.6666666666666667,150,0,0,0,0,0.235,0.265,0.275,0.225
random,195,237,0.098,0.1,0.21396928475740046,0.04373126993250276,0.08182312534829446,0.09210526315789473,0.17,0.033066860465116255,0.25333333333333335,0.26744186046511625,0.234375,86,64,0.7466666666666666,150,0,0,0,0,0.275,0.235,0.265,0.225
random,196,238,0.096,0.09846153846153846,0.15980411615449294,-0.010433898670404756,-0.01927275975724801,0.08695652173913043,0.15,-0.020625889046941653,0.22666666666666666,0.21621621621621623,0.23684210526315788,74,76,0.7733333333333333,150,0,0,0,0,0.235,0.215,0.29,0.26
random,197,239,0.078,0.08307692307692308,0.23038711722529343,0.06303449248217366,0.11623851554221545,0.07792207792207792,0.185,0.008890469416785174,0.3333333333333333,0.33783783783783783,0.32894736842105265,74,76,0.6666666666666667,150,0,0,0,0,0.26,0.22,0.245,0.275
random,198,240,0.072,0.07538461538461538,0.17940251581693767,0.010607196032928923,0.01966912388620168,0.09090909090909091,0.23,-0.02071220930232559,0.34,0.328125,0.3488372093023256,64,86,0.6599999999999999,150,0,0,0,0,0.255,0.245,0.26,0.24
random,199,241,0.096,0.09384615384615384,0.17677945201856807,0.009426827275448302,0.0178452691602601,0.1076923076923077,0.11,-0.040000000000000036,0.38,0.36,0.4,75,75,0.62,150,0,0,0,0,0.25,0.245,0.255,0.25
random,200,242,0.116,0.1076923076923077,0.16176299278078832,-0.008475022044109382,-0.015409642221540816,0.0975609756097561,0.185,0.19017968333036825,0.31333333333333335,0.410958904109589,0.22077922077922077,73,77,0.6866666666666666,150,0,0,0,0,0.265,0.27,0.205,0.26
random,201,243,0.084,0.07692307692307693,0.211988120711491,0.04463549596837124,0.08416211354285434,0.06666666666666667,0.16,-0.04444444444444445,0.30666666666666664,0.28888888888888886,0.3333333333333333,90,60,0.6933333333333334,150,0,0,0,0,0.305,0.22,0.235,0.24
random,202,244,0.084,0.07384615384615385,0.23900751246073892,0.07598297284028604,0.14061325080758708,0.056338028169014086,0.16,-0.024691358024691357,0.32,0.30864197530864196,0.3333333333333333,81,69,0.6799999999999999,150,0,0,0,0,0.2,0.285,0.245,0.27
random,203,245,0.092,0.08615384615384615,0.19539948401681395,0.028046859273694186,0.052166912611499035,0.05263157894736842,0.145,0.05938833570412516,0.2733333333333333,0.3026315789473684,0.24324324324324326,76,74,0.7266666666666667,150,0,0,0,0,0.225,0.22,0.265,0.29
random,204,246,0.098,0.09692307692307692,0.19550209020026404,0.02814946545714428,0.05109930592925584,0.1282051282051282,0.15,-0.0566860465116279,0.22,0.1875,0.2441860465116279,64,86,0.78,150,0,0,0,0,0.265,0.275,0.205,0.255
random,205,247,0.086,0.08153846153846153,0.17694605080087553,0.00959342605775576,0.017545067217393615,0.06666666666666667,0.14,0.11285434123729718,0.18,0.23943661971830985,0.12658227848101267,71,79,0.8200000000000001,150,0,0,0,0,0.23,0.255,0.265,0.25
random,206,248,0.082,0.07538461538461538,0.16598175730145082,-0.005698952564335835,-0.010182753812049446,0.06172839506172839,0.195,-0.04807692307692307,0.4,0.375,0.4230769230769231,72,78,0.6,150,0,0,0,0,0.235,0.32,0.205,0.24
random,207,249,0.082,0.08153846153846153,0.17304549427661522,0.005692869533495459,0.010525838967398072,0.06493506493506493,0.17,0.009073118662159707,0.42,0.4246575342465753,0.4155844155844156,73,77,0.5800000000000001,150,0,0,0,0,0.255,0.28,0.225,0.24
random,208,250,0.068,0.07076923076923076,0.23166617532735645,0.06431355058423668,0.11912354765511553,0.11764705882352941,0.18,0.037037037037037035,0.31333333333333335,0.3333333333333333,0.2962962962962963,69,81,0.6866666666666666,150,0,0,0,0,0.215,0.245,0.28,0.26
random,209,251,0.094,0.09230769230769231,0.20876314245508695,0.04285321275285614,0.07958948384100777,0.10810810810810811,0.16,0.004273504273504258,0.28,0.28205128205128205,0.2777777777777778,78,72,0.72,150,0,0,0,0,0.26,0.29,0.205,0.245
random,210,252,0.084,0.08461538461538462,0.1725972355414706,0.00380191575746186,0.007130024105623136,0.11290322580645161,0.13,-0.08486034513431773,0.34,0.2987012987012987,0.3835616438356164,77,73,0.6599999999999999,150,0,0,0,0,0.23,0.31,0.225,0.235
random,211,253,0.082,0.08461538461538462,0.16216994717388744,-0.008068067651010258,-0.015095374260709664,0.10588235294117647,0.13,0.043988269794721424,0.3,0.3181818181818182,0.27419354838709675,88,62,0.7,150,0,0,0,0,0.255,0.235,0.28,0.23
random,212,254,0.08,0.08307692307692308,0.2048735147561792,0.03607819497217046,0.06736449007101461,0.06153846153846154,0.14,0.05796586059743952,0.32666666666666666,0.35526315789473684,0.2972972972972973,76,74,0.6733333333333333,150,0,0,0,0,0.21,0.245,0.245,0.3
random,213,255,0.07,0.06769230769230769,0.2179019105022552,0.05343467584091338,0.09668924011921577,0.08823529411764706,0.2,-0.07999999999999999,0.22666666666666666,0.18666666666666668,0.26666666666666666,75,75,0.7733333333333333,150,0,0,0,0,0.235,0.29,0.22,0.255
random,214,256,0.078,0.08153846153846153,0.1783394960490855,0.010986871305965734,0.020104710316879434,0.12048192771084337,0.155,-0.09307359307359309,0.32666666666666666,0.2857142857142857,0.3787878787878788,84,66,0.6733333333333333,150,0,0,0,0,0.285,0.25,0.235,0.23
random,215,257,0.102,0.0876923076923077,0.20684023225890158,0.04237299759755975,0.07757225131185272,0.03571428571428571,0.185,-0.09557721139430284,0.3,0.2413793103448276,0.33695652173913043,58,92,0.7,150,0,0,0,0,0.245,0.235,0.29,0.23
random,216,258,0.074,0.07538461538461538,0.22283768648444915,0.05548506174132939,0.10170024026869114,0.02666666666666667,0.185,0.2205384203957925,0.31333333333333335,0.4177215189873418,0.19718309859154928,79,71,0.6866666666666666,150,0,0,0,0,0.245,0.255,0.245,0.255
random,217,259,0.074,0.08153846153846153,0.18426757647148923,0.018357646769258412,0.033289209251801566,0.10126582278481013,0.17,-0.053333333333333344,0.32,0.29333333333333333,0.3466666666666667,75,75,0.6799999999999999,150,0,0,0,0,0.26,0.265,0.235,0.24
random,218,260,0.084,0.0876923076923077,0.18701793572838393,0.02110800602615312,0.03732724609809407,0.06756756756756757,0.145,-0.0535491905354919,0.24666666666666667,0.2191780821917808,0.2727272727272727,73,77,0.7533333333333333,150,0,0,0,0,0.265,0.275,0.22,0.24
random,219,261,0.088,0.09384615384615384,0.21633141814388762,0.05186418348254579,0.09643215892184236,0.10256410256410256,0.13,-0.08677098150782361,0.24666666666666667,0.20270270270270271,0.2894736842105263,74,76,0.7533333333333333,150,0,0,0,0,0.29,0.23,0.25,0.23
random,220,262,0.082,0.08923076923076922,0.26442102112027055,0.1042818715815956,0.18964473888555022,0.1518987341772152,0.165,-0.13055954088952654,0.30666666666666664,0.23529411764705882,0.36585365853658536,68,82,0.6933333333333334,150,0,0,0,0,0.265,0.27,0.19,0.275
random,221,263,0.102,0.0876923076923077,0.1698397484250301,0.001044428641021361,0.0019141563706896545,0.02564102564102564,0.185,-0.06150829024781601,0.3,0.2676056338028169,0.3291139240506329,71,79,0.7,150,0,0,0,0,0.26,0.215,0.26,0.265
random,222,264,0.076,0.08615384615384615,0.22529919391276754,0.060831959251425705,0.11432216739488682,0.11688311688311688,0.13,-0.004635407380994827,0.29333333333333333,0.2911392405063291,0.29577464788732394,79,71,0.7066666666666667,150,0,0,0,0,0.225,0.195,0.255,0.325
random,223,265,0.058,0.06,0.1953495247305389,0.027996899987419138,0.0524033071549593,0.06666666666666667,0.16,-0.0964241238213841,0.30666666666666664,0.2597402597402597,0.3561643835616438,77,73,0.6933333333333334,150,0,0,0,0,0.245,0.24,0.26,0.255
random,224,266,0.112,0.10153846153846154,0.16501197277700524,-0.0037833470070035013,-0.006932423145705665,0.09090909090909091,0.135,0.04642857142857146,0.25333333333333335,0.275,0.22857142857142856,80,70,0.7466666666666666,150,0,0,0,0,0.23,0.27,0.225,0.275
random,225,267,0.08,0.07692307692307693,0.24116453173503744,0.07236921195102869,0.12956463631747525,0.041666666666666664,0.175,0.06959180003596474,0.26,0.29850746268656714,0.2289156626506024,67,83,0.74,150,0,0,0,0,0.27,0.24,0.26,0.23
random,226,268,0.084,0.08307692307692308,0.18140212339897072,0.01404949865585095,0.025167213392386475,0.0625,0.1,0.008249641319942602,0.31333333333333335,0.3170731707317073,0.3088235294117647,82,68,0.6866666666666666,150,0,0,0,0,0.275,0.235,0.245,0.245
random,227,269,0.07,0.08153846153846153,0.1466496769324443,-0.026473727974231337,-0.04867714825213168,0.13513513513513514,0.17,0.0008914244963451612,0.36666666666666664,0.3670886075949367,0.36619718309859156,79,71,0.6333333333333333,150,0,0,0,0,0.25,0.22,0.185,0.345
random,228,270,0.076,0.08615384615384615,0.22785362647452218,0.06338639181318034,0.11540137054412024,0.18309859154929578,0.205,0.15958014588151576,0.26,0.33766233766233766,0.1780821917808219,77,73,0.74,150,0,0,0,0,0.255,0.25,0.19,0.305
random,229,271,0.08,0.0876923076923077,0.18498727271307067,0.014749257888172967,0.027689686380072544,0.13513513513513514,0.19,-0.06509620571839597,0.4266666666666667,0.39759036144578314,0.4626865671641791,83,67,0.5733333333333333,150,0,0,0,0,0.21,0.265,0.24,0.285
random,230,272,0.084,0.08307692307692308,0.20058004113278483,0.03467011143055401,0.06489825110225558,0.07894736842105263,0.155,0.03842732609855898,0.28,0.2987012987012987,0.2602739726027397,77,73,0.72,150,0,0,0,0,0.245,0.255,0.26,0.24
random,231,273,0.07,0.06923076923076923,0.18887918015019434,0.018641165325296638,0.0336181740910383,0.04,0.18,-0.04273504273504275,0.3,0.2777777777777778,0.32051282051282054,72,78,0.7,150,0,0,0,0,0.23,0.23,0.245,0.295
random,232,274,0.066,0.07538461538461538,0.18162389093800357,0.014271266194883808,0.025798926523000296,0.14084507042253522,0.16,-0.10117302052785926,0.36,0.3181818181818182,0.41935483870967744,88,62,0.64,150,0,0,0,0,0.24,0.255,0.27,0.235
random,233,275,0.08,0.07230769230769231,0.20368678221900316,0.03344876739410546,0.060684105051448105,0.06666666666666667,0.125,0.11927259761098238,0.26,0.31645569620253167,0.19718309859154928,79,71,0.74,150,0,0,0,0,0.235,0.26,0.225,0.28
random,234,276,0.068,0.07076923076923076,0.22576328684644326,0.05841066210332349,0.10622185998552443,0.0759493670886076,0.135,-0.10091250670960816,0.29333333333333333,0.24691358024691357,0.34782608695652173,81,69,0.7066666666666667,150,0,0,0,0,0.24,0.255,0.26,0.245
random,235,277,0.09,0.08461538461538462,0.1755606990910711,0.0024372941843954776,0.004483607707867148,0.08571428571428572,0.125,0.1031294452347084,0.36666666666666664,0.4189189189189189,0.3157894736842105,74,76,0.6333333333333333,150,0,0,0,0,0.26,0.235,0.275,0.23
random,236,278,0.084,0.08307692307692308,0.22469631336635287,0.05734368862323311,0.10703286588688452,0.07692307692307693,0.195,0.03632478632478636,0.2866666666666667,0.3055555555555556,0.2692307692307692,72,78,0.7133333333333334,150,0,0,0,0,0.22,0.295,0.225,0.26
random,237,279,0.082,0.08153846153846153,0.18521848662226326,0.013537776756476605,0.024667919049212315,0.07692307692307693,0.14,0.010875378855410955,0.2733333333333333,0.27848101265822783,0.2676056338028169,79,71,0.7266666666666667,150,0,0,0,0,0.26,0.29,0.26,0.19
random,238,280,0.058,0.06461538461538462,0.20278412488735392,0.03398880510334518,0.06334253684800159,0.09876543209876543,0.145,-0.06760362924746485,0.26666666666666666,0.23376623376623376,0.3013698630136986,77,73,0.7333333333333334,150,0,0,0,0,0.265,0.275,0.255,0.205
random,239,281,0.072,0.06461538461538462,0.18178184851090134,0.01442922376778158,0.02695463866450474,0.05063291139240506,0.155,-0.09294871794871795,0.32666666666666666,0.28205128205128205,0.375,78,72,0.6733333333333333,150,0,0,0,0,0.21,0.265,0.29,0.235
random,240,282,0.066,0.06923076923076923,0.20920454704958236,0.04040922726557361,0.07393226318218211,0.09722222222222222,0.14,0.08357041251778091,0.36666666666666664,0.40789473684210525,0.32432432432432434,76,74,0.6333333333333333,150,0,0,0,0,0.245,0.24,0.26,0.255
random,241,283,0.068,0.06923076923076923,0.19199619479933294,0.024643570056213177,0.045981109969265896,0.05194805194805195,0.15,0.09930220075147608,0.3,0.345679012345679,0.2463768115942029,81,69,0.7,150,0,0,0,0,0.265,0.26,0.265,0.21
random,242,284,0.102,0.09230769230769231,0.19639770208063928,0.02615968725574158,0.0471196346030058,0.08641975308641975,0.185,-0.0051702620788018905,0.32666666666666666,0.323943661971831,0.3291139240506329,71,79,0.6733333333333333,150,0,0,0,0,0.26,0.225,0.245,0.27
random,243,285,0.078,0.07846153846153846,0.16045127254246838,-0.008344047241540364,-0.015370789129841167,0.075,0.15,0.018492176386913195,0.30666666666666664,0.3157894736842105,0.2972972972972973,76,74,0.6933333333333334,150,0,0,0,0,0.22,0.255,0.26,0.265
random,244,286,0.07,0.07384615384615385,0.18404155554555388,0.012360845679767224,0.022714962695770644,0.13636363636363635,0.155,-0.027777777777777735,0.32,0.3055555555555556,0.3333333333333333,72,78,0.6799999999999999,150,0,0,0,0,0.265,0.225,0.235,0.275
random,245,287,0.072,0.06769230769230769,0.1874517139560558,0.018656394172047064,0.0346217566106196,0.027777777777777776,0.175,-0.013193082545908341,0.37333333333333335,0.3670886075949367,0.38028169014084506,79,71,0.6266666666666667,150,0,0,0,0,0.33,0.195,0.24,0.235
random,246,288,0.07,0.07538461538461538,0.23069791198327216,0.06623067732193033,0.12299431094719065,0.0958904109589041,0.175,0.02991452991452992,0.37333333333333335,0.3888888888888889,0.358974358974359,72,78,0.6266666666666667,150,0,0,0,0,0.26,0.265,0.24,0.235
random,247,289,0.092,0.09076923076923077,0.1892409506042625,0.01756024073847584,0.03332223527773822,0.0821917808219178,0.16,0.025824964131994255,0.28,0.29411764705882354,0.2682926829268293,68,82,0.72,150,0,0,0,0,0.27,0.225,0.23,0.275
random,248,290,0.09,0.08923076923076922,0.22491175166972713,0.05611643188571838,0.10387319189450911,0.0410958904109589,0.15,0.023504273504273532,0.37333333333333335,0.38461538461538464,0.3611111111111111,78,72,0.6266666666666667,150,0,0,0,0,0.265,0.245,0.245,0.245
random,249,291,0.06,0.06461538461538462,0.23542506970808003,0.0709578350467382,0.12910855851323894,0.06172839506172839,0.145,-0.007471980074719831,0.36,0.3561643835616438,0.36363636363636365,73,77,0.64,150,0,0,0,0,0.22,0.225,0.325,0.23
random,250,292,0.114,0.11384615384615385,0.19762333464928108,0.02882801486527234,0.05321265933893941,0.1095890410958904,0.225,0.08285917496443812,0.3933333333333333,0.4342105263157895,0.35135135135135137,76,74,0.6066666666666667,150,0,0,0,0,0.245,0.295,0.235,0.225
random,251,293,0.07,0.07230769230769231,0.1947565450534588,0.023075835187672145,0.04395490789991671,0.08045977011494253,0.19,-0.05384203957924766,0.25333333333333335,0.22784810126582278,0.28169014084507044,79,71,0.7466666666666666,150,0,0,0,0,0.25,0.28,0.265,0.205
random,252,294,0.074,0.07076923076923076,0.15585354967361625,-0.014384465151281445,-0.026289591932239356,0.08333333333333333,0.16,-0.026666666666666644,0.22666666666666666,0.21333333333333335,0.24,75,75,0.7733333333333333,150,0,0,0,0,0.26,0.295,0.19,0.255
random,253,295,0.068,0.06769230769230769,0.21030569566051752,0.044395765958286704,0.08171219440535855,0.08433734939759036,0.14,0.03205128205128205,0.23333333333333334,0.25,0.21794871794871795,72,78,0.7666666666666666,150,0,0,0,0,0.255,0.215,0.25,0.28
random,254,296,0.088,0.09538461538461539,0.18410788284436194,0.016755258101242176,0.031114205109152544,0.12162162162162163,0.105,0.06277056277056281,0.31333333333333335,0.3484848484848485,0.2857142857142857,66,84,0.6866666666666666,150,0,0,0,0,0.185,0.235,0.33,0.25
random,255,297,0.078,0.08307692307692308,0.20459167358405242,0.038681743881821606,0.07003394540130513,0.09859154929577464,0.155,0.04153929149433555,0.38,0.40298507462686567,0.3614457831325301,67,83,0.62,150,0,0,0,0,0.205,0.285,0.285,0.225
random,256,298,0.068,0.07846153846153846,0.17080061511801142,0.007776075497558543,0.014686004736988764,0.11538461538461539,0.15,-0.09805669459796756,0.3333333333333333,0.28169014084507044,0.379746835443038,71,79,0.6666666666666667,150,0,0,0,0,0.27,0.23,0.255,0.245
random,257,299,0.096,0.10615384615384615,0.18002768588195794,0.012675061138838178,0.023710141536690616,0.14285714285714285,0.125,0.02014619361740061,0.31333333333333335,0.323943661971831,0.3037974683544304,71,79,0.6866666666666666,150,0,0,0,0,0.23,0.22,0.23,0.32
random,258,300,0.09,0.0876923076923077,0.22522356714214328,0.0621990275216904,0.11618291653850094,0.05263157894736842,0.185,0.0999288762446657,0.25333333333333335,0.3026315789473684,0.20270270270270271,76,74,0.7466666666666666,150,0,0,0,0,0.24,0.23,0.305,0.225
random,259,301,0.094,0.08923076923076922,0.20619503856213986,0.037399718778131114,0.06806814396002552,0.10606060606060606,0.115,0.0171945701357466,0.31333333333333335,0.3230769230769231,0.3058823529411765,65,85,0.6866666666666666,150,0,0,0,0,0.22,0.24,0.25,0.29
random,260,302,0.094,0.09384615384615384,0.19947503523278165,0.02923702040788395,0.05379702405911145,0.07042253521126761,0.175,0.021428571428571408,0.34,0.35,0.32857142857142857,80,70,0.6599999999999999,150,0,0,0,0,0.195,0.3,0.265,0.24
random,261,303,0.068,0.07538461538461538,0.15053666313332392,-0.018258656650684824,-0.03478659816026164,0.07865168539325842,0.145,-0.06785714285714284,0.30666666666666664,0.275,0.34285714285714286,80,70,0.6933333333333334,150,0,0,0,0,0.24,0.24,0.27,0.25
random,262,304,0.072,0.07384615384615385,0.17818963259076023,0.009394312806751487,0.017708215766425887,0.08860759493670886,0.155,-0.1610305958132045,0.3333333333333333,0.25925925925925924,0.42028985507246375,81,69,0.6666666666666667,150,0,0,0,0,0.215,0.29,0.225,0.27
random,263,305,0.082,0.09230769230769231,0.21325014636820233,0.05022560674774945,0.09282023004897488,0.1,0.105,0.015151515151515138,0.32666666666666666,0.3333333333333333,0.3181818181818182,84,66,0.6733333333333333,150,0,0,0,0,0.255,0.205,0.26,0.28
random,264,306,0.082,0.08461538461538462,0.17265138330957447,0.0038560635255657227,0.0068454348685491615,0.09302325581395349,0.18,-0.06368973492261165,0.30666666666666664,0.273972602739726,0.33766233766233766,73,77,0.6933333333333334,150,0,0,0,0,0.325,0.205,0.2,0.27
random,265,307,0.072,0.07230769230769231,0.18308011010835817,0.014284790324349428,0.026071059422064016,0.11428571428571428,0.155,-0.08966376089663763,0.32,0.273972602739726,0.36363636363636365,73,77,0.6799999999999999,150,0,0,0,0,0.27,0.245,0.24,0.245
random,266,308,0.1,0.10307692307692308,0.14658669886467798,-0.0279794010828866,-0.05154497063386769,0.11538461538461539,0.185,0.028985507246376774,0.32,0.3333333333333333,0.30434782608695654,81,69,0.6799999999999999,150,0,0,0,0,0.25,0.25,0.235,0.265
random,267,309,0.064,0.06923076923076923,0.18082754415073782,0.014917614448507005,0.026809853222139194,0.046153846153846156,0.14,0.06730769230769229,0.32666666666666666,0.358974358974359,0.2916666666666667,78,72,0.6733333333333333,150,0,0,0,0,0.225,0.235,0.28,0.26
random,268,310,0.088,0.09076923076923077,0.2002822977253907,0.032929672982270924,0.058933977572073436,0.1267605633802817,0.155,0.01607142857142857,0.28,0.2875,0.2714285714285714,80,70,0.72,150,0,0,0,0,0.27,0.265,0.165,0.3
random,269,311,0.082,0.08461538461538462,0.1678416127924879,-0.002396402032409789,-0.004491583199426887,0.1111111111111111,0.17,-0.011808910359635022,0.24,0.2345679012345679,0.2463768115942029,81,69,0.76,150,0,0,0,0,0.265,0.27,0.225,0.24
random,270,312,0.074,0.07846153846153846,0.1892741080702329,0.017593398204446248,0.03144927505486167,0.13333333333333333,0.115,0.16025641025641024,0.3333333333333333,0.41025641025641024,0.25,78,72,0.6666666666666667,150,0,0,0,0,0.23,0.235,0.235,0.3
random,271,313,0.09,0.08153846153846153,0.19888388390858402,0.03008856412457528,0.05632932213670121,0.024096385542168676,0.155,0.007823613086770986,0.29333333333333333,0.2972972972972973,0.2894736842105263,74,76,0.7066666666666667,150,0,0,0,0,0.25,0.19,0.3,0.26
random,272,314,0.072,0.07692307692307693,0.21360417618542377,0.04480885640141502,0.0838177858098678,0.0958904109589041,0.135,0.03236130867709816,0.21333333333333335,0.22972972972972974,0.19736842105263158,74,76,0.7866666666666666,150,0,0,0,0,0.225,0.28,0.255,0.24
random,273,315,0.078,0.07846153846153846,0.16111040546339545,-0.009127609361502254,-0.01639705399535372,0.05747126436781609,0.18,0.11450924608819349,0.29333333333333333,0.35135135135135137,0.23684210526315788,74,76,0.7066666666666667,150,0,0,0,0,0.285,0.245,0.25,0.22
random,274,316,0.09,0.1,0.18597020366928924,0.020060273967058423,0.036480128074793915,0.1518987341772152,0.14,0.017790428749332843,0.3333333333333333,0.3424657534246575,0.3246753246753247,73,77,0.6666666666666667,150,0,0,0,0,0.235,0.26,0.325,0.18
random,275,317,0.066,0.07076923076923076,0.16703326784995468,-0.0017620519340540708,-0.0032886671501054917,0.0975609756097561,0.135,-0.044835007173601116,0.3333333333333333,0.3088235294117647,0.35365853658536583,68,82,0.6666666666666667,150,0,0,0,0,0.225,0.28,0.275,0.22
random,276,318,0.088,0.08461538461538462,0.22007799397396843,0.05272536923084867,0.09774330803205526,0.0759493670886076,0.215,0.0,0.3333333333333333,0.3333333333333333,0.3333333333333333,69,81,0.6666666666666667,150,0,0,0,0,0.27,0.265,0.235,0.23
random,277,319,0.102,0.1076923076923077,0.1666612557689367,-0.002134064015072046,-0.0038202188447446625,0.14285714285714285,0.13,0.03710407239819008,0.2866666666666667,0.3076923076923077,0.27058823529411763,65,85,0.7133333333333334,150,0,0,0,0,0.3,0.245,0.19,0.265
random,278,320,0.08,0.08,0.21069270865986978,0.04334008391675001,0.07863865940968069,0.078125,0.13,0.026666666666666644,0.22666666666666666,0.24,0.21333333333333335,75,75,0.7733333333333333,150,0,0,0,0,0.31,0.23,0.22,0.24
random,279,321,0.074,0.07230769230769231,0.21953006170470207,0.05362013200247126,0.09727738265462312,0.02666666666666667,0.135,0.0,0.32,0.32,0.32,75,75,0.6799999999999999,150,0,0,0,0,0.285,0.245,0.25,0.22
random,280,322,0.08,0.08461538461538462,0.2305150319938442,0.061719712209835464,0.10774537453655135,0.10843373493975904,0.15,-0.17805232558139533,0.36666666666666664,0.29069767441860467,0.46875,86,64,0.6333333333333333,150,0,0,0,0,0.235,0.295,0.265,0.205
random,281,323,0.086,0.0876923076923077,0.1741744579741719,0.005379138190163141,0.00956980646885185,0.058823529411764705,0.155,0.013333333333333364,0.34,0.3466666666666667,0.3333333333333333,75,75,0.6599999999999999,150,0,0,0,0,0.195,0.305,0.21,0.29
random,282,324,0.078,0.08307692307692308,0.1971034849384879,0.02975086019536813,0.05468459361661429,0.09090909090909091,0.1,-0.032579185520361986,0.28,0.26153846153846155,0.29411764705882354,65,85,0.72,150,0,0,0,0,0.245,0.225,0.27,0.26
random,283,325,0.1,0.09076923076923077,0.20338456423685064,0.03314654941195294,0.06070831003168795,0.04938271604938271,0.13,0.11688545225678837,0.3333333333333333,0.3855421686746988,0.26865671641791045,83,67,0.6666666666666667,150,0,0,0,0,0.25,0.225,0.28,0.245
random,284,326,0.088,0.09230769230769231,0.16176664143125752,-0.0070286783527512275,-0.013111943583322742,0.12658227848101267,0.155,-0.10549724248354386,0.2733333333333333,0.2191780821917808,0.3246753246753247,73,77,0.7266666666666667,150,0,0,0,0,0.25,0.245,0.245,0.26
random,285,327,0.1,0.09230769230769231,0.2028641786715183,0.035511553928398526,0.0656743755048681,0.08641975308641975,0.185,-0.0480769230769231,0.26666666666666666,0.24358974358974358,0.2916666666666667,78,72,0.7333333333333334,150,0,0,0,0,0.285,0.22,0.26,0.235
random,286,328,0.094,0.08615384615384615,0.18452193946143242,0.012841229595645764,0.023831667257947168,0.025,0.155,-0.06763285024154592,0.25333333333333335,0.2222222222222222,0.2898550724637681,81,69,0.7466666666666666,150,0,0,0,0,0.295,0.215,0.205,0.285
random,287,329,0.078,0.0876923076923077,0.17121701703894215,-0.0004636928268444973,-0.0008461406048419242,0.1375,0.17,-0.023504273504273532,0.29333333333333333,0.28205128205128205,0.3055555555555556,78,72,0.7066666666666667,150,0,0,0,0,0.195,0.285,0.275,0.245
random,288,330,0.09,0.08923076923076922,0.20320480897088838,0.03585218422776862,0.06606016368058175,0.07407407407407407,0.14,0.004294149221685473,0.36,0.36231884057971014,0.35802469135802467,69,81,0.64,150,0,0,0,0,0.235,0.265,0.25,0.25
random,289,331,0.09,0.09384615384615384,0.15557777191055266,-0.016102937955233987,-0.03009306156833754,0.1095890410958904,0.17,0.01607142857142857,0.28,0.2875,0.2714285714285714,80,70,0.72,150,0,0,0,0,0.2,0.265,0.25,0.285
random,290,332,0.064,0.06307692307692307,0.18815082889181992,0.023683594230478083,0.04362787961789729,0.05555555555555555,0.22,-0.10357142857142859,0.32666666666666666,0.2714285714285714,0.375,70,80,0.6733333333333333,150,0,0,0,0,0.32,0.23,0.265,0.185
random,291,333,0.086,0.09076923076923077,0.2010005807324517,0.03364795598933193,0.061168469896736424,0.07058823529411765,0.165,0.003586800573888105,0.26666666666666666,0.2682926829268293,0.2647058823529412,82,68,0.7333333333333334,150,0,0,0,0,0.205,0.245,0.275,0.275
random,292,334,0.074,0.06923076923076923,0.16550887156022975,-0.006171838305556898,-0.011240009403944122,0.06666666666666667,0.15,0.02056277056277056,0.30666666666666664,0.3181818181818182,0.2976190476190476,66,84,0.6933333333333334,150,0,0,0,0,0.255,0.205,0.23,0.31
random,293,335,0.078,0.07230769230769231,0.14886480781427308,-0.02425859709240255,-0.04522120501063463,0.05128205128205128,0.175,-0.11858974358974356,0.35333333333333333,0.2916666666666667,0.41025641025641024,72,78,0.6466666666666667,150,0,0,0,0,0.215,0.22,0.32,0.245
random,294,336,0.062,0.06769230769230769,0.18220478847381016,0.013409468689801418,0.02485169418257556,0.09411764705882353,0.125,-0.016367194449386224,0.30666666666666664,0.2987012987012987,0.3150684931506849,77,73,0.6933333333333334,150,0,0,0,0,0.245,0.235,0.265,0.255
random,295,337,0.072,0.06769230769230769,0.174281646625291,0.008371716923060185,0.015327202304711771,0.0641025641025641,0.19,-0.03913894324853229,0.26666666666666666,0.2465753424657534,0.2857142857142857,73,77,0.7333333333333334,150,0,0,0,0,0.23,0.28,0.28,0.21
random,296,338,0.1,0.09076923076923077,0.18704241736730742,0.02113248766507661,0.039197282247269184,0.07142857142857142,0.125,-0.08392857142857141,0.22666666666666666,0.1875,0.2714285714285714,80,70,0.7733333333333333,150,0,0,0,0,0.245,0.275,0.21,0.27
random,297,339,0.1,0.09538461538461539,0.2492226002723593,0.08764075569279536,0.1642733507311668,0.07142857142857142,0.165,0.0267857142857143,0.3,0.3142857142857143,0.2875,70,80,0.7,150,0,0,0,0,0.28,0.27,0.21,0.24
random,298,340,0.09,0.0876923076923077,0.2123812076643979,0.046471277962167074,0.08731155888966055,0.06097560975609756,0.195,0.023214285714285743,0.32666666666666666,0.3375,0.3142857142857143,80,70,0.6733333333333333,150,0,0,0,0,0.285,0.255,0.21,0.25
random,299,341,0.076,0.07230769230769231,0.2065044054514574,0.037709085667448655,0.06746937772981236,0.07058823529411765,0.19,0.03415762319871912,0.36,0.37662337662337664,0.3424657534246575,77,73,0.64,150,0,0,0,0,0.19,0.26,0.315,0.235
random,300,342,0.096,0.09692307692307692,0.18978758196343976,0.023877652261208943,0.04458989551340199,0.06060606060606061,0.145,-0.05761024182076813,0.34,0.3108108108108108,0.3684210526315789,74,76,0.6599999999999999,150,0,0,0,0,0.19,0.205,0.34,0.265
random,301,343,0.088,0.07846153846153846,0.1420928579823481,-0.02814515684254959,-0.05257918459873052,0.0379746835443038,0.165,0.09571250667141076,0.29333333333333333,0.3424657534246575,0.24675324675324675,73,77,0.7066666666666667,150,0,0,0,0,0.285,0.215,0.225,0.275
random,302,344,0.072,0.07076923076923076,0.17077047540981455,-0.0009102344559721032,-0.0016537820809889138,0.05,0.175,-0.030065824586372525,0.31333333333333335,0.2987012987012987,0.3287671232876712,77,73,0.6866666666666666,150,0,0,0,0,0.245,0.225,0.235,0.295
random,303,345,0.086,0.08153846153846153,0.18799193481073256,0.017753919985834865,0.03295317551648131,0.06172839506172839,0.12,-0.06607142857142856,0.29333333333333333,0.2625,0.32857142857142857,80,70,0.7066666666666667,150,0,0,0,0,0.24,0.205,0.26,0.295
random,304,346,0.078,0.07692307692307693,0.23394301985027835,0.06947578518893652,0.13109587811342027,0.05194805194805195,0.15,0.0579710144927536,0.30666666666666664,0.3333333333333333,0.2753623188405797,81,69,0.6933333333333334,150,0,0,0,0,0.23,0.275,0.29,0.205
random,305,347,0.082,0.08307692307692308,0.19821106508373357,0.02941574529972482,0.0538975500649582,0.09375,0.17,0.12669683257918554,0.26666666666666666,0.3384615384615385,0.21176470588235294,65,85,0.7333333333333334,150,0,0,0,0,0.29,0.235,0.245,0.23
random,306,348,0.08,0.08153846153846153,0.15164093060427597,-0.01859708422062173,-0.03418885992275563,0.0625,0.145,0.09520348837209303,0.2733333333333333,0.313953488372093,0.21875,86,64,0.7266666666666667,150,0,0,0,0,0.255,0.23,0.25,0.265
random,307,349,0.062,0.06461538461538462,0.16968637775928772,0.0008910579752789693,0.0016555348651425032,0.07462686567164178,0.17,-0.028525583883045103,0.26666666666666666,0.25316455696202533,0.28169014084507044,79,71,0.7333333333333334,150,0,0,0,0,0.27,0.27,0.275,0.185
random,308,350,0.09,0.08923076923076922,0.2433373685657308,0.08031282894527791,0.15320993121793564,0.11904761904761904,0.155,0.07173601147776182,0.3333333333333333,0.36585365853658536,0.29411764705882354,82,68,0.6666666666666667,150,0,0,0,0,0.21,0.27,0.28,0.24
random,309,351,0.08,0.08615384615384615,0.1977440937035998,0.031834164001368986,0.05972900417822941,0.1,0.195,0.12263981298327639,0.30666666666666664,0.3614457831325301,0.23880597014925373,83,67,0.6933333333333334,150,0,0,0,0,0.25,0.19,0.255,0.305
random,310,352,0.1,0.09384615384615384,0.15737265567291567,-0.011422664111093078,-0.02101029570189536,0.0875,0.165,-0.11225760540829033,0.35333333333333333,0.2987012987012987,0.410958904109589,77,73,0.6466666666666667,150,0,0,0,0,0.205,0.285,0.25,0.26
random,311,353,0.088,0.08615384615384615,0.16524329386917908,-0.0035520259148296707,-0.006476932527165521,0.07142857142857142,0.175,0.06205164992826401,0.31333333333333335,0.34146341463414637,0.27941176470588236,82,68,0.6866666666666666,150,0,0,0,0,0.24,0.275,0.24,0.245
random,312,354,0.08,0.07692307692307693,0.18523347265182583,0.013552762786039174,0.025824494104681635,0.05333333333333334,0.175,0.038302463585686036,0.26,0.27710843373493976,0.23880597014925373,83,67,0.74,150,0,0,0,0,0.33,0.17,0.195,0.305
random,313,355,0.096,0.08923076923076922,0.19933587781983514,0.03198325307671537,0.05868767986177162,0.060240963855421686,0.165,-0.046586059743954494,0.25333333333333335,0.22972972972972974,0.27631578947368424,74,76,0.7466666666666666,150,0,0,0,0,0.26,0.305,0.185,0.25
random,314,356,0.09,0.08923076923076922,0.17752594849701406,0.010173323753894292,0.018537896376585036,0.07792207792207792,0.185,0.10798790250845045,0.2733333333333333,0.3287671232876712,0.22077922077922077,73,77,0.7266666666666667,150,0,0,0,0,0.25,0.315,0.245,0.19
random,315,357,0.086,0.08,0.19631011545937896,0.02607210063448126,0.04881569162737993,0.05405405405405406,0.14,0.006596541272954226,0.31333333333333335,0.31645569620253167,0.30985915492957744,79,71,0.6866666666666666,150,0,0,0,0,0.25,0.235,0.23,0.285
random,316,358,0.084,0.08307692307692308,0.19489522571055912,0.028985296008328304,0.05463209143818528,0.07407407407407407,0.22,-0.07678571428571429,0.32666666666666666,0.2857142857142857,0.3625,70,80,0.6733333333333333,150,0,0,0,0,0.235,0.245,0.24,0.28
random,317,359,0.104,0.10461538461538461,0.1977268957124138,0.028931575928405062,0.05290381602701659,0.13043478260869565,0.185,-0.009449099661258675,0.2866666666666667,0.28169014084507044,0.2911392405063291,71,79,0.7133333333333334,150,0,0,0,0,0.3,0.245,0.215,0.24
random,318,360,0.082,0.08923076923076922,0.20772881252300485,0.04037618777988508,0.07602660903977879,0.0759493670886076,0.185,-0.07444704189893905,0.28,0.23880597014925373,0.3132530120481928,67,83,0.72,150,0,0,0,0,0.215,0.215,0.27,0.3
random,319,361,0.096,0.08615384615384615,0.20945064363575386,0.04209801889263409,0.0777421463089444,0.06172839506172839,0.16,0.06239884912785473,0.2733333333333333,0.30120481927710846,0.23880597014925373,83,67,0.7266666666666667,150,0,0,0,0,0.26,0.22,0.3,0.22
random,320,362,0.09,0.09076923076923077,0.16883627387744526,-0.004287131029230368,-0.007777186833966429,0.08974358974358974,0.16,-0.037439828846496714,0.4,0.38028169014084506,0.4177215189873418,71,79,0.6,150,0,0,0,0,0.275,0.255,0.21,0.26
random,321,363,0.088,0.0876923076923077,0.2283352198090037,0.06531068018855082,0.11878065765697687,0.06666666666666667,0.16,0.07045009784735812,0.32,0.3561643835616438,0.2857142857142857,73,77,0.6799999999999999,150,0,0,0,0,0.275,0.22,0.265,0.24
random,322,364,0.086,0.09846153846153846,0.20283787889288268,0.03837064423154085,0.07080582564910205,0.14666666666666667,0.17,-0.1111111111111111,0.28,0.2222222222222222,0.3333333333333333,72,78,0.72,150,0,0,0,0,0.24,0.265,0.24,0.255
random,323,365,0.074,0.07384615384615385,0.21728761164235177,0.054263072021898895,0.10091945358992148,0.07246376811594203,0.15,0.15992155464432162,0.38,0.45569620253164556,0.29577464788732394,79,71,0.62,150,0,0,0,0,0.235,0.3,0.235,0.23
random,324,366,0.068,0.07846153846153846,0.2202720847319325,0.05436215502970168,0.10175555635288859,0.1232876712328767,0.18,0.05610859728506784,0.29333333333333333,0.3176470588235294,0.26153846153846155,85,65,0.7066666666666667,150,0,0,0,0,0.23,0.255,0.265,0.25
random,325,367,0.074,0.07538461538461538,0.2123348983972212,0.04786766373587936,0.08927057181247057,0.05194805194805195,0.12,-0.0875289094467177,0.36,0.3150684931506849,0.4025974025974026,73,77,0.64,150,0,0,0,0,0.25,0.225,0.24,0.285
random,326,368,0.062,0.06923076923076923,0.19701462617201398,0.02821930638800524,0.05125628267987308,0.10810810810810811,0.15,-0.06009957325746798,0.25333333333333335,0.2236842105263158,0.28378378378378377,76,74,0.7466666666666666,150,0,0,0,0,0.275,0.22,0.215,0.29
random,327,369,0.096,0.09230769230769231,0.23449152448217087,0.07002428982082903,0.12881782130939823,0.06944444444444445,0.1,-0.05769230769230771,0.28,0.25,0.3076923076923077,72,78,0.72,150,0,0,0,0,0.24,0.265,0.225,0.27
random,328,370,0.086,0.07692307692307693,0.23620805971364534,0.06885543497052557,0.1278243897863796,0.05714285714285714,0.145,0.08974358974358973,0.2866666666666667,0.3333333333333333,0.24358974358974358,72,78,0.7133333333333334,150,0,0,0,0,0.24,0.29,0.215,0.255
random,329,371,0.082,0.07692307692307693,0.1717604406553334,7.973078954676138e-05,0.00014538620972129104,0.0547945205479452,0.185,0.13333333333333336,0.3333333333333333,0.4,0.26666666666666666,75,75,0.6666666666666667,150,0,0,0,0,0.265,0.3,0.23,0.205
random,330,372,0.072,0.08153846153846153,0.2274941611994726,0.06158423149724179,0.11554132654128835,0.13432835820895522,0.145,0.010683760683760701,0.3,0.3055555555555556,0.2948717948717949,72,78,0.7,150,0,0,0,0,0.25,0.265,0.2,0.285
random,331,373,0.084,0.08,0.14950842304677547,-0.022172286819011178,-0.04110274724927497,0.07462686567164178,0.165,-0.040000000000000036,0.32666666666666666,0.30666666666666664,0.3466666666666667,75,75,0.6733333333333333,150,0,0,0,0,0.235,0.215,0.3,0.25
random,332,374,0.08,0.07846153846153846,0.17895636760989703,0.011603742866777261,0.021388603281609735,0.08450704225352113,0.14,0.11201991465149358,0.3,0.35526315789473684,0.24324324324324326,76,74,0.7,150,0,0,0,0,0.235,0.265,0.29,0.21
random,333,375,0.078,0.07692307692307693,0.22931719467604283,0.06340726497381202,0.11668696113682751,0.07042253521126761,0.19,0.13034188034188032,0.29333333333333333,0.3611111111111111,0.23076923076923078,72,78,0.7066666666666667,150,0,0,0,0,0.23,0.22,0.265,0.285
random,334,376,0.08,0.08307692307692308,0.19476927366328667,0.030302039001944836,0.055006048855603173,0.058823529411764705,0.185,0.1262553802008608,0.31333333333333335,0.38235294117647056,0.25609756097560976,68,82,0.6866666666666666,150,0,0,0,0,0.265,0.2,0.275,0.26
random,335,377,0.062,0.06461538461538462,0.1996719181197244,0.03376198841749359,0.06263773983548361,0.10126582278481013,0.15,0.08628989124621145,0.30666666666666664,0.352112676056338,0.26582278481012656,71,79,0.6933333333333334,150,0,0,0,0,0.3,0.245,0.245,0.21
random,336,378,0.102,0.09846153846153846,0.16209859627777057,-0.009582113588016083,-0.017965808930187843,0.11594202898550725,0.185,-0.019642857142857156,0.25333333333333335,0.24285714285714285,0.2625,70,80,0.7466666666666666,150,0,0,0,0,0.27,0.22,0.305,0.205
random,337,379,0.092,0.09384615384615384,0.22108274337936923,0.05373011863624946,0.0989442332828982,0.08536585365853659,0.155,-0.002210351814330491,0.28,0.2786885245901639,0.2808988764044944,61,89,0.72,150,0,0,0,0,0.27,0.23,0.28,0.22
random,338,380,0.072,0.07538461538461538,0.19520480632590742,0.027852181582787655,0.051397195929200654,0.07142857142857142,0.15,0.09357765522149081,0.25333333333333335,0.3013698630136986,0.2077922077922078,73,77,0.7466666666666666,150,0,0,0,0,0.27,0.245,0.195,0.29
random,339,381,0.084,0.08461538461538462,0.18735182723765503,0.02144189753542422,0.039272690478043173,0.08333333333333333,0.16,-0.18100995732574682,0.2866666666666667,0.19736842105263158,0.3783783783783784,76,74,0.7133333333333334,150,0,0,0,0,0.245,0.235,0.25,0.27
random,340,382,0.102,0.09692307692307692,0.19331799527958268,0.025965370536462917,0.049149667091553814,0.07142857142857142,0.185,0.028846153846153855,0.30666666666666664,0.32051282051282054,0.2916666666666667,78,72,0.6933333333333334,150,0,0,0,0,0.255,0.26,0.26,0.225
random,341,383,0.062,0.06,0.1897151382294725,0.022362513486352736,0.04152617634487956,0.0410958904109589,0.19,0.04821428571428571,0.34,0.3625,0.3142857142857143,80,70,0.6599999999999999,150,0,0,0,0,0.23,0.255,0.255,0.26
random,342,384,0.088,0.09538461538461539,0.23144319365554475,0.06986134907598082,0.1305746178287737,0.11764705882352941,0.15,0.07998565279770442,0.35333333333333333,0.39705882352941174,0.3170731707317073,68,82,0.6466666666666667,150,0,0,0,0,0.23,0.245,0.295,0.23
random,343,385,0.094,0.09384615384615384,0.1568920104854969,-0.011903309298511855,-0.022075704492403585,0.08433734939759036,0.15,0.09894811909431267,0.3,0.352112676056338,0.25316455696202533,71,79,0.7,150,0,0,0,0,0.26,0.28,0.22,0.24
random,344,386,0.06,0.06307692307692307,0.1828733936783427,0.014078073894333964,0.025803473752585,0.12857142857142856,0.165,-0.0395299145299145,0.32666666666666666,0.3076923076923077,0.3472222222222222,78,72,0.6733333333333333,150,0,0,0,0,0.285,0.22,0.26,0.235
random,345,387,0.082,0.08461538461538462,0.1932089247429365,0.028741690081594662,0.05120374554925823,0.12658227848101267,0.16,-0.02080344332855094,0.25333333333333335,0.24390243902439024,0.2647058823529412,82,68,0.7466666666666666,150,0,0,0,0,0.25,0.24,0.22,0.29
random,346,388,0.094,0.0876923076923077,0.20716359626338635,0.03692558143848865,0.06902694092384784,0.06666666666666667,0.15,-0.02457264957264954,0.30666666666666664,0.2948717948717949,0.3194444444444444,78,72,0.6933333333333334,150,0,0,0,0,0.325,0.25,0.23,0.195
random,347,389,0.084,0.07846153846153846,0.1743822419862347,0.004144227161337,0.00777166797516987,0.04411764705882353,0.115,-0.10357142857142859,0.32666666666666666,0.2714285714285714,0.375,70,80,0.6733333333333333,150,0,0,0,0,0.21,0.3,0.23,0.26
random,348,390,0.09,0.08615384615384615,0.1743018153376989,0.004063800512801197,0.00748247397330479,0.06666666666666667,0.155,0.09886201991465149,0.29333333333333333,0.34210526315789475,0.24324324324324326,76,74,0.7066666666666667,150,0,0,0,0,0.245,0.25,0.26,0.245
random,349,391,0.072,0.08307692307692308,0.21587389457556072,0.047078574791551975,0.08798986822476924,0.14285714285714285,0.175,-0.05725462304409673,0.35333333333333333,0.32432432432432434,0.3815789473684211,74,76,0.6466666666666667,150,0,0,0,0,0.215,0.26,0.275,0.25
random,350,392,0.086,0.08461538461538462,0.15564556477278027,-0.018920535174784314,-0.03576784418150976,0.13432835820895522,0.195,0.02991452991452992,0.29333333333333333,0.3076923076923077,0.2777777777777778,78,72,0.7066666666666667,150,0,0,0,0,0.3,0.215,0.23,0.255
random,351,393,0.076,0.07076923076923076,0.21166817020795953,0.047200935546617695,0.08808920281500601,0.024691358024691357,0.155,-0.06436084863612054,0.2733333333333333,0.23943661971830985,0.3037974683544304,71,79,0.7266666666666667,150,0,0,0,0,0.24,0.205,0.235,0.32
random,352,394,0.088,0.09230769230769231,0.243979659762679,0.08239781518311506,0.15499947134621317,0.11267605633802817,0.155,-0.04623044096728307,0.26666666666666666,0.24324324324324326,0.2894736842105263,74,76,0.7333333333333334,150,0,0,0,0,0.21,0.27,0.23,0.29
random,353,395,0.06,0.07384615384615385,0.22531685351765,0.057964228774530224,0.10739765678012876,0.09876543209876543,0.15,-0.026666666666666672,0.32,0.30666666666666664,0.3333333333333333,75,75,0.6799999999999999,150,0,0,0,0,0.35,0.195,0.235,0.22
random,354,396,0.07,0.06769230769230769,0.19695838484226144,0.026720370017363743,0.050520565617894156,0.057971014492753624,0.145,-0.05333333333333329,0.28,0.25333333333333335,0.30666666666666664,75,75,0.72,150,0,0,0,0,0.29,0.225,0.2,0.285
random,355,397,0.1,0.1,0.22081856115962628,0.05490863145739547,0.10167271609205701,0.10256410256410256,0.17,0.06666666666666665,0.31333333333333335,0.3466666666666667,0.28,75,75,0.6866666666666666,150,0,0,0,0,0.2,0.275,0.275,0.25
random,356,398,0.06,0.05692307692307692,0.21975359082508858,0.052400966081968814,0.09918992980658008,0.02631578947368421,0.155,0.07751196172248803,0.34,0.3684210526315789,0.2909090909090909,95,55,0.6599999999999999,150,0,0,0,0,0.275,0.235,0.265,0.225
random,357,399,0.088,0.08461538461538462,0.19442007279142393,0.02706744804830416,0.051594482999923114,0.05714285714285714,0.16,-0.07822334112569679,0.3,0.26506024096385544,0.34328358208955223,83,67,0.7,150,0,0,0,0,0.235,0.235,0.305,0.225
random,358,400,0.096,0.08307692307692308,0.18052533361216347,0.01028731878726577,0.018977620393136423,0.01694915254237288,0.2,0.057004135946772116,0.32666666666666666,0.3582089552238806,0.30120481927710846,67,83,0.6733333333333333,150,0,0,0,0,0.265,0.265,0.23,0.24
random,359,401,0.072,0.07692307692307693,0.2019414590809015,0.03458883433778173,0.06438023557770008,0.15625,0.14,-0.09999999999999998,0.25333333333333335,0.2,0.3,70,80,0.7466666666666666,150,0,0,0,0,0.24,0.26,0.265,0.235
random,360,402,0.088,0.0876923076923077,0.19993768177864044,0.03258505703552067,0.06129682035456399,0.12903225806451613,0.135,0.0064412238325281534,0.29333333333333333,0.2962962962962963,0.2898550724637681,81,69,0.7066666666666667,150,0,0,0,0,0.24,0.275,0.255,0.23
random,361,403,0.074,0.07692307692307693,0.22154684325597193,0.054194218512852166,0.09799664636583505,0.10465116279069768,0.2,0.056644488401366655,0.3,0.3253012048192771,0.26865671641791045,83,67,0.7,150,0,0,0,0,0.24,0.24,0.29,0.23
random,362,404,0.082,0.07846153846153846,0.20941646173858805,0.04350653203635724,0.07944536149618064,0.1,0.19,-0.10822510822510822,0.3333333333333333,0.2727272727272727,0.38095238095238093,66,84,0.6666666666666667,150,0,0,0,0,0.225,0.215,0.27,0.29
random,363,405,0.088,0.08,0.21515803059595223,0.04780540585283247,0.08503861543679422,0.027777777777777776,0.18,0.029864253393665163,0.34,0.35294117647058826,0.3230769230769231,85,65,0.6599999999999999,150,0,0,0,0,0.195,0.27,0.285,0.25
random,364,406,0.068,0.06307692307692307,0.17689380272962496,0.008098482945616214,0.014939036406024944,0.03409090909090909,0.15,0.15598290598290598,0.28,0.3611111111111111,0.20512820512820512,72,78,0.72,150,0,0,0,0,0.26,0.235,0.27,0.235
random,365,407,0.096,0.09538461538461539,0.16678175117842714,-0.0034562636464705587,-0.0065801623803110965,0.11764705882352941,0.14,-0.10149572649572647,0.26666666666666666,0.21794871794871795,0.3194444444444444,78,72,0.7333333333333334,150,0,0,0,0,0.26,0.225,0.25,0.265
random,366,408,0.116,0.10615384615384615,0.1916654402401326,0.024312815497012835,0.04478543350948404,0.058823529411764705,0.135,0.03220067603629245,0.35333333333333333,0.3698630136986301,0.33766233766233766,73,77,0.6466666666666667,150,0,0,0,0,0.26,0.23,0.25,0.26
random,367,409,0.072,0.08461538461538462,0.21754896317534828,0.05163903347311746,0.09540458162358069,0.07936507936507936,0.125,0.15999999999999998,0.3333333333333333,0.41333333333333333,0.25333333333333335,75,75,0.6666666666666667,150,0,0,0,0,0.285,0.23,0.21,0.275
random,368,410,0.062,0.06615384615384616,0.1788006573875745,0.010005337603565756,0.018268788743429926,0.06329113924050633,0.14,0.008928571428571452,0.3333333333333333,0.3375,0.32857142857142857,80,70,0.6666666666666667,150,0,0,0,0,0.245,0.2,0.28,0.275
random,369,411,0.074,0.07384615384615385,0.15334515226272405,-0.01689286256217365,-0.03029672521334944,0.08955223880597014,0.18,0.1293612453032743,0.22,0.2898550724637681,0.16049382716049382,69,81,0.78,150,0,0,0,0,0.24,0.27,0.23,0.26
random,370,412,0.08,0.07846153846153846,0.18539235674348162,0.018039732000361852,0.03387733403524427,0.07865168539325842,0.165,0.017857142857142905,0.26666666666666666,0.275,0.2571428571428571,80,70,0.7333333333333334,150,0,0,0,0,0.205,0.25,0.305,0.24
random,371,413,0.086,0.09384615384615384,0.24455902439158542,0.08586256989379942,0.15891940643810956,0.12162162162162163,0.215,0.09368818557813341,0.24666666666666667,0.29850746268656714,0.20481927710843373,67,83,0.7533333333333333,150,0,0,0,0,0.29,0.22,0.235,0.255
random,372,414,0.086,0.08615384615384615,0.17709022148356862,0.006852206658670923,0.012768216062494465,0.10714285714285714,0.205,-0.007467994310099535,0.28,0.27631578947368424,0.28378378378378377,76,74,0.72,150,0,0,0,0,0.22,0.285,0.28,0.215
random,373,415,0.092,0.08615384615384615,0.1826524626635419,0.01818522800220007,0.0338283856619537,0.06944444444444445,0.155,0.11415362731152204,0.28,0.33783783783783783,0.2236842105263158,74,76,0.72,150,0,0,0,0,0.205,0.26,0.27,0.265
random,374,416,0.084,0.08461538461538462,0.20087392609917107,0.03063591127427337,0.05706218413472653,0.06944444444444445,0.18,0.1517857142857143,0.26666666666666666,0.3375,0.18571428571428572,80,70,0.7333333333333334,150,0,0,0,0,0.24,0.29,0.21,0.26
random,375,417,0.082,0.08307692307692308,0.187470251280414,0.01578954141462735,0.029905185795261104,0.08333333333333333,0.22,-0.011741682974559686,0.28,0.273972602739726,0.2857142857142857,73,77,0.72,150,0,0,0,0,0.275,0.245,0.245,0.235
random,376,418,0.106,0.08923076923076922,0.2555732336399762,0.09254869401952331,0.16974101391502203,0.01639344262295082,0.125,-0.07246376811594202,0.3,0.2608695652173913,0.3333333333333333,69,81,0.7,150,0,0,0,0,0.225,0.275,0.21,0.29
random,377,419,0.084,0.08923076923076922,0.22279258634345733,0.0583253516821155,0.10823414632619756,0.136986301369863,0.155,-0.12731152204836416,0.22666666666666666,0.16216216216216217,0.2894736842105263,74,76,0.7733333333333333,150,0,0,0,0,0.185,0.25,0.305,0.26
random,378,420,0.084,0.07230769230769231,0.20813839917678698,0.03934307939277823,0.07323717409654322,0.02631578947368421,0.095,0.011119081779053075,0.2733333333333333,0.27941176470588236,0.2682926829268293,68,82,0.7266666666666667,150,0,0,0,0,0.25,0.25,0.25,0.25
random,379,421,0.066,0.07384615384615385,0.2029263534337245,0.03701642373149369,0.06911745802250226,0.0759493670886076,0.135,-0.04734576757532283,0.32,0.29411764705882354,0.34146341463414637,68,82,0.6799999999999999,150,0,0,0,0,0.245,0.225,0.22,0.31
random,380,422,0.068,0.06923076923076923,0.2325444979728841,0.06951995835243122,0.12823830114216872,0.10256410256410256,0.15,-0.021428571428571408,0.34,0.32857142857142857,0.35,70,80,0.6599999999999999,150,0,0,0,0,0.275,0.275,0.23,0.22
random,381,423,0.066,0.06307692307692307,0.1799255538885644,0.009687539063666706,0.017546658015707192,0.0273972602739726,0.18,-0.023314203730272598,0.26666666666666666,0.25609756097560976,0.27941176470588236,82,68,0.7333333333333334,150,0,0,0,0,0.2,0.265,0.255,0.28
random,382,424,0.068,0.06461538461538462,0.2592468407505353,0.10055038625274929,0.19038247344715817,0.012658227848101266,0.205,-0.08778280542986422,0.32666666666666666,0.27692307692307694,0.36470588235294116,65,85,0.6733333333333333,150,0,0,0,0,0.27,0.23,0.33,0.17
random,383,425,0.082,0.07692307692307693,0.1932700237078453,0.02591739896472553,0.04844987915852445,0.09722222222222222,0.205,0.06011808910359634,0.29333333333333333,0.32098765432098764,0.2608695652173913,81,69,0.7066666666666667,150,0,0,0,0,0.295,0.215,0.255,0.235
random,384,426,0.084,0.08615384615384615,0.18693761127353814,0.019584986530418375,0.03600727504747771,0.0958904109589041,0.145,0.01793400286944047,0.3333333333333333,0.34146341463414637,0.3235294117647059,82,68,0.6666666666666667,150,0,0,0,0,0.225,0.285,0.215,0.275
random,385,427,0.082,0.07076923076923076,0.18600181434625715,0.014321104480470498,0.026092451295139422,0.013333333333333334,0.165,-0.0732142857142857,0.24666666666666667,0.2125,0.2857142857142857,80,70,0.7533333333333333,150,0,0,0,0,0.295,0.245,0.185,0.275
random,386,428,0.084,0.08615384615384615,0.1575316934742,-0.015591711432475619,-0.028797389078477773,0.08641975308641975,0.105,-0.026666666666666672,0.25333333333333335,0.24,0.26666666666666666,75,75,0.7466666666666666,150,0,0,0,0,0.29,0.25,0.205,0.255
random,387,429,0.102,0.09384615384615384,0.18612914137124642,0.01589112654634872,0.029844659024312322,0.06578947368421052,0.155,0.06666666666666665,0.31333333333333335,0.3466666666666667,0.28,75,75,0.6866666666666666,150,0,0,0,0,0.23,0.235,0.265,0.27
random,388,430,0.068,0.06923076923076923,0.1757096054157552,0.0054715905908575,0.010084994653232095,0.12987012987012986,0.18,-0.059540889526542295,0.32666666666666666,0.29411764705882354,0.35365853658536583,68,82,0.6733333333333333,150,0,0,0,0,0.24,0.295,0.225,0.24
random,389,431,0.098,0.09846153846153846,0.20115709063329984,0.032361770849291094,0.05984324315989679,0.12,0.195,0.02638616509181671,0.25333333333333335,0.26582278481012656,0.23943661971830985,79,71,0.7466666666666666,150,0,0,0,0,0.255,0.27,0.21,0.265
random,390,432,0.068,0.07076923076923076,0.18286426192556657,0.011183552059779917,0.021055877412409718,0.08571428571428572,0.135,-0.08539846674986629,0.32666666666666666,0.28169014084507044,0.3670886075949367,71,79,0.6733333333333333,150,0,0,0,0,0.255,0.295,0.22,0.23
random,391,433,0.092,0.08615384615384615,0.1485312554060582,-0.024592149500617444,-0.04512898740461486,0.06976744186046512,0.16,0.11095305832147939,0.34,0.39473684210526316,0.28378378378378377,76,74,0.6599999999999999,150,0,0,0,0,0.29,0.18,0.26,0.27
random,392,434,0.076,0.07692307692307693,0.20299078480508648,0.0399662451846336,0.07596623788841325,0.09090909090909091,0.145,-0.04700854700854701,0.24666666666666667,0.2222222222222222,0.2692307692307692,72,78,0.7533333333333333,150,0,0,0,0,0.275,0.245,0.255,0.225
random,393,435,0.094,0.09076923076923077,0.15536452082065216,-0.01775888408602347,-0.03256218743945186,0.10526315789473684,0.18,0.059743954480796585,0.26,0.2894736842105263,0.22972972972972974,76,74,0.74,150,0,0,0,0,0.26,0.25,0.23,0.26
random,394,436,0.074,0.07538461538461538,0.24624482175372606,0.08033489205149524,0.15141333004392502,0.05333333333333334,0.205,-0.02857142857142858,0.31333333333333335,0.3,0.32857142857142857,80,70,0.6866666666666666,150,0,0,0,0,0.245,0.22,0.275,0.26
random,395,437,0.066,0.06769230769230769,0.16669328178871914,-0.0021020379952896018,-0.003914372166291992,0.07352941176470588,0.17,0.014745549361625643,0.30666666666666664,0.3132530120481928,0.29850746268656714,83,67,0.6933333333333334,150,0,0,0,0,0.285,0.195,0.255,0.265
random,396,438,0.09,0.09230769230769231,0.23096505011990187,0.0636124253767821,0.11521098646155918,0.08823529411764706,0.195,-0.12482219061166433,0.32,0.25675675675675674,0.3815789473684211,74,76,0.6799999999999999,150,0,0,0,0,0.32,0.225,0.21,0.245
random,397,439,0.056,0.06615384615384616,0.19316119262861953,0.02436587284461078,0.04540677685371417,0.08450704225352113,0.155,0.0359174964438122,0.3466666666666667,0.36486486486486486,0.32894736842105265,74,76,0.6533333333333333,150,0,0,0,0,0.265,0.24,0.27,0.225
random,398,440,0.072,0.06923076923076923,0.15854461174984102,-0.010250708034167721,-0.018801596077027177,0.04,0.125,-0.18803418803418803,0.32,0.2222222222222222,0.41025641025641024,72,78,0.6799999999999999,150,0,0,0,0,0.255,0.28,0.225,0.24
random,399,441,0.078,0.08153846153846153,0.20880202458575925,0.04289209488352844,0.07982215625684616,0.07352941176470588,0.16,0.058174702010318435,0.34,0.3698630136986301,0.3116883116883117,73,77,0.6599999999999999,150,0,0,0,0,0.245,0.175,0.325,0.255
class_biased,0,100042,0.3,0.24923076923076923,0.8221828588072904,0.6865695249637278,1.2674357208414575,0.039473684210526314,0.155,0.0,0.0,0.0,0.0,38,112,1.0,150,3,1,0,0,0.275,0.2,0.08,0.445
class_biased,1,100043,0.298,0.2553846153846154,0.8271605500300014,0.6944326062682168,1.230410432132768,0.14666666666666667,0.17,0.0,0.0,0.0,0.0,34,116,1.0,150,3,0,0,0,0.345,0.24,0.09,0.325
class_biased,2,100044,0.28,0.23076923076923078,0.7595555388139557,0.6181714248068373,1.1418358469810763,0.04285714285714286,0.155,0.0,0.0,0.0,0.0,39,111,1.0,150,3,1,0,0,0.275,0.23,0.09,0.405
class_biased,3,100045,0.25,0.21384615384615385,0.718828768067309,0.5817727391828574,1.0631636073459554,0.09782608695652174,0.16,0.0,0.0,0.0,0.0,33,117,1.0,150,3,0,0,0,0.335,0.235,0.115,0.315
class_biased,4,100046,0.288,0.24,0.7719767726655187,0.6349207437810671,1.2149466264432076,0.0963855421686747,0.17,0.0,0.0,0.0,0.0,30,120,1.0,150,3,0,0,0,0.28,0.23,0.145,0.345
class_biased,5,100047,0.312,0.25846153846153846,0.8442347918368802,0.7042933728706507,1.3086406095892542,0.08860759493670886,0.15,0.0,0.0,0.0,0.0,30,120,1.0,150,3,2,0,0,0.335,0.185,0.08,0.4
class_biased,6,100048,0.284,0.23692307692307693,0.7900493698721458,0.6501079509059163,1.1599574952802836,0.08,0.17,0.0,0.0,0.0,0.0,22,128,1.0,150,2,1,0,0,0.275,0.25,0.125,0.35
class_biased,7,100049,0.268,0.2230769230769231,0.6906113313299032,0.5434564371592289,0.9894874137454752,0.1,0.18,0.0,0.0,0.0,0.0,40,110,1.0,150,3,0,0,0,0.33,0.17,0.105,0.395
class_biased,8,100050,0.326,0.27076923076923076,0.8649040891744084,0.7307334503717349,1.3482333829630422,0.09859154929577464,0.185,0.0,0.0,0.0,0.0,30,120,1.0,150,3,2,0,0,0.3,0.205,0.11,0.385
class_biased,9,100051,0.292,0.24,0.7928993169778689,0.6558432880934173,1.2024110814300253,0.06329113924050633,0.145,0.0,0.0,0.0,0.0,35,115,1.0,150,3,1,0,0,0.34,0.175,0.12,0.365
class_biased,10,100052,0.266,0.23076923076923078,0.7380080523363814,0.5966239383292631,1.0895109938140077,0.11764705882352941,0.2,0.0,0.0,0.0,0.0,25,125,1.0,150,2,1,0,0,0.28,0.23,0.09,0.4
class_biased,11,100053,0.268,0.2230769230769231,0.826103192623254,0.6962606389432473,1.3162505538437992,0.09302325581395349,0.195,0.0,0.0,0.0,0.0,33,117,1.0,150,3,2,0,0,0.255,0.225,0.115,0.405
class_biased,12,100054,0.284,0.2323076923076923,0.7488544753844993,0.6103557514591589,1.1706445492711954,0.04838709677419355,0.135,0.0,0.0,0.0,0.0,40,110,1.0,150,3,1,0,0,0.28,0.22,0.11,0.39
class_biased,13,100055,0.278,0.2246153846153846,0.7904198981059933,0.6533638692215418,1.21499264613596,0.014925373134328358,0.22,0.0,0.0,0.0,0.0,25,125,1.0,150,3,0,0,0,0.315,0.19,0.075,0.42
class_biased,14,100056,0.296,0.25076923076923074,0.7823720941479395,0.6409879801408211,1.2013379166424663,0.06944444444444445,0.185,0.0,0.0,0.0,0.0,37,113,1.0,150,3,2,0,0,0.275,0.2,0.13,0.395
class_biased,15,100057,0.304,0.2553846153846154,0.8251009159658881,0.6894875821223255,1.2729404863637814,0.07352941176470588,0.16,0.0,0.0,0.0,0.0,30,120,1.0,150,3,2,0,0,0.29,0.23,0.115,0.365
class_biased,16,100058,0.28,0.2276923076923077,0.7877795401317484,0.6449527310837411,1.1626099669141865,0.043478260869565216,0.135,0.0,0.0,0.0,0.0,32,118,1.0,150,3,1,0,0,0.285,0.215,0.105,0.395
class_biased,17,100059,0.304,0.24923076923076923,0.7507225038012549,0.6064529997123586,1.1433079922200773,0.07575757575757576,0.165,0.0,0.0,0.0,0.0,26,124,1.0,150,3,0,0,0,0.32,0.215,0.085,0.38
class_biased,18,100060,0.29,0.24461538461538462,0.7888484049041169,0.6532350710605543,1.1882395371153969,0.0945945945945946,0.145,0.0,0.0,0.0,0.0,30,120,1.0,150,3,1,0,0,0.275,0.21,0.115,0.4
class_biased,19,100061,0.33,0.2676923076923077,0.8537718706428563,0.7224866219219607,1.359420192504479,0.0641025641025641,0.18,0.0,0.0,0.0,0.0,33,117,1.0,150,2,1,0,0,0.315,0.215,0.14,0.33
class_biased,20,100062,0.322,0.27076923076923076,0.7816183383781359,0.6416769194119064,1.2189937908267099,0.12987012987012986,0.175,0.0,0.0,0.0,0.0,34,116,1.0,150,3,1,0,0,0.315,0.215,0.095,0.375
class_biased,21,100063,0.236,0.20615384615384616,0.6593026653261154,0.516475856278108,0.9369526662703699,0.12857142857142856,0.16,0.0,0.0,0.0,0.0,21,129,1.0,150,2,0,0,0,0.345,0.26,0.105,0.29
class_biased,22,100064,0.328,0.2723076923076923,0.8491211346543095,0.7062943256063021,1.239975301097922,0.04878048780487805,0.14,0.0,0.0,0.0,0.0,28,122,1.0,150,3,2,0,0,0.295,0.21,0.09,0.405
class_biased,23,100065,0.304,0.2553846153846154,0.8603605844466131,0.7218618605212727,1.3143209745672115,0.09090909090909091,0.16,0.0,0.0,0.0,0.0,37,113,1.0,150,3,3,0,0,0.265,0.215,0.09,0.43
class_biased,24,100066,0.292,0.24307692307692308,0.7802020379754779,0.6417033140501375,1.1666532877119444,0.09722222222222222,0.23,0.0,0.0,0.0,0.0,24,126,1.0,150,3,1,0,0,0.315,0.185,0.1,0.4
class_biased,25,100067,0.256,0.2123076923076923,0.6984521415270184,0.554182637438122,0.9874584436726241,0.09859154929577464,0.115,0.0,0.0,0.0,0.0,26,124,1.0,150,2,0,0,0,0.29,0.19,0.09,0.43
class_biased,26,100068,0.266,0.2276923076923077,0.7259816435184936,0.5874829195931531,1.0713322593964612,0.07936507936507936,0.115,0.0,0.0,0.0,0.0,26,124,1.0,150,3,0,0,0,0.315,0.185,0.1,0.4
class_biased,27,100069,0.288,0.24923076923076923,0.7707627555306638,0.6322640316053233,1.1763494663169793,0.08108108108108109,0.16,0.0,0.0,0.0,0.0,32,118,1.0,150,3,0,0,0,0.265,0.2,0.115,0.42
class_biased,28,100070,0.276,0.2323076923076923,0.6870110770391518,0.5456269630320334,1.007096819756539,0.08571428571428572,0.16,0.0,0.0,0.0,0.0,25,125,1.0,150,2,0,0,0,0.285,0.25,0.1,0.365
class_biased,29,100071,0.302,0.25076923076923074,0.8541278272208225,0.7314987487452606,1.3156222323534028,0.05,0.175,0.0,0.0,0.0,0.0,19,131,1.0,150,2,2,0,0,0.28,0.25,0.08,0.39
class_biased,30,100072,0.28,0.24,0.7940612438110854,0.655562519885745,1.2021357336035607,0.07894736842105263,0.15,0.0,0.0,0.0,0.0,28,122,1.0,150,3,1,0,0,0.31,0.17,0.125,0.395
class_biased,31,100073,0.252,0.20923076923076922,0.6392856725979125,0.499344253631683,0.94161805029825,0.05405405405405406,0.2,0.0,0.0,0.0,0.0,39,111,1.0,150,2,0,0,0,0.255,0.195,0.125,0.425
class_biased,32,100074,0.304,0.24923076923076923,0.9058416166954961,0.7716709778928226,1.4351303610240047,0.0875,0.135,0.0,0.0,0.0,0.0,23,127,1.0,150,3,2,0,0,0.27,0.16,0.125,0.445
class_biased,33,100075,0.286,0.24,0.7446740011376797,0.6047325821714502,1.1082043408571745,0.09876543209876543,0.115,0.0,0.0,0.0,0.0,26,124,1.0,150,3,0,0,0,0.32,0.25,0.1,0.33
class_biased,34,100076,0.292,0.25384615384615383,0.7712053599169104,0.631263940950681,1.158642303352356,0.1267605633802817,0.17,0.0,0.0,0.0,0.0,40,110,1.0,150,3,1,0,0,0.3,0.175,0.085,0.44
class_biased,35,100077,0.304,0.24615384615384617,0.7725076881378813,0.626795489008096,1.1761143097324114,0.06666666666666667,0.155,0.0,0.0,0.0,0.0,28,122,1.0,150,3,1,0,0,0.22,0.285,0.09,0.405
class_biased,36,100078,0.26,0.21384615384615385,0.7280758591360398,0.5895771352106993,1.1104386265561312,0.0958904109589041,0.16,0.0,0.0,0.0,0.0,31,119,1.0,150,3,0,0,0,0.245,0.23,0.135,0.39
class_biased,37,100079,0.256,0.2169230769230769,0.6840362725343366,0.5455375486089962,1.0355261076331899,0.1111111111111111,0.165,0.0,0.0,0.0,0.0,35,115,1.0,150,3,0,0,0,0.32,0.2,0.095,0.385
class_biased,38,100080,0.298,0.24923076923076923,0.8299736615075566,0.6972457177457719,1.2932619260056923,0.0958904109589041,0.145,0.0,0.0,0.0,0.0,29,121,1.0,150,3,1,0,0,0.275,0.195,0.1,0.43
class_biased,39,100081,0.288,0.2353846153846154,0.7336663943891362,0.5980530605455736,1.1137984225575042,0.0410958904109589,0.14,0.0,0.0,0.0,0.0,31,119,1.0,150,3,0,0,0,0.265,0.22,0.08,0.435
class_biased,40,100082,0.314,0.2569230769230769,0.8593465786508717,0.7222905497664202,1.3432747837123618,0.07142857142857142,0.15,0.0,0.0,0.0,0.0,39,111,1.0,150,3,1,0,0,0.26,0.265,0.08,0.395
class_biased,41,100083,0.282,0.24,0.7389651473535772,0.6019091184691256,1.1347924715687436,0.12162162162162163,0.12,0.0,0.0,0.0,0.0,31,119,1.0,150,2,0,0,0,0.325,0.21,0.075,0.39
class_biased,42,100084,0.294,0.24461538461538462,0.7513594036252407,0.6027618144136775,1.1292400564753757,0.1,0.225,0.0,0.0,0.0,0.0,35,115,1.0,150,3,1,0,0,0.325,0.19,0.12,0.365
class_biased,43,100085,0.292,0.24307692307692308,0.7494106329959438,0.6008130437843806,1.0893676308290967,0.08333333333333333,0.12,0.0,0.0,0.0,0.0,28,122,1.0,150,3,1,0,0,0.285,0.225,0.105,0.385
class_biased,44,100086,0.292,0.23846153846153847,0.7228425534421868,0.5771303543124016,1.0634377970049331,0.05555555555555555,0.155,0.0,0.0,0.0,0.0,30,120,1.0,150,3,0,0,0,0.32,0.19,0.1,0.39
class_biased,45,100087,0.296,0.24,0.7631391498378883,0.618869645748992,1.1460483765392542,0.04411764705882353,0.15,0.0,0.0,0.0,0.0,27,123,1.0,150,3,0,0,0,0.32,0.15,0.145,0.385
class_biased,46,100088,0.29,0.2353846153846154,0.7492117088471613,0.6078275948400429,1.115190847970756,0.046153846153846156,0.125,0.0,0.0,0.0,0.0,38,112,1.0,150,2,0,0,0,0.355,0.215,0.1,0.33
class_biased,47,100089,0.276,0.23384615384615384,0.7911039399831212,0.6583759962213366,1.186214116909998,0.11267605633802817,0.17,0.0,0.0,0.0,0.0,29,121,1.0,150,2,1,0,0,0.315,0.195,0.07,0.42
class_biased,48,100090,0.33,0.27076923076923076,0.8567057533879396,0.7167643344217102,1.2922882698432092,0.06578947368421052,0.195,0.0,0.0,0.0,0.0,29,121,1.0,150,3,1,0,0,0.34,0.215,0.105,0.34
class_biased,49,100091,0.286,0.23846153846153847,0.7914914198217897,0.6501073058146714,1.192323123748704,0.08333333333333333,0.165,0.0,0.0,0.0,0.0,36,114,1.0,150,3,2,0,0,0.34,0.14,0.085,0.435
class_biased,50,100092,0.286,0.2353846153846154,0.775720842934615,0.6343367289274966,1.1484388755200163,0.05194805194805195,0.155,0.0,0.0,0.0,0.0,41,109,1.0,150,3,0,0,0,0.36,0.185,0.075,0.38
class_biased,51,100093,0.29,0.24615384615384617,0.7692660790282613,0.6264392699802539,1.1551639633486999,0.11235955056179775,0.155,0.0,0.0,0.0,0.0,32,118,1.0,150,3,1,0,0,0.295,0.225,0.08,0.4
class_biased,52,100094,0.304,0.24769230769230768,0.8153135822115709,0.6825856384497863,1.2656424392574679,0.046511627906976744,0.145,0.0,0.0,0.0,0.0,29,121,1.0,150,3,2,0,0,0.29,0.25,0.08,0.38
class_biased,53,100095,0.27,0.23076923076923078,0.7419525547912902,0.6020111358250607,1.071924891667762,0.10126582278481013,0.17,0.0,0.0,0.0,0.0,32,118,1.0,150,2,1,0,0,0.255,0.225,0.105,0.415
class_biased,54,100096,0.282,0.23692307692307693,0.6783402122052592,0.5369560981981407,0.974728803003626,0.08571428571428572,0.18,0.0,0.0,0.0,0.0,31,119,1.0,150,2,1,0,0,0.3,0.165,0.085,0.45
class_biased,55,100097,0.334,0.27076923076923076,0.9624953541792556,0.8297674104174709,1.5063931165128048,0.06756756756756757,0.145,0.0,0.0,0.0,0.0,34,116,1.0,150,3,3,1,0,0.305,0.205,0.105,0.385
class_biased,56,100098,0.268,0.22,0.8330205509656677,0.6988499121629941,1.3001316057132302,0.09722222222222222,0.155,0.0,0.0,0.0,0.0,34,116,1.0,150,2,1,0,0,0.27,0.195,0.115,0.42
class_biased,57,100099,0.324,0.26615384615384613,0.7707684559114865,0.630827036945257,1.1624141764112046,0.08235294117647059,0.155,0.0,0.0,0.0,0.0,22,128,1.0,150,3,1,0,0,0.22,0.225,0.11,0.445
class_biased,58,100100,0.252,0.22153846153846155,0.6600135745138882,0.5200721555476587,0.962121574962836,0.08333333333333333,0.165,0.0,0.0,0.0,0.0,33,117,1.0,150,2,0,0,0,0.295,0.23,0.095,0.38
class_biased,59,100101,0.242,0.20461538461538462,0.6851376393565656,0.549524305513003,1.024486134941931,0.07407407407407407,0.2,0.0,0.0,0.0,0.0,32,118,1.0,150,2,0,0,0,0.29,0.155,0.145,0.41
class_biased,60,100102,0.282,0.23692307692307693,0.7032796637377521,0.5590101596488557,1.0018728474615994,0.06666666666666667,0.165,0.0,0.0,0.0,0.0,34,116,1.0,150,3,0,0,0,0.295,0.225,0.09,0.39
class_biased,61,100103,0.302,0.24923076923076923,0.8353790481396814,0.695437629173452,1.2666701548725756,0.06172839506172839,0.125,0.0,0.0,0.0,0.0,36,114,1.0,150,3,1,0,0,0.27,0.24,0.09,0.4
class_biased,62,100104,0.282,0.2353846153846154,0.7498597382235476,0.612803709339096,1.1060594261357148,0.09090909090909091,0.155,0.0,0.0,0.0,0.0,34,116,1.0,150,2,1,0,0,0.24,0.23,0.09,0.44
class_biased,63,100105,0.264,0.2153846153846154,0.6525459082678736,0.5010629289745324,0.9237395708700759,0.06666666666666667,0.165,0.0,0.0,0.0,0.0,27,123,1.0,150,2,0,0,0,0.305,0.205,0.15,0.34
class_biased,64,100106,0.282,0.2353846153846154,0.7238595277308566,0.5810327186828492,1.0727421021126906,0.07936507936507936,0.16,0.0,0.0,0.0,0.0,21,129,1.0,150,3,0,0,0,0.275,0.21,0.11,0.405
class_biased,65,100107,0.276,0.2323076923076923,0.7494250452301836,0.6195824915501769,1.1665135850519448,0.0759493670886076,0.175,0.0,0.0,0.0,0.0,36,114,1.0,150,2,0,0,0,0.345,0.2,0.095,0.36
class_biased,66,100108,0.284,0.23384615384615384,0.7698660809912529,0.6342527471476903,1.1655278568434218,0.05405405405405406,0.15,0.0,0.0,0.0,0.0,32,118,1.0,150,2,1,0,0,0.25,0.165,0.15,0.435
class_biased,67,100109,0.29,0.24153846153846154,0.7972682368523278,0.6630975980496543,1.2161133832137188,0.0547945205479452,0.14,0.0,0.0,0.0,0.0,33,117,1.0,150,3,1,0,0,0.26,0.235,0.09,0.415
class_biased,68,100110,0.306,0.24769230769230768,0.8311964056400019,0.6898122916328835,1.2505476377818256,0.043478260869565216,0.14,0.0,0.0,0.0,0.0,32,118,1.0,150,3,2,0,0,0.245,0.175,0.145,0.435
class_biased,69,100111,0.272,0.2323076923076923,0.7594837176726461,0.6195422987064166,1.1503599666768631,0.0273972602739726,0.13,0.0,0.0,0.0,0.0,30,120,1.0,150,3,1,0,0,0.315,0.195,0.05,0.44
class_biased,70,100112,0.256,0.2076923076923077,0.7654116525704573,0.6341264038495616,1.176129398531697,0.056338028169014086,0.175,0.0,0.0,0.0,0.0,34,116,1.0,150,2,0,0,0,0.31,0.175,0.115,0.4
class_biased,71,100113,0.298,0.24615384615384617,0.8955443267705616,0.762816383008777,1.4342272000073637,0.0547945205479452,0.18,0.0,0.0,0.0,0.0,31,119,1.0,150,3,2,1,0,0.275,0.17,0.105,0.45
class_biased,72,100114,0.284,0.23384615384615384,0.7930266601921832,0.6588560213895096,1.2220893555193608,0.05263157894736842,0.18,0.0,0.0,0.0,0.0,31,119,1.0,150,3,0,0,0,0.31,0.22,0.075,0.395
class_biased,73,100115,0.284,0.24,0.7923756278439353,0.6553195989594838,1.2201531502335323,0.1125,0.2,0.0,0.0,0.0,0.0,27,123,1.0,150,2,1,0,0,0.34,0.185,0.08,0.395
class_biased,74,100116,0.292,0.2323076923076923,0.8346604776468299,0.6990471438032674,1.297992755106389,0.03125,0.2,0.0,0.0,0.0,0.0,29,121,1.0,150,3,1,0,0,0.28,0.22,0.095,0.405
class_biased,75,100117,0.296,0.26153846153846155,0.827371061645384,0.6917577278018214,1.3072397731435843,0.14285714285714285,0.175,0.0,0.0,0.0,0.0,30,120,1.0,150,3,1,0,0,0.31,0.19,0.07,0.43
class_biased,76,100118,0.276,0.23384615384615384,0.7145615579684723,0.573177443961354,1.0911986714705304,0.1125,0.17,0.0,0.0,0.0,0.0,24,126,1.0,150,2,0,0,0,0.295,0.205,0.095,0.405
class_biased,77,100119,0.278,0.22923076923076924,0.7604460095376473,0.6176192004896399,1.1316405227915645,0.03614457831325301,0.16,0.0,0.0,0.0,0.0,36,114,1.0,150,3,0,0,0,0.31,0.235,0.13,0.325
class_biased,78,100120,0.294,0.25076923076923074,0.8118332051357048,0.6718917861694753,1.2405186785489466,0.10666666666666667,0.185,0.0,0.0,0.0,0.0,30,120,1.0,150,3,1,0,0,0.275,0.23,0.07,0.425
class_biased,79,100121,0.302,0.2553846153846154,0.855056277443334,0.7194429435997715,1.3122383398453503,0.06944444444444445,0.14,0.0,0.0,0.0,0.0,30,120,1.0,150,2,2,0,0,0.26,0.245,0.095,0.4
class_biased,80,100122,0.302,0.2553846153846154,0.8620256299705602,0.7321830762905535,1.3567170327184417,0.056179775280898875,0.13,0.0,0.0,0.0,0.0,36,114,1.0,150,3,1,0,0,0.24,0.27,0.095,0.395
class_biased,81,100123,0.272,0.22923076923076924,0.7685537929700721,0.6314977640856205,1.1479255446970842,0.0975609756097561,0.19,0.0,0.0,0.0,0.0,27,123,1.0,150,3,1,0,0,0.305,0.235,0.11,0.35
class_biased,82,100124,0.314,0.26153846153846155,0.8335152705007273,0.6993446316980536,1.3114053838428679,0.09090909090909091,0.17,0.0,0.0,0.0,0.0,19,131,1.0,150,2,2,0,0,0.345,0.19,0.08,0.385
class_biased,83,100125,0.306,0.25076923076923074,0.6985473005064107,0.5557204914584033,1.046583112806866,0.039473684210526314,0.18,0.0,0.0,0.0,0.0,35,115,1.0,150,2,0,0,0,0.305,0.21,0.085,0.4
class_biased,84,100126,0.302,0.24923076923076923,0.8143218522013078,0.6772658233168563,1.2330777163202613,0.028985507246376812,0.17,0.0,0.0,0.0,0.0,25,125,1.0,150,3,2,0,0,0.345,0.19,0.105,0.36
class_biased,85,100127,0.27,0.2276923076923077,0.6937018369746244,0.549432332885728,1.0272000328231963,0.11842105263157894,0.185,0.0,0.0,0.0,0.0,31,119,1.0,150,3,0,0,0,0.29,0.195,0.065,0.45
class_biased,86,100128,0.29,0.25384615384615383,0.733346707738071,0.5890772036491746,1.0723228225499968,0.13513513513513514,0.21,0.0,0.0,0.0,0.0,25,125,1.0,150,3,1,0,0,0.32,0.18,0.13,0.37
class_biased,87,100129,0.308,0.27076923076923076,0.8307928818662613,0.6908514629000319,1.2878463333302745,0.2,0.14,0.0,0.0,0.0,0.0,31,119,1.0,150,3,1,0,0,0.32,0.185,0.085,0.41
class_biased,88,100130,0.292,0.24,0.8333491408711815,0.7049492822320638,1.2880835968556867,0.08860759493670886,0.16,0.0,0.0,0.0,0.0,29,121,1.0,150,3,1,0,0,0.23,0.175,0.13,0.465
class_biased,89,100131,0.294,0.24769230769230768,0.7805961505702785,0.6507535968902718,1.2040131766252444,0.08860759493670886,0.15,0.0,0.0,0.0,0.0,34,116,1.0,150,3,0,0,0,0.325,0.2,0.115,0.36
class_biased,90,100132,0.264,0.22615384615384615,0.7031604581267541,0.5646617342014136,1.093022347816935,0.07228915662650602,0.155,0.0,0.0,0.0,0.0,33,117,1.0,150,2,0,0,0,0.3,0.21,0.09,0.4
class_biased,91,100133,0.286,0.23846153846153847,0.7756453130684916,0.642917369306707,1.1919608217117128,0.1125,0.225,0.0,0.0,0.0,0.0,36,114,1.0,150,2,0,0,0,0.3,0.16,0.13,0.41
class_biased,92,100134,0.322,0.26615384615384613,0.8615106631194586,0.7230119391941181,1.3618849684069247,0.09722222222222222,0.165,0.0,0.0,0.0,0.0,36,114,1.0,150,2,2,0,0,0.255,0.255,0.085,0.405
class_biased,93,100135,0.284,0.2353846153846154,0.759309746412066,0.6150402423231696,1.1297735772030881,0.08823529411764706,0.13,0.0,0.0,0.0,0.0,26,124,1.0,150,3,1,0,0,0.3,0.195,0.08,0.425
class_biased,94,100136,0.3,0.2553846153846154,0.8248403859312232,0.6805708818423268,1.2571732367413107,0.0759493670886076,0.19,0.0,0.0,0.0,0.0,35,115,1.0,150,3,2,0,0,0.26,0.205,0.12,0.415
class_biased,95,100137,0.274,0.2230769230769231,0.7209625758109258,0.5738076816402515,1.0412580808489564,0.04938271604938271,0.2,0.0,0.0,0.0,0.0,23,127,1.0,150,3,0,0,0,0.305,0.215,0.11,0.37
class_biased,96,100138,0.326,0.26461538461538464,0.835007506276458,0.7008368674737844,1.3170658350124547,0.045454545454545456,0.185,0.0,0.0,0.0,0.0,26,124,1.0,150,3,2,0,0,0.33,0.185,0.1,0.385
class_biased,97,100139,0.314,0.25846153846153846,0.7435697261033921,0.6007429170553847,1.114884503340903,0.06818181818181818,0.15,0.0,0.0,0.0,0.0,29,121,1.0,150,3,0,0,0,0.34,0.19,0.115,0.355
class_biased,98,100140,0.32,0.2630769230769231,0.8760070663149062,0.7447218175940106,1.3637283382530918,0.1111111111111111,0.155,0.0,0.0,0.0,0.0,34,116,1.0,150,3,2,0,0,0.325,0.205,0.065,0.405
class_biased,99,100141,0.312,0.27076923076923076,0.8377563443955743,0.7050284006337897,1.2808850361117183,0.1527777777777778,0.13,0.0,0.0,0.0,0.0,38,112,1.0,150,3,1,0,0,0.255,0.205,0.13,0.41
class_biased,100,100142,0.292,0.24153846153846154,0.8181245053282133,0.6825111714846508,1.2462012280990005,0.1038961038961039,0.175,0.0,0.0,0.0,0.0,28,122,1.0,150,3,2,0,0,0.265,0.2,0.105,0.43
class_biased,101,100143,0.272,0.2323076923076923,0.7135322025797881,0.5764761736953365,1.051054767293012,0.13513513513513514,0.135,0.0,0.0,0.0,0.0,30,120,1.0,150,2,0,0,0,0.27,0.195,0.105,0.43
class_biased,102,100144,0.284,0.2353846153846154,0.7238150685581406,0.5824309545510222,1.0727926386425406,0.08333333333333333,0.16,0.0,0.0,0.0,0.0,23,127,1.0,150,3,1,0,0,0.325,0.2,0.095,0.38
class_biased,103,100145,0.316,0.2553846153846154,0.8518438981925078,0.7162305643489453,1.35768296074975,0.04411764705882353,0.17,0.0,0.0,0.0,0.0,29,121,1.0,150,3,2,0,0,0.315,0.21,0.09,0.385
class_biased,104,100146,0.276,0.2323076923076923,0.7617800525536148,0.6276094137509411,1.1835957137031106,0.10144927536231885,0.145,0.0,0.0,0.0,0.0,31,119,1.0,150,2,1,0,0,0.245,0.215,0.09,0.45
class_biased,105,100147,0.316,0.26,0.9195039185379207,0.7824478896534691,1.4200027228617016,0.07042253521126761,0.19,0.0,0.0,0.0,0.0,36,114,1.0,150,3,2,0,0,0.265,0.225,0.095,0.415
class_biased,106,100148,0.324,0.2723076923076923,0.8109620284707141,0.6710206095044846,1.2287958104866945,0.08823529411764706,0.125,0.0,0.0,0.0,0.0,23,127,1.0,150,3,1,0,0,0.27,0.22,0.065,0.445
class_biased,107,100149,0.286,0.2353846153846154,0.7634141258930667,0.6234727069268372,1.1536586925970924,0.08064516129032258,0.09,0.0,0.0,0.0,0.0,29,121,1.0,150,3,1,0,0,0.25,0.21,0.11,0.43
class_biased,108,100150,0.26,0.22153846153846155,0.7347176867043966,0.5991043528608341,1.08288206887463,0.0410958904109589,0.165,0.0,0.0,0.0,0.0,32,118,1.0,150,3,0,0,0,0.295,0.2,0.07,0.435
class_biased,109,100151,0.308,0.25384615384615383,0.8769773091211662,0.7413639752776037,1.3273552614872897,0.07142857142857142,0.115,0.0,0.0,0.0,0.0,37,113,1.0,150,3,3,0,0,0.325,0.175,0.1,0.4
class_biased,110,100152,0.306,0.24923076923076923,0.8373554334822627,0.7060701847613671,1.3727447322882456,0.07042253521126761,0.185,0.0,0.0,0.0,0.0,33,117,1.0,150,3,1,0,0,0.36,0.16,0.14,0.34
class_biased,111,100153,0.26,0.21846153846153846,0.6873312969202496,0.5416190977904644,1.0263187951611537,0.08433734939759036,0.155,0.0,0.0,0.0,0.0,31,119,1.0,150,2,0,0,0,0.285,0.2,0.1,0.415
class_biased,112,100154,0.286,0.25384615384615383,0.7535513851623795,0.6078391860325942,1.1236230559432512,0.09876543209876543,0.165,0.0,0.0,0.0,0.0,31,119,1.0,150,3,1,0,0,0.36,0.19,0.045,0.405
class_biased,113,100155,0.278,0.24307692307692308,0.8237242473429827,0.6953243887038649,1.3065119846810624,0.14102564102564102,0.12,0.0,0.0,0.0,0.0,28,122,1.0,150,3,1,0,0,0.38,0.12,0.08,0.42
class_biased,114,100156,0.266,0.2230769230769231,0.6214989908504028,0.47434409667972854,0.8587828442114872,0.06097560975609756,0.125,0.0,0.0,0.0,0.0,28,122,1.0,150,1,1,0,0,0.255,0.25,0.105,0.39
class_biased,115,100157,0.32,0.2676923076923077,0.8979939868911772,0.7638233480885035,1.4307900816244365,0.10256410256410256,0.15,0.0,0.0,0.0,0.0,31,119,1.0,150,3,1,0,0,0.315,0.18,0.115,0.39
class_biased,116,100158,0.29,0.24461538461538462,0.8025667100228242,0.6669533761792616,1.2205576742401167,0.09333333333333334,0.135,0.0,0.0,0.0,0.0,37,113,1.0,150,3,1,0,0,0.305,0.205,0.11,0.38
class_biased,117,100159,0.296,0.23846153846153847,0.8288755743548638,0.6932622405113013,1.2736133158360303,0.07142857142857142,0.145,0.0,0.0,0.0,0.0,30,120,1.0,150,3,2,0,0,0.285,0.195,0.095,0.425
class_biased,118,100160,0.268,0.2246153846153846,0.706869683538686,0.5741417397769013,1.0663376403741278,0.05063291139240506,0.11,0.0,0.0,0.0,0.0,25,125,1.0,150,2,0,0,0,0.305,0.185,0.075,0.435
class_biased,119,100161,0.316,0.25384615384615383,0.8289576218051391,0.6947869830024656,1.2548726906528163,0.0273972602739726,0.235,0.0,0.0,0.0,0.0,35,115,1.0,150,3,1,0,0,0.325,0.175,0.13,0.37
class_biased,120,100162,0.28,0.24307692307692308,0.759825350145072,0.6213266262197316,1.1341154602263328,0.11764705882352941,0.15,0.0,0.0,0.0,0.0,29,121,1.0,150,3,0,0,0,0.295,0.2,0.1,0.405
class_biased,121,100163,0.28,0.2276923076923077,0.7314693855260443,0.5958560516824818,1.1050731334671449,0.056338028169014086,0.11,0.0,0.0,0.0,0.0,35,115,1.0,150,2,1,0,0,0.275,0.215,0.085,0.425
class_biased,122,100164,0.254,0.2230769230769231,0.6874183760715165,0.5503623471870649,1.0122643920469165,0.0945945945945946,0.125,0.0,0.0,0.0,0.0,31,119,1.0,150,2,0,0,0,0.295,0.2,0.13,0.375
class_biased,123,100165,0.266,0.2246153846153846,0.6678407633957827,0.5192431741842194,0.970277969123803,0.04285714285714286,0.155,0.0,0.0,0.0,0.0,29,121,1.0,150,2,1,0,0,0.315,0.215,0.095,0.375
class_biased,124,100166,0.306,0.2553846153846154,0.833119880697367,0.6960638518129154,1.2456273877908182,0.1044776119402985,0.115,0.0,0.0,0.0,0.0,31,119,1.0,150,3,2,0,0,0.295,0.22,0.08,0.405
class_biased,125,100167,0.276,0.2353846153846154,0.7543805290042582,0.6216525852424736,1.149672357662181,0.12162162162162163,0.185,0.0,0.0,0.0,0.0,33,117,1.0,150,2,1,0,0,0.29,0.21,0.115,0.385
class_biased,126,100168,0.252,0.2153846153846154,0.6537877426421064,0.510960933594099,0.9061139160762125,0.07017543859649122,0.15,0.0,0.0,0.0,0.0,30,120,1.0,150,1,0,0,0,0.33,0.22,0.095,0.355
class_biased,127,100169,0.314,0.26153846153846155,0.9061343525086553,0.7791771889104264,1.417568311902389,0.0625,0.15,0.0,0.0,0.0,0.0,28,122,1.0,150,3,1,0,0,0.345,0.165,0.115,0.375
class_biased,128,100170,0.306,0.25076923076923074,0.8337968845929868,0.6938554656267574,1.281927571232956,0.07352941176470588,0.16,0.0,0.0,0.0,0.0,32,118,1.0,150,3,2,0,0,0.35,0.19,0.085,0.375
class_biased,129,100171,0.286,0.23384615384615384,0.7975983267643932,0.6533288226754969,1.207261787277735,0.06153846153846154,0.14,0.0,0.0,0.0,0.0,29,121,1.0,150,3,2,0,0,0.28,0.225,0.09,0.405
class_biased,130,100172,0.278,0.2276923076923077,0.850263682368614,0.7160930435659405,1.3188276742723626,0.08695652173913043,0.205,0.0,0.0,0.0,0.0,36,114,1.0,150,3,0,0,0,0.295,0.17,0.105,0.43
class_biased,131,100173,0.278,0.24,0.7363257629080688,0.5963843439418394,1.0979809827991434,0.07936507936507936,0.17,0.0,0.0,0.0,0.0,25,125,1.0,150,3,1,0,0,0.325,0.155,0.1,0.42
class_biased,132,100174,0.278,0.23076923076923078,0.736085206747705,0.6062426530676982,1.1587322435109464,0.08333333333333333,0.125,0.0,0.0,0.0,0.0,26,124,1.0,150,3,0,0,0,0.315,0.185,0.105,0.395
class_biased,133,100175,0.262,0.2230769230769231,0.751021099939355,0.6154077660957924,1.1484833252752686,0.10810810810810811,0.15,0.0,0.0,0.0,0.0,26,124,1.0,150,3,0,0,0,0.285,0.21,0.08,0.425
class_biased,134,100176,0.276,0.2276923076923077,0.7399535671166363,0.6014548431912958,1.0930493291021304,0.06944444444444445,0.165,0.0,0.0,0.0,0.0,37,113,1.0,150,3,1,0,0,0.265,0.15,0.095,0.49
class_biased,135,100177,0.324,0.27076923076923076,0.8784495298098002,0.7385081108435707,1.3690035011625616,0.0821917808219178,0.15,0.0,0.0,0.0,0.0,31,119,1.0,150,3,2,0,0,0.215,0.23,0.135,0.42
class_biased,136,100178,0.286,0.2353846153846154,0.8123721754214812,0.6767588415779187,1.2591086286844124,0.08695652173913043,0.165,0.0,0.0,0.0,0.0,34,116,1.0,150,3,0,0,0,0.28,0.215,0.085,0.42
class_biased,137,100179,0.246,0.2076923076923077,0.6509407435151373,0.505228544385352,0.9224380457288165,0.07317073170731707,0.13,0.0,0.0,0.0,0.0,23,127,1.0,150,2,0,0,0,0.305,0.215,0.105,0.375
class_biased,138,100180,0.272,0.23384615384615384,0.7035969657938157,0.5636555468275862,1.0316870650945509,0.10294117647058823,0.18,0.0,0.0,0.0,0.0,29,121,1.0,150,3,0,0,0,0.305,0.215,0.1,0.38
class_biased,139,100181,0.282,0.23846153846153847,0.805608128376203,0.6685520994917514,1.2083945922378454,0.060240963855421686,0.165,0.0,0.0,0.0,0.0,27,123,1.0,150,3,0,0,0,0.27,0.24,0.11,0.38
class_biased,140,100182,0.284,0.23384615384615384,0.8348055357939492,0.6991922019503867,1.2892386146227945,0.07692307692307693,0.16,0.0,0.0,0.0,0.0,31,119,1.0,150,3,1,1,0,0.33,0.185,0.1,0.385
class_biased,141,100183,0.296,0.24307692307692308,0.7474773535955416,0.5959943743022004,1.063564417010912,0.060240963855421686,0.14,0.0,0.0,0.0,0.0,25,125,1.0,150,3,1,0,0,0.305,0.15,0.09,0.455
class_biased,142,100184,0.274,0.22923076923076924,0.7082604350603688,0.5697617111350284,1.0454225004378281,0.10144927536231885,0.16,0.0,0.0,0.0,0.0,34,116,1.0,150,2,0,0,0,0.295,0.18,0.1,0.425
class_biased,143,100185,0.268,0.2230769230769231,0.7427702057876959,0.6028287868214665,1.1241372236016751,0.08955223880597014,0.18,0.0,0.0,0.0,0.0,28,122,1.0,150,2,0,0,0,0.35,0.195,0.08,0.375
class_biased,144,100186,0.296,0.23846153846153847,0.8053027175930503,0.6668039936677098,1.2122048460877812,0.04938271604938271,0.165,0.0,0.0,0.0,0.0,35,115,1.0,150,3,2,0,0,0.315,0.22,0.1,0.365
class_biased,145,100187,0.28,0.2353846153846154,0.7717040665632109,0.6346480376787593,1.1839410896001326,0.1111111111111111,0.175,0.0,0.0,0.0,0.0,33,117,1.0,150,3,2,0,0,0.25,0.195,0.1,0.455
class_biased,146,100188,0.292,0.24615384615384617,0.7609070428239121,0.6238510139394605,1.138334146083611,0.08333333333333333,0.225,0.0,0.0,0.0,0.0,39,111,1.0,150,3,1,0,0,0.345,0.195,0.06,0.4
class_biased,147,100189,0.27,0.2246153846153846,0.7219543716927294,0.5805702576856109,1.0480176078336447,0.0410958904109589,0.165,0.0,0.0,0.0,0.0,27,123,1.0,150,3,0,0,0,0.33,0.17,0.115,0.385
class_biased,148,100190,0.252,0.2153846153846154,0.7375737402202359,0.6062884914993403,1.1239967283275558,0.09210526315789473,0.155,0.0,0.0,0.0,0.0,24,126,1.0,150,2,0,0,0,0.315,0.225,0.1,0.36
class_biased,149,100191,0.292,0.23846153846153847,0.8387269053543912,0.7074416566334956,1.2921785392187133,0.05555555555555555,0.185,0.0,0.0,0.0,0.0,32,118,1.0,150,3,1,0,0,0.33,0.2,0.075,0.395
class_biased,150,100192,0.274,0.23846153846153847,0.6807435940990813,0.5408021751328518,0.9874811638018199,0.11688311688311688,0.115,0.0,0.0,0.0,0.0,32,118,1.0,150,3,0,0,0,0.295,0.185,0.13,0.39
class_biased,151,100193,0.268,0.2323076923076923,0.7510566859259753,0.6111152669597458,1.1463372637470117,0.13636363636363635,0.145,0.0,0.0,0.0,0.0,31,119,1.0,150,3,0,0,0,0.355,0.2,0.065,0.38
class_biased,152,100194,0.282,0.24307692307692308,0.7858514198428322,0.6516807810401586,1.215867089322598,0.13157894736842105,0.18,0.0,0.0,0.0,0.0,32,118,1.0,150,3,1,0,0,0.32,0.19,0.105,0.385
class_biased,153,100195,0.28,0.23076923076923078,0.7584590958961821,0.6228457620526195,1.168017466095038,0.04878048780487805,0.175,0.0,0.0,0.0,0.0,33,117,1.0,150,3,1,0,0,0.335,0.16,0.095,0.41
class_biased,154,100196,0.23,0.18461538461538463,0.6587566088572602,0.5173724948501417,0.9656246374047333,0.04054054054054054,0.17,0.0,0.0,0.0,0.0,34,116,1.0,150,3,0,0,0,0.325,0.195,0.095,0.385
class_biased,155,100197,0.288,0.23384615384615384,0.7376009202490789,0.6019875864055163,1.1184138393050338,0.028169014084507043,0.155,0.0,0.0,0.0,0.0,35,115,1.0,150,3,1,0,0,0.295,0.235,0.09,0.38
class_biased,156,100198,0.27,0.2323076923076923,0.7963619939609355,0.6650767452400399,1.2033061592635452,0.08571428571428572,0.165,0.0,0.0,0.0,0.0,31,119,1.0,150,3,1,0,0,0.28,0.185,0.09,0.445
class_biased,157,100199,0.298,0.24769230769230768,0.801354144134933,0.6657408102913704,1.2207632666343977,0.08974358974358974,0.16,0.0,0.0,0.0,0.0,30,120,1.0,150,3,1,0,0,0.24,0.22,0.11,0.43
class_biased,158,100200,0.284,0.24,0.8629242249018192,0.7345243662627015,1.3304738571826873,0.10666666666666667,0.185,0.0,0.0,0.0,0.0,24,126,1.0,150,3,2,0,0,0.27,0.22,0.14,0.37
class_biased,159,100201,0.246,0.21076923076923076,0.7333079374407254,0.5976946035971629,1.1013704048096173,0.10810810810810811,0.18,0.0,0.0,0.0,0.0,26,124,1.0,150,2,1,0,0,0.32,0.185,0.105,0.39
class_biased,160,100202,0.268,0.2153846153846154,0.737875377538122,0.6037047387354484,1.1009165972556836,0.02631578947368421,0.15,0.0,0.0,0.0,0.0,27,123,1.0,150,3,1,0,0,0.265,0.23,0.095,0.41
class_biased,161,100203,0.262,0.2246153846153846,0.7805906538305455,0.6449773199869829,1.1858797589908816,0.06944444444444445,0.14,0.0,0.0,0.0,0.0,31,119,1.0,150,2,1,0,0,0.265,0.225,0.13,0.38
class_biased,162,100204,0.296,0.24153846153846154,0.7923296383644608,0.6523882193982313,1.1911397442517269,0.038461538461538464,0.135,0.0,0.0,0.0,0.0,34,116,1.0,150,3,2,0,0,0.275,0.225,0.085,0.415
class_biased,163,100205,0.286,0.2353846153846154,0.7870820243777801,0.6529113855751065,1.2331106639730163,0.05194805194805195,0.145,0.0,0.0,0.0,0.0,27,123,1.0,150,3,1,0,0,0.245,0.145,0.125,0.485
class_biased,164,100206,0.288,0.24153846153846154,0.7846415614610194,0.6475855325765678,1.1870727649327026,0.06097560975609756,0.18,0.0,0.0,0.0,0.0,31,119,1.0,150,3,1,0,0,0.375,0.215,0.11,0.3
class_biased,165,100207,0.302,0.2553846153846154,0.7752075211945856,0.638151492310134,1.1833636647383932,0.1267605633802817,0.11,0.0,0.0,0.0,0.0,26,124,1.0,150,3,0,0,0,0.325,0.225,0.085,0.365
class_biased,166,100208,0.286,0.24923076923076923,0.7237245771957428,0.5794550731068464,1.0427632900694153,0.12,0.165,0.0,0.0,0.0,0.0,26,124,1.0,150,3,1,0,0,0.295,0.205,0.055,0.445
class_biased,167,100209,0.3,0.25846153846153846,0.8510767254521386,0.7111353064859092,1.3087558420707726,0.13333333333333333,0.165,0.0,0.0,0.0,0.0,30,120,1.0,150,3,2,0,0,0.27,0.205,0.07,0.455
class_biased,168,100210,0.272,0.2276923076923077,0.7871050616303337,0.654377117868549,1.230424975007501,0.09090909090909091,0.185,0.0,0.0,0.0,0.0,31,119,1.0,150,3,0,0,0,0.3,0.175,0.135,0.39
class_biased,169,100211,0.288,0.24461538461538462,0.7945012019058467,0.6502316978169503,1.173886092089279,0.10810810810810811,0.115,0.0,0.0,0.0,0.0,32,118,1.0,150,3,1,0,0,0.33,0.23,0.095,0.345
class_biased,170,100212,0.26,0.2230769230769231,0.6870828568516698,0.5529122180489963,1.0157027751695835,0.09090909090909091,0.125,0.0,0.0,0.0,0.0,34,116,1.0,150,2,0,0,0,0.27,0.19,0.12,0.42
class_biased,171,100213,0.272,0.22923076923076924,0.77379227208122,0.6295227679923237,1.2000494229207987,0.1095890410958904,0.165,0.0,0.0,0.0,0.0,35,115,1.0,150,3,0,0,0,0.33,0.205,0.09,0.375
class_biased,172,100214,0.304,0.25076923076923074,0.8554151739652672,0.7154737549990378,1.312863834978926,0.075,0.115,0.0,0.0,0.0,0.0,36,114,1.0,150,3,2,0,0,0.3,0.16,0.115,0.425
class_biased,173,100215,0.294,0.24461538461538462,0.7562049601769554,0.6177062362516149,1.1444548396210101,0.0958904109589041,0.185,0.0,0.0,0.0,0.0,38,112,1.0,150,3,1,0,0,0.29,0.155,0.145,0.41
class_biased,174,100216,0.27,0.2246153846153846,0.6719023956543684,0.529075586606361,1.0007047534788562,0.057971014492753624,0.125,0.0,0.0,0.0,0.0,31,119,1.0,150,1,0,0,0,0.285,0.225,0.075,0.415
class_biased,175,100217,0.252,0.2123076923076923,0.7399362445856781,0.6028802157012265,1.0765848467645731,0.06153846153846154,0.245,0.0,0.0,0.0,0.0,29,121,1.0,150,3,1,0,0,0.325,0.205,0.105,0.365
class_biased,176,100218,0.292,0.24153846153846154,0.7963554214195138,0.6592993925350622,1.2082080572807805,0.1125,0.16,0.0,0.0,0.0,0.0,28,122,1.0,150,3,0,0,0,0.225,0.205,0.08,0.49
class_biased,177,100219,0.262,0.21384615384615385,0.6732275650969725,0.533286146130743,0.9766935417214803,0.06944444444444445,0.13,0.0,0.0,0.0,0.0,32,118,1.0,150,2,0,0,0,0.22,0.24,0.11,0.43
class_biased,178,100220,0.252,0.20461538461538462,0.7334822922739628,0.603639738593956,1.136981537124897,0.05952380952380952,0.175,0.0,0.0,0.0,0.0,32,118,1.0,150,2,0,0,0,0.33,0.155,0.125,0.39
class_biased,179,100221,0.296,0.24307692307692308,0.7324247693045223,0.5924833503382928,1.0976099351925541,0.08695652173913043,0.15,0.0,0.0,0.0,0.0,37,113,1.0,150,3,1,0,0,0.29,0.21,0.08,0.42
class_biased,180,100222,0.288,0.24,0.7574256744894524,0.6261404257685568,1.141632453783483,0.1282051282051282,0.17,0.0,0.0,0.0,0.0,37,113,1.0,150,3,0,0,0,0.335,0.2,0.07,0.395
class_biased,181,100223,0.274,0.2276923076923077,0.7750250454891283,0.6408544066864548,1.1648253031024627,0.09333333333333334,0.145,0.0,0.0,0.0,0.0,33,117,1.0,150,3,0,0,0,0.28,0.24,0.1,0.38
class_biased,182,100224,0.304,0.24307692307692308,0.8533976772051467,0.720669733443362,1.357613976544329,0.014492753623188406,0.17,0.0,0.0,0.0,0.0,35,115,1.0,150,3,2,0,0,0.245,0.225,0.105,0.425
class_biased,183,100225,0.27,0.22153846153846155,0.7083404639398724,0.5712844350554208,1.027705258703971,0.07142857142857142,0.165,0.0,0.0,0.0,0.0,23,127,1.0,150,3,0,0,0,0.335,0.16,0.095,0.41
class_biased,184,100226,0.3,0.25076923076923074,0.8110287211264565,0.673972692242005,1.2609023297557227,0.09375,0.14,0.0,0.0,0.0,0.0,36,114,1.0,150,3,1,0,0,0.335,0.215,0.075,0.375
class_biased,185,100227,0.304,0.24461538461538462,0.7452961547525722,0.6053547357863427,1.0905054599873394,0.045454545454545456,0.165,0.0,0.0,0.0,0.0,28,122,1.0,150,2,0,0,0,0.325,0.225,0.09,0.36
class_biased,186,100228,0.268,0.22153846153846155,0.7274348237199992,0.5918214898764367,1.101004015142652,0.06741573033707865,0.16,0.0,0.0,0.0,0.0,29,121,1.0,150,2,1,0,0,0.285,0.205,0.11,0.4
class_biased,187,100229,0.284,0.23846153846153847,0.7343278661928715,0.5987145323493089,1.1050222757551689,0.0641025641025641,0.165,0.0,0.0,0.0,0.0,31,119,1.0,150,2,1,0,0,0.295,0.165,0.1,0.44
class_biased,188,100230,0.278,0.23384615384615384,0.7847245820110491,0.6534393332901535,1.2193486159448201,0.05405405405405406,0.205,0.0,0.0,0.0,0.0,30,120,1.0,150,3,0,0,0,0.32,0.145,0.13,0.405
class_biased,189,100231,0.296,0.24923076923076923,0.7860175319373902,0.6489615030529386,1.2155056171851386,0.11392405063291139,0.165,0.0,0.0,0.0,0.0,24,126,1.0,150,3,1,0,0,0.33,0.17,0.07,0.43
class_biased,190,100232,0.292,0.24461538461538462,0.77257899514127,0.6297521860932627,1.1504309952509413,0.07142857142857142,0.15,0.0,0.0,0.0,0.0,30,120,1.0,150,3,1,0,0,0.28,0.185,0.08,0.455
class_biased,191,100233,0.25,0.2076923076923077,0.7021329040410977,0.5607487900339794,1.040902800482384,0.03896103896103896,0.16,0.0,0.0,0.0,0.0,30,120,1.0,150,2,0,0,0,0.285,0.15,0.105,0.46
class_biased,192,100234,0.286,0.23692307692307693,0.7442435201088102,0.5999740160199138,1.0674610332336345,0.06329113924050633,0.17,0.0,0.0,0.0,0.0,34,116,1.0,150,3,0,0,0,0.29,0.235,0.095,0.38
class_biased,193,100235,0.288,0.24,0.7756829911949488,0.6357415722287193,1.1600607937003453,0.06756756756756757,0.16,0.0,0.0,0.0,0.0,35,115,1.0,150,2,2,0,0,0.28,0.245,0.09,0.385
class_biased,194,100236,0.278,0.23384615384615384,0.7425573957801458,0.6055013668956942,1.1351275314617653,0.05714285714285714,0.195,0.0,0.0,0.0,0.0,37,113,1.0,150,3,0,0,0,0.275,0.215,0.15,0.36
class_biased,195,100237,0.282,0.23846153846153847,0.81213515051219,0.6779645117095163,1.281627621330248,0.07042253521126761,0.185,0.0,0.0,0.0,0.0,28,122,1.0,150,3,1,0,0,0.3,0.195,0.075,0.43
class_biased,196,100238,0.262,0.21384615384615385,0.7415119893987954,0.600127875391677,1.1180688916497212,0.05194805194805195,0.135,0.0,0.0,0.0,0.0,22,128,1.0,150,3,1,0,0,0.295,0.145,0.075,0.485
class_biased,197,100239,0.294,0.24307692307692308,0.8547435113226258,0.7234582626017302,1.3317931576867181,0.08,0.165,0.0,0.0,0.0,0.0,24,126,1.0,150,3,1,0,0,0.31,0.185,0.08,0.425
class_biased,198,100240,0.264,0.2276923076923077,0.6078190259300815,0.46499221688207415,0.883698112335776,0.14285714285714285,0.165,0.0,0.0,0.0,0.0,27,123,1.0,150,1,0,0,0,0.35,0.24,0.07,0.34
class_biased,199,100241,0.302,0.2523076923076923,0.7705003629272191,0.6219027737156559,1.1196132566916146,0.05555555555555555,0.165,0.0,0.0,0.0,0.0,23,127,1.0,150,3,1,0,0,0.325,0.185,0.145,0.345
class_biased,200,100242,0.29,0.24307692307692308,0.8127320939813307,0.6800041502195461,1.2753007804555425,0.09722222222222222,0.11,0.0,0.0,0.0,0.0,19,131,1.0,150,3,1,0,0,0.255,0.22,0.11,0.415
class_biased,201,100243,0.282,0.2323076923076923,0.7845754152377609,0.6475193863533093,1.2181017099732778,0.02631578947368421,0.15,0.0,0.0,0.0,0.0,27,123,1.0,150,2,2,0,0,0.25,0.225,0.105,0.42
class_biased,202,100244,0.26,0.21384615384615385,0.7005639864573225,0.5606225674910931,1.0457119204274299,0.07142857142857142,0.17,0.0,0.0,0.0,0.0,36,114,1.0,150,3,0,0,0,0.29,0.155,0.08,0.475
class_biased,203,100245,0.298,0.2553846153846154,0.8269845907525695,0.6956993420316738,1.3079371099600412,0.16666666666666666,0.15,0.0,0.0,0.0,0.0,29,121,1.0,150,3,1,0,0,0.305,0.18,0.09,0.425
class_biased,204,100246,0.276,0.2276923076923077,0.7872170206667805,0.6501609917823289,1.2102722966214838,0.0875,0.19,0.0,0.0,0.0,0.0,35,115,1.0,150,3,1,0,0,0.285,0.22,0.11,0.385
class_biased,205,100247,0.278,0.24153846153846154,0.7464669847798955,0.6050828707727771,1.1105767807185252,0.14666666666666667,0.16,0.0,0.0,0.0,0.0,46,104,1.0,150,2,1,0,0,0.265,0.185,0.1,0.45
class_biased,206,100248,0.314,0.26,0.8594466277907786,0.7223905989063271,1.3190315080067339,0.1076923076923077,0.16,0.0,0.0,0.0,0.0,31,119,1.0,150,3,2,0,0,0.29,0.18,0.11,0.42
class_biased,207,100249,0.278,0.22923076923076924,0.7203742672103742,0.5862036284077006,1.0452931711741482,0.08571428571428572,0.135,0.0,0.0,0.0,0.0,38,112,1.0,150,3,0,0,0,0.335,0.19,0.06,0.415
class_biased,208,100250,0.258,0.21846153846153846,0.7257932734435175,0.588737244559066,1.1382746102634305,0.09523809523809523,0.2,0.0,0.0,0.0,0.0,34,116,1.0,150,2,0,0,0,0.225,0.245,0.13,0.4
class_biased,209,100251,0.298,0.24,0.796866135917137,0.6612528020735744,1.2150540004908146,0.045454545454545456,0.18,0.0,0.0,0.0,0.0,35,115,1.0,150,3,0,0,0,0.26,0.2,0.115,0.425
class_biased,210,100252,0.266,0.2230769230769231,0.732133063126558,0.5936343392012176,1.1181742399559078,0.09302325581395349,0.155,0.0,0.0,0.0,0.0,44,106,1.0,150,3,0,0,0,0.315,0.175,0.105,0.405
class_biased,211,100253,0.278,0.2276923076923077,0.7590465573612157,0.6263186135994311,1.1881683538987626,0.08860759493670886,0.195,0.0,0.0,0.0,0.0,30,120,1.0,150,2,1,0,0,0.32,0.205,0.08,0.395
class_biased,212,100254,0.276,0.23076923076923078,0.8227613211450387,0.6885906823423651,1.2843180652814667,0.09859154929577464,0.14,0.0,0.0,0.0,0.0,30,120,1.0,150,3,2,0,0,0.285,0.195,0.1,0.42
class_biased,213,100255,0.298,0.24769230769230768,0.883086248390989,0.7518009996700934,1.4039764998089324,0.07575757575757576,0.195,0.0,0.0,0.0,0.0,27,123,1.0,150,3,1,0,0,0.265,0.21,0.095,0.43
class_biased,214,100256,0.294,0.24461538461538462,0.8211273205778644,0.6855139867343019,1.2909629399709908,0.10144927536231885,0.15,0.0,0.0,0.0,0.0,33,117,1.0,150,3,2,0,0,0.31,0.16,0.08,0.45
class_biased,215,100257,0.296,0.23692307692307693,0.7592103506733254,0.619268931707096,1.1450188338652352,0.028169014084507043,0.16,0.0,0.0,0.0,0.0,22,128,1.0,150,3,1,0,0,0.295,0.205,0.09,0.41
class_biased,216,100258,0.268,0.2323076923076923,0.697418651644353,0.5531491475554566,0.9872995863737997,0.12307692307692308,0.155,0.0,0.0,0.0,0.0,32,118,1.0,150,3,1,0,0,0.36,0.205,0.095,0.34
class_biased,217,100259,0.246,0.20307692307692307,0.7096237644628604,0.5783385157419647,1.0589644759644916,0.06493506493506493,0.18,0.0,0.0,0.0,0.0,30,120,1.0,150,1,0,0,0,0.265,0.17,0.13,0.435
class_biased,218,100260,0.294,0.24461538461538462,0.8092148086629842,0.6793722549829775,1.2365807657374641,0.06493506493506493,0.19,0.0,0.0,0.0,0.0,26,124,1.0,150,3,0,0,0,0.355,0.15,0.095,0.4
class_biased,219,100261,0.292,0.24769230769230768,0.7896894878161284,0.6569615440543437,1.1959224137735187,0.12345679012345678,0.185,0.0,0.0,0.0,0.0,27,123,1.0,150,3,1,0,0,0.28,0.15,0.145,0.425
class_biased,220,100262,0.29,0.24307692307692308,0.8082803284827955,0.672666994639233,1.221961112083394,0.0967741935483871,0.13,0.0,0.0,0.0,0.0,29,121,1.0,150,3,0,0,0,0.32,0.2,0.145,0.335
class_biased,221,100263,0.286,0.23076923076923078,0.7028580163871518,0.5542604271755887,0.9774252932814599,0.07142857142857142,0.115,0.0,0.0,0.0,0.0,28,122,1.0,150,2,1,0,0,0.24,0.225,0.115,0.42
class_biased,222,100264,0.29,0.23846153846153847,0.849588111421643,0.7168601676598584,1.3040463906402826,0.05405405405405406,0.13,0.0,0.0,0.0,0.0,28,122,1.0,150,3,1,0,0,0.29,0.2,0.12,0.39
class_biased,223,100265,0.304,0.2523076923076923,0.7676748113287261,0.6291760874033856,1.1635572654587047,0.08433734939759036,0.145,0.0,0.0,0.0,0.0,41,109,1.0,150,3,0,0,0,0.3,0.22,0.08,0.4
class_biased,224,100266,0.28,0.2323076923076923,0.7470266415948676,0.6099706127104161,1.1295315572795512,0.04477611940298507,0.12,0.0,0.0,0.0,0.0,28,122,1.0,150,2,0,0,0,0.32,0.195,0.125,0.36
class_biased,225,100267,0.292,0.24769230769230768,0.7765584214501731,0.6337316124021657,1.171241379211835,0.07792207792207792,0.19,0.0,0.0,0.0,0.0,30,120,1.0,150,3,1,0,0,0.335,0.225,0.075,0.365
class_biased,226,100268,0.294,0.24923076923076923,0.7270259409597837,0.5885272170344432,1.061950021272714,0.07894736842105263,0.18,0.0,0.0,0.0,0.0,35,115,1.0,150,3,0,0,0,0.3,0.24,0.085,0.375
class_biased,227,100269,0.304,0.2553846153846154,0.8149313657314676,0.6807607269287941,1.2786588405202703,0.13924050632911392,0.175,0.0,0.0,0.0,0.0,31,119,1.0,150,3,1,0,0,0.3,0.21,0.1,0.39
class_biased,228,100270,0.266,0.24153846153846154,0.8040103516550119,0.6669543227705603,1.1839796285401425,0.22058823529411764,0.17,0.0,0.0,0.0,0.0,30,120,1.0,150,3,1,0,0,0.23,0.175,0.15,0.445
class_biased,229,100271,0.278,0.23076923076923078,0.7482543882519958,0.6111983593675442,1.1135117415002032,0.08791208791208792,0.165,0.0,0.0,0.0,0.0,41,109,1.0,150,3,1,0,0,0.285,0.175,0.1,0.44
class_biased,230,100272,0.27,0.2246153846153846,0.7140827035804984,0.5770266746960468,1.088192316014105,0.05555555555555555,0.115,0.0,0.0,0.0,0.0,37,113,1.0,150,2,1,0,0,0.285,0.185,0.08,0.45
class_biased,231,100273,0.326,0.28307692307692306,0.8773973757324649,0.7374559567662354,1.335336496443302,0.1388888888888889,0.13,0.0,0.0,0.0,0.0,33,117,1.0,150,3,2,0,0,0.27,0.195,0.13,0.405
class_biased,232,100274,0.284,0.2353846153846154,0.7427744969545685,0.605718468070117,1.1140031242829544,0.06666666666666667,0.17,0.0,0.0,0.0,0.0,35,115,1.0,150,3,0,0,0,0.275,0.165,0.125,0.435
class_biased,233,100275,0.308,0.2553846153846154,0.8526660362335263,0.7271515676761865,1.3108935367453471,0.09090909090909091,0.12,0.0,0.0,0.0,0.0,34,116,1.0,150,3,2,0,0,0.285,0.15,0.13,0.435
class_biased,234,100276,0.282,0.24153846153846154,0.7959956652995814,0.6647104165786858,1.2414839877622736,0.12941176470588237,0.16,0.0,0.0,0.0,0.0,29,121,1.0,150,2,1,0,0,0.28,0.155,0.115,0.45
class_biased,235,100277,0.3,0.24461538461538462,0.8618847562050691,0.7248287273206175,1.326639028592265,0.06666666666666667,0.165,0.0,0.0,0.0,0.0,26,124,1.0,150,3,1,0,0,0.26,0.175,0.1,0.465
class_biased,236,100278,0.27,0.23384615384615384,0.7883475787492928,0.6556196349875082,1.2307983444303094,0.1388888888888889,0.22,0.0,0.0,0.0,0.0,33,117,1.0,150,3,0,0,0,0.3,0.185,0.12,0.395
class_biased,237,100279,0.272,0.2276923076923077,0.774439044624621,0.6402684058219474,1.16156055144591,0.036585365853658534,0.135,0.0,0.0,0.0,0.0,31,119,1.0,150,3,0,0,0,0.305,0.195,0.07,0.43
class_biased,238,100280,0.296,0.24923076923076923,0.760028525704455,0.6258578869017815,1.1572601058258858,0.09210526315789473,0.16,0.0,0.0,0.0,0.0,30,120,1.0,150,2,1,0,0,0.285,0.195,0.15,0.37
class_biased,239,100281,0.272,0.23076923076923078,0.7484092768696721,0.6113532479852205,1.1410484896998143,0.0821917808219178,0.2,0.0,0.0,0.0,0.0,23,127,1.0,150,3,1,0,0,0.285,0.195,0.115,0.405
class_biased,240,100282,0.268,0.2276923076923077,0.7071311164669274,0.5700750875824758,1.047614165916685,0.10975609756097561,0.215,0.0,0.0,0.0,0.0,29,121,1.0,150,2,0,0,0,0.265,0.195,0.075,0.465
class_biased,241,100283,0.286,0.24923076923076923,0.8297721058814432,0.7013722472423255,1.313259641519199,0.10666666666666667,0.145,0.0,0.0,0.0,0.0,21,129,1.0,150,3,0,0,0,0.26,0.175,0.105,0.46
class_biased,242,100284,0.292,0.23692307692307693,0.8659055127535059,0.7331775689917213,1.3351778686459892,0.0641025641025641,0.135,0.0,0.0,0.0,0.0,22,128,1.0,150,3,3,0,0,0.31,0.175,0.105,0.41
class_biased,243,100285,0.292,0.24153846153846154,0.8107935990204914,0.6795083502995958,1.2873691744938718,0.05063291139240506,0.075,0.0,0.0,0.0,0.0,42,108,1.0,150,3,0,0,0,0.275,0.21,0.095,0.42
class_biased,244,100286,0.292,0.25076923076923074,0.7066828073324318,0.5696267784479803,1.0315677623065918,0.1125,0.165,0.0,0.0,0.0,0.0,21,129,1.0,150,3,0,0,0,0.26,0.195,0.125,0.42
class_biased,245,100287,0.268,0.22615384615384615,0.8119625942813529,0.6792346505195682,1.239582093352208,0.09859154929577464,0.19,0.0,0.0,0.0,0.0,31,119,1.0,150,3,0,0,0,0.305,0.2,0.11,0.385
class_biased,246,100288,0.296,0.24461538461538462,0.8191330430263619,0.6950612695099111,1.2754752440378025,0.05263157894736842,0.165,0.0,0.0,0.0,0.0,27,123,1.0,150,3,0,0,0,0.355,0.14,0.1,0.405
class_biased,247,100289,0.29,0.24153846153846154,0.8265440479624793,0.6938161042006946,1.2275963874832603,0.08333333333333333,0.14,0.0,0.0,0.0,0.0,33,117,1.0,150,3,2,0,0,0.245,0.22,0.105,0.43
class_biased,248,100290,0.304,0.25384615384615383,0.7485250563922616,0.6071409423851433,1.1610642578630512,0.06172839506172839,0.19,0.0,0.0,0.0,0.0,27,123,1.0,150,3,1,0,0,0.345,0.16,0.125,0.37
class_biased,249,100291,0.322,0.26153846153846155,0.8947257424202968,0.7547843234540673,1.4133730974000736,0.028169014084507043,0.14,0.0,0.0,0.0,0.0,39,111,1.0,150,3,2,0,0,0.285,0.185,0.105,0.425
class_biased,250,100292,0.296,0.24769230769230768,0.8110863482437185,0.6798010995228229,1.2223188337762894,0.041666666666666664,0.15,0.0,0.0,0.0,0.0,33,117,1.0,150,2,2,0,0,0.3,0.195,0.08,0.425
class_biased,251,100293,0.312,0.26153846153846155,0.8205997612872613,0.6806583423210318,1.2323518846738737,0.10256410256410256,0.16,0.0,0.0,0.0,0.0,37,113,1.0,150,3,1,0,0,0.31,0.19,0.1,0.4
class_biased,252,100294,0.28,0.23384615384615384,0.8106422921979579,0.6764716533952844,1.255662498567961,0.1038961038961039,0.15,0.0,0.0,0.0,0.0,35,115,1.0,150,3,1,1,0,0.35,0.165,0.07,0.415
class_biased,253,100295,0.23,0.2,0.6912871435006569,0.5499030294935385,1.018171723681838,0.1,0.15,0.0,0.0,0.0,0.0,22,128,1.0,150,2,0,0,0,0.4,0.17,0.1,0.33
class_biased,254,100296,0.316,0.2692307692307692,0.8344712822335911,0.7017433384718065,1.2267442084042604,0.0958904109589041,0.185,0.0,0.0,0.0,0.0,31,119,1.0,150,3,1,0,0,0.26,0.2,0.12,0.42
class_biased,255,100297,0.276,0.22923076923076924,0.8105779496794641,0.6706365307132346,1.2617486109981997,0.06060606060606061,0.14,0.0,0.0,0.0,0.0,34,116,1.0,150,3,2,0,0,0.32,0.205,0.125,0.35
class_biased,256,100298,0.292,0.24307692307692308,0.794029095623654,0.6584157617800914,1.2054660661322891,0.06097560975609756,0.2,0.0,0.0,0.0,0.0,21,129,1.0,150,3,1,0,0,0.33,0.21,0.085,0.375
class_biased,257,100299,0.274,0.2276923076923077,0.7632499668131644,0.6276366329696018,1.1443485071564705,0.10714285714285714,0.155,0.0,0.0,0.0,0.0,28,122,1.0,150,3,0,0,0,0.215,0.21,0.135,0.44
class_biased,258,100300,0.32,0.2630769230769231,0.8100943774875042,0.6672675684394969,1.2584947774490893,0.041666666666666664,0.165,0.0,0.0,0.0,0.0,25,125,1.0,150,3,2,0,0,0.215,0.235,0.07,0.48
class_biased,259,100301,0.3,0.25384615384615383,0.8043076445425921,0.6686943106990295,1.2148239892398154,0.11842105263157894,0.125,0.0,0.0,0.0,0.0,31,119,1.0,150,3,1,0,0,0.315,0.225,0.08,0.38
class_biased,260,100302,0.26,0.21076923076923076,0.7150817754947254,0.5765830515693849,1.0589044747098464,0.05063291139240506,0.17,0.0,0.0,0.0,0.0,31,119,1.0,150,1,0,0,0,0.31,0.17,0.11,0.41
class_biased,261,100303,0.32,0.2630769230769231,0.8037424712232237,0.6609156621752164,1.217818912014127,0.07894736842105263,0.18,0.0,0.0,0.0,0.0,25,125,1.0,150,3,2,0,0,0.3,0.17,0.11,0.42
class_biased,262,100304,0.264,0.2276923076923077,0.7469218906259667,0.6127512518232932,1.141847929027395,0.075,0.135,0.0,0.0,0.0,0.0,31,119,1.0,150,2,0,0,0,0.285,0.255,0.105,0.355
class_biased,263,100305,0.25,0.21384615384615385,0.7388317375552738,0.6046610987526002,1.1261397839987204,0.14492753623188406,0.18,0.0,0.0,0.0,0.0,32,118,1.0,150,2,0,0,0,0.28,0.21,0.115,0.395
class_biased,264,100306,0.276,0.2276923076923077,0.7272427876742695,0.5873013687080401,1.0686384106700635,0.07894736842105263,0.19,0.0,0.0,0.0,0.0,26,124,1.0,150,3,0,0,0,0.27,0.175,0.13,0.425
class_biased,265,100307,0.288,0.2353846153846154,0.7827874263751897,0.6500594826134051,1.2362876556930014,0.043478260869565216,0.135,0.0,0.0,0.0,0.0,35,115,1.0,150,3,0,0,0,0.32,0.19,0.075,0.415
class_biased,266,100308,0.312,0.25846153846153846,0.8844094330971813,0.7516814893353967,1.3876957816209246,0.06756756756756757,0.13,0.0,0.0,0.0,0.0,20,130,1.0,150,3,2,0,0,0.32,0.19,0.155,0.335
class_biased,267,100309,0.272,0.2246153846153846,0.7518748510083061,0.6177042122056324,1.1620021647644347,0.07407407407407407,0.145,0.0,0.0,0.0,0.0,21,129,1.0,150,2,1,0,0,0.295,0.18,0.12,0.405
class_biased,268,100310,0.284,0.23692307692307693,0.7834990273297533,0.6464429984453017,1.1959350681606113,0.1,0.14,0.0,0.0,0.0,0.0,30,120,1.0,150,3,0,0,0,0.255,0.2,0.105,0.44
class_biased,269,100311,0.256,0.20615384615384616,0.7719797619992952,0.6363664281557326,1.1710556567207533,0.03896103896103896,0.12,0.0,0.0,0.0,0.0,35,115,1.0,150,3,1,0,0,0.3,0.175,0.14,0.385
class_biased,270,100312,0.334,0.26461538461538464,0.8645405661969361,0.7217137571489287,1.3232050802677469,0.0379746835443038,0.16,0.0,0.0,0.0,0.0,33,117,1.0,150,3,2,0,0,0.355,0.205,0.115,0.325
class_biased,271,100313,0.294,0.25076923076923074,0.7709632631740997,0.6339072342896481,1.1679469534678701,0.11940298507462686,0.145,0.0,0.0,0.0,0.0,32,118,1.0,150,3,1,0,0,0.305,0.175,0.09,0.43
class_biased,272,100314,0.276,0.23846153846153847,0.7409637375754989,0.6053504037319364,1.1383948704199,0.16666666666666666,0.145,0.0,0.0,0.0,0.0,28,122,1.0,150,2,1,0,0,0.245,0.19,0.14,0.425
class_biased,273,100315,0.298,0.24307692307692308,0.8004139133083792,0.6590297993012608,1.2407831532686289,0.07894736842105263,0.13,0.0,0.0,0.0,0.0,36,114,1.0,150,2,0,0,0,0.255,0.215,0.14,0.39
class_biased,274,100316,0.28,0.23384615384615384,0.7382634456332133,0.593993941544317,1.089572259165724,0.10465116279069768,0.185,0.0,0.0,0.0,0.0,30,120,1.0,150,3,0,0,0,0.325,0.185,0.06,0.43
class_biased,275,100317,0.268,0.22,0.773846766223012,0.6367907373385604,1.2101630539158206,0.0684931506849315,0.165,0.0,0.0,0.0,0.0,27,123,1.0,150,3,0,0,0,0.285,0.2,0.1,0.415
class_biased,276,100318,0.29,0.24153846153846154,0.7710080042321283,0.628181195184121,1.1434505345887744,0.10606060606060606,0.19,0.0,0.0,0.0,0.0,33,117,1.0,150,3,2,0,0,0.315,0.18,0.115,0.39
class_biased,277,100319,0.272,0.2323076923076923,0.7238785426005891,0.5824944285934708,1.0687445709661445,0.1125,0.14,0.0,0.0,0.0,0.0,24,126,1.0,150,3,0,0,0,0.345,0.205,0.1,0.35
class_biased,278,100320,0.314,0.26,0.8014337938945911,0.6614923749283617,1.2276144994301397,0.07692307692307693,0.13,0.0,0.0,0.0,0.0,28,122,1.0,150,3,1,0,0,0.285,0.18,0.085,0.45
class_biased,279,100321,0.27,0.22,0.6762482570661198,0.5319787529772234,0.9503518691176124,0.06666666666666667,0.19,0.0,0.0,0.0,0.0,36,114,1.0,150,2,0,0,0,0.29,0.205,0.09,0.415
class_biased,280,100322,0.27,0.2323076923076923,0.7751392906472255,0.639525956803663,1.1824592505997267,0.11538461538461539,0.17,0.0,0.0,0.0,0.0,36,114,1.0,150,3,1,0,0,0.265,0.195,0.115,0.425
class_biased,281,100323,0.266,0.22,0.7306789846359858,0.5921802607106453,1.1006249181543213,0.039473684210526314,0.13,0.0,0.0,0.0,0.0,33,117,1.0,150,2,0,0,0,0.26,0.2,0.105,0.435
class_biased,282,100324,0.286,0.23692307692307693,0.8048848530934876,0.6721569093317029,1.2214259544094512,0.06756756756756757,0.195,0.0,0.0,0.0,0.0,41,109,1.0,150,2,2,0,0,0.405,0.17,0.085,0.34
class_biased,283,100325,0.278,0.23076923076923078,0.7753016262302131,0.6411309874275395,1.157458463016637,0.11538461538461539,0.145,0.0,0.0,0.0,0.0,29,121,1.0,150,3,0,0,0,0.27,0.185,0.115,0.43
class_biased,284,100326,0.328,0.2692307692307692,0.8950663695045212,0.7623384257427366,1.4035529543210779,0.056338028169014086,0.19,0.0,0.0,0.0,0.0,32,118,1.0,150,3,2,0,0,0.3,0.19,0.11,0.4
class_biased,285,100327,0.278,0.22615384615384615,0.6943754082190883,0.5529912942119699,1.0453033094298614,0.05,0.155,0.0,0.0,0.0,0.0,34,116,1.0,150,3,0,0,0,0.255,0.185,0.135,0.425
class_biased,286,100328,0.286,0.23384615384615384,0.7724898990594037,0.6339911751340632,1.1609464122025368,0.0759493670886076,0.125,0.0,0.0,0.0,0.0,30,120,1.0,150,3,2,0,0,0.265,0.23,0.115,0.39
class_biased,287,100329,0.26,0.2169230769230769,0.7239518425747465,0.5897812037720729,1.0794092986928978,0.10810810810810811,0.15,0.0,0.0,0.0,0.0,39,111,1.0,150,3,0,0,0,0.33,0.2,0.105,0.365
class_biased,288,100330,0.292,0.24,0.7822347316128759,0.6394079225648686,1.1921597290515153,0.057971014492753624,0.175,0.0,0.0,0.0,0.0,27,123,1.0,150,3,1,0,0,0.29,0.23,0.085,0.395
class_biased,289,100331,0.298,0.24769230769230768,0.8387445913630448,0.7031312575194822,1.2621666158734899,0.0273972602739726,0.175,0.0,0.0,0.0,0.0,41,109,1.0,150,3,2,0,0,0.28,0.185,0.11,0.425
class_biased,290,100332,0.288,0.23076923076923078,0.767738822524069,0.6292400985987285,1.188250729231188,0.03409090909090909,0.165,0.0,0.0,0.0,0.0,31,119,1.0,150,2,1,0,0,0.33,0.16,0.08,0.43
class_biased,291,100333,0.302,0.25076923076923074,0.7980214954577172,0.6638508566550436,1.238136447116758,0.06172839506172839,0.17,0.0,0.0,0.0,0.0,31,119,1.0,150,3,1,0,0,0.295,0.165,0.12,0.42
class_biased,292,100334,0.296,0.24615384615384617,0.8118758891810433,0.6719344702148138,1.2575955795340612,0.04054054054054054,0.175,0.0,0.0,0.0,0.0,33,117,1.0,150,3,2,0,0,0.285,0.215,0.095,0.405
class_biased,293,100335,0.266,0.2169230769230769,0.7296765144455339,0.5911777905201935,1.1236067311907376,0.04411764705882353,0.16,0.0,0.0,0.0,0.0,38,112,1.0,150,2,0,0,0,0.305,0.205,0.125,0.365
class_biased,294,100336,0.312,0.25076923076923074,0.8589196963838424,0.7233063625402798,1.3086542824830825,0.05405405405405406,0.18,0.0,0.0,0.0,0.0,39,111,1.0,150,3,2,0,0,0.265,0.205,0.085,0.445
class_biased,295,100337,0.248,0.21076923076923076,0.6452903808958083,0.499578181766023,0.9189364344478868,0.05714285714285714,0.15,0.0,0.0,0.0,0.0,35,115,1.0,150,1,0,0,0,0.255,0.195,0.095,0.455
class_biased,296,100338,0.318,0.2553846153846154,0.7966082656819449,0.6508960665521596,1.1707237130461112,0.027777777777777776,0.18,0.0,0.0,0.0,0.0,28,122,1.0,150,3,1,0,0,0.305,0.18,0.09,0.425
class_biased,297,100339,0.234,0.20461538461538462,0.7004391708415354,0.5720393122024177,1.0687975521505162,0.1,0.18,0.0,0.0,0.0,0.0,32,118,1.0,150,2,0,0,0,0.36,0.18,0.085,0.375
class_biased,298,100340,0.272,0.23692307692307693,0.7860328703402902,0.6504195364967277,1.2172360745533308,0.14084507042253522,0.17,0.0,0.0,0.0,0.0,27,123,1.0,150,3,1,0,0,0.295,0.23,0.1,0.375
class_biased,299,100341,0.26,0.22,0.6632424271672053,0.5247437032418648,0.9768680316875152,0.10256410256410256,0.185,0.0,0.0,0.0,0.0,33,117,1.0,150,2,0,0,0,0.365,0.2,0.065,0.37
class_biased,300,100342,0.278,0.2353846153846154,0.748096388263739,0.6095976643383986,1.1099647700661441,0.08108108108108109,0.175,0.0,0.0,0.0,0.0,36,114,1.0,150,3,0,0,0,0.265,0.215,0.11,0.41
class_biased,301,100343,0.312,0.2569230769230769,0.8231287874816747,0.6860727585972232,1.2264807828899014,0.078125,0.2,0.0,0.0,0.0,0.0,22,128,1.0,150,3,2,0,0,0.3,0.225,0.085,0.39
class_biased,302,100344,0.304,0.25076923076923074,0.8620070271919809,0.7336071685528631,1.3904350462259385,0.10256410256410256,0.16,0.0,0.0,0.0,0.0,23,127,1.0,150,3,2,0,0,0.285,0.21,0.09,0.415
class_biased,303,100345,0.278,0.23076923076923078,0.7114895551118893,0.5672200510229929,1.0632207011852486,0.0759493670886076,0.175,0.0,0.0,0.0,0.0,42,108,1.0,150,2,1,0,0,0.295,0.185,0.165,0.355
class_biased,304,100346,0.278,0.23384615384615384,0.7871236244233702,0.6529529856206966,1.194325152196404,0.13333333333333333,0.11,0.0,0.0,0.0,0.0,39,111,1.0,150,2,1,0,0,0.325,0.175,0.075,0.425
class_biased,305,100347,0.282,0.23692307692307693,0.7448166790498874,0.6077606501654358,1.0977500822563007,0.09876543209876543,0.13,0.0,0.0,0.0,0.0,32,118,1.0,150,3,0,0,0,0.33,0.175,0.12,0.375
class_biased,306,100348,0.312,0.2523076923076923,0.8588263307690748,0.7217703018846232,1.3225956847271352,0.030303030303030304,0.15,0.0,0.0,0.0,0.0,22,128,1.0,150,3,1,0,0,0.22,0.185,0.105,0.49
class_biased,307,100349,0.312,0.25384615384615383,0.9005315996100258,0.776459826093575,1.4191438533341196,0.07042253521126761,0.17,0.0,0.0,0.0,0.0,25,125,1.0,150,3,2,0,0,0.29,0.18,0.095,0.435
class_biased,308,100350,0.334,0.2784615384615385,0.8353206718871861,0.6997073380436235,1.2936733748425542,0.1,0.185,0.0,0.0,0.0,0.0,35,115,1.0,150,3,1,0,0,0.3,0.235,0.095,0.37
class_biased,309,100351,0.29,0.23846153846153847,0.724054514965151,0.5812277059171437,1.0741718576150152,0.037037037037037035,0.14,0.0,0.0,0.0,0.0,28,122,1.0,150,2,1,0,0,0.38,0.205,0.07,0.345
class_biased,310,100352,0.306,0.25076923076923074,0.7259900427106344,0.5860486237444049,1.087191583647743,0.07042253521126761,0.205,0.0,0.0,0.0,0.0,28,122,1.0,150,3,0,0,0,0.32,0.2,0.065,0.415
class_biased,311,100353,0.28,0.23846153846153847,0.7400980031315683,0.6030419742471167,1.1090599599216653,0.057971014492753624,0.115,0.0,0.0,0.0,0.0,38,112,1.0,150,3,0,0,0,0.335,0.175,0.08,0.41
class_biased,312,100354,0.276,0.24,0.7801840513249946,0.644570717481432,1.201993354999746,0.14473684210526316,0.135,0.0,0.0,0.0,0.0,34,116,1.0,150,3,1,0,0,0.305,0.155,0.11,0.43
class_biased,313,100355,0.274,0.22615384615384615,0.8006079275908206,0.6678799838290359,1.2343668590315233,0.05263157894736842,0.145,0.0,0.0,0.0,0.0,30,120,1.0,150,3,1,0,0,0.325,0.18,0.07,0.425
class_biased,314,100356,0.306,0.2569230769230769,0.8335679918182216,0.697954657974659,1.3031621601128869,0.057971014492753624,0.165,0.0,0.0,0.0,0.0,37,113,1.0,150,3,1,0,0,0.285,0.26,0.11,0.345
class_biased,315,100357,0.32,0.2723076923076923,0.8339772154121541,0.7026919666912584,1.3075844235341425,0.12941176470588237,0.155,0.0,0.0,0.0,0.0,37,113,1.0,150,3,0,0,0,0.31,0.245,0.085,0.36
class_biased,316,100358,0.32,0.26615384615384613,0.8221132105258991,0.6850571816414476,1.2638940622076946,0.10810810810810811,0.2,0.0,0.0,0.0,0.0,24,126,1.0,150,2,1,0,0,0.275,0.195,0.085,0.445
class_biased,317,100359,0.278,0.23692307692307693,0.7319228403776097,0.5890960313296023,1.0901267044850376,0.10144927536231885,0.145,0.0,0.0,0.0,0.0,26,124,1.0,150,2,1,0,0,0.32,0.235,0.085,0.36
class_biased,318,100360,0.296,0.24461538461538462,0.8448164295327018,0.7120884857709171,1.299268630724469,0.0821917808219178,0.13,0.0,0.0,0.0,0.0,28,122,1.0,150,2,2,0,0,0.275,0.225,0.125,0.375
class_biased,319,100361,0.284,0.23846153846153847,0.7756761357187916,0.6371774117934511,1.172402816649054,0.03896103896103896,0.13,0.0,0.0,0.0,0.0,33,117,1.0,150,3,1,0,0,0.275,0.255,0.075,0.395
class_biased,320,100362,0.248,0.2123076923076923,0.7200147896216393,0.5872868458598547,1.0872793200313462,0.08333333333333333,0.14,0.0,0.0,0.0,0.0,28,122,1.0,150,3,0,0,0,0.29,0.21,0.12,0.38
class_biased,321,100363,0.282,0.2353846153846154,0.7299706351259443,0.5929146062414927,1.0821327165672339,0.11688311688311688,0.14,0.0,0.0,0.0,0.0,33,117,1.0,150,3,0,0,0,0.3,0.23,0.085,0.385
class_biased,322,100364,0.298,0.24461538461538462,0.7593392490305239,0.6208405251051834,1.1390221133390548,0.05555555555555555,0.2,0.0,0.0,0.0,0.0,32,118,1.0,150,3,1,0,0,0.31,0.165,0.1,0.425
class_biased,323,100365,0.302,0.25076923076923074,0.8571630892820725,0.72154975543851,1.2862739531530358,0.10294117647058823,0.165,0.0,0.0,0.0,0.0,30,120,1.0,150,3,1,0,0,0.265,0.245,0.09,0.4
class_biased,324,100366,0.3,0.24769230769230768,0.7874985266736881,0.6504424977892366,1.246789678532027,0.08333333333333333,0.145,0.0,0.0,0.0,0.0,27,123,1.0,150,2,1,0,0,0.28,0.2,0.115,0.405
class_biased,325,100367,0.294,0.2569230769230769,0.7989391416675696,0.6589977227013402,1.2148702026736184,0.14772727272727273,0.155,0.0,0.0,0.0,0.0,29,121,1.0,150,3,2,0,0,0.315,0.17,0.075,0.44
class_biased,326,100368,0.286,0.24615384615384617,0.7522516507556819,0.6108675367485634,1.1474758244101364,0.12857142857142856,0.145,0.0,0.0,0.0,0.0,24,126,1.0,150,3,1,0,0,0.315,0.195,0.13,0.36
class_biased,327,100369,0.278,0.23846153846153847,0.7187658395903027,0.588923285910296,1.0863063913740854,0.0641025641025641,0.16,0.0,0.0,0.0,0.0,43,107,1.0,150,2,0,0,0,0.38,0.205,0.085,0.33
class_biased,328,100370,0.3,0.24923076923076923,0.8145332414573834,0.6818052976955987,1.272788311184301,0.1,0.175,0.0,0.0,0.0,0.0,29,121,1.0,150,2,2,0,0,0.28,0.21,0.1,0.41
class_biased,329,100371,0.252,0.21846153846153846,0.6772708124058431,0.5387720884805026,1.0012819838739007,0.1111111111111111,0.21,0.0,0.0,0.0,0.0,22,128,1.0,150,2,0,0,0,0.31,0.2,0.09,0.4
class_biased,330,100372,0.31,0.2569230769230769,0.8400589318580204,0.7030029029735688,1.3007617017805813,0.1,0.2,0.0,0.0,0.0,0.0,32,118,1.0,150,3,2,0,0,0.245,0.21,0.12,0.425
class_biased,331,100373,0.278,0.2276923076923077,0.8062352635922839,0.6720646247896103,1.2384292802381054,0.05263157894736842,0.155,0.0,0.0,0.0,0.0,25,125,1.0,150,3,2,0,0,0.305,0.185,0.11,0.4
class_biased,332,100374,0.288,0.24153846153846154,0.7692165293207625,0.630717805395422,1.142203749253597,0.09411764705882353,0.16,0.0,0.0,0.0,0.0,29,121,1.0,150,3,1,0,0,0.25,0.235,0.105,0.41
class_biased,333,100375,0.296,0.2523076923076923,0.7715873068520482,0.6330885829267078,1.1266720538656634,0.10126582278481013,0.18,0.0,0.0,0.0,0.0,35,115,1.0,150,3,0,0,0,0.315,0.185,0.115,0.385
class_biased,334,100376,0.284,0.23692307692307693,0.7376976664757869,0.5991989425504465,1.1045417285264074,0.1282051282051282,0.135,0.0,0.0,0.0,0.0,38,112,1.0,150,3,0,0,0,0.245,0.23,0.155,0.37
class_biased,335,100377,0.304,0.25076923076923074,0.8306768683885564,0.6921781444632159,1.2972465119797556,0.0375,0.19,0.0,0.0,0.0,0.0,42,108,1.0,150,3,1,0,0,0.385,0.145,0.1,0.37
class_biased,336,100378,0.286,0.24307692307692308,0.7953093267291996,0.661138687926526,1.2115192199879676,0.08108108108108109,0.145,0.0,0.0,0.0,0.0,29,121,1.0,150,3,1,0,0,0.29,0.24,0.105,0.365
class_biased,337,100379,0.282,0.24153846153846154,0.783734791661688,0.6481214578181255,1.180350261988455,0.109375,0.15,0.0,0.0,0.0,0.0,34,116,1.0,150,3,1,0,0,0.325,0.205,0.13,0.34
class_biased,338,100380,0.29,0.24307692307692308,0.7800315882844986,0.6372047792364912,1.1606175272079646,0.058823529411764705,0.13,0.0,0.0,0.0,0.0,31,119,1.0,150,3,1,0,0,0.325,0.2,0.09,0.385
class_biased,339,100381,0.248,0.20461538461538462,0.6946589806284215,0.5576029517439699,1.0394411246178359,0.06756756756756757,0.135,0.0,0.0,0.0,0.0,27,123,1.0,150,2,1,0,0,0.29,0.22,0.105,0.385
class_biased,340,100382,0.298,0.26,0.7829787796929966,0.6444800557676561,1.221242382778491,0.11428571428571428,0.145,0.0,0.0,0.0,0.0,27,123,1.0,150,3,1,0,0,0.265,0.205,0.105,0.425
class_biased,341,100383,0.306,0.24923076923076923,0.7493135831927425,0.6050440791038462,1.126543477020535,0.05128205128205128,0.16,0.0,0.0,0.0,0.0,34,116,1.0,150,3,1,0,0,0.27,0.23,0.115,0.385
class_biased,342,100384,0.312,0.25846153846153846,0.7811996477169872,0.6412582287507578,1.208707748390917,0.10256410256410256,0.185,0.0,0.0,0.0,0.0,33,117,1.0,150,3,1,0,0,0.285,0.22,0.095,0.4
class_biased,343,100385,0.31,0.26,0.815203034610582,0.6752616156443525,1.2237675882842096,0.05970149253731343,0.135,0.0,0.0,0.0,0.0,25,125,1.0,150,3,1,0,0,0.29,0.17,0.175,0.365
class_biased,344,100386,0.302,0.24923076923076923,0.7743146396617172,0.6329305256545987,1.1925458856521698,0.1038961038961039,0.155,0.0,0.0,0.0,0.0,33,117,1.0,150,3,1,0,0,0.27,0.24,0.09,0.4
class_biased,345,100387,0.298,0.24923076923076923,0.7699599052945791,0.6329038764101276,1.1695008671668399,0.04838709677419355,0.195,0.0,0.0,0.0,0.0,33,117,1.0,150,3,1,0,0,0.315,0.15,0.1,0.435
class_biased,346,100388,0.272,0.2246153846153846,0.713262395616846,0.5747636716915056,1.082359350920175,0.07317073170731707,0.135,0.0,0.0,0.0,0.0,29,121,1.0,150,2,0,0,0,0.295,0.19,0.11,0.405
class_biased,347,100389,0.256,0.22153846153846155,0.6556892063597324,0.5200758725161698,0.9852713693163714,0.16923076923076924,0.165,0.0,0.0,0.0,0.0,33,117,1.0,150,1,0,0,0,0.295,0.22,0.09,0.395
class_biased,348,100390,0.288,0.24153846153846154,0.7607120317073424,0.619327917700224,1.1399222835526974,0.1111111111111111,0.115,0.0,0.0,0.0,0.0,28,122,1.0,150,3,0,0,0,0.355,0.21,0.125,0.31
class_biased,349,100391,0.258,0.21076923076923076,0.6803580499956037,0.5418593260702632,0.9921404391042118,0.0684931506849315,0.17,0.0,0.0,0.0,0.0,35,115,1.0,150,2,0,0,0,0.335,0.195,0.08,0.39
class_biased,350,100392,0.276,0.23692307692307693,0.8188423949566088,0.6861144511948242,1.269195053698559,0.0945945945945946,0.155,0.0,0.0,0.0,0.0,30,120,1.0,150,3,1,0,0,0.335,0.24,0.065,0.36
class_biased,351,100393,0.308,0.25384615384615383,0.8081068943040087,0.6667227802968902,1.246896350713464,0.05084745762711865,0.14,0.0,0.0,0.0,0.0,32,118,1.0,150,2,2,0,0,0.365,0.18,0.06,0.395
class_biased,352,100394,0.286,0.23846153846153847,0.7594388476879317,0.6209401237625912,1.1540427880673307,0.06578947368421052,0.195,0.0,0.0,0.0,0.0,27,123,1.0,150,3,2,0,0,0.315,0.245,0.085,0.355
class_biased,353,100395,0.312,0.2692307692307692,0.8951563911802521,0.7653138375002454,1.3739751055471403,0.10975609756097561,0.17,0.0,0.0,0.0,0.0,28,122,1.0,150,3,3,0,0,0.34,0.17,0.055,0.435
class_biased,354,100396,0.286,0.24461538461538462,0.7718141062725739,0.6376434674699003,1.1985371694201987,0.09210526315789473,0.175,0.0,0.0,0.0,0.0,30,120,1.0,150,3,1,0,0,0.28,0.25,0.085,0.385
class_biased,355,100397,0.292,0.23692307692307693,0.8118296753422246,0.674773646457773,1.2576085244190633,0.034482758620689655,0.11,0.0,0.0,0.0,0.0,19,131,1.0,150,2,2,0,0,0.32,0.18,0.1,0.4
class_biased,356,100398,0.286,0.2323076923076923,0.7108527473156878,0.5752394134721253,1.0371054838789489,0.04597701149425287,0.22,0.0,0.0,0.0,0.0,33,117,1.0,150,2,0,0,0,0.315,0.185,0.105,0.395
class_biased,357,100399,0.258,0.21076923076923076,0.7109887372340877,0.5710473182678583,1.0257964839772074,0.05084745762711865,0.205,0.0,0.0,0.0,0.0,27,123,1.0,150,2,0,0,0,0.315,0.205,0.1,0.38
class_biased,358,100400,0.3,0.25076923076923074,0.7885244767929651,0.6428122776631798,1.1226008521528572,0.08139534883720931,0.155,0.0,0.0,0.0,0.0,32,118,1.0,150,3,2,0,0,0.31,0.155,0.08,0.455
class_biased,359,100401,0.276,0.2246153846153846,0.7355734222238389,0.5927466131758315,1.1045778350820719,0.0410958904109589,0.18,0.0,0.0,0.0,0.0,24,126,1.0,150,3,1,0,0,0.36,0.14,0.11,0.39
class_biased,360,100402,0.262,0.22,0.7110519642291063,0.5797667155082107,1.0691392968055171,0.06666666666666667,0.18,0.0,0.0,0.0,0.0,28,122,1.0,150,1,1,0,0,0.32,0.18,0.095,0.405
class_biased,361,100403,0.288,0.23846153846153847,0.7498242498596421,0.6084401358525238,1.1184315998005878,0.046875,0.105,0.0,0.0,0.0,0.0,27,123,1.0,150,3,0,0,0,0.245,0.245,0.12,0.39
class_biased,362,100404,0.314,0.26615384615384613,0.8300822664098761,0.6915835424845357,1.2486879730709863,0.13157894736842105,0.14,0.0,0.0,0.0,0.0,31,119,1.0,150,3,1,0,0,0.28,0.17,0.06,0.49
class_biased,363,100405,0.334,0.2815384615384615,0.9034797069734938,0.7693090681708201,1.3948144568467775,0.09230769230769231,0.155,0.0,0.0,0.0,0.0,29,121,1.0,150,3,2,0,0,0.27,0.225,0.09,0.415
class_biased,364,100406,0.298,0.24461538461538462,0.8537096068453727,0.7180962730018101,1.3242353441446406,0.08108108108108109,0.17,0.0,0.0,0.0,0.0,21,129,1.0,150,3,2,0,0,0.315,0.17,0.115,0.4
class_biased,365,100407,0.308,0.26461538461538464,0.8909861971735485,0.7568155583708749,1.396217200674914,0.11290322580645161,0.195,0.0,0.0,0.0,0.0,34,116,1.0,150,3,2,1,0,0.29,0.23,0.12,0.36
class_biased,366,100408,0.302,0.24923076923076923,0.7763976340817691,0.6393416051973175,1.2032019639575635,0.08695652173913043,0.14,0.0,0.0,0.0,0.0,31,119,1.0,150,3,0,0,0,0.255,0.215,0.115,0.415
class_biased,367,100409,0.284,0.24153846153846154,0.7523312817862474,0.613832557860907,1.1195411511818416,0.136986301369863,0.175,0.0,0.0,0.0,0.0,34,116,1.0,150,3,1,0,0,0.29,0.175,0.075,0.46
class_biased,368,100410,0.306,0.25076923076923074,0.7967818009415103,0.6626111621388366,1.2002733117595092,0.04054054054054054,0.165,0.0,0.0,0.0,0.0,41,109,1.0,150,3,1,0,0,0.37,0.195,0.05,0.385
class_biased,369,100411,0.242,0.2,0.6893004699231978,0.5508017459978574,1.0441603230392713,0.046511627906976744,0.15,0.0,0.0,0.0,0.0,29,121,1.0,150,2,0,0,0,0.3,0.175,0.1,0.425
class_biased,370,100412,0.308,0.2553846153846154,0.8050714812314943,0.6709008424288208,1.2642034174902383,0.10294117647058823,0.16,0.0,0.0,0.0,0.0,36,114,1.0,150,3,1,0,0,0.325,0.145,0.095,0.435
class_biased,371,100413,0.294,0.24615384615384617,0.7206251418280645,0.582126417902724,1.0919183974321083,0.13157894736842105,0.16,0.0,0.0,0.0,0.0,24,126,1.0,150,3,1,0,0,0.33,0.195,0.1,0.375
class_biased,372,100414,0.31,0.26461538461538464,0.837424293048959,0.7003682641645075,1.2899276710923635,0.0958904109589041,0.11,0.0,0.0,0.0,0.0,28,122,1.0,150,3,1,0,0,0.245,0.22,0.135,0.4
class_biased,373,100415,0.29,0.23846153846153847,0.7993090628985311,0.6593676439323016,1.2155591602831108,0.05555555555555555,0.14,0.0,0.0,0.0,0.0,27,123,1.0,150,3,1,0,0,0.26,0.225,0.12,0.395
class_biased,374,100416,0.296,0.24923076923076923,0.8787977832718733,0.7503979246327556,1.3310416893362902,0.1232876712328767,0.135,0.0,0.0,0.0,0.0,33,117,1.0,150,3,1,0,0,0.33,0.22,0.095,0.355
class_biased,375,100417,0.278,0.2246153846153846,0.767553331935196,0.6276119129689666,1.183695865067824,0.06666666666666667,0.18,0.0,0.0,0.0,0.0,27,123,1.0,150,3,1,0,0,0.285,0.19,0.095,0.43
class_biased,376,100418,0.27,0.22615384615384615,0.7491966307470965,0.6078125167399782,1.1461735831280446,0.05263157894736842,0.13,0.0,0.0,0.0,0.0,39,111,1.0,150,3,1,0,0,0.25,0.215,0.08,0.455
class_biased,377,100419,0.274,0.2246153846153846,0.6802164426239026,0.5373896335758952,0.9939235351500096,0.09333333333333334,0.19,0.0,0.0,0.0,0.0,33,117,1.0,150,3,0,0,0,0.37,0.205,0.09,0.335
class_biased,378,100420,0.302,0.25076923076923074,0.7708341700443134,0.630892751078084,1.1983353187409702,0.11940298507462686,0.15,0.0,0.0,0.0,0.0,32,118,1.0,150,3,1,0,0,0.26,0.2,0.16,0.38
class_biased,379,100421,0.344,0.2846153846153846,0.9846394445137037,0.8562395858745859,1.6369758110137689,0.058823529411764705,0.15,0.0,0.0,0.0,0.0,32,118,1.0,150,3,3,0,0,0.375,0.21,0.085,0.33
class_biased,380,100422,0.278,0.23692307692307693,0.8007933812802546,0.6579665722322472,1.2136889841722955,0.1044776119402985,0.16,0.0,0.0,0.0,0.0,32,118,1.0,150,3,2,0,0,0.29,0.21,0.105,0.395
class_biased,381,100423,0.306,0.25846153846153846,0.797912781030037,0.6550859719820297,1.2443014067538771,0.09859154929577464,0.15,0.0,0.0,0.0,0.0,35,115,1.0,150,3,1,0,0,0.345,0.18,0.1,0.375
class_biased,382,100424,0.258,0.21846153846153846,0.6578132227133402,0.5178718037471107,0.9328846011872444,0.07692307692307693,0.175,0.0,0.0,0.0,0.0,27,123,1.0,150,2,0,0,0,0.32,0.185,0.105,0.39
class_biased,383,100425,0.262,0.21846153846153846,0.6552989338037335,0.5124721247557261,0.9334955477421644,0.06493506493506493,0.175,0.0,0.0,0.0,0.0,27,123,1.0,150,2,0,0,0,0.285,0.22,0.09,0.405
class_biased,384,100426,0.306,0.24769230769230768,0.8326201508047366,0.6984495120020631,1.2786652781791212,0.027777777777777776,0.17,0.0,0.0,0.0,0.0,29,121,1.0,150,2,2,0,0,0.25,0.205,0.13,0.415
class_biased,385,100427,0.284,0.23384615384615384,0.8423823627190825,0.7096544189572979,1.3407614028805759,0.03225806451612903,0.185,0.0,0.0,0.0,0.0,38,112,1.0,150,2,2,0,0,0.275,0.185,0.135,0.405
class_biased,386,100428,0.308,0.26153846153846155,0.7941754219122943,0.6556766979869538,1.2514164443776112,0.1232876712328767,0.135,0.0,0.0,0.0,0.0,35,115,1.0,150,3,1,0,0,0.325,0.275,0.07,0.33
class_biased,387,100429,0.328,0.2692307692307692,0.8415826850405852,0.7030839611152447,1.2955667120117478,0.046153846153846156,0.175,0.0,0.0,0.0,0.0,37,113,1.0,150,3,2,0,0,0.29,0.195,0.075,0.44
class_biased,388,100430,0.292,0.24,0.7709686421790959,0.6382406984173112,1.2149181561076534,0.09523809523809523,0.115,0.0,0.0,0.0,0.0,30,120,1.0,150,3,1,0,0,0.28,0.225,0.09,0.405
class_biased,389,100431,0.274,0.2323076923076923,0.7156502437003638,0.5814796048976902,1.0985412807353823,0.11940298507462686,0.125,0.0,0.0,0.0,0.0,35,115,1.0,150,3,1,0,0,0.265,0.185,0.105,0.445
class_biased,390,100432,0.282,0.23076923076923078,0.7038443452881598,0.5624602312810414,1.0252329883587705,0.0625,0.135,0.0,0.0,0.0,0.0,40,110,1.0,150,2,0,0,0,0.31,0.17,0.13,0.39
class_biased,391,100433,0.266,0.2246153846153846,0.7080168409157812,0.5666327269086628,1.0368442700995095,0.05405405405405406,0.135,0.0,0.0,0.0,0.0,31,119,1.0,150,3,0,0,0,0.29,0.215,0.09,0.405
class_biased,392,100434,0.336,0.28307692307692306,0.8960475761306421,0.7662050224506354,1.4468986822130798,0.06060606060606061,0.165,0.0,0.0,0.0,0.0,35,115,1.0,150,3,2,0,0,0.295,0.17,0.09,0.445
class_biased,393,100435,0.268,0.2230769230769231,0.7201982857959234,0.5860276469932497,1.0540896973717764,0.0547945205479452,0.14,0.0,0.0,0.0,0.0,30,120,1.0,150,3,0,0,0,0.27,0.235,0.105,0.39
class_biased,394,100436,0.27,0.22923076923076924,0.7681495593471143,0.6325362255035517,1.1651966634796505,0.09090909090909091,0.185,0.0,0.0,0.0,0.0,23,127,1.0,150,2,1,0,0,0.29,0.2,0.11,0.4
class_biased,395,100437,0.288,0.23846153846153847,0.7186457798605137,0.5815897509760621,1.0682441364479751,0.06172839506172839,0.18,0.0,0.0,0.0,0.0,20,130,1.0,150,3,0,0,0,0.275,0.215,0.135,0.375
class_biased,396,100438,0.29,0.24615384615384617,0.7428104688558911,0.5985409647669947,1.11075852101386,0.11940298507462686,0.19,0.0,0.0,0.0,0.0,36,114,1.0,150,3,1,0,0,0.33,0.165,0.085,0.42
class_biased,397,100439,0.306,0.25846153846153846,0.7810996981069585,0.6397155840998401,1.1668177818759975,0.13513513513513514,0.175,0.0,0.0,0.0,0.0,30,120,1.0,150,3,1,0,0,0.28,0.195,0.1,0.425
class_biased,398,100440,0.292,0.25384615384615383,0.8035005319222571,0.6693298931195835,1.2217817720822626,0.07575757575757576,0.165,0.0,0.0,0.0,0.0,27,123,1.0,150,3,1,0,0,0.3,0.155,0.105,0.44
class_biased,399,100441,0.246,0.2076923076923077,0.683763426726121,0.5380512275963357,0.9576787551568307,0.05194805194805195,0.16,0.0,0.0,0.0,0.0,31,119,1.0,150,3,0,0,0,0.385,0.2,0.065,0.35
overproduction,0,200042,0.316,0.26,0.8090369804939676,0.7787403846352993,1.4583447146514408,0.08860759493670886,0.13,0.0,0.0,0.0,0.0,31,119,1.0,150,0,0,0,0,0.3,0.185,0.11,0.405
overproduction,1,200043,0.278,0.24307692307692308,0.7201718880410093,0.6855472070596742,1.2777415144115374,0.15714285714285714,0.115,0.0,0.0,0.0,0.0,36,114,1.0,150,0,0,0,0,0.35,0.15,0.115,0.385
overproduction,2,200044,0.31,0.2553846153846154,0.7260274276431975,0.6798611863347507,1.2227241091822032,0.07042253521126761,0.135,0.0,0.0,0.0,0.0,32,118,1.0,150,0,0,0,0,0.34,0.235,0.105,0.32
overproduction,3,200045,0.314,0.26461538461538464,0.7773764697783673,0.7542933491241438,1.414894244721133,0.11267605633802817,0.16,0.0,0.0,0.0,0.0,36,114,1.0,150,0,0,0,0,0.32,0.195,0.095,0.39
overproduction,4,200046,0.338,0.2753846153846154,0.9025032715532808,0.8866336261035022,1.6440375969581815,0.06666666666666667,0.175,0.0,0.0,0.0,0.0,26,124,1.0,150,1,0,0,0,0.265,0.235,0.1,0.4
overproduction,5,200047,0.31,0.25384615384615383,0.7926198385756522,0.760880547676095,1.3674277975038531,0.0684931506849315,0.155,0.0,0.0,0.0,0.0,26,124,1.0,150,0,0,0,0,0.315,0.21,0.06,0.415
overproduction,6,200048,0.282,0.23846153846153847,0.6866530187537219,0.6563564228950536,1.2172501300437166,0.10975609756097561,0.12,0.0,0.0,0.0,0.0,33,117,1.0,150,0,0,0,0,0.375,0.24,0.065,0.32
overproduction,7,200049,0.29,0.2323076923076923,0.7174600565472853,0.6799499854841722,1.2623466596314723,0.0379746835443038,0.18,0.0,0.0,0.0,0.0,31,119,1.0,150,0,0,0,0,0.295,0.24,0.08,0.385
overproduction,8,200050,0.356,0.2923076923076923,0.9224865769587614,0.8893045910183152,1.625209067469803,0.07407407407407407,0.18,0.0,0.0,0.0,0.0,41,109,1.0,150,0,0,0,0,0.28,0.175,0.155,0.39
overproduction,9,200051,0.324,0.2676923076923077,0.8167425214279471,0.7749043652421672,1.458462085383783,0.1038961038961039,0.14,0.0,0.0,0.0,0.0,23,127,1.0,150,0,0,0,0,0.265,0.25,0.14,0.345
overproduction,10,200052,0.302,0.2569230769230769,0.7295832053197154,0.7021719995428252,1.3230817246583406,0.039473684210526314,0.135,0.0,0.0,0.0,0.0,33,117,1.0,150,0,0,0,0,0.295,0.225,0.08,0.4
overproduction,11,200053,0.3,0.2553846153846154,0.7621536385013509,0.7361851277653495,1.320779524863143,0.16666666666666666,0.19,0.0,0.0,0.0,0.0,28,122,1.0,150,0,0,0,0,0.325,0.2,0.105,0.37
overproduction,12,200054,0.326,0.27076923076923076,0.7567470481885901,0.7250077572890329,1.3649212627161402,0.06329113924050633,0.155,0.0,0.0,0.0,0.0,20,130,1.0,150,0,0,0,0,0.305,0.21,0.105,0.38
overproduction,13,200055,0.312,0.2569230769230769,0.7489455037166137,0.7215342979397235,1.32346503959453,0.0898876404494382,0.16,0.0,0.0,0.0,0.0,28,122,1.0,150,0,0,0,0,0.285,0.205,0.15,0.36
overproduction,14,200056,0.308,0.26,0.7618955462150381,0.7344843404381478,1.3318120687571098,0.0945945945945946,0.16,0.0,0.0,0.0,0.0,37,113,1.0,150,0,0,0,0,0.295,0.225,0.135,0.345
overproduction,15,200057,0.31,0.2569230769230769,0.8121496380398652,0.7933946025083086,1.4461419399211537,0.10666666666666667,0.125,0.0,0.0,0.0,0.0,34,116,1.0,150,0,0,0,0,0.29,0.235,0.11,0.365
overproduction,16,200058,0.344,0.28923076923076924,0.8801011677869872,0.8627888272963197,1.5932053614292274,0.07692307692307693,0.13,0.0,0.0,0.0,0.0,30,120,1.0,150,1,0,0,0,0.31,0.215,0.075,0.4
overproduction,17,200059,0.336,0.2784615384615385,0.8780577149020375,0.8520892041660362,1.5865194504869715,0.06493506493506493,0.18,0.0,0.0,0.0,0.0,30,120,1.0,150,0,0,0,0,0.27,0.205,0.14,0.385
overproduction,18,200060,0.318,0.2723076923076923,0.8041304044178521,0.7738338085591838,1.4470192395785033,0.09210526315789473,0.13,0.0,0.0,0.0,0.0,28,122,1.0,150,0,0,0,0,0.28,0.25,0.07,0.4
overproduction,19,200061,0.314,0.2723076923076923,0.8298623764042271,0.8038938656682257,1.499093153840454,0.16666666666666666,0.14,0.0,0.0,0.0,0.0,31,119,1.0,150,0,0,0,0,0.29,0.24,0.085,0.385
overproduction,20,200062,0.308,0.2553846153846154,0.8123178821414991,0.7849066763646089,1.448881573003579,0.057971014492753624,0.16,0.0,0.0,0.0,0.0,29,121,1.0,150,0,0,0,0,0.325,0.18,0.095,0.4
overproduction,21,200063,0.28,0.23076923076923078,0.6719078868444555,0.6430539860266762,1.1815284182193997,0.046153846153846156,0.11,0.0,0.0,0.0,0.0,27,123,1.0,150,0,0,0,0,0.28,0.175,0.125,0.42
overproduction,22,200064,0.378,0.3123076923076923,0.9904777477425811,0.9731654072519136,1.7427697931920647,0.11363636363636363,0.115,0.0,0.0,0.0,0.0,36,114,1.0,150,0,0,0,0,0.265,0.23,0.135,0.37
overproduction,23,200065,0.338,0.2723076923076923,0.9097041708177925,0.8837356600817912,1.62935290979178,0.038461538461538464,0.21,0.0,0.0,0.0,0.0,33,117,1.0,150,0,0,0,0,0.23,0.215,0.11,0.445
overproduction,24,200066,0.304,0.25846153846153846,0.8170063246874684,0.7996939841968008,1.4657487422210576,0.06578947368421052,0.19,0.0,0.0,0.0,0.0,29,121,1.0,150,1,0,0,0,0.31,0.23,0.105,0.355
overproduction,25,200067,0.32,0.2676923076923077,0.777636548719959,0.7401264776568459,1.3814816893854973,0.06756756756756757,0.14,0.0,0.0,0.0,0.0,29,121,1.0,150,0,0,0,0,0.31,0.25,0.075,0.365
overproduction,26,200068,0.322,0.26,0.7974684934141099,0.7700572876372196,1.4064784587287886,0.05970149253731343,0.17,0.0,0.0,0.0,0.0,38,112,1.0,150,0,0,0,0,0.235,0.235,0.09,0.44
overproduction,27,200069,0.298,0.24153846153846154,0.7402655505660045,0.7142970398300031,1.3083266545620287,0.06172839506172839,0.115,0.0,0.0,0.0,0.0,32,118,1.0,150,0,0,0,0,0.33,0.24,0.1,0.33
overproduction,28,200070,0.268,0.2230769230769231,0.7231386858084239,0.6913993949088667,1.262320795736546,0.058823529411764705,0.17,0.0,0.0,0.0,0.0,40,110,1.0,150,0,0,0,0,0.355,0.22,0.135,0.29
overproduction,29,200071,0.298,0.24615384615384617,0.7557371729657749,0.7283259671888846,1.3609757779476725,0.10810810810810811,0.19,0.0,0.0,0.0,0.0,32,118,1.0,150,0,0,0,0,0.245,0.22,0.145,0.39
overproduction,30,200072,0.33,0.2692307692307692,0.882114714679618,0.8518181188209497,1.571596515019939,0.07692307692307693,0.135,0.0,0.0,0.0,0.0,38,112,1.0,150,0,0,0,0,0.295,0.19,0.085,0.43
overproduction,31,200073,0.31,0.2692307692307692,0.7895716104568895,0.767931184843555,1.396094946640511,0.11428571428571428,0.175,0.0,0.0,0.0,0.0,37,113,1.0,150,0,0,0,0,0.385,0.19,0.105,0.32
overproduction,32,200074,0.294,0.24461538461538462,0.8001660357290385,0.7785256101157041,1.4236852451199322,0.08,0.165,0.0,0.0,0.0,0.0,34,116,1.0,150,0,0,0,0,0.325,0.15,0.105,0.42
overproduction,33,200075,0.328,0.2692307692307692,0.8140103707105572,0.780828384770111,1.4827144422158145,0.07142857142857142,0.13,0.0,0.0,0.0,0.0,32,118,1.0,150,0,0,0,0,0.3,0.21,0.11,0.38
overproduction,34,200076,0.32,0.2692307692307692,0.7930515990211101,0.756984222998886,1.3851142806713668,0.0945945945945946,0.145,0.0,0.0,0.0,0.0,27,123,1.0,150,0,0,0,0,0.34,0.185,0.11,0.365
overproduction,35,200077,0.33,0.27076923076923076,0.940942979935113,0.9178598592808895,1.67010065429587,0.07792207792207792,0.185,0.0,0.0,0.0,0.0,29,121,1.0,150,0,0,0,0,0.23,0.245,0.09,0.435
overproduction,36,200078,0.314,0.25384615384615383,0.7976745855019363,0.770263379725046,1.4250311570390313,0.05333333333333334,0.17,0.0,0.0,0.0,0.0,28,122,1.0,150,1,0,0,0,0.285,0.255,0.12,0.34
overproduction,37,200079,0.302,0.25076923076923074,0.7013272994489823,0.671030703590314,1.26046636970823,0.08974358974358974,0.17,0.0,0.0,0.0,0.0,35,115,1.0,150,0,0,0,0,0.34,0.205,0.1,0.355
overproduction,38,200080,0.342,0.2907692307692308,0.8310057995167238,0.8035945937398336,1.5066247469265417,0.12987012987012986,0.125,0.0,0.0,0.0,0.0,37,113,1.0,150,0,0,0,0,0.26,0.235,0.1,0.405
overproduction,39,200081,0.318,0.26615384615384613,0.860121336736889,0.8384809111235545,1.5419767607377022,0.0625,0.125,0.0,0.0,0.0,0.0,24,126,1.0,150,0,0,0,0,0.32,0.17,0.12,0.39
overproduction,40,200082,0.31,0.25846153846153846,0.7984526638246063,0.7638279828432712,1.4631666313988352,0.125,0.19,0.0,0.0,0.0,0.0,28,122,1.0,150,0,0,0,0,0.28,0.195,0.12,0.405
overproduction,41,200083,0.324,0.26,0.8411522628138175,0.8079702768733713,1.5205260781851209,0.02666666666666667,0.215,0.0,0.0,0.0,0.0,36,114,1.0,150,0,0,0,0,0.29,0.175,0.11,0.425
overproduction,42,200084,0.316,0.2723076923076923,0.7589630694032266,0.7373226437898921,1.354411625716675,0.125,0.165,0.0,0.0,0.0,0.0,36,114,1.0,150,0,0,0,0,0.24,0.225,0.09,0.445
overproduction,43,200085,0.32,0.2692307692307692,0.7872178621486645,0.7511504861264404,1.3493494450550834,0.11538461538461539,0.16,0.0,0.0,0.0,0.0,41,109,1.0,150,0,0,0,0,0.31,0.16,0.075,0.455
overproduction,44,200086,0.3,0.24153846153846154,0.736933413183968,0.7066368173252997,1.3050535532196674,0.0273972602739726,0.19,0.0,0.0,0.0,0.0,30,120,1.0,150,0,0,0,0,0.29,0.165,0.115,0.43
overproduction,45,200087,0.294,0.24923076923076923,0.7549285666577816,0.7246319707991133,1.3441194416371136,0.08536585365853659,0.155,0.0,0.0,0.0,0.0,30,120,1.0,150,0,0,0,0,0.31,0.21,0.11,0.37
overproduction,46,200088,0.294,0.23846153846153847,0.7074869621402526,0.6771903662815844,1.18489856206719,0.07692307692307693,0.175,0.0,0.0,0.0,0.0,34,116,1.0,150,0,0,0,0,0.27,0.2,0.11,0.42
overproduction,47,200089,0.302,0.24153846153846154,0.7677418769363705,0.7388879761185912,1.3635253327406982,0.05405405405405406,0.165,0.0,0.0,0.0,0.0,34,116,1.0,150,0,0,0,0,0.275,0.175,0.125,0.425
overproduction,48,200090,0.342,0.28,0.854342046807949,0.815389280703947,1.5092604773135103,0.08860759493670886,0.145,0.0,0.0,0.0,0.0,43,107,1.0,150,0,0,0,0,0.315,0.18,0.105,0.4
overproduction,49,200091,0.294,0.25846153846153846,0.7486795692649362,0.7241537535698238,1.3581718799214964,0.18181818181818182,0.13,0.0,0.0,0.0,0.0,26,124,1.0,150,0,0,0,0,0.315,0.215,0.085,0.385
overproduction,50,200092,0.3,0.24923076923076923,0.7862176541084506,0.7573637532906713,1.413647009843363,0.08955223880597014,0.18,0.0,0.0,0.0,0.0,24,126,1.0,150,0,0,0,0,0.335,0.175,0.055,0.435
overproduction,51,200093,0.312,0.26615384615384613,0.7706179730074891,0.738878682107932,1.3631225422353241,0.15384615384615385,0.2,0.0,0.0,0.0,0.0,32,118,1.0,150,0,0,0,0,0.345,0.205,0.08,0.37
overproduction,52,200094,0.292,0.24769230769230768,0.7479795076994363,0.7119121316772122,1.3401601285430287,0.08860759493670886,0.13,0.0,0.0,0.0,0.0,32,118,1.0,150,0,0,0,0,0.31,0.2,0.085,0.405
overproduction,53,200095,0.33,0.2692307692307692,0.8477950690949965,0.8290400335634399,1.530659475409203,0.06666666666666667,0.21,0.0,0.0,0.0,0.0,33,117,1.0,150,0,0,0,0,0.315,0.19,0.085,0.41
overproduction,54,200096,0.338,0.2815384615384615,0.8983237746982803,0.8810114342076127,1.6364038643127092,0.08860759493670886,0.185,0.0,0.0,0.0,0.0,40,110,1.0,150,0,0,0,0,0.305,0.21,0.075,0.41
overproduction,55,200097,0.316,0.26461538461538464,0.7716172306617288,0.7398779397621716,1.3969936415366642,0.08571428571428572,0.145,0.0,0.0,0.0,0.0,32,118,1.0,150,0,0,0,0,0.27,0.22,0.095,0.415
overproduction,56,200098,0.316,0.2692307692307692,0.7689329939954029,0.7400790931776237,1.376466417365133,0.12903225806451613,0.17,0.0,0.0,0.0,0.0,40,110,1.0,150,0,0,0,0,0.25,0.175,0.09,0.485
overproduction,57,200099,0.35,0.28923076923076924,0.891043966945054,0.8679608462908305,1.6430684032850362,0.08536585365853659,0.155,0.0,0.0,0.0,0.0,37,113,1.0,150,0,0,0,0,0.38,0.155,0.09,0.375
overproduction,58,200100,0.312,0.25384615384615383,0.8099007347186713,0.782489528941781,1.4643599689799307,0.03488372093023256,0.155,0.0,0.0,0.0,0.0,37,113,1.0,150,0,0,0,0,0.305,0.225,0.09,0.38
overproduction,59,200101,0.326,0.2569230769230769,0.8095941559859314,0.7764121700454852,1.4155566238596025,0.04054054054054054,0.155,0.0,0.0,0.0,0.0,31,119,1.0,150,0,0,0,0,0.325,0.23,0.11,0.335
overproduction,60,200102,0.324,0.26461538461538464,0.8283475604095074,0.7994936595917281,1.4879709543595832,0.08695652173913043,0.175,0.0,0.0,0.0,0.0,29,121,1.0,150,0,0,0,0,0.325,0.155,0.095,0.425
overproduction,61,200103,0.314,0.26615384615384613,0.7826653385758717,0.7509260476763145,1.3865653614981148,0.15714285714285714,0.135,0.0,0.0,0.0,0.0,28,122,1.0,150,0,0,0,0,0.31,0.16,0.105,0.425
overproduction,62,200104,0.308,0.24923076923076923,0.7562178834595554,0.7244785925599982,1.3442088093752445,0.04477611940298507,0.115,0.0,0.0,0.0,0.0,34,116,1.0,150,0,0,0,0,0.32,0.2,0.085,0.395
overproduction,63,200105,0.316,0.26153846153846155,0.7531205678374445,0.7271520571014431,1.3413756956419847,0.04054054054054054,0.175,0.0,0.0,0.0,0.0,29,121,1.0,150,0,0,0,0,0.26,0.22,0.1,0.42
overproduction,64,200106,0.294,0.24461538461538462,0.7074355768478032,0.675696285948246,1.2347041561588237,0.07042253521126761,0.15,0.0,0.0,0.0,0.0,26,124,1.0,150,0,0,0,0,0.26,0.18,0.125,0.435
overproduction,65,200107,0.266,0.22923076923076924,0.6096154515090615,0.5836469407730601,1.108348387639089,0.08333333333333333,0.155,0.0,0.0,0.0,0.0,27,123,1.0,150,0,0,0,0,0.265,0.235,0.095,0.405
overproduction,66,200108,0.318,0.2676923076923077,0.8548356746013477,0.8259817737835684,1.5390361105748502,0.13924050632911392,0.195,0.0,0.0,0.0,0.0,31,119,1.0,150,0,0,0,0,0.31,0.16,0.12,0.41
overproduction,67,200109,0.292,0.24769230769230768,0.666740324814032,0.6321156438326969,1.1901773960547677,0.11428571428571428,0.17,0.0,0.0,0.0,0.0,22,128,1.0,150,0,0,0,0,0.265,0.245,0.1,0.39
overproduction,68,200110,0.328,0.27076923076923076,0.8211351732567741,0.7994947476434396,1.4944761291429915,0.13333333333333333,0.13,0.0,0.0,0.0,0.0,28,122,1.0,150,0,0,0,0,0.31,0.245,0.105,0.34
overproduction,69,200111,0.288,0.24,0.6772217964165378,0.6498105906396475,1.180253326427875,0.036585365853658534,0.155,0.0,0.0,0.0,0.0,35,115,1.0,150,0,0,0,0,0.265,0.21,0.105,0.42
overproduction,70,200112,0.302,0.24615384615384617,0.7376495087556101,0.7131236930604977,1.3217274423627563,0.04225352112676056,0.145,0.0,0.0,0.0,0.0,32,118,1.0,150,0,0,0,0,0.31,0.195,0.105,0.39
overproduction,71,200113,0.298,0.24769230769230768,0.7981207038069178,0.7779229732344723,1.4068743767003242,0.12121212121212122,0.13,0.0,0.0,0.0,0.0,27,123,1.0,150,0,0,0,0,0.3,0.195,0.105,0.4
overproduction,72,200114,0.318,0.26153846153846155,0.8133526949304575,0.790269574276234,1.4776634325133813,0.0625,0.14,0.0,0.0,0.0,0.0,31,119,1.0,150,0,0,0,0,0.275,0.21,0.105,0.41
overproduction,73,200115,0.33,0.27692307692307694,0.8049489548150441,0.7746523589563759,1.44928521643992,0.09210526315789473,0.16,0.0,0.0,0.0,0.0,32,118,1.0,150,0,0,0,0,0.295,0.19,0.08,0.435
overproduction,74,200116,0.3,0.26,0.7694420372523285,0.752129696761661,1.368877601103453,0.13580246913580246,0.165,0.0,0.0,0.0,0.0,28,122,1.0,150,0,0,0,0,0.3,0.18,0.1,0.42
overproduction,75,200117,0.3,0.24461538461538462,0.7613598601784402,0.729620569278883,1.3299543674165226,0.05405405405405406,0.16,0.0,0.0,0.0,0.0,25,125,1.0,150,0,0,0,0,0.28,0.21,0.12,0.39
overproduction,76,200118,0.336,0.27692307692307694,0.8571971984682227,0.8254579075686655,1.4847546788275068,0.1038961038961039,0.195,0.0,0.0,0.0,0.0,29,121,1.0,150,0,0,0,0,0.345,0.145,0.09,0.42
overproduction,77,200119,0.31,0.25846153846153846,0.8034760035884063,0.774622102770627,1.428442673213909,0.09090909090909091,0.13,0.0,0.0,0.0,0.0,35,115,1.0,150,0,0,0,0,0.3,0.185,0.095,0.42
overproduction,78,200120,0.34,0.2815384615384615,0.8846589494731514,0.8615758288189279,1.5880067410333396,0.0945945945945946,0.105,0.0,0.0,0.0,0.0,27,123,1.0,150,0,0,0,0,0.31,0.195,0.105,0.39
overproduction,79,200121,0.304,0.2569230769230769,0.7379538213912178,0.7163133957778833,1.2872561478229405,0.11290322580645161,0.17,0.0,0.0,0.0,0.0,34,116,1.0,150,0,0,0,0,0.3,0.205,0.105,0.39
overproduction,80,200122,0.292,0.24153846153846154,0.6976816992476522,0.6601716281845391,1.2275824215472986,0.09876543209876543,0.145,0.0,0.0,0.0,0.0,31,119,1.0,150,0,0,0,0,0.31,0.225,0.055,0.41
overproduction,81,200123,0.338,0.2753846153846154,0.873612811273408,0.8505296906191845,1.6082386644383586,0.0759493670886076,0.12,0.0,0.0,0.0,0.0,22,128,1.0,150,0,0,0,0,0.27,0.265,0.08,0.385
overproduction,82,200124,0.328,0.27384615384615385,0.757141815378556,0.7297306096016657,1.314713485050245,0.08108108108108109,0.17,0.0,0.0,0.0,0.0,22,128,1.0,150,0,0,0,0,0.26,0.185,0.1,0.455
overproduction,83,200125,0.348,0.28615384615384615,0.8703012152328455,0.8443327044968442,1.541411803628276,0.0759493670886076,0.15,0.0,0.0,0.0,0.0,25,125,1.0,150,0,0,0,0,0.3,0.2,0.095,0.405
overproduction,84,200126,0.304,0.2523076923076923,0.8116352932813287,0.7928802577497721,1.4403904126142235,0.12195121951219512,0.155,0.0,0.0,0.0,0.0,37,113,1.0,150,0,0,0,0,0.29,0.2,0.095,0.415
overproduction,85,200127,0.362,0.3,0.9391430220351945,0.9146172063400821,1.693654485064479,0.07462686567164178,0.135,0.0,0.0,0.0,0.0,25,125,1.0,150,0,0,0,0,0.31,0.21,0.09,0.39
overproduction,86,200128,0.284,0.24153846153846154,0.7334920439680515,0.710408923313828,1.2663017684376872,0.14864864864864866,0.16,0.0,0.0,0.0,0.0,33,117,1.0,150,0,0,0,0,0.28,0.2,0.13,0.39
overproduction,87,200129,0.274,0.23384615384615384,0.6936837939076719,0.6677152831716705,1.2368119146580805,0.05405405405405406,0.14,0.0,0.0,0.0,0.0,26,124,1.0,150,0,0,0,0,0.25,0.205,0.12,0.425
overproduction,88,200130,0.308,0.2569230769230769,0.7627339995796942,0.7382081838845819,1.3788138172885533,0.0875,0.135,0.0,0.0,0.0,0.0,30,120,1.0,150,0,0,0,0,0.345,0.235,0.075,0.345
overproduction,89,200131,0.328,0.2692307692307692,0.8468076768083235,0.8237245561541,1.498489430961888,0.1044776119402985,0.175,0.0,0.0,0.0,0.0,43,107,1.0,150,0,0,0,0,0.235,0.235,0.09,0.44
overproduction,90,200132,0.32,0.2723076923076923,0.8284447094428086,0.8039188937476962,1.5025473484034029,0.14285714285714285,0.18,0.0,0.0,0.0,0.0,24,126,1.0,150,0,0,0,0,0.26,0.215,0.125,0.4
overproduction,91,200133,0.338,0.27384615384615385,0.8967779286812971,0.8736948080270737,1.6159394856375955,0.07407407407407407,0.145,0.0,0.0,0.0,0.0,24,126,1.0,150,0,0,0,0,0.25,0.21,0.1,0.44
overproduction,92,200134,0.326,0.26461538461538464,0.8183404617886072,0.7880438659299389,1.4668898744694274,0.0,0.185,0.0,0.0,0.0,0.0,23,127,1.0,150,0,0,0,0,0.295,0.155,0.075,0.475
overproduction,93,200135,0.3,0.24615384615384617,0.7754630898359651,0.737953018772852,1.3406442834883672,0.08955223880597014,0.13,0.0,0.0,0.0,0.0,27,123,1.0,150,0,0,0,0,0.265,0.245,0.1,0.39
overproduction,94,200136,0.352,0.28923076923076924,0.9201324097125567,0.8912785088947774,1.619956759131446,0.09210526315789473,0.16,0.0,0.0,0.0,0.0,25,125,1.0,150,0,0,0,0,0.215,0.245,0.1,0.44
overproduction,95,200137,0.302,0.2630769230769231,0.8252300184055485,0.8021468977513251,1.5111874277934088,0.1527777777777778,0.19,0.0,0.0,0.0,0.0,30,120,1.0,150,0,0,0,0,0.24,0.23,0.12,0.41
overproduction,96,200138,0.28,0.24307692307692308,0.7051639511992602,0.674867355340592,1.2236242722474242,0.1375,0.195,0.0,0.0,0.0,0.0,30,120,1.0,150,0,0,0,0,0.33,0.195,0.12,0.355
overproduction,97,200139,0.31,0.2553846153846154,0.7770722889580834,0.7511037782220821,1.4613414722991875,0.05,0.185,0.0,0.0,0.0,0.0,30,120,1.0,150,0,0,0,0,0.26,0.24,0.125,0.375
overproduction,98,200140,0.316,0.26,0.7748541406278892,0.743114849728332,1.3533943582730559,0.038461538461538464,0.18,0.0,0.0,0.0,0.0,32,118,1.0,150,0,0,0,0,0.335,0.15,0.09,0.425
overproduction,99,200141,0.338,0.2723076923076923,0.8426503494333804,0.8238953139018238,1.4984200206412295,0.015151515151515152,0.18,0.0,0.0,0.0,0.0,26,124,1.0,150,1,0,0,0,0.35,0.19,0.09,0.37
overproduction,100,200142,0.32,0.2692307692307692,0.7566105713982187,0.7263139755395505,1.333326812893202,0.09090909090909091,0.135,0.0,0.0,0.0,0.0,25,125,1.0,150,0,0,0,0,0.27,0.225,0.125,0.38
overproduction,101,200143,0.294,0.24769230769230768,0.7142904328799564,0.688321922143955,1.2364378553949003,0.10752688172043011,0.215,0.0,0.0,0.0,0.0,20,130,1.0,150,0,0,0,0,0.355,0.185,0.09,0.37
overproduction,102,200144,0.332,0.28,0.8166465923822352,0.7849073014826781,1.4794362990842402,0.125,0.17,0.0,0.0,0.0,0.0,20,130,1.0,150,0,0,0,0,0.285,0.205,0.07,0.44
overproduction,103,200145,0.286,0.23692307692307693,0.7082233971231341,0.6808121913462438,1.2324947536346678,0.08333333333333333,0.17,0.0,0.0,0.0,0.0,23,127,1.0,150,0,0,0,0,0.365,0.2,0.075,0.36
overproduction,104,200146,0.286,0.23692307692307693,0.7076702457078885,0.6744882597674423,1.2320314493266518,0.08450704225352113,0.185,0.0,0.0,0.0,0.0,30,120,1.0,150,0,0,0,0,0.34,0.18,0.11,0.37
overproduction,105,200147,0.312,0.26,0.7434476341775542,0.7174791234415528,1.3594665492574303,0.08108108108108109,0.11,0.0,0.0,0.0,0.0,30,120,1.0,150,0,0,0,0,0.275,0.2,0.09,0.435
overproduction,106,200148,0.33,0.2630769230769231,0.8446582813707009,0.8345594160844781,1.5045198787733067,0.04411764705882353,0.135,0.0,0.0,0.0,0.0,24,126,1.0,150,0,0,0,0,0.355,0.155,0.1,0.39
overproduction,107,200149,0.308,0.2553846153846154,0.7876223593646741,0.75155498334245,1.3954681571254508,0.12658227848101267,0.15,0.0,0.0,0.0,0.0,32,118,1.0,150,0,0,0,0,0.24,0.215,0.135,0.41
overproduction,108,200150,0.316,0.2553846153846154,0.800486423652287,0.7687471327527298,1.3989608129851518,0.04,0.165,0.0,0.0,0.0,0.0,33,117,1.0,150,0,0,0,0,0.335,0.18,0.075,0.41
overproduction,109,200151,0.32,0.26615384615384613,0.8108416252811144,0.7805450294224461,1.450079749991288,0.08450704225352113,0.145,0.0,0.0,0.0,0.0,28,122,1.0,150,0,0,0,0,0.3,0.18,0.095,0.425
overproduction,110,200152,0.318,0.2630769230769231,0.7741094020069779,0.7423701111074207,1.3957411563093576,0.06944444444444445,0.17,0.0,0.0,0.0,0.0,35,115,1.0,150,0,0,0,0,0.26,0.195,0.115,0.43
overproduction,111,200153,0.314,0.2676923076923077,0.7979912687966892,0.7662519778971321,1.4151316110807304,0.10810810810810811,0.145,0.0,0.0,0.0,0.0,30,120,1.0,150,0,0,0,0,0.245,0.225,0.09,0.44
overproduction,112,200154,0.318,0.26,0.8406994458487028,0.8104028499900345,1.4958691732466753,0.08333333333333333,0.19,0.0,0.0,0.0,0.0,34,116,1.0,150,0,0,0,0,0.31,0.195,0.08,0.415
overproduction,113,200155,0.298,0.24769230769230768,0.8366623011789751,0.8135791805247516,1.4798710607579193,0.11594202898550725,0.14,0.0,0.0,0.0,0.0,37,113,1.0,150,0,0,0,0,0.32,0.175,0.08,0.425
overproduction,114,200156,0.314,0.26461538461538464,0.8238600915690413,0.8022196659557068,1.5297954636078652,0.13924050632911392,0.19,0.0,0.0,0.0,0.0,30,120,1.0,150,0,0,0,0,0.265,0.215,0.12,0.4
overproduction,115,200157,0.306,0.25846153846153846,0.7961795672138395,0.7485706308645037,1.3812545382243155,0.09090909090909091,0.15,0.0,0.0,0.0,0.0,34,116,1.0,150,0,0,0,0,0.27,0.205,0.08,0.445
overproduction,116,200158,0.312,0.2676923076923077,0.8025442481998489,0.7708049573002917,1.4239376511648707,0.1038961038961039,0.15,0.0,0.0,0.0,0.0,28,122,1.0,150,0,0,0,0,0.32,0.24,0.085,0.355
overproduction,117,200159,0.326,0.27384615384615385,0.8511399215584352,0.8266141058633228,1.5301528153016775,0.07142857142857142,0.18,0.0,0.0,0.0,0.0,38,112,1.0,150,0,0,0,0,0.335,0.155,0.13,0.38
overproduction,118,200160,0.338,0.2876923076923077,0.8232915551778994,0.7915522642783422,1.462349368267529,0.08450704225352113,0.195,0.0,0.0,0.0,0.0,35,115,1.0,150,0,0,0,0,0.28,0.19,0.08,0.45
overproduction,119,200161,0.3,0.24615384615384617,0.7473335514424893,0.7314639059927106,1.3729051230902078,0.07246376811594203,0.155,0.0,0.0,0.0,0.0,42,108,1.0,150,0,0,0,0,0.25,0.205,0.095,0.45
overproduction,120,200162,0.332,0.27384615384615385,0.8603960099076682,0.8315421090898889,1.5280589055724865,0.08695652173913043,0.205,0.0,0.0,0.0,0.0,41,109,1.0,150,0,0,0,0,0.295,0.2,0.095,0.41
overproduction,121,200163,0.292,0.2353846153846154,0.683491089174834,0.6531944933161657,1.2060251580405636,0.04054054054054054,0.175,0.0,0.0,0.0,0.0,32,118,1.0,150,0,0,0,0,0.265,0.15,0.095,0.49
overproduction,122,200164,0.306,0.25846153846153846,0.7680870027073396,0.7392331018895604,1.341376616145277,0.11392405063291139,0.16,0.0,0.0,0.0,0.0,21,129,1.0,150,0,0,0,0,0.27,0.215,0.11,0.405
overproduction,123,200165,0.31,0.27384615384615385,0.805382801158099,0.7808569854629867,1.4667025806117673,0.14705882352941177,0.185,0.0,0.0,0.0,0.0,25,125,1.0,150,0,0,0,0,0.29,0.19,0.1,0.42
overproduction,124,200166,0.326,0.26153846153846155,0.850679752384,0.8189404614844428,1.4710456082912757,0.04225352112676056,0.125,0.0,0.0,0.0,0.0,28,122,1.0,150,0,0,0,0,0.245,0.16,0.125,0.47
overproduction,125,200167,0.268,0.2169230769230769,0.686627302668317,0.6548880117687598,1.2193594373707073,0.05405405405405406,0.135,0.0,0.0,0.0,0.0,29,121,1.0,150,0,0,0,0,0.32,0.2,0.085,0.395
overproduction,126,200168,0.358,0.28923076923076924,0.9416636490157501,0.9185805283615266,1.7295666466414168,0.029411764705882353,0.155,0.0,0.0,0.0,0.0,37,113,1.0,150,0,0,0,0,0.305,0.25,0.085,0.36
overproduction,127,200169,0.282,0.24307692307692308,0.6674302859267093,0.6414617751907079,1.1697732470281972,0.1111111111111111,0.185,0.0,0.0,0.0,0.0,25,125,1.0,150,0,0,0,0,0.29,0.175,0.12,0.415
overproduction,128,200170,0.286,0.23846153846153847,0.6191748303427326,0.5831074543205085,1.046474230984576,0.09230769230769231,0.14,0.0,0.0,0.0,0.0,30,120,1.0,150,0,0,0,0,0.315,0.18,0.1,0.405
overproduction,129,200171,0.302,0.2523076923076923,0.7085497992479639,0.6854666785937404,1.2473920219995778,0.12162162162162163,0.145,0.0,0.0,0.0,0.0,24,126,1.0,150,0,0,0,0,0.335,0.22,0.09,0.355
overproduction,130,200172,0.308,0.26461538461538464,0.7195351436998929,0.6950093280047805,1.2893133303876314,0.08,0.14,0.0,0.0,0.0,0.0,33,117,1.0,150,0,0,0,0,0.29,0.21,0.075,0.425
overproduction,131,200173,0.348,0.2846153846153846,0.9027004700102531,0.8796173493560296,1.6624387274812236,0.07692307692307693,0.14,0.0,0.0,0.0,0.0,31,119,1.0,150,0,0,0,0,0.295,0.22,0.14,0.345
overproduction,132,200174,0.294,0.24307692307692308,0.7203309215977869,0.6871489356573407,1.2880634386546905,0.08045977011494253,0.115,0.0,0.0,0.0,0.0,22,128,1.0,150,0,0,0,0,0.325,0.195,0.1,0.38
overproduction,133,200175,0.318,0.2676923076923077,0.848542174096097,0.8297871385645404,1.542049138497362,0.11428571428571428,0.165,0.0,0.0,0.0,0.0,28,122,1.0,150,0,0,0,0,0.35,0.155,0.125,0.37
overproduction,134,200176,0.334,0.2753846153846154,0.8654314717712812,0.833692180871724,1.5467350192610132,0.06666666666666667,0.15,0.0,0.0,0.0,0.0,33,117,1.0,150,0,0,0,0,0.3,0.24,0.105,0.355
overproduction,135,200177,0.296,0.24,0.7765795372520675,0.757824501720511,1.3808945516697515,0.04,0.17,0.0,0.0,0.0,0.0,30,120,1.0,150,0,0,0,0,0.325,0.18,0.1,0.395
overproduction,136,200178,0.322,0.26615384615384613,0.7933456708058546,0.7673771600698532,1.4070464872460522,0.07575757575757576,0.13,0.0,0.0,0.0,0.0,27,123,1.0,150,0,0,0,0,0.285,0.19,0.08,0.445
overproduction,137,200179,0.318,0.2630769230769231,0.8279100746401173,0.7947280886996712,1.4676993687756519,0.056338028169014086,0.185,0.0,0.0,0.0,0.0,33,117,1.0,150,0,0,0,0,0.275,0.225,0.16,0.34
overproduction,138,200180,0.326,0.26461538461538464,0.8196224000780203,0.7979819744646859,1.4589675796041985,0.0547945205479452,0.16,0.0,0.0,0.0,0.0,25,125,1.0,150,0,0,0,0,0.285,0.185,0.18,0.35
overproduction,139,200181,0.268,0.2246153846153846,0.6874528389776321,0.6542708530371859,1.1849005619703816,0.09333333333333334,0.14,0.0,0.0,0.0,0.0,27,123,1.0,150,0,0,0,0,0.32,0.195,0.095,0.39
overproduction,140,200182,0.336,0.27076923076923076,0.8014263781898059,0.7725724773720266,1.4518841275151368,0.041666666666666664,0.18,0.0,0.0,0.0,0.0,28,122,1.0,150,0,0,0,0,0.22,0.225,0.105,0.45
overproduction,141,200183,0.342,0.2876923076923077,0.8109799902421608,0.7792406993426036,1.4643130188425497,0.14084507042253522,0.085,0.0,0.0,0.0,0.0,32,118,1.0,150,0,0,0,0,0.33,0.185,0.08,0.405
overproduction,142,200184,0.302,0.24923076923076923,0.7299643261314285,0.7025531203545382,1.347878494747884,0.08450704225352113,0.18,0.0,0.0,0.0,0.0,23,127,1.0,150,0,0,0,0,0.285,0.195,0.15,0.37
overproduction,143,200185,0.34,0.27692307692307694,0.8868658479482753,0.858011947130496,1.5905358926880984,0.0625,0.155,0.0,0.0,0.0,0.0,32,118,1.0,150,0,0,0,0,0.31,0.18,0.09,0.42
overproduction,144,200186,0.352,0.28615384615384615,0.8405201464998979,0.8087808556003407,1.4679654326894669,0.047619047619047616,0.165,0.0,0.0,0.0,0.0,28,122,1.0,150,0,0,0,0,0.33,0.255,0.11,0.305
overproduction,145,200187,0.336,0.27384615384615385,0.8312202107849744,0.8052517000489731,1.5292547284836373,0.0547945205479452,0.18,0.0,0.0,0.0,0.0,41,109,1.0,150,0,0,0,0,0.285,0.19,0.1,0.425
overproduction,146,200188,0.312,0.25846153846153846,0.7859924421061132,0.7672374065745566,1.4749789290083704,0.125,0.115,0.0,0.0,0.0,0.0,29,121,1.0,150,0,0,0,0,0.31,0.165,0.125,0.4
overproduction,147,200189,0.342,0.2784615384615385,0.9258831949945264,0.9071281594629699,1.6881841270981242,0.03508771929824561,0.215,0.0,0.0,0.0,0.0,23,127,1.0,150,0,0,0,0,0.305,0.185,0.095,0.415
overproduction,148,200190,0.334,0.2815384615384615,0.8554082103678411,0.8323250897136176,1.5634453387750442,0.10144927536231885,0.205,0.0,0.0,0.0,0.0,25,125,1.0,150,0,0,0,0,0.275,0.17,0.165,0.39
overproduction,149,200191,0.262,0.22615384615384615,0.617911598488269,0.5861723075887119,1.0752326521678275,0.08433734939759036,0.13,0.0,0.0,0.0,0.0,31,119,1.0,150,0,0,0,0,0.325,0.215,0.115,0.345
overproduction,150,200192,0.328,0.26615384615384613,0.8794995180935985,0.8549737023984861,1.5821382734435234,0.07042253521126761,0.19,0.0,0.0,0.0,0.0,39,111,1.0,150,0,0,0,0,0.305,0.215,0.095,0.385
overproduction,151,200193,0.324,0.2784615384615385,0.8553800018910656,0.8221980159506194,1.462246591163775,0.12162162162162163,0.135,0.0,0.0,0.0,0.0,33,117,1.0,150,0,0,0,0,0.335,0.165,0.045,0.455
overproduction,152,200194,0.34,0.28307692307692306,0.827101688640283,0.7996904828633927,1.4545042630863716,0.07462686567164178,0.185,0.0,0.0,0.0,0.0,30,120,1.0,150,0,0,0,0,0.34,0.195,0.09,0.375
overproduction,153,200195,0.332,0.26615384615384613,0.8371240692270923,0.8140409485728688,1.503448870980299,0.027777777777777776,0.15,0.0,0.0,0.0,0.0,32,118,1.0,150,0,0,0,0,0.29,0.25,0.115,0.345
overproduction,154,200196,0.294,0.24461538461538462,0.69871027149547,0.6669709805959129,1.2040864649621557,0.09722222222222222,0.135,0.0,0.0,0.0,0.0,34,116,1.0,150,0,0,0,0,0.29,0.215,0.12,0.375
overproduction,155,200197,0.296,0.25384615384615383,0.7616707681097767,0.7328168672919975,1.3424679454187682,0.1232876712328767,0.13,0.0,0.0,0.0,0.0,27,123,1.0,150,0,0,0,0,0.315,0.165,0.12,0.4
overproduction,156,200198,0.346,0.2923076923076923,0.8578397648201879,0.8318712540841865,1.5389845498002932,0.13924050632911392,0.205,0.0,0.0,0.0,0.0,36,114,1.0,150,0,0,0,0,0.3,0.21,0.055,0.435
overproduction,157,200199,0.302,0.25076923076923074,0.7786689866158426,0.7483723907571743,1.3720732407648768,0.0875,0.195,0.0,0.0,0.0,0.0,24,126,1.0,150,0,0,0,0,0.305,0.195,0.085,0.415
overproduction,158,200200,0.312,0.25846153846153846,0.8001000991821074,0.7712461983643282,1.3760076708464362,0.06172839506172839,0.14,0.0,0.0,0.0,0.0,33,117,1.0,150,0,0,0,0,0.325,0.215,0.14,0.32
overproduction,159,200201,0.37,0.3,0.9387893144321982,0.9229196689824195,1.7099261167381112,0.05714285714285714,0.15,0.0,0.0,0.0,0.0,28,122,1.0,150,0,0,0,0,0.295,0.18,0.095,0.43
overproduction,160,200202,0.34,0.2846153846153846,0.8297767169403998,0.7980374260408426,1.4552178378819476,0.1375,0.15,0.0,0.0,0.0,0.0,33,117,1.0,150,0,0,0,0,0.28,0.27,0.07,0.38
overproduction,161,200203,0.33,0.28,0.8290889994052075,0.7987924035465392,1.502110208885726,0.07792207792207792,0.125,0.0,0.0,0.0,0.0,25,125,1.0,150,1,1,0,0,0.27,0.215,0.11,0.405
overproduction,162,200204,0.336,0.27692307692307694,0.8717499672578105,0.8515522366853651,1.6207041157860924,0.07792207792207792,0.19,0.0,0.0,0.0,0.0,36,114,1.0,150,0,0,0,0,0.28,0.235,0.115,0.37
overproduction,163,200205,0.346,0.2876923076923077,0.8165909691534616,0.7877370683356824,1.3806647453773362,0.08974358974358974,0.165,0.0,0.0,0.0,0.0,28,122,1.0,150,0,0,0,0,0.335,0.19,0.075,0.4
overproduction,164,200206,0.324,0.2630769230769231,0.7552407609237746,0.7249441650651063,1.3587407596607544,0.02666666666666667,0.12,0.0,0.0,0.0,0.0,40,110,1.0,150,0,0,0,0,0.275,0.245,0.11,0.37
overproduction,165,200207,0.284,0.23692307692307693,0.7354896932277528,0.6994223172055287,1.3175647163633204,0.06153846153846154,0.14,0.0,0.0,0.0,0.0,16,134,1.0,150,0,0,0,0,0.26,0.22,0.135,0.385
overproduction,166,200208,0.324,0.27076923076923076,0.773309577576863,0.7444556767590838,1.3528584839822089,0.1076923076923077,0.165,0.0,0.0,0.0,0.0,29,121,1.0,150,0,0,0,0,0.235,0.25,0.12,0.395
overproduction,167,200209,0.312,0.25846153846153846,0.7903331081674683,0.7715780726359117,1.4359843346497698,0.07894736842105263,0.175,0.0,0.0,0.0,0.0,31,119,1.0,150,0,0,0,0,0.28,0.235,0.11,0.375
overproduction,168,200210,0.322,0.2692307692307692,0.8239214085932769,0.7892967276119418,1.4190102362400936,0.07894736842105263,0.135,0.0,0.0,0.0,0.0,21,129,1.0,150,0,0,0,0,0.23,0.195,0.115,0.46
overproduction,169,200211,0.314,0.2723076923076923,0.8535308038160908,0.8246769029983115,1.5268156808959692,0.13924050632911392,0.155,0.0,0.0,0.0,0.0,24,126,1.0,150,0,0,0,0,0.335,0.125,0.11,0.43
overproduction,170,200212,0.264,0.2246153846153846,0.6418882265689868,0.6072635455876517,1.1137256654741527,0.10810810810810811,0.205,0.0,0.0,0.0,0.0,30,120,1.0,150,0,0,0,0,0.31,0.16,0.075,0.455
overproduction,171,200213,0.328,0.2723076923076923,0.7737915170048212,0.7434949211461529,1.3593794032269622,0.10256410256410256,0.135,0.0,0.0,0.0,0.0,39,111,1.0,150,0,0,0,0,0.25,0.2,0.095,0.455
overproduction,172,200214,0.342,0.28307692307692306,0.889978379607409,0.8582390887078518,1.6359833138839803,0.08,0.205,0.0,0.0,0.0,0.0,29,121,1.0,150,1,0,0,0,0.315,0.15,0.11,0.425
overproduction,173,200215,0.326,0.27076923076923076,0.7985429929293584,0.7668037020298012,1.4009794933916093,0.0945945945945946,0.155,0.0,0.0,0.0,0.0,32,118,1.0,150,0,0,0,0,0.275,0.2,0.1,0.425
overproduction,174,200216,0.304,0.2569230769230769,0.8549225644901841,0.8347248339177387,1.5288870945381465,0.08823529411764706,0.2,0.0,0.0,0.0,0.0,34,116,1.0,150,0,0,0,0,0.27,0.24,0.12,0.37
overproduction,175,200217,0.338,0.2784615384615385,0.8730405576802264,0.8528428271077809,1.6357574902957905,0.11904761904761904,0.175,0.0,0.0,0.0,0.0,28,122,1.0,150,0,0,0,0,0.275,0.195,0.125,0.405
overproduction,176,200218,0.302,0.2553846153846154,0.7738698602001555,0.7479013494641541,1.401389230958723,0.07692307692307693,0.19,0.0,0.0,0.0,0.0,26,124,1.0,150,1,0,0,0,0.305,0.255,0.075,0.365
overproduction,177,200219,0.3,0.25076923076923074,0.7199503545017358,0.6939818437657345,1.265140985896753,0.0958904109589041,0.18,0.0,0.0,0.0,0.0,28,122,1.0,150,0,0,0,0,0.295,0.19,0.125,0.39
overproduction,178,200220,0.314,0.27076923076923076,0.783435240702983,0.7574667299669816,1.4056020975880483,0.1511627906976744,0.18,0.0,0.0,0.0,0.0,26,124,1.0,150,0,0,0,0,0.34,0.21,0.06,0.39
overproduction,179,200221,0.304,0.25384615384615383,0.7880688392656985,0.764985718611475,1.4425175973588313,0.10526315789473684,0.145,0.0,0.0,0.0,0.0,28,122,1.0,150,0,0,0,0,0.31,0.22,0.095,0.375
overproduction,180,200222,0.272,0.22923076923076924,0.7316327384541186,0.7099923128407841,1.295041815570178,0.07792207792207792,0.165,0.0,0.0,0.0,0.0,22,128,1.0,150,0,0,0,0,0.35,0.205,0.1,0.345
overproduction,181,200223,0.306,0.2569230769230769,0.7977674693530302,0.766028178453473,1.4236339822042035,0.10810810810810811,0.22,0.0,0.0,0.0,0.0,27,123,1.0,150,0,0,0,0,0.315,0.19,0.085,0.41
overproduction,182,200224,0.288,0.24307692307692308,0.7268169631904755,0.6965203673318072,1.2880916380682548,0.08450704225352113,0.16,0.0,0.0,0.0,0.0,37,113,1.0,150,0,0,0,0,0.295,0.165,0.125,0.415
overproduction,183,200225,0.296,0.25076923076923074,0.7570413825956268,0.7354009569822924,1.3662924678468173,0.1388888888888889,0.15,0.0,0.0,0.0,0.0,26,124,1.0,150,0,0,0,0,0.31,0.235,0.095,0.36
overproduction,184,200226,0.27,0.22615384615384615,0.7117803844991644,0.6915826539267189,1.3152375020395888,0.056338028169014086,0.14,0.0,0.0,0.0,0.0,25,125,1.0,150,0,0,0,0,0.265,0.215,0.09,0.43
overproduction,185,200227,0.334,0.27384615384615385,0.8615975257320134,0.835629014996012,1.5254915827128697,0.06578947368421052,0.165,0.0,0.0,0.0,0.0,33,117,1.0,150,0,0,0,0,0.325,0.17,0.085,0.42
overproduction,186,200228,0.306,0.24769230769230768,0.8084996056302483,0.7825310948942469,1.4474665065729628,0.025974025974025976,0.125,0.0,0.0,0.0,0.0,39,111,1.0,150,0,0,0,0,0.34,0.18,0.07,0.41
overproduction,187,200229,0.34,0.28615384615384615,0.8582125306950008,0.8380148001225554,1.5479918229429916,0.10126582278481013,0.13,0.0,0.0,0.0,0.0,28,122,1.0,150,0,0,0,0,0.29,0.165,0.12,0.425
overproduction,188,200230,0.326,0.27076923076923076,0.8493900014246059,0.8263068807703824,1.5707942794854455,0.09333333333333334,0.17,0.0,0.0,0.0,0.0,24,126,1.0,150,0,0,0,0,0.305,0.21,0.12,0.365
overproduction,189,200231,0.326,0.2630769230769231,0.8309063002716361,0.8092658746583017,1.489899889523612,0.04878048780487805,0.155,0.0,0.0,0.0,0.0,23,127,1.0,150,0,0,0,0,0.27,0.215,0.13,0.385
overproduction,190,200232,0.3,0.24307692307692308,0.7591050309919999,0.7331365202559985,1.350750486367105,0.024691358024691357,0.13,0.0,0.0,0.0,0.0,27,123,1.0,150,0,0,0,0,0.325,0.185,0.11,0.38
overproduction,191,200233,0.302,0.25076923076923074,0.7252587902995902,0.6906341093182551,1.2983256162257935,0.08974358974358974,0.18,0.0,0.0,0.0,0.0,23,127,1.0,150,0,0,0,0,0.37,0.145,0.1,0.385
overproduction,192,200234,0.298,0.24307692307692308,0.786876759990893,0.7623509442957807,1.4070115031121624,0.03225806451612903,0.17,0.0,0.0,0.0,0.0,29,121,1.0,150,0,0,0,0,0.31,0.215,0.08,0.395
overproduction,193,200235,0.31,0.26153846153846155,0.7356296218439158,0.7067757210261365,1.271197163174519,0.1323529411764706,0.13,0.0,0.0,0.0,0.0,31,119,1.0,150,0,0,0,0,0.29,0.175,0.11,0.425
overproduction,194,200236,0.288,0.2353846153846154,0.6657185193618398,0.6310938383805047,1.167526358137128,0.05063291139240506,0.19,0.0,0.0,0.0,0.0,26,124,1.0,150,0,0,0,0,0.315,0.2,0.1,0.385
overproduction,195,200237,0.288,0.24615384615384617,0.7197260069729361,0.6952001912778237,1.2722404284097175,0.1111111111111111,0.155,0.0,0.0,0.0,0.0,31,119,1.0,150,0,0,0,0,0.325,0.27,0.06,0.345
overproduction,196,200238,0.292,0.24615384615384617,0.8184566812917491,0.7924881705557477,1.4942908030928947,0.07142857142857142,0.145,0.0,0.0,0.0,0.0,27,123,1.0,150,0,0,0,0,0.335,0.185,0.085,0.395
overproduction,197,200239,0.318,0.26,0.7994170930656761,0.7734485823296747,1.4159939471508733,0.0821917808219178,0.205,0.0,0.0,0.0,0.0,42,108,1.0,150,1,0,0,0,0.275,0.19,0.115,0.42
overproduction,198,200240,0.31,0.25846153846153846,0.7891753558647253,0.7704203203331688,1.3867518706865185,0.05263157894736842,0.165,0.0,0.0,0.0,0.0,34,116,1.0,150,0,0,0,0,0.29,0.215,0.105,0.39
overproduction,199,200241,0.294,0.24153846153846154,0.7668234003201888,0.7350841094206316,1.3332610539083922,0.0875,0.145,0.0,0.0,0.0,0.0,37,113,1.0,150,0,0,0,0,0.3,0.2,0.095,0.405
overproduction,200,200242,0.326,0.2676923076923077,0.8017557446502102,0.7772299289550978,1.4428115611816394,0.06097560975609756,0.12,0.0,0.0,0.0,0.0,31,119,1.0,150,0,0,0,0,0.335,0.18,0.08,0.405
overproduction,201,200243,0.328,0.2723076923076923,0.8284094580103798,0.7966701671108226,1.4438105126780612,0.10975609756097561,0.165,0.0,0.0,0.0,0.0,27,123,1.0,150,0,0,0,0,0.29,0.18,0.105,0.425
overproduction,202,200244,0.318,0.26,0.8149337551478801,0.777423684084767,1.5120201909556947,0.07317073170731707,0.15,0.0,0.0,0.0,0.0,41,109,1.0,150,0,0,0,0,0.29,0.195,0.095,0.42
overproduction,203,200245,0.322,0.26153846153846155,0.8397165365434953,0.8050918555621602,1.4758877826965329,0.043478260869565216,0.16,0.0,0.0,0.0,0.0,32,118,1.0,150,0,0,0,0,0.28,0.23,0.13,0.36
overproduction,204,200246,0.26,0.2169230769230769,0.6369996774995632,0.6168019469271178,1.1374787757920033,0.05555555555555555,0.14,0.0,0.0,0.0,0.0,24,126,1.0,150,0,0,0,0,0.2,0.235,0.14,0.425
overproduction,205,200247,0.338,0.28,0.8816263648424831,0.8542151590655929,1.6124580507697825,0.0684931506849315,0.13,0.0,0.0,0.0,0.0,32,118,1.0,150,0,0,0,0,0.315,0.18,0.095,0.41
overproduction,206,200248,0.304,0.2553846153846154,0.803431164950978,0.7745772641331987,1.4323739655674659,0.056338028169014086,0.215,0.0,0.0,0.0,0.0,31,119,1.0,150,0,0,0,0,0.27,0.2,0.09,0.44
overproduction,207,200249,0.298,0.23692307692307693,0.7325504813655026,0.6979258003841675,1.286437354186562,0.04285714285714286,0.175,0.0,0.0,0.0,0.0,26,124,1.0,150,0,0,0,0,0.35,0.2,0.105,0.345
overproduction,208,200250,0.33,0.27076923076923076,0.849404542522599,0.8133371665003749,1.535946256632057,0.06756756756756757,0.17,0.0,0.0,0.0,0.0,29,121,1.0,150,0,0,0,0,0.305,0.17,0.13,0.395
overproduction,209,200251,0.318,0.26,0.7750588630385333,0.7404341820571982,1.3652539214921349,0.09859154929577464,0.155,0.0,0.0,0.0,0.0,26,124,1.0,150,0,0,0,0,0.295,0.22,0.095,0.39
overproduction,210,200252,0.288,0.24,0.7166488655005328,0.6921230498054204,1.2435046465903379,0.12121212121212122,0.185,0.0,0.0,0.0,0.0,37,113,1.0,150,0,0,0,0,0.26,0.235,0.115,0.39
overproduction,211,200253,0.336,0.2784615384615385,0.8197360837207306,0.7879967928211734,1.4515493529524142,0.08450704225352113,0.125,0.0,0.0,0.0,0.0,29,121,1.0,150,0,0,0,0,0.335,0.23,0.105,0.33
overproduction,212,200254,0.288,0.24,0.6994157327884063,0.6676764418888491,1.2190332665105785,0.05333333333333334,0.145,0.0,0.0,0.0,0.0,31,119,1.0,150,0,0,0,0,0.34,0.185,0.1,0.375
overproduction,213,200255,0.308,0.24923076923076923,0.7547299369830215,0.7258760361652422,1.3291491900425358,0.08536585365853659,0.21,0.0,0.0,0.0,0.0,28,122,1.0,150,0,0,0,0,0.315,0.215,0.125,0.345
overproduction,214,200256,0.336,0.27384615384615385,0.8592435504171516,0.8303896495993723,1.507686219230939,0.1,0.19,0.0,0.0,0.0,0.0,33,117,1.0,150,0,0,0,0,0.255,0.225,0.155,0.365
overproduction,215,200257,0.324,0.2676923076923077,0.8863918412349336,0.8647514156215992,1.5704988399560345,0.07894736842105263,0.14,0.0,0.0,0.0,0.0,33,117,1.0,150,0,0,0,0,0.31,0.25,0.125,0.315
overproduction,216,200258,0.328,0.27076923076923076,0.8020618339806729,0.7732079331628936,1.4613186074552411,0.1038961038961039,0.19,0.0,0.0,0.0,0.0,30,120,1.0,150,0,0,0,0,0.345,0.21,0.09,0.355
overproduction,217,200259,0.314,0.25846153846153846,0.8146768904002886,0.7814949044598424,1.445001656754536,0.1038961038961039,0.15,0.0,0.0,0.0,0.0,29,121,1.0,150,0,0,0,0,0.265,0.195,0.12,0.42
overproduction,218,200260,0.324,0.2692307692307692,0.8330553839796218,0.8128576534071763,1.468783693567731,0.07407407407407407,0.15,0.0,0.0,0.0,0.0,32,118,1.0,150,0,0,0,0,0.275,0.145,0.115,0.465
overproduction,219,200261,0.286,0.24461538461538462,0.6651977568806667,0.6276876858175536,1.1928024839537783,0.09210526315789473,0.18,0.0,0.0,0.0,0.0,25,125,1.0,150,0,0,0,0,0.295,0.2,0.08,0.425
overproduction,220,200262,0.298,0.2553846153846154,0.7195787903502697,0.6863968044098235,1.238115982553259,0.1388888888888889,0.14,0.0,0.0,0.0,0.0,26,124,1.0,150,0,0,0,0,0.355,0.165,0.09,0.39
overproduction,221,200263,0.328,0.2630769230769231,0.7849513865961487,0.7532120956965915,1.362279260979204,0.014084507042253521,0.155,0.0,0.0,0.0,0.0,30,120,1.0,150,0,0,0,0,0.31,0.18,0.15,0.36
overproduction,222,200264,0.308,0.26461538461538464,0.8340105410084011,0.8109274203541776,1.5370566783046318,0.13580246913580246,0.165,0.0,0.0,0.0,0.0,26,124,1.0,150,0,0,0,0,0.295,0.24,0.09,0.375
overproduction,223,200265,0.31,0.26153846153846155,0.709970418879784,0.6868872982255605,1.2947378786433774,0.10126582278481013,0.195,0.0,0.0,0.0,0.0,27,123,1.0,150,0,0,0,0,0.31,0.185,0.095,0.41
overproduction,224,200266,0.286,0.2323076923076923,0.7162293738126159,0.6888181680357256,1.3057584094184271,0.060240963855421686,0.135,0.0,0.0,0.0,0.0,26,124,1.0,150,0,0,0,0,0.315,0.225,0.07,0.39
overproduction,225,200267,0.31,0.25384615384615383,0.7429416961269402,0.7184158804318278,1.3426845560444551,0.1,0.135,0.0,0.0,0.0,0.0,28,122,1.0,150,0,0,0,0,0.35,0.215,0.075,0.36
overproduction,226,200268,0.296,0.23692307692307693,0.7686941093759676,0.7427255986399662,1.3670480256823754,0.02631578947368421,0.19,0.0,0.0,0.0,0.0,39,111,1.0,150,0,0,0,0,0.3,0.175,0.095,0.43
overproduction,227,200269,0.312,0.2569230769230769,0.7856752490183551,0.7597067382823537,1.4091801445125751,0.08641975308641975,0.115,0.0,0.0,0.0,0.0,28,122,1.0,150,0,0,0,0,0.28,0.255,0.1,0.365
overproduction,228,200270,0.312,0.2569230769230769,0.8094678427059823,0.782056636929092,1.45674362377678,0.07228915662650602,0.16,0.0,0.0,0.0,0.0,31,119,1.0,150,0,0,0,0,0.345,0.165,0.085,0.405
overproduction,229,200271,0.332,0.28,0.8759901299211439,0.8442508390215867,1.5875536585661583,0.08955223880597014,0.17,0.0,0.0,0.0,0.0,23,127,1.0,150,0,0,0,0,0.295,0.185,0.075,0.445
overproduction,230,200272,0.31,0.2523076923076923,0.7783694105382284,0.753843594843116,1.4222816303653623,0.06451612903225806,0.155,0.0,0.0,0.0,0.0,35,115,1.0,150,0,0,0,0,0.325,0.14,0.045,0.49
overproduction,231,200273,0.306,0.2523076923076923,0.8282801966366913,0.8051970759824678,1.5406006710161015,0.04477611940298507,0.145,0.0,0.0,0.0,0.0,32,118,1.0,150,0,0,0,0,0.255,0.175,0.115,0.455
overproduction,232,200274,0.324,0.26461538461538464,0.8500117978050901,0.8168298118646439,1.5099383806826479,0.08108108108108109,0.185,0.0,0.0,0.0,0.0,21,129,1.0,150,0,0,0,0,0.28,0.205,0.085,0.43
overproduction,233,200275,0.316,0.26461538461538464,0.8290862016115264,0.804560385916414,1.479866575922579,0.06666666666666667,0.16,0.0,0.0,0.0,0.0,31,119,1.0,150,0,0,0,0,0.31,0.205,0.09,0.395
overproduction,234,200276,0.324,0.2676923076923077,0.8540426946131091,0.8381730491633305,1.5053937323825957,0.0945945945945946,0.18,0.0,0.0,0.0,0.0,22,128,1.0,150,0,0,0,0,0.33,0.185,0.1,0.385
overproduction,235,200277,0.308,0.2553846153846154,0.7400061988272624,0.7125949930503721,1.3028715637336457,0.109375,0.135,0.0,0.0,0.0,0.0,32,118,1.0,150,0,0,0,0,0.305,0.21,0.125,0.36
overproduction,236,200278,0.296,0.24615384615384617,0.7714191183418149,0.7468933026467025,1.415956423337243,0.0641025641025641,0.13,0.0,0.0,0.0,0.0,28,122,1.0,150,0,0,0,0,0.305,0.21,0.115,0.37
overproduction,237,200279,0.32,0.2692307692307692,0.7872306668267859,0.7612621560907845,1.4020475301881394,0.10588235294117647,0.115,0.0,0.0,0.0,0.0,28,122,1.0,150,0,0,0,0,0.32,0.2,0.07,0.41
overproduction,238,200280,0.308,0.25384615384615383,0.7653415924000588,0.7408157767049465,1.3275889595317794,0.07692307692307693,0.16,0.0,0.0,0.0,0.0,27,123,1.0,150,0,0,0,0,0.28,0.225,0.085,0.41
overproduction,239,200281,0.3,0.2523076923076923,0.6875900680358236,0.6486373019318216,1.2049377902311502,0.12857142857142856,0.195,0.0,0.0,0.0,0.0,41,109,1.0,150,0,0,0,0,0.315,0.19,0.115,0.38
overproduction,240,200282,0.36,0.28923076923076924,0.9123090138473686,0.8892258931931452,1.665250412735164,0.03225806451612903,0.145,0.0,0.0,0.0,0.0,26,124,1.0,150,0,0,0,0,0.3,0.185,0.1,0.415
overproduction,241,200283,0.298,0.24461538461538462,0.7778316245602584,0.7533058088651461,1.454898695041884,0.0410958904109589,0.14,0.0,0.0,0.0,0.0,31,119,1.0,150,0,0,0,0,0.265,0.205,0.145,0.385
overproduction,242,200284,0.318,0.26153846153846155,0.8402744973480794,0.814305986612078,1.484612437700631,0.08045977011494253,0.21,0.0,0.0,0.0,0.0,32,118,1.0,150,0,0,0,0,0.315,0.205,0.11,0.37
overproduction,243,200285,0.3,0.24307692307692308,0.7697619325668479,0.7452361168717355,1.3423644977913618,0.05194805194805195,0.155,0.0,0.0,0.0,0.0,37,113,1.0,150,0,0,0,0,0.335,0.2,0.12,0.345
overproduction,244,200286,0.336,0.28,0.8774769383248906,0.8543938176706671,1.5625030154540476,0.06756756756756757,0.2,0.0,0.0,0.0,0.0,25,125,1.0,150,0,0,0,0,0.33,0.22,0.09,0.36
overproduction,245,200287,0.262,0.21384615384615385,0.668596932674518,0.6411857268976278,1.143810928880479,0.057971014492753624,0.125,0.0,0.0,0.0,0.0,33,117,1.0,150,0,0,0,0,0.305,0.18,0.13,0.385
overproduction,246,200288,0.32,0.26,0.8149158735254118,0.7875046677485216,1.4719217684364438,0.056338028169014086,0.125,0.0,0.0,0.0,0.0,22,128,1.0,150,0,0,0,0,0.29,0.165,0.07,0.475
overproduction,247,200289,0.292,0.24461538461538462,0.7715174382520091,0.7412208423933409,1.353357579612221,0.125,0.155,0.0,0.0,0.0,0.0,30,120,1.0,150,0,0,0,0,0.27,0.27,0.08,0.38
overproduction,248,200290,0.31,0.2569230769230769,0.8891891354744235,0.8747621850655338,1.6391005417250697,0.0945945945945946,0.13,0.0,0.0,0.0,0.0,26,124,1.0,150,0,0,0,0,0.31,0.255,0.075,0.36
overproduction,249,200291,0.284,0.23846153846153847,0.764303222727551,0.7354493219097717,1.3299293013274445,0.08974358974358974,0.215,0.0,0.0,0.0,0.0,27,123,1.0,150,0,0,0,0,0.325,0.2,0.085,0.39
overproduction,250,200292,0.29,0.24153846153846154,0.7778301955208857,0.7605178550302182,1.3926374527519878,0.10714285714285714,0.175,0.0,0.0,0.0,0.0,30,120,1.0,150,0,0,0,0,0.305,0.2,0.06,0.435
overproduction,251,200293,0.31,0.26,0.7809020987899438,0.7520481979721645,1.35563905801714,0.07352941176470588,0.22,0.0,0.0,0.0,0.0,31,119,1.0,150,0,0,0,0,0.275,0.17,0.135,0.42
overproduction,252,200294,0.296,0.24923076923076923,0.7765478507114032,0.7534647300571797,1.3872262179584167,0.10294117647058823,0.095,0.0,0.0,0.0,0.0,34,116,1.0,150,1,0,0,0,0.295,0.2,0.03,0.475
overproduction,253,200295,0.356,0.28615384615384615,0.9520955643300857,0.9246843585531954,1.7142477794949489,0.04,0.16,0.0,0.0,0.0,0.0,27,123,1.0,150,0,0,0,0,0.28,0.215,0.13,0.375
overproduction,254,200296,0.306,0.25076923076923074,0.7500907638533849,0.7197941679947166,1.3567488898232372,0.041666666666666664,0.16,0.0,0.0,0.0,0.0,33,117,1.0,150,0,0,0,0,0.325,0.165,0.13,0.38
overproduction,255,200297,0.282,0.23692307692307693,0.7277651810009297,0.6989112801831504,1.3025210467228823,0.07058823529411765,0.165,0.0,0.0,0.0,0.0,29,121,1.0,150,0,0,0,0,0.27,0.18,0.115,0.435
overproduction,256,200298,0.328,0.27384615384615385,0.8183966527937618,0.8010843123030943,1.4442483180847157,0.1125,0.145,0.0,0.0,0.0,0.0,27,123,1.0,150,0,0,0,0,0.355,0.175,0.09,0.38
overproduction,257,200299,0.286,0.24153846153846154,0.6229390530454959,0.5911997621459387,1.098292619320923,0.07058823529411765,0.165,0.0,0.0,0.0,0.0,17,133,1.0,150,0,0,0,0,0.325,0.165,0.11,0.4
overproduction,258,200300,0.296,0.24615384615384617,0.7347605445343002,0.7145628139618547,1.340644578296675,0.08974358974358974,0.16,0.0,0.0,0.0,0.0,28,122,1.0,150,0,0,0,0,0.34,0.215,0.105,0.34
overproduction,259,200301,0.286,0.24,0.7022495285961896,0.6676248476148545,1.2333101449117447,0.07792207792207792,0.145,0.0,0.0,0.0,0.0,28,122,1.0,150,0,0,0,0,0.275,0.215,0.04,0.47
overproduction,260,200302,0.364,0.3046153846153846,0.9352626342251656,0.9092941234891643,1.6772512008715328,0.1282051282051282,0.18,0.0,0.0,0.0,0.0,30,120,1.0,150,0,0,0,0,0.255,0.2,0.075,0.47
overproduction,261,200303,0.326,0.2723076923076923,0.8105011115046561,0.7816472106868768,1.488607627906472,0.05194805194805195,0.155,0.0,0.0,0.0,0.0,37,113,1.0,150,0,0,0,0,0.335,0.175,0.08,0.41
overproduction,262,200304,0.29,0.24153846153846154,0.7229946559258753,0.6999115352716518,1.2557848359536397,0.1232876712328767,0.14,0.0,0.0,0.0,0.0,30,120,1.0,150,0,0,0,0,0.31,0.22,0.1,0.37
overproduction,263,200305,0.332,0.27384615384615385,0.8617255632928389,0.8328716624750596,1.5360721362624232,0.08333333333333333,0.225,0.0,0.0,0.0,0.0,24,126,1.0,150,0,0,0,0,0.275,0.245,0.08,0.4
overproduction,264,200306,0.312,0.25384615384615383,0.7596343711247324,0.7293377752660641,1.3597544770873145,0.05555555555555555,0.175,0.0,0.0,0.0,0.0,37,113,1.0,150,0,0,0,0,0.315,0.18,0.11,0.395
overproduction,265,200307,0.332,0.2723076923076923,0.8584895149530904,0.8281929190944222,1.4855016904241767,0.09859154929577464,0.16,0.0,0.0,0.0,0.0,33,117,1.0,150,0,0,0,0,0.31,0.215,0.135,0.34
overproduction,266,200308,0.298,0.24,0.7870847339884528,0.7625589182933404,1.3727340581892256,0.04878048780487805,0.15,0.0,0.0,0.0,0.0,38,112,1.0,150,0,0,0,0,0.3,0.265,0.11,0.325
overproduction,267,200309,0.332,0.28307692307692306,0.8305929769656563,0.800296381106988,1.489053060620594,0.14814814814814814,0.195,0.0,0.0,0.0,0.0,31,119,1.0,150,0,0,0,0,0.255,0.2,0.115,0.43
overproduction,268,200310,0.31,0.2523076923076923,0.8882544119403631,0.8752701565723625,1.6573923716384213,0.058823529411764705,0.185,0.0,0.0,0.0,0.0,31,119,1.0,150,0,0,0,0,0.265,0.205,0.115,0.415
overproduction,269,200311,0.304,0.25846153846153846,0.7845633259253533,0.7585948151893519,1.4043588400187539,0.11392405063291139,0.125,0.0,0.0,0.0,0.0,32,118,1.0,150,0,0,0,0,0.255,0.255,0.075,0.415
overproduction,270,200312,0.276,0.2276923076923077,0.739132445046051,0.7146066293509387,1.3036776776108394,0.0821917808219178,0.165,0.0,0.0,0.0,0.0,36,114,1.0,150,0,0,0,0,0.315,0.165,0.065,0.455
overproduction,271,200313,0.284,0.24153846153846154,0.7714926360725263,0.7455241253365249,1.3714303583667458,0.058823529411764705,0.185,0.0,0.0,0.0,0.0,32,118,1.0,150,0,0,0,0,0.315,0.15,0.13,0.405
overproduction,272,200314,0.302,0.25076923076923074,0.6920721075740199,0.6516766464291289,1.2395029663559374,0.0821917808219178,0.12,0.0,0.0,0.0,0.0,38,112,1.0,150,0,0,0,0,0.245,0.215,0.105,0.435
overproduction,273,200315,0.296,0.24153846153846154,0.7728048053371572,0.7410655144376,1.3517413849752011,0.0945945945945946,0.13,0.0,0.0,0.0,0.0,29,121,1.0,150,0,0,0,0,0.27,0.25,0.085,0.395
overproduction,274,200316,0.292,0.25076923076923074,0.7080800114113606,0.689324975879804,1.3144347203134683,0.13114754098360656,0.135,0.0,0.0,0.0,0.0,31,119,1.0,150,0,0,0,0,0.24,0.185,0.125,0.45
overproduction,275,200317,0.332,0.2692307692307692,0.8470296976360489,0.8167331017773806,1.5509261005868555,0.06153846153846154,0.155,0.0,0.0,0.0,0.0,34,116,1.0,150,0,0,0,0,0.29,0.21,0.11,0.39
overproduction,276,200318,0.332,0.2692307692307692,0.898843093669176,0.8685464978105077,1.6409806965369016,0.05263157894736842,0.17,0.0,0.0,0.0,0.0,35,115,1.0,150,0,0,0,0,0.28,0.265,0.08,0.375
overproduction,277,200319,0.308,0.26153846153846155,0.8418311608967861,0.8201907352834517,1.5092186551888596,0.08433734939759036,0.15,0.0,0.0,0.0,0.0,23,127,1.0,150,0,0,0,0,0.325,0.205,0.11,0.36
overproduction,278,200320,0.316,0.26,0.7884325036246358,0.7696774680930792,1.3995405550279125,0.09722222222222222,0.2,0.0,0.0,0.0,0.0,31,119,1.0,150,0,0,0,0,0.3,0.25,0.07,0.38
overproduction,279,200321,0.304,0.24307692307692308,0.6939419892896346,0.6607600033491884,1.236856484107206,0.037037037037037035,0.16,0.0,0.0,0.0,0.0,23,127,1.0,150,0,0,0,0,0.32,0.19,0.095,0.395
overproduction,280,200322,0.28,0.23076923076923078,0.6906543752589873,0.6560296942776522,1.2122625028251885,0.041666666666666664,0.14,0.0,0.0,0.0,0.0,29,121,1.0,150,0,0,0,0,0.31,0.155,0.09,0.445
overproduction,281,200323,0.294,0.24769230769230768,0.7558646740579578,0.7356669434855123,1.3699280691078555,0.10810810810810811,0.21,0.0,0.0,0.0,0.0,30,120,1.0,150,0,0,0,0,0.285,0.17,0.1,0.445
overproduction,282,200324,0.328,0.2753846153846154,0.7662981470930814,0.7316734661117463,1.3156586063406597,0.08450704225352113,0.14,0.0,0.0,0.0,0.0,29,121,1.0,150,0,0,0,0,0.24,0.19,0.15,0.42
overproduction,283,200325,0.312,0.25076923076923074,0.7836191581980116,0.7504371722575655,1.3596982408438525,0.07142857142857142,0.195,0.0,0.0,0.0,0.0,27,123,1.0,150,1,0,0,0,0.335,0.19,0.12,0.355
overproduction,284,200326,0.342,0.2876923076923077,0.881651817757986,0.8455844417357619,1.5715885084190133,0.1506849315068493,0.15,0.0,0.0,0.0,0.0,30,120,1.0,150,0,0,0,0,0.245,0.22,0.09,0.445
overproduction,285,200327,0.296,0.24,0.7183605481586095,0.6866212572590523,1.2857401325131992,0.05405405405405406,0.16,0.0,0.0,0.0,0.0,35,115,1.0,150,0,0,0,0,0.345,0.19,0.12,0.345
overproduction,286,200328,0.312,0.2676923076923077,0.801873629545679,0.7759051188096776,1.435350673257633,0.08333333333333333,0.155,0.0,0.0,0.0,0.0,24,126,1.0,150,0,0,0,0,0.36,0.21,0.08,0.35
overproduction,287,200329,0.282,0.24153846153846154,0.6875322607910962,0.6615637500550948,1.263772138311979,0.12345679012345678,0.155,0.0,0.0,0.0,0.0,30,120,1.0,150,0,0,0,0,0.315,0.2,0.125,0.36
overproduction,288,200330,0.316,0.26615384615384613,0.8231309634062941,0.8014905377929596,1.4785271666393436,0.14666666666666667,0.135,0.0,0.0,0.0,0.0,28,122,1.0,150,0,0,0,0,0.335,0.205,0.09,0.37
overproduction,289,200331,0.3,0.26461538461538464,0.7762670238175298,0.7531839031633063,1.4033490235722905,0.13333333333333333,0.155,0.0,0.0,0.0,0.0,30,120,1.0,150,0,0,0,0,0.315,0.195,0.1,0.39
overproduction,290,200332,0.324,0.2676923076923077,0.8364157206954563,0.8090045149185661,1.4767464478756673,0.04285714285714286,0.19,0.0,0.0,0.0,0.0,22,128,1.0,150,0,0,0,0,0.245,0.23,0.11,0.415
overproduction,291,200333,0.318,0.26,0.7755596042767747,0.7423776183363285,1.3504053979488264,0.07246376811594203,0.14,0.0,0.0,0.0,0.0,36,114,1.0,150,0,0,0,0,0.335,0.17,0.105,0.39
overproduction,292,200334,0.284,0.24153846153846154,0.6615546253204945,0.6341434195436042,1.1968721607259862,0.11267605633802817,0.175,0.0,0.0,0.0,0.0,21,129,1.0,150,0,0,0,0,0.285,0.195,0.09,0.43
overproduction,293,200335,0.304,0.24615384615384617,0.7783287100311165,0.756688284417782,1.3968086895699428,0.06944444444444445,0.185,0.0,0.0,0.0,0.0,30,120,1.0,150,0,0,0,0,0.3,0.19,0.105,0.405
overproduction,294,200336,0.312,0.26,0.8006214122319536,0.781866376700397,1.4313087561868474,0.05952380952380952,0.18,0.0,0.0,0.0,0.0,35,115,1.0,150,0,0,0,0,0.29,0.19,0.1,0.42
overproduction,295,200337,0.294,0.23384615384615384,0.7371175920742374,0.7111490813382361,1.2826508143640407,0.03488372093023256,0.14,0.0,0.0,0.0,0.0,28,122,1.0,150,0,0,0,0,0.32,0.175,0.085,0.42
overproduction,296,200338,0.296,0.24615384615384617,0.7305201579873879,0.7074370373331644,1.3063150031519748,0.0684931506849315,0.135,0.0,0.0,0.0,0.0,30,120,1.0,150,0,0,0,0,0.315,0.16,0.12,0.405
overproduction,297,200339,0.352,0.2969230769230769,0.9304039211642443,0.9044354104282429,1.6639448331422662,0.08571428571428572,0.195,0.0,0.0,0.0,0.0,28,122,1.0,150,0,0,0,0,0.345,0.195,0.09,0.37
overproduction,298,200340,0.346,0.2784615384615385,0.8752174661757841,0.8449208703171158,1.5399969425660713,0.05714285714285714,0.15,0.0,0.0,0.0,0.0,27,123,1.0,150,0,0,0,0,0.23,0.18,0.1,0.49
overproduction,299,200341,0.336,0.2784615384615385,0.9450839677080973,0.9234435420947629,1.6731247029006606,0.11666666666666667,0.17,0.0,0.0,0.0,0.0,27,123,1.0,150,0,0,0,0,0.29,0.255,0.115,0.34
overproduction,300,200342,0.344,0.2907692307692308,0.9183416843938017,0.8952585637395782,1.6758729077585663,0.12987012987012986,0.19,0.0,0.0,0.0,0.0,35,115,1.0,150,0,0,0,0,0.365,0.21,0.08,0.345
overproduction,301,200343,0.316,0.26,0.7280057014343836,0.7020371906983822,1.2862843949966218,0.10256410256410256,0.16,0.0,0.0,0.0,0.0,31,119,1.0,150,0,0,0,0,0.315,0.15,0.115,0.42
overproduction,302,200344,0.324,0.2630769230769231,0.8227935667964497,0.7968250560604483,1.4220765353711655,0.04938271604938271,0.135,0.0,0.0,0.0,0.0,33,117,1.0,150,0,0,0,0,0.23,0.27,0.095,0.405
overproduction,303,200345,0.338,0.27384615384615385,0.8824097877193384,0.859326667065115,1.5863350880577958,0.06666666666666667,0.15,0.0,0.0,0.0,0.0,25,125,1.0,150,1,0,0,0,0.27,0.23,0.075,0.425
overproduction,304,200346,0.344,0.28307692307692306,0.9167541207045057,0.8893429149276154,1.6035243347381243,0.07042253521126761,0.155,0.0,0.0,0.0,0.0,31,119,1.0,150,0,0,0,0,0.315,0.15,0.12,0.415
overproduction,305,200347,0.336,0.27692307692307694,0.8560251534810057,0.8228431675405595,1.5061007943181954,0.08571428571428572,0.21,0.0,0.0,0.0,0.0,30,120,1.0,150,0,0,0,0,0.285,0.255,0.06,0.4
overproduction,306,200348,0.304,0.2523076923076923,0.734526205513922,0.6984588294916979,1.3051065111785058,0.08139534883720931,0.135,0.0,0.0,0.0,0.0,28,122,1.0,150,0,0,0,0,0.315,0.18,0.095,0.41
overproduction,307,200349,0.296,0.24307692307692308,0.7607152666392214,0.736189450944109,1.3446520997274847,0.09859154929577464,0.15,0.0,0.0,0.0,0.0,33,117,1.0,150,0,0,0,0,0.28,0.265,0.06,0.395
overproduction,308,200350,0.306,0.24923076923076923,0.7453939022345866,0.7006703559670286,1.2560909762482977,0.0641025641025641,0.21,0.0,0.0,0.0,0.0,35,115,1.0,150,0,0,0,0,0.31,0.21,0.06,0.42
overproduction,309,200351,0.306,0.2569230769230769,0.7850887105307179,0.7605628948356056,1.4572379529167478,0.1323529411764706,0.19,0.0,0.0,0.0,0.0,23,127,1.0,150,0,0,0,0,0.32,0.2,0.1,0.38
overproduction,310,200352,0.31,0.26615384615384613,0.7701979419280147,0.7326878708649016,1.3166191788159767,0.09836065573770492,0.13,0.0,0.0,0.0,0.0,27,123,1.0,150,0,0,0,0,0.335,0.2,0.085,0.38
overproduction,311,200353,0.362,0.3,0.9317754167204603,0.9101349911071258,1.6553023668982372,0.09859154929577464,0.15,0.0,0.0,0.0,0.0,26,124,1.0,150,0,0,0,0,0.285,0.23,0.105,0.38
overproduction,312,200354,0.322,0.2753846153846154,0.7755351690301556,0.7510093533350433,1.3914720488884857,0.1232876712328767,0.155,0.0,0.0,0.0,0.0,29,121,1.0,150,0,0,0,0,0.275,0.185,0.115,0.425
overproduction,313,200355,0.31,0.2553846153846154,0.7799134207780745,0.7510595199602952,1.3829070104568444,0.09876543209876543,0.165,0.0,0.0,0.0,0.0,32,118,1.0,150,0,0,0,0,0.285,0.21,0.075,0.43
overproduction,314,200356,0.314,0.2630769230769231,0.7863361528719748,0.7545968619724176,1.336933601555043,0.1267605633802817,0.21,0.0,0.0,0.0,0.0,25,125,1.0,150,0,0,0,0,0.285,0.215,0.095,0.405
overproduction,315,200357,0.312,0.26,0.7642997389600775,0.7426593133467431,1.3665913735093858,0.13924050632911392,0.15,0.0,0.0,0.0,0.0,27,123,1.0,150,0,0,0,0,0.3,0.23,0.055,0.415
overproduction,316,200358,0.3,0.24307692307692308,0.768870414476909,0.7472299888635745,1.4064303123624156,0.013157894736842105,0.175,0.0,0.0,0.0,0.0,29,121,1.0,150,0,0,0,0,0.35,0.165,0.1,0.385
overproduction,317,200359,0.312,0.2553846153846154,0.7305415232461354,0.6973595373056892,1.3171048168970663,0.10666666666666667,0.16,0.0,0.0,0.0,0.0,25,125,1.0,150,0,0,0,0,0.255,0.19,0.1,0.455
overproduction,318,200360,0.348,0.2876923076923077,0.8838739533333504,0.8622335277200159,1.6230525883664753,0.0684931506849315,0.16,0.0,0.0,0.0,0.0,30,120,1.0,150,0,0,0,0,0.305,0.195,0.115,0.385
overproduction,319,200361,0.302,0.24769230769230768,0.7605478041252542,0.7244804281030301,1.3238903762930714,0.06666666666666667,0.11,0.0,0.0,0.0,0.0,26,124,1.0,150,0,0,0,0,0.3,0.195,0.13,0.375
overproduction,320,200362,0.318,0.26615384615384613,0.8115800845182575,0.788496963864034,1.481836662970383,0.08,0.165,0.0,0.0,0.0,0.0,28,122,1.0,150,0,0,0,0,0.33,0.22,0.05,0.4
overproduction,321,200363,0.278,0.2353846153846154,0.6962041863783661,0.658694115315253,1.2041871131092112,0.06756756756756757,0.145,0.0,0.0,0.0,0.0,25,125,1.0,150,0,0,0,0,0.32,0.165,0.1,0.415
overproduction,322,200364,0.302,0.24461538461538462,0.6970971188830373,0.6639151329425911,1.2161160537715647,0.02631578947368421,0.155,0.0,0.0,0.0,0.0,36,114,1.0,150,0,0,0,0,0.315,0.22,0.05,0.415
overproduction,323,200365,0.338,0.28307692307692306,0.8290034137376188,0.8073629881242843,1.5221252031975239,0.10526315789473684,0.135,0.0,0.0,0.0,0.0,29,121,1.0,150,0,0,0,0,0.34,0.18,0.07,0.41
overproduction,324,200366,0.294,0.24615384615384617,0.726420537539245,0.6946812466396878,1.2723235227376786,0.09333333333333334,0.165,0.0,0.0,0.0,0.0,29,121,1.0,150,0,0,0,0,0.325,0.165,0.08,0.43
overproduction,325,200367,0.308,0.26153846153846155,0.7071155932282684,0.6811470824922671,1.2648865886095162,0.09523809523809523,0.175,0.0,0.0,0.0,0.0,34,116,1.0,150,0,0,0,0,0.29,0.255,0.095,0.36
overproduction,326,200368,0.292,0.2523076923076923,0.7409166552056183,0.7062919742242832,1.2819369659581397,0.15,0.17,0.0,0.0,0.0,0.0,31,119,1.0,150,0,0,0,0,0.275,0.185,0.14,0.4
overproduction,327,200369,0.296,0.24461538461538462,0.8243836276573414,0.7912016417168952,1.4768149974913782,0.08,0.175,0.0,0.0,0.0,0.0,35,115,1.0,150,0,0,0,0,0.36,0.185,0.11,0.345
overproduction,328,200370,0.322,0.2723076923076923,0.7860862769928892,0.7687739365022217,1.444925137380152,0.10666666666666667,0.15,0.0,0.0,0.0,0.0,42,108,1.0,150,0,0,0,0,0.35,0.2,0.095,0.355
overproduction,329,200371,0.294,0.24307692307692308,0.776122342677982,0.7501538319419806,1.4094662784069871,0.07865168539325842,0.17,0.0,0.0,0.0,0.0,29,121,1.0,150,0,0,0,0,0.295,0.205,0.09,0.41
overproduction,330,200372,0.31,0.2553846153846154,0.7380697385213928,0.7092158377036135,1.2913462943507341,0.045454545454545456,0.125,0.0,0.0,0.0,0.0,45,105,1.0,150,0,0,0,0,0.265,0.2,0.085,0.45
overproduction,331,200373,0.326,0.27384615384615385,0.8286601957240953,0.804134380028983,1.5065760306142653,0.0759493670886076,0.195,0.0,0.0,0.0,0.0,37,113,1.0,150,0,0,0,0,0.335,0.195,0.075,0.395
overproduction,332,200374,0.3,0.25384615384615383,0.7483993540483396,0.731087013557672,1.364882619025943,0.15476190476190477,0.17,0.0,0.0,0.0,0.0,34,116,1.0,150,0,0,0,0,0.26,0.2,0.12,0.42
overproduction,333,200375,0.306,0.2569230769230769,0.7627186023754211,0.7381927866803087,1.3577141267505084,0.05194805194805195,0.14,0.0,0.0,0.0,0.0,40,110,1.0,150,0,0,0,0,0.285,0.19,0.125,0.4
overproduction,334,200376,0.302,0.25076923076923074,0.7615088475691603,0.7369830318740479,1.3852028047343037,0.07407407407407407,0.12,0.0,0.0,0.0,0.0,30,120,1.0,150,0,0,0,0,0.32,0.205,0.08,0.395
overproduction,335,200377,0.304,0.24769230769230768,0.7741636104936207,0.7438670146349524,1.369253881564404,0.07352941176470588,0.16,0.0,0.0,0.0,0.0,31,119,1.0,150,0,0,0,0,0.355,0.195,0.085,0.365
overproduction,336,200378,0.308,0.24923076923076923,0.7925577113228728,0.7637038105050935,1.4033455020825625,0.058823529411764705,0.225,0.0,0.0,0.0,0.0,31,119,1.0,150,0,0,0,0,0.345,0.16,0.1,0.395
overproduction,337,200379,0.346,0.2815384615384615,0.9093589942024732,0.8862758735482498,1.6640527132922265,0.04477611940298507,0.175,0.0,0.0,0.0,0.0,23,127,1.0,150,1,0,0,0,0.33,0.195,0.07,0.405
overproduction,338,200380,0.342,0.2723076923076923,0.8644423649893282,0.8428019393759938,1.5206280600338973,0.047619047619047616,0.16,0.0,0.0,0.0,0.0,27,123,1.0,150,0,0,0,0,0.265,0.145,0.115,0.475
overproduction,339,200381,0.312,0.2569230769230769,0.7975078299564493,0.76865392913867,1.3582095898702287,0.09230769230769231,0.18,0.0,0.0,0.0,0.0,32,118,1.0,150,0,0,0,0,0.365,0.165,0.085,0.385
overproduction,340,200382,0.294,0.24153846153846154,0.7039475504255551,0.6823071248122207,1.2362284597305706,0.05128205128205128,0.11,0.0,0.0,0.0,0.0,37,113,1.0,150,0,0,0,0,0.31,0.185,0.105,0.4
overproduction,341,200383,0.316,0.26,0.7715801405160618,0.7355127644938377,1.3787800768223546,0.0759493670886076,0.14,0.0,0.0,0.0,0.0,33,117,1.0,150,0,0,0,0,0.28,0.2,0.08,0.44
overproduction,342,200384,0.274,0.23076923076923078,0.7055510282560995,0.6781398224792092,1.2243363019535713,0.07317073170731707,0.205,0.0,0.0,0.0,0.0,29,121,1.0,150,0,0,0,0,0.28,0.225,0.06,0.435
overproduction,343,200385,0.284,0.22923076923076924,0.682187697305618,0.6533337964878387,1.2686900670314365,0.06493506493506493,0.185,0.0,0.0,0.0,0.0,25,125,1.0,150,0,0,0,0,0.335,0.185,0.08,0.4
overproduction,344,200386,0.314,0.25846153846153846,0.7738090561633579,0.7463978503864677,1.3743137736393713,0.07692307692307693,0.15,0.0,0.0,0.0,0.0,36,114,1.0,150,0,0,0,0,0.33,0.21,0.105,0.355
overproduction,345,200387,0.342,0.2876923076923077,0.8619084193666582,0.8344972135897679,1.5590021782593393,0.1125,0.14,0.0,0.0,0.0,0.0,33,117,1.0,150,0,0,0,0,0.3,0.195,0.09,0.415
overproduction,346,200388,0.332,0.27076923076923076,0.8721601609029153,0.8505197352895808,1.5767349749345425,0.0958904109589041,0.135,0.0,0.0,0.0,0.0,33,117,1.0,150,0,0,0,0,0.285,0.185,0.13,0.4
overproduction,347,200389,0.29,0.24615384615384617,0.753907492800375,0.7308243721461515,1.3480998610162083,0.12048192771084337,0.125,0.0,0.0,0.0,0.0,33,117,1.0,150,0,0,0,0,0.255,0.225,0.095,0.425
overproduction,348,200390,0.33,0.26615384615384613,0.8756012209937118,0.8496327102577105,1.568608636002575,0.02702702702702703,0.195,0.0,0.0,0.0,0.0,28,122,1.0,150,1,0,0,0,0.295,0.185,0.14,0.38
overproduction,349,200391,0.318,0.26615384615384613,0.7717156323143717,0.7428617314965924,1.3684241550725582,0.07246376811594203,0.155,0.0,0.0,0.0,0.0,33,117,1.0,150,0,0,0,0,0.315,0.2,0.075,0.41
overproduction,350,200392,0.338,0.28307692307692306,0.8233033642711225,0.7958921584942322,1.459593396014171,0.04938271604938271,0.155,0.0,0.0,0.0,0.0,28,122,1.0,150,0,0,0,0,0.27,0.195,0.075,0.46
overproduction,351,200393,0.31,0.26461538461538464,0.760723099138906,0.7347545884029046,1.3353489789435191,0.1044776119402985,0.18,0.0,0.0,0.0,0.0,32,118,1.0,150,0,0,0,0,0.3,0.205,0.07,0.425
overproduction,352,200394,0.288,0.25384615384615383,0.7429527674786625,0.7126561716199942,1.3359423528077916,0.08860759493670886,0.155,0.0,0.0,0.0,0.0,25,125,1.0,150,0,0,0,0,0.26,0.215,0.115,0.41
overproduction,353,200395,0.314,0.2523076923076923,0.7761744242963636,0.7473205234785844,1.3789493960756003,0.04285714285714286,0.135,0.0,0.0,0.0,0.0,29,121,1.0,150,0,0,0,0,0.3,0.165,0.11,0.425
overproduction,354,200396,0.358,0.2953846153846154,0.9140111547583417,0.8837145588996734,1.5904099506875689,0.11392405063291139,0.15,0.0,0.0,0.0,0.0,32,118,1.0,150,0,0,0,0,0.295,0.17,0.075,0.46
overproduction,355,200397,0.318,0.26461538461538464,0.7867794108494361,0.7651389852361017,1.3558665354420802,0.06756756756756757,0.18,0.0,0.0,0.0,0.0,32,118,1.0,150,0,0,0,0,0.32,0.18,0.095,0.405
overproduction,356,200398,0.358,0.3030769230769231,0.89897487412021,0.8758917534659866,1.649335962976945,0.13333333333333333,0.155,0.0,0.0,0.0,0.0,27,123,1.0,150,0,0,0,0,0.345,0.195,0.1,0.36
overproduction,357,200399,0.304,0.24769230769230768,0.7152681007520112,0.6936276751386767,1.2820996959697084,0.08108108108108109,0.16,0.0,0.0,0.0,0.0,26,124,1.0,150,0,0,0,0,0.34,0.205,0.09,0.365
overproduction,358,200400,0.34,0.2753846153846154,0.836345896898774,0.8074919960809948,1.495772073297567,0.05263157894736842,0.185,0.0,0.0,0.0,0.0,45,105,1.0,150,0,0,0,0,0.38,0.19,0.05,0.38
overproduction,359,200401,0.314,0.26,0.817598873410823,0.7988438378792665,1.4840491621138008,0.06329113924050633,0.19,0.0,0.0,0.0,0.0,28,122,1.0,150,0,0,0,0,0.305,0.18,0.095,0.42
overproduction,360,200402,0.3,0.24769230769230768,0.7514737056561807,0.7269478899610683,1.326127272007916,0.1,0.15,0.0,0.0,0.0,0.0,29,121,1.0,150,0,0,0,0,0.265,0.17,0.11,0.455
overproduction,361,200403,0.278,0.2230769230769231,0.7567286398056596,0.7322028241105473,1.3168182035323766,0.047619047619047616,0.19,0.0,0.0,0.0,0.0,31,119,1.0,150,0,0,0,0,0.295,0.2,0.1,0.405
overproduction,362,200404,0.29,0.24461538461538462,0.6782024991898157,0.6522339884538143,1.2106300909880958,0.058823529411764705,0.175,0.0,0.0,0.0,0.0,20,130,1.0,150,0,0,0,0,0.235,0.17,0.14,0.455
overproduction,363,200405,0.314,0.2630769230769231,0.8225501356709695,0.7936962348531902,1.4800525596398655,0.09574468085106383,0.125,0.0,0.0,0.0,0.0,34,116,1.0,150,0,0,0,0,0.285,0.155,0.095,0.465
overproduction,364,200406,0.31,0.24923076923076923,0.7954150936109822,0.763675802711425,1.37187170892051,0.038461538461538464,0.175,0.0,0.0,0.0,0.0,37,113,1.0,150,1,0,0,0,0.285,0.18,0.135,0.4
overproduction,365,200407,0.37,0.29846153846153844,0.9683608221353056,0.9409496163584153,1.7531407362051878,0.05084745762711865,0.105,0.0,0.0,0.0,0.0,27,123,1.0,150,0,0,0,0,0.31,0.2,0.115,0.375
overproduction,366,200408,0.328,0.2692307692307692,0.8576035629039144,0.8417339174541357,1.5336561377701807,0.057971014492753624,0.155,0.0,0.0,0.0,0.0,31,119,1.0,150,0,0,0,0,0.34,0.2,0.07,0.39
overproduction,367,200409,0.272,0.2169230769230769,0.6758839292438379,0.6427019433033917,1.2123942678217643,0.039473684210526314,0.125,0.0,0.0,0.0,0.0,35,115,1.0,150,0,0,0,0,0.275,0.21,0.115,0.4
overproduction,368,200410,0.27,0.23384615384615384,0.6726306898309046,0.6351206187677915,1.1836546680054836,0.08695652173913043,0.15,0.0,0.0,0.0,0.0,34,116,1.0,150,0,0,0,0,0.35,0.185,0.095,0.37
overproduction,369,200411,0.306,0.25384615384615383,0.8345491245074032,0.8114660038531797,1.4986208685788729,0.08108108108108109,0.165,0.0,0.0,0.0,0.0,37,113,1.0,150,0,0,0,0,0.27,0.22,0.085,0.425
overproduction,370,200412,0.33,0.27384615384615385,0.7947656408016714,0.7514847895750025,1.3603485512376203,0.0759493670886076,0.175,0.0,0.0,0.0,0.0,29,121,1.0,150,0,0,0,0,0.37,0.185,0.12,0.325
overproduction,371,200413,0.306,0.2523076923076923,0.7546245951545643,0.725770694336785,1.3240131995340154,0.0821917808219178,0.145,0.0,0.0,0.0,0.0,29,121,1.0,150,0,0,0,0,0.34,0.205,0.105,0.35
overproduction,372,200414,0.34,0.28,0.9255154764381913,0.9110885260293017,1.7070973731006578,0.09090909090909091,0.135,0.0,0.0,0.0,0.0,28,122,1.0,150,0,0,0,0,0.225,0.195,0.135,0.445
overproduction,373,200415,0.348,0.2923076923076923,0.9275207269647523,0.9073229963923068,1.6674705994701178,0.11428571428571428,0.165,0.0,0.0,0.0,0.0,30,120,1.0,150,0,0,0,0,0.285,0.175,0.095,0.445
overproduction,374,200416,0.32,0.26615384615384613,0.8201241251929268,0.7927129194160365,1.4335952679075583,0.06493506493506493,0.135,0.0,0.0,0.0,0.0,29,121,1.0,150,0,0,0,0,0.28,0.24,0.07,0.41
overproduction,375,200417,0.298,0.24461538461538462,0.7271280747806712,0.6867326136357802,1.2692618353764573,0.06756756756756757,0.15,0.0,0.0,0.0,0.0,33,117,1.0,150,0,0,0,0,0.29,0.195,0.125,0.39
overproduction,376,200418,0.328,0.2692307692307692,0.8911759107067916,0.8637647049299013,1.584194057997049,0.08955223880597014,0.16,0.0,0.0,0.0,0.0,29,121,1.0,150,1,0,0,0,0.245,0.195,0.08,0.48
overproduction,377,200419,0.33,0.2753846153846154,0.8188521798658612,0.785670193925415,1.5231061748964465,0.09859154929577464,0.135,0.0,0.0,0.0,0.0,32,118,1.0,150,0,0,0,0,0.3,0.175,0.1,0.425
overproduction,378,200420,0.308,0.26461538461538464,0.78013092683062,0.7556051111355077,1.401811780863321,0.15294117647058825,0.135,0.0,0.0,0.0,0.0,32,118,1.0,150,0,0,0,0,0.245,0.255,0.085,0.415
overproduction,379,200421,0.322,0.26615384615384613,0.8055816828515013,0.7738423919519442,1.422189207612251,0.04838709677419355,0.19,0.0,0.0,0.0,0.0,22,128,1.0,150,0,0,0,0,0.295,0.21,0.105,0.39
overproduction,380,200422,0.35,0.2969230769230769,0.9194176391493114,0.894891823454199,1.5886583762025694,0.13333333333333333,0.195,0.0,0.0,0.0,0.0,24,126,1.0,150,0,0,0,0,0.355,0.195,0.075,0.375
overproduction,381,200423,0.33,0.2753846153846154,0.8272565462238448,0.8041734255696213,1.4960702590129096,0.08974358974358974,0.155,0.0,0.0,0.0,0.0,35,115,1.0,150,0,0,0,0,0.3,0.18,0.115,0.405
overproduction,382,200424,0.364,0.30153846153846153,0.9866553882451927,0.9693430477545252,1.7644316838290939,0.11688311688311688,0.165,0.0,0.0,0.0,0.0,38,112,1.0,150,0,0,0,0,0.26,0.18,0.155,0.405
overproduction,383,200425,0.288,0.24307692307692308,0.7957795933806859,0.7799099479309073,1.4689940702069875,0.08333333333333333,0.15,0.0,0.0,0.0,0.0,26,124,1.0,150,0,0,0,0,0.285,0.16,0.12,0.435
overproduction,384,200426,0.332,0.2753846153846154,0.8061254274630867,0.7787142216861964,1.4089645942697833,0.0875,0.18,0.0,0.0,0.0,0.0,29,121,1.0,150,0,0,0,0,0.23,0.215,0.09,0.465
overproduction,385,200427,0.312,0.2553846153846154,0.7706936449130779,0.7476105242588544,1.3789513215505045,0.07352941176470588,0.15,0.0,0.0,0.0,0.0,26,124,1.0,150,0,0,0,0,0.31,0.205,0.1,0.385
overproduction,386,200428,0.32,0.2753846153846154,0.835911857928994,0.8142714323156596,1.5296111367363499,0.11904761904761904,0.16,0.0,0.0,0.0,0.0,33,117,1.0,150,0,0,0,0,0.32,0.19,0.08,0.41
overproduction,387,200429,0.336,0.28307692307692306,0.8872232851826938,0.8655828595693593,1.6035946350332824,0.11764705882352941,0.155,0.0,0.0,0.0,0.0,29,121,1.0,150,0,0,0,0,0.345,0.215,0.085,0.355
overproduction,388,200430,0.356,0.2969230769230769,0.9134744939979793,0.886063288221089,1.6233779474391608,0.125,0.15,0.0,0.0,0.0,0.0,30,120,1.0,150,0,0,0,0,0.3,0.19,0.13,0.38
overproduction,389,200431,0.292,0.23846153846153847,0.6860715745215713,0.658660368744681,1.1763902381676927,0.05952380952380952,0.185,0.0,0.0,0.0,0.0,29,121,1.0,150,0,0,0,0,0.275,0.21,0.135,0.38
overproduction,390,200432,0.326,0.26,0.9075120323430526,0.8786581315252733,1.6493283007952657,0.06172839506172839,0.175,0.0,0.0,0.0,0.0,25,125,1.0,150,0,0,0,0,0.245,0.21,0.11,0.435
overproduction,391,200433,0.34,0.28307692307692306,0.9005491623936586,0.881794126862102,1.6281438493979739,0.075,0.2,0.0,0.0,0.0,0.0,28,122,1.0,150,0,0,0,0,0.33,0.165,0.105,0.4
overproduction,392,200434,0.326,0.26,0.8283827749432313,0.798086179084563,1.476189079930916,0.02564102564102564,0.14,0.0,0.0,0.0,0.0,37,113,1.0,150,0,0,0,0,0.275,0.305,0.115,0.305
overproduction,393,200435,0.292,0.24307692307692308,0.7458561467323365,0.7141168558327793,1.334729123965265,0.0410958904109589,0.17,0.0,0.0,0.0,0.0,27,123,1.0,150,0,0,0,0,0.365,0.16,0.095,0.38
overproduction,394,200436,0.352,0.29846153846153844,0.9024062175073112,0.870666926607754,1.616442314099148,0.13513513513513514,0.21,0.0,0.0,0.0,0.0,34,116,1.0,150,0,0,0,0,0.305,0.23,0.08,0.385
overproduction,395,200437,0.32,0.2630769230769231,0.8672217232428345,0.8455812976295001,1.549652633387116,0.06493506493506493,0.13,0.0,0.0,0.0,0.0,38,112,1.0,150,0,0,0,0,0.285,0.22,0.07,0.425
overproduction,396,200438,0.316,0.2676923076923077,0.7944422356953134,0.7655883348775341,1.438103039327078,0.056338028169014086,0.115,0.0,0.0,0.0,0.0,29,121,1.0,150,0,0,0,0,0.375,0.21,0.07,0.345
overproduction,397,200439,0.314,0.2553846153846154,0.8071867417596412,0.7869890111871958,1.4503449284226249,0.09333333333333334,0.12,0.0,0.0,0.0,0.0,30,120,1.0,150,0,0,0,0,0.355,0.165,0.1,0.38
overproduction,398,200440,0.336,0.2784615384615385,0.8756010676109686,0.8496325568749672,1.5427290944220875,0.06097560975609756,0.18,0.0,0.0,0.0,0.0,31,119,1.0,150,0,0,0,0,0.26,0.195,0.105,0.44
overproduction,399,200441,0.326,0.2784615384615385,0.8644017041819158,0.8456466686503592,1.5589285649741862,0.14102564102564102,0.185,0.0,0.0,0.0,0.0,30,120,1.0,150,0,0,0,0,0.36,0.17,0.08,0.39
memorizer,0,3000042,0.856,0.7692307692307693,2.674608445513816,2.609687168673813,4.860417710029124,0.1125,0.15,0.0,0.0,0.0,0.0,22,128,1.0,150,12,12,11,4,1.0,0.0,0.0,0.0
memorizer,1,3000043,0.832,0.7553846153846154,2.5314457303913653,2.4578682833060284,4.496968599576207,0.09859154929577464,0.17,0.0,0.0,0.0,0.0,39,111,1.0,150,12,12,9,0,1.0,0.0,0.0,0.0
memorizer,2,3000044,0.854,0.76,2.6490361369059925,2.5769013848615443,4.871042051664798,0.075,0.14,0.0,0.0,0.0,0.0,23,127,1.0,150,12,12,10,2,1.0,0.0,0.0,0.0
memorizer,3,3000045,0.83,0.7569230769230769,2.48859951011052,2.403480502698071,4.370242766864909,0.1044776119402985,0.16,0.0,0.0,0.0,0.0,29,121,1.0,150,12,12,10,0,1.0,0.0,0.0,0.0
memorizer,4,3000046,0.862,0.7784615384615384,2.691462481156786,2.6265412043167826,4.8432749330684715,0.11392405063291139,0.21,0.0,0.0,0.0,0.0,24,126,1.0,150,11,11,11,1,1.0,0.0,0.0,0.0
memorizer,5,3000047,0.86,0.7707692307692308,2.6869014239534086,2.621980147113405,4.838786696949819,0.028985507246376812,0.205,0.0,0.0,0.0,0.0,33,117,1.0,150,12,12,12,2,1.0,0.0,0.0,0.0
memorizer,6,3000048,0.83,0.7430769230769231,2.5184061201573984,2.440500587949394,4.4467468808655655,0.08536585365853659,0.155,0.0,0.0,0.0,0.0,31,119,1.0,150,12,12,9,0,1.0,0.0,0.0,0.0
memorizer,7,3000049,0.86,0.7861538461538462,2.6935302620652037,2.630051680266089,4.928716592060262,0.11764705882352941,0.14,0.0,0.0,0.0,0.0,32,118,1.0,150,12,12,11,2,1.0,0.0,0.0,0.0
memorizer,8,3000050,0.86,0.7769230769230769,2.7107279156949655,2.651577419018518,4.955380143582153,0.07575757575757576,0.11,0.0,0.0,0.0,0.0,29,121,1.0,150,12,12,11,0,1.0,0.0,0.0,0.0
memorizer,9,3000051,0.848,0.7584615384615384,2.6094830749362474,2.5359056278509104,4.728354017222199,0.12345679012345678,0.155,0.0,0.0,0.0,0.0,22,128,1.0,150,12,12,11,1,1.0,0.0,0.0,0.0
memorizer,10,3000052,0.852,0.7584615384615384,2.652825153845882,2.5850184869241004,4.751049473643498,0.0273972602739726,0.145,0.0,0.0,0.0,0.0,36,114,1.0,150,12,12,10,1,1.0,0.0,0.0,0.0
memorizer,11,3000053,0.832,0.7446153846153846,2.5541873919387266,2.4849380299760564,4.542629256430069,0.06578947368421052,0.16,0.0,0.0,0.0,0.0,35,115,1.0,150,12,12,11,0,1.0,0.0,0.0,0.0
memorizer,12,3000054,0.846,0.7523076923076923,2.625243762223624,2.558879790342732,4.649613437916506,0.05555555555555555,0.15,0.0,0.0,0.0,0.0,30,120,1.0,150,12,12,11,1,1.0,0.0,0.0,0.0
memorizer,13,3000055,0.814,0.7323076923076923,2.451675823398137,2.373770291190133,4.359581176571494,0.11842105263157894,0.15,0.0,0.0,0.0,0.0,30,120,1.0,150,12,12,6,1,1.0,0.0,0.0,0.0
memorizer,14,3000056,0.852,0.7507692307692307,2.664657720978085,2.6040645292607483,4.733755107437636,0.05813953488372093,0.155,0.0,0.0,0.0,0.0,28,122,1.0,150,12,12,11,1,1.0,0.0,0.0,0.0
memorizer,15,3000057,0.814,0.7230769230769231,2.4533445084221603,2.3739962811732673,4.340310963068743,0.075,0.19,0.0,0.0,0.0,0.0,23,127,1.0,150,12,12,9,0,1.0,0.0,0.0,0.0
memorizer,16,3000058,0.854,0.7738461538461539,2.6498509097859695,2.587815023027744,4.7306244835719795,0.057971014492753624,0.145,0.0,0.0,0.0,0.0,31,119,1.0,150,10,10,9,1,1.0,0.0,0.0,0.0
memorizer,17,3000059,0.854,0.7661538461538462,2.65856107390639,2.5907544069846087,4.786788925327465,0.0821917808219178,0.125,0.0,0.0,0.0,0.0,33,117,1.0,150,12,12,11,1,1.0,0.0,0.0,0.0
memorizer,18,3000060,0.844,0.7723076923076924,2.6081815004339477,2.5403748335121663,4.721239720059445,0.1,0.12,0.0,0.0,0.0,0.0,28,122,1.0,150,12,12,10,2,1.0,0.0,0.0,0.0
memorizer,19,3000061,0.842,0.7476923076923077,2.6277757672641995,2.562854490424196,4.649703307796628,0.05,0.19,0.0,0.0,0.0,0.0,34,116,1.0,150,12,11,9,2,1.0,0.0,0.0,0.0
memorizer,20,3000062,0.88,0.7876923076923077,2.796072861953464,2.7412504503996833,4.8758277421030956,0.08108108108108109,0.135,0.0,0.0,0.0,0.0,23,127,1.0,150,12,12,12,4,1.0,0.0,0.0,0.0
memorizer,21,3000063,0.852,0.78,2.6455421382419217,2.5791781663610296,4.6401546345582805,0.13043478260869565,0.195,0.0,0.0,0.0,0.0,38,112,1.0,150,12,12,11,1,1.0,0.0,0.0,0.0
memorizer,22,3000064,0.858,0.7661538461538462,2.6630018081684277,2.5951951412466463,4.766523564524787,0.10975609756097561,0.135,0.0,0.0,0.0,0.0,31,119,1.0,150,12,12,12,0,1.0,0.0,0.0,0.0
memorizer,23,3000065,0.854,0.7507692307692307,2.664239705228299,2.5993184283882957,4.881971075081673,0.06976744186046512,0.17,0.0,0.0,0.0,0.0,24,126,1.0,150,12,12,11,1,1.0,0.0,0.0,0.0
memorizer,24,3000066,0.852,0.7476923076923077,2.6582305277568987,2.5961946409986734,4.653443550491129,0.03529411764705882,0.125,0.0,0.0,0.0,0.0,29,121,1.0,150,11,11,11,0,1.0,0.0,0.0,0.0
memorizer,25,3000067,0.88,0.7769230769230769,2.8208920865303106,2.7718404551400857,5.1964103082901,0.075,0.16,0.0,0.0,0.0,0.0,34,116,1.0,150,12,12,12,3,1.0,0.0,0.0,0.0
memorizer,26,3000068,0.834,0.7646153846153846,2.559769604888319,2.4890775478847598,4.661760185867049,0.11764705882352941,0.17,0.0,0.0,0.0,0.0,29,121,1.0,150,12,12,10,0,1.0,0.0,0.0,0.0
memorizer,27,3000069,0.824,0.7292307692307692,2.497425053870506,2.423847606785169,4.387355268128693,0.07792207792207792,0.125,0.0,0.0,0.0,0.0,42,108,1.0,150,12,12,8,0,1.0,0.0,0.0,0.0
memorizer,28,3000070,0.85,0.7661538461538462,2.642630919868039,2.5748242529462577,4.735509755633003,0.06944444444444445,0.125,0.0,0.0,0.0,0.0,28,122,1.0,150,12,12,11,1,1.0,0.0,0.0,0.0
memorizer,29,3000071,0.87,0.7676923076923077,2.749594690893402,2.6890014991760656,4.936542823491347,0.07894736842105263,0.12,0.0,0.0,0.0,0.0,26,124,1.0,150,12,12,12,2,1.0,0.0,0.0,0.0
memorizer,30,3000072,0.854,0.7615384615384615,2.64912865161768,2.57987928965501,4.834596944042723,0.07792207792207792,0.13,0.0,0.0,0.0,0.0,28,122,1.0,150,12,12,11,0,1.0,0.0,0.0,0.0
memorizer,31,3000073,0.834,0.7369230769230769,2.5755461342150063,2.510624857375003,4.628954312314742,0.028985507246376812,0.125,0.0,0.0,0.0,0.0,31,119,1.0,150,12,12,9,2,1.0,0.0,0.0,0.0
memorizer,32,3000074,0.81,0.7446153846153846,2.429284331667671,2.3484934093778893,4.358164113755681,0.09090909090909091,0.175,0.0,0.0,0.0,0.0,34,116,1.0,150,12,12,8,0,1.0,0.0,0.0,0.0
memorizer,33,3000075,0.856,0.7676923076923077,2.626181651496595,2.556932289533925,4.702685342215591,0.09210526315789473,0.185,0.0,0.0,0.0,0.0,29,121,1.0,150,11,11,10,3,1.0,0.0,0.0,0.0
memorizer,34,3000076,0.838,0.7461538461538462,2.5836841352449373,2.515877468323156,4.522449740736475,0.1111111111111111,0.13,0.0,0.0,0.0,0.0,28,122,1.0,150,12,12,10,1,1.0,0.0,0.0,0.0
memorizer,35,3000077,0.894,0.8015384615384615,2.89021664368005,2.839722317248936,5.201940161878453,0.07142857142857142,0.195,0.0,0.0,0.0,0.0,32,118,1.0,150,12,12,12,4,1.0,0.0,0.0,0.0
memorizer,36,3000078,0.85,0.7646153846153846,2.656607150234531,2.591685873394528,4.7356031471490025,0.09333333333333334,0.12,0.0,0.0,0.0,0.0,27,123,1.0,150,12,12,9,2,1.0,0.0,0.0,0.0
memorizer,37,3000079,0.842,0.7538461538461538,2.5866073492445345,2.515915292240975,4.768098015396709,0.056338028169014086,0.155,0.0,0.0,0.0,0.0,29,121,1.0,150,11,11,11,1,1.0,0.0,0.0,0.0
memorizer,38,3000080,0.844,0.7569230769230769,2.6016285684970555,2.530936511493496,4.555860794475312,0.11538461538461539,0.155,0.0,0.0,0.0,0.0,31,119,1.0,150,12,12,10,0,1.0,0.0,0.0,0.0
memorizer,39,3000081,0.85,0.7523076923076923,2.634947827407484,2.5671411604857024,4.556532951744438,0.06172839506172839,0.16,0.0,0.0,0.0,0.0,27,123,1.0,150,12,12,11,0,1.0,0.0,0.0,0.0
memorizer,40,3000082,0.846,0.7769230769230769,2.608520789895125,2.5392714279324546,4.755641048318949,0.1323529411764706,0.17,0.0,0.0,0.0,0.0,34,116,1.0,150,12,12,11,1,1.0,0.0,0.0,0.0
memorizer,41,3000083,0.844,0.7538461538461538,2.59037135623742,2.515351214111194,4.616151944937937,0.056338028169014086,0.17,0.0,0.0,0.0,0.0,40,110,1.0,150,12,12,11,0,1.0,0.0,0.0,0.0
memorizer,42,3000084,0.846,0.7707692307692308,2.5947545259577964,2.5226197739133482,4.70997243272252,0.1527777777777778,0.145,0.0,0.0,0.0,0.0,25,125,1.0,150,11,11,11,1,1.0,0.0,0.0,0.0
memorizer,43,3000085,0.862,0.7876923076923077,2.694970025925046,2.632934139166821,4.919320359718958,0.07575757575757576,0.13,0.0,0.0,0.0,0.0,36,114,1.0,150,12,12,12,2,1.0,0.0,0.0,0.0
memorizer,44,3000086,0.864,0.7815384615384615,2.6926142842070195,2.624807617285238,5.009279117730424,0.0625,0.15,0.0,0.0,0.0,0.0,27,123,1.0,150,12,12,12,1,1.0,0.0,0.0,0.0
memorizer,45,3000087,0.82,0.7476923076923077,2.468104389261209,2.3901988570532047,4.281280801062001,0.11428571428571428,0.145,0.0,0.0,0.0,0.0,27,123,1.0,150,12,12,9,1,1.0,0.0,0.0,0.0
memorizer,46,3000088,0.874,0.7630769230769231,2.7932373608735626,2.739857644360671,4.972064309097819,0.060240963855421686,0.15,0.0,0.0,0.0,0.0,30,120,1.0,150,12,12,12,3,1.0,0.0,0.0,0.0
memorizer,47,3000089,0.864,0.7692307692307693,2.741269236532149,2.687889520019257,4.995927260856948,0.07894736842105263,0.15,0.0,0.0,0.0,0.0,30,120,1.0,150,12,12,11,2,1.0,0.0,0.0,0.0
memorizer,48,3000090,0.818,0.7276923076923076,2.4469608345981233,2.3618418271856743,4.2199941347263294,0.03896103896103896,0.11,0.0,0.0,0.0,0.0,29,121,1.0,150,11,10,8,1,1.0,0.0,0.0,0.0
memorizer,49,3000091,0.838,0.7446153846153846,2.570440953264431,2.495420811138205,4.515287382252894,0.06756756756756757,0.24,0.0,0.0,0.0,0.0,27,123,1.0,150,12,12,9,0,1.0,0.0,0.0,0.0
memorizer,50,3000092,0.858,0.7553846153846154,2.6802106993868797,2.6152894225468764,5.00867113483681,0.12643678160919541,0.15,0.0,0.0,0.0,0.0,34,116,1.0,150,12,12,12,2,1.0,0.0,0.0,0.0
memorizer,51,3000093,0.858,0.7769230769230769,2.685566518453988,2.6206452416139845,5.039253409276432,0.07142857142857142,0.19,0.0,0.0,0.0,0.0,28,122,1.0,150,12,12,12,1,1.0,0.0,0.0,0.0
memorizer,52,3000094,0.844,0.76,2.588505675925628,2.5178136189220686,4.655361570608019,0.0684931506849315,0.19,0.0,0.0,0.0,0.0,20,130,1.0,150,11,11,9,0,1.0,0.0,0.0,0.0
memorizer,53,3000095,0.884,0.7907692307692308,2.8387720720173837,2.78827774558627,5.039837294755819,0.08333333333333333,0.2,0.0,0.0,0.0,0.0,29,121,1.0,150,12,12,11,4,1.0,0.0,0.0,0.0
memorizer,54,3000096,0.834,0.7569230769230769,2.551165873145802,2.476145731019576,4.639494079175611,0.08955223880597014,0.15,0.0,0.0,0.0,0.0,29,121,1.0,150,12,12,11,0,1.0,0.0,0.0,0.0
memorizer,55,3000097,0.842,0.7661538461538462,2.575366159651246,2.501788712565909,4.676058365498173,0.0958904109589041,0.17,0.0,0.0,0.0,0.0,24,126,1.0,150,12,12,9,2,1.0,0.0,0.0,0.0
memorizer,56,3000098,0.838,0.7646153846153846,2.5941785174460907,2.5292572406060874,4.593148568567869,0.08064516129032258,0.135,0.0,0.0,0.0,0.0,38,112,1.0,150,11,11,10,0,1.0,0.0,0.0,0.0
memorizer,57,3000099,0.834,0.7584615384615384,2.5307657251909226,2.449974802901141,4.619038461385913,0.09210526315789473,0.16,0.0,0.0,0.0,0.0,36,114,1.0,150,12,12,9,0,1.0,0.0,0.0,0.0
memorizer,58,3000100,0.836,0.76,2.5568083054903,2.4817881633640737,4.3593526042788495,0.08108108108108109,0.17,0.0,0.0,0.0,0.0,30,120,1.0,150,12,12,10,0,1.0,0.0,0.0,0.0
memorizer,59,3000101,0.848,0.7584615384615384,2.6247379940335875,2.554045937030028,4.756558572659249,0.0759493670886076,0.14,0.0,0.0,0.0,0.0,32,118,1.0,150,12,12,12,0,1.0,0.0,0.0,0.0
memorizer,60,3000102,0.856,0.7676923076923077,2.6410090136966096,2.57031695669305,4.559758410568562,0.10526315789473684,0.145,0.0,0.0,0.0,0.0,36,114,1.0,150,10,10,10,1,1.0,0.0,0.0,0.0
memorizer,61,3000103,0.868,0.7753846153846153,2.729611628407258,2.6646903515672546,5.044085935212476,0.09333333333333334,0.19,0.0,0.0,0.0,0.0,35,115,1.0,150,12,12,12,2,1.0,0.0,0.0,0.0
memorizer,62,3000104,0.842,0.7630769230769231,2.585016234675882,2.5157668727132116,4.602211134069124,0.12987012987012986,0.15,0.0,0.0,0.0,0.0,30,120,1.0,150,11,11,10,0,1.0,0.0,0.0,0.0
memorizer,63,3000105,0.85,0.7738461538461539,2.6573274211119604,2.598176924435513,4.594205362126003,0.07352941176470588,0.205,0.0,0.0,0.0,0.0,30,120,1.0,150,12,12,11,0,1.0,0.0,0.0,0.0
memorizer,64,3000106,0.864,0.7769230769230769,2.7391648094464833,2.684342397892703,5.0322424688180325,0.05714285714285714,0.18,0.0,0.0,0.0,0.0,31,119,1.0,150,12,12,11,3,1.0,0.0,0.0,0.0
memorizer,65,3000107,0.846,0.7569230769230769,2.629378297782546,2.5658997159834316,4.665671148481827,0.06578947368421052,0.16,0.0,0.0,0.0,0.0,29,121,1.0,150,12,12,9,1,1.0,0.0,0.0,0.0
memorizer,66,3000108,0.83,0.7507692307692307,2.5282440549505663,2.450338522742562,4.438699585063033,0.0945945945945946,0.165,0.0,0.0,0.0,0.0,33,117,1.0,150,12,12,9,0,1.0,0.0,0.0,0.0
memorizer,67,3000109,0.878,0.78,2.8070422028768887,2.752219791323108,5.083663387799839,0.056338028169014086,0.145,0.0,0.0,0.0,0.0,31,119,1.0,150,12,12,12,3,1.0,0.0,0.0,0.0
memorizer,68,3000110,0.836,0.7415384615384616,2.5422875821034743,2.4658247449363593,4.4639226693201906,0.05333333333333334,0.14,0.0,0.0,0.0,0.0,35,115,1.0,150,12,12,10,0,1.0,0.0,0.0,0.0
memorizer,69,3000111,0.854,0.76,2.6708859607876283,2.6074073789885137,4.910143350403327,0.14285714285714285,0.17,0.0,0.0,0.0,0.0,27,123,1.0,150,12,12,11,1,1.0,0.0,0.0,0.0
memorizer,70,3000112,0.854,0.7569230769230769,2.632898542258236,2.560763790213788,4.691820656720996,0.08974358974358974,0.15,0.0,0.0,0.0,0.0,36,114,1.0,150,11,11,11,1,1.0,0.0,0.0,0.0
memorizer,71,3000113,0.852,0.7646153846153846,2.641464456714823,2.5707723997112635,4.776571885102051,0.136986301369863,0.16,0.0,0.0,0.0,0.0,34,116,1.0,150,12,12,12,1,1.0,0.0,0.0,0.0
memorizer,72,3000114,0.86,0.7553846153846154,2.71234931106138,2.6531988143849325,4.938947876599508,0.0379746835443038,0.185,0.0,0.0,0.0,0.0,28,122,1.0,150,12,12,11,0,1.0,0.0,0.0,0.0
memorizer,73,3000115,0.87,0.7769230769230769,2.734760496867768,2.6727246101095425,4.856812153932913,0.0547945205479452,0.16,0.0,0.0,0.0,0.0,39,111,1.0,150,11,11,11,1,1.0,0.0,0.0,0.0
memorizer,74,3000116,0.856,0.7707692307692308,2.669497784207345,2.6045765073673417,4.737016794547553,0.08695652173913043,0.23,0.0,0.0,0.0,0.0,30,120,1.0,150,12,12,12,1,1.0,0.0,0.0,0.0
memorizer,75,3000117,0.844,0.7569230769230769,2.598520784384613,2.5278287273810536,4.729381190541195,0.05714285714285714,0.195,0.0,0.0,0.0,0.0,33,117,1.0,150,11,11,9,0,1.0,0.0,0.0,0.0
memorizer,76,3000118,0.858,0.7738461538461539,2.667898684463568,2.6029774076235648,4.832658626139891,0.06756756756756757,0.13,0.0,0.0,0.0,0.0,29,121,1.0,150,12,12,12,0,1.0,0.0,0.0,0.0
memorizer,77,3000119,0.846,0.7738461538461539,2.60140413524259,2.527826688157253,4.663983392090912,0.10144927536231885,0.16,0.0,0.0,0.0,0.0,29,121,1.0,150,12,12,10,1,1.0,0.0,0.0,0.0
memorizer,78,3000120,0.876,0.7753846153846153,2.7748754537668745,2.712839567008649,5.181000840667096,0.05263157894736842,0.16,0.0,0.0,0.0,0.0,34,116,1.0,150,12,12,12,5,1.0,0.0,0.0,0.0
memorizer,79,3000121,0.85,0.7569230769230769,2.609048500955888,2.5340283588296617,4.8703670404048,0.04054054054054054,0.12,0.0,0.0,0.0,0.0,28,122,1.0,150,12,12,11,2,1.0,0.0,0.0,0.0
memorizer,80,3000122,0.848,0.7753846153846153,2.65705890021996,2.5950230134617347,4.727016403332426,0.08450704225352113,0.14,0.0,0.0,0.0,0.0,33,117,1.0,150,12,12,11,1,1.0,0.0,0.0,0.0
memorizer,81,3000123,0.856,0.7553846153846154,2.6748928171192428,2.6070861501974614,4.894634865715168,0.07407407407407407,0.175,0.0,0.0,0.0,0.0,30,120,1.0,150,12,12,12,2,1.0,0.0,0.0,0.0
memorizer,82,3000124,0.878,0.7738461538461539,2.8085328787936437,2.756595857321641,5.092502270719145,0.06493506493506493,0.1,0.0,0.0,0.0,0.0,26,124,1.0,150,12,12,12,4,1.0,0.0,0.0,0.0
memorizer,83,3000125,0.86,0.7723076923076924,2.6918928750609394,2.629856988302714,4.873166937884003,0.09859154929577464,0.195,0.0,0.0,0.0,0.0,28,122,1.0,150,12,12,12,2,1.0,0.0,0.0,0.0
memorizer,84,3000126,0.842,0.7384615384615385,2.6090107282823327,2.5426467564014406,4.71958502192237,0.0375,0.21,0.0,0.0,0.0,0.0,35,115,1.0,150,11,11,9,0,1.0,0.0,0.0,0.0
memorizer,85,3000127,0.826,0.7246153846153847,2.502188132728609,2.422839905479716,4.5664147644297115,0.024096385542168676,0.185,0.0,0.0,0.0,0.0,23,127,1.0,150,12,12,10,0,1.0,0.0,0.0,0.0
memorizer,86,3000128,0.86,0.7815384615384615,2.6786160411643625,2.610809374242581,4.751404063651553,0.07142857142857142,0.175,0.0,0.0,0.0,0.0,29,121,1.0,150,12,12,12,1,1.0,0.0,0.0,0.0
memorizer,87,3000129,0.856,0.7661538461538462,2.6588405853967148,2.5924766135158226,4.812575142558209,0.05555555555555555,0.175,0.0,0.0,0.0,0.0,27,123,1.0,150,11,11,10,2,1.0,0.0,0.0,0.0
memorizer,88,3000130,0.878,0.8,2.8075710230423105,2.754191306529419,5.083863745805829,0.09523809523809523,0.14,0.0,0.0,0.0,0.0,28,122,1.0,150,12,12,11,6,1.0,0.0,0.0,0.0
memorizer,89,3000131,0.838,0.7384615384615385,2.592879685998262,2.5279584091582588,4.581756517217773,0.05813953488372093,0.18,0.0,0.0,0.0,0.0,26,124,1.0,150,11,11,9,0,1.0,0.0,0.0,0.0
memorizer,90,3000132,0.834,0.7569230769230769,2.57170353452069,2.5024541725580196,4.521685096941214,0.09523809523809523,0.14,0.0,0.0,0.0,0.0,30,120,1.0,150,12,12,11,0,1.0,0.0,0.0,0.0
memorizer,91,3000133,0.866,0.7907692307692308,2.732504664525199,2.6719114728078623,4.848623007739466,0.09523809523809523,0.125,0.0,0.0,0.0,0.0,30,120,1.0,150,12,12,12,3,1.0,0.0,0.0,0.0
memorizer,92,3000134,0.84,0.7538461538461538,2.586632272142991,2.520268300262099,4.599771609053325,0.05714285714285714,0.18,0.0,0.0,0.0,0.0,27,123,1.0,150,12,12,10,0,1.0,0.0,0.0,0.0
memorizer,93,3000135,0.846,0.7646153846153846,2.6129781200473565,2.5437287580846863,4.8004622836611475,0.14102564102564102,0.125,0.0,0.0,0.0,0.0,28,122,1.0,150,12,12,10,1,1.0,0.0,0.0,0.0
memorizer,94,3000136,0.85,0.7615384615384615,2.6191925702823324,2.548500513278773,4.7363252039682875,0.10810810810810811,0.145,0.0,0.0,0.0,0.0,26,124,1.0,150,12,12,10,1,1.0,0.0,0.0,0.0
memorizer,95,3000137,0.85,0.76,2.6553797866409754,2.591901204841861,4.916288232566688,0.06578947368421052,0.18,0.0,0.0,0.0,0.0,21,129,1.0,150,12,12,11,2,1.0,0.0,0.0,0.0
memorizer,96,3000138,0.826,0.7415384615384616,2.500213107864882,2.423750270697767,4.390878321689123,0.10526315789473684,0.12,0.0,0.0,0.0,0.0,24,126,1.0,150,12,12,9,0,1.0,0.0,0.0,0.0
memorizer,97,3000139,0.862,0.7646153846153846,2.6966191440210836,2.6316978671810802,4.834571840053441,0.05128205128205128,0.165,0.0,0.0,0.0,0.0,36,114,1.0,150,12,12,12,1,1.0,0.0,0.0,0.0
memorizer,98,3000140,0.878,0.7907692307692308,2.793209258167385,2.7340587614909375,4.922819641844716,0.08,0.155,0.0,0.0,0.0,0.0,36,114,1.0,150,12,12,12,3,1.0,0.0,0.0,0.0
memorizer,99,3000141,0.846,0.7615384615384615,2.626959692658869,2.559153025737088,4.5124988216298,0.043478260869565216,0.165,0.0,0.0,0.0,0.0,30,120,1.0,150,12,12,11,0,1.0,0.0,0.0,0.0
memorizer,100,3000142,0.856,0.7630769230769231,2.6806169575772225,2.617138375778108,4.789658180574367,0.075,0.115,0.0,0.0,0.0,0.0,26,124,1.0,150,11,11,11,1,1.0,0.0,0.0,0.0
memorizer,101,3000143,0.866,0.7907692307692308,2.750905294986813,2.6946401883921434,5.13114512937084,0.04477611940298507,0.14,0.0,0.0,0.0,0.0,34,116,1.0,150,12,12,12,1,1.0,0.0,0.0,0.0
memorizer,102,3000144,0.878,0.7815384615384615,2.7977667428314303,2.74294433127765,4.915875482375755,0.05194805194805195,0.15,0.0,0.0,0.0,0.0,26,124,1.0,150,12,12,11,5,1.0,0.0,0.0,0.0
memorizer,103,3000145,0.86,0.7707692307692308,2.6917528362659318,2.6268315594259284,4.961115138204437,0.029850746268656716,0.195,0.0,0.0,0.0,0.0,26,124,1.0,150,12,12,11,2,1.0,0.0,0.0,0.0
memorizer,104,3000146,0.874,0.7784615384615384,2.7759339365082543,2.7196688299135845,5.06704261014503,0.06578947368421052,0.18,0.0,0.0,0.0,0.0,31,119,1.0,150,12,12,11,3,1.0,0.0,0.0,0.0
memorizer,105,3000147,0.854,0.7692307692307693,2.671886921491554,2.6098510347333286,4.964724826292285,0.13513513513513514,0.1,0.0,0.0,0.0,0.0,31,119,1.0,150,12,12,10,1,1.0,0.0,0.0,0.0
memorizer,106,3000148,0.856,0.7707692307692308,2.6642640720182267,2.5979001001373345,4.902528134293558,0.06666666666666667,0.125,0.0,0.0,0.0,0.0,25,125,1.0,150,11,11,10,0,1.0,0.0,0.0,0.0
memorizer,107,3000149,0.876,0.7753846153846153,2.8027152198004885,2.749335503287597,5.015126926161322,0.0625,0.175,0.0,0.0,0.0,0.0,34,116,1.0,150,12,12,11,4,1.0,0.0,0.0,0.0
memorizer,108,3000150,0.834,0.7553846153846154,2.54158665058701,2.466566508460784,4.621883761994486,0.05555555555555555,0.16,0.0,0.0,0.0,0.0,26,124,1.0,150,12,12,12,0,1.0,0.0,0.0,0.0
memorizer,109,3000151,0.88,0.7923076923076923,2.8286882370270905,2.7796366056368655,4.985821866770196,0.08974358974358974,0.17,0.0,0.0,0.0,0.0,34,116,1.0,150,12,12,12,3,1.0,0.0,0.0,0.0
memorizer,110,3000152,0.858,0.78,2.6709902003963895,2.6017408384337193,4.763453927320853,0.11594202898550725,0.165,0.0,0.0,0.0,0.0,37,113,1.0,150,12,12,11,1,1.0,0.0,0.0,0.0
memorizer,111,3000153,0.868,0.7830769230769231,2.7575919109408096,2.704212194427918,4.836669329311179,0.12162162162162163,0.165,0.0,0.0,0.0,0.0,27,123,1.0,150,12,12,12,1,1.0,0.0,0.0,0.0
memorizer,112,3000154,0.832,0.7707692307692308,2.5498742038585487,2.4791821468549893,4.455035432831923,0.08196721311475409,0.15,0.0,0.0,0.0,0.0,30,120,1.0,150,11,11,9,2,1.0,0.0,0.0,0.0
memorizer,113,3000155,0.854,0.7646153846153846,2.6865314906366757,2.6273809939602284,4.780872110316371,0.0821917808219178,0.165,0.0,0.0,0.0,0.0,30,120,1.0,150,12,12,11,1,1.0,0.0,0.0,0.0
memorizer,114,3000156,0.836,0.7415384615384616,2.5850280505236896,2.5186640786427974,4.411273817283197,0.10465116279069768,0.16,0.0,0.0,0.0,0.0,35,115,1.0,150,12,12,9,1,1.0,0.0,0.0,0.0
memorizer,115,3000157,0.84,0.7538461538461538,2.58278203396272,2.509204586877383,4.553517377062648,0.08,0.145,0.0,0.0,0.0,0.0,29,121,1.0,150,12,12,9,1,1.0,0.0,0.0,0.0
memorizer,116,3000158,0.868,0.7676923076923077,2.745654977757278,2.6879471761217193,4.93189664239158,0.1,0.15,0.0,0.0,0.0,0.0,32,118,1.0,150,11,11,11,1,1.0,0.0,0.0,0.0
memorizer,117,3000159,0.856,0.7738461538461539,2.671825808077534,2.6083472262784193,4.819024963513817,0.0684931506849315,0.175,0.0,0.0,0.0,0.0,17,133,1.0,150,11,11,9,2,1.0,0.0,0.0,0.0
memorizer,118,3000160,0.848,0.7676923076923077,2.6321576311858683,2.565793659304976,4.791117316896977,0.08450704225352113,0.14,0.0,0.0,0.0,0.0,31,119,1.0,150,12,12,10,2,1.0,0.0,0.0,0.0
memorizer,119,3000161,0.848,0.7492307692307693,2.6252473818816418,2.5559980199189716,4.769415908741769,0.04225352112676056,0.17,0.0,0.0,0.0,0.0,29,121,1.0,150,12,12,11,0,1.0,0.0,0.0,0.0
memorizer,120,3000162,0.832,0.7353846153846154,2.5312974096911844,2.4548345725240694,4.459351071090417,0.09411764705882353,0.135,0.0,0.0,0.0,0.0,35,115,1.0,150,12,12,8,1,1.0,0.0,0.0,0.0
memorizer,121,3000163,0.824,0.7353846153846154,2.499566545737758,2.425989098652421,4.5639323452659735,0.038461538461538464,0.13,0.0,0.0,0.0,0.0,32,118,1.0,150,12,12,10,0,1.0,0.0,0.0,0.0
memorizer,122,3000164,0.86,0.7507692307692307,2.709639533073986,2.6504890363975386,4.8062831434572075,0.07792207792207792,0.185,0.0,0.0,0.0,0.0,31,119,1.0,150,12,12,11,1,1.0,0.0,0.0,0.0
memorizer,123,3000165,0.852,0.7723076923076924,2.631361005187566,2.559226253143118,4.619800303010193,0.045454545454545456,0.17,0.0,0.0,0.0,0.0,41,109,1.0,150,12,12,10,2,1.0,0.0,0.0,0.0
memorizer,124,3000166,0.858,0.7523076923076923,2.709194940999706,2.6500444443232585,4.861252386673254,0.02531645569620253,0.16,0.0,0.0,0.0,0.0,34,116,1.0,150,12,11,11,1,1.0,0.0,0.0,0.0
memorizer,125,3000167,0.842,0.7523076923076923,2.6201833168927715,2.556704735093657,4.629127882815628,0.05333333333333334,0.145,0.0,0.0,0.0,0.0,27,123,1.0,150,12,12,9,3,1.0,0.0,0.0,0.0
memorizer,126,3000168,0.86,0.7753846153846153,2.6760267372465867,2.6067773752839165,4.578296179664244,0.10810810810810811,0.165,0.0,0.0,0.0,0.0,29,121,1.0,150,12,12,12,1,1.0,0.0,0.0,0.0
memorizer,127,3000169,0.866,0.7707692307692308,2.724967687131149,2.6672598854955902,4.881661583518849,0.10256410256410256,0.2,0.0,0.0,0.0,0.0,37,113,1.0,150,11,11,11,1,1.0,0.0,0.0,0.0
memorizer,128,3000170,0.85,0.7723076923076924,2.656295140875476,2.5957019491581392,4.641140358136182,0.08823529411764706,0.175,0.0,0.0,0.0,0.0,22,128,1.0,150,12,12,10,3,1.0,0.0,0.0,0.0
memorizer,129,3000171,0.822,0.74,2.5036103477336997,2.4314755956892515,4.277121154100119,0.045454545454545456,0.22,0.0,0.0,0.0,0.0,34,116,1.0,150,12,12,9,0,1.0,0.0,0.0,0.0
memorizer,130,3000172,0.838,0.7384615384615385,2.579891718018157,2.5077569659737087,4.469139375399071,0.04878048780487805,0.145,0.0,0.0,0.0,0.0,32,118,1.0,150,12,12,10,0,1.0,0.0,0.0,0.0
memorizer,131,3000173,0.842,0.7661538461538462,2.608025130261075,2.5402184633392935,4.702464701785088,0.08695652173913043,0.165,0.0,0.0,0.0,0.0,33,117,1.0,150,12,12,10,0,1.0,0.0,0.0,0.0
memorizer,132,3000174,0.844,0.7538461538461538,2.6088563156101583,2.53672156356571,4.725887616303272,0.05714285714285714,0.145,0.0,0.0,0.0,0.0,37,113,1.0,150,12,12,11,0,1.0,0.0,0.0,0.0
memorizer,133,3000175,0.844,0.7476923076923077,2.5929353877634913,2.517915245637265,4.701711518378167,0.1095890410958904,0.14,0.0,0.0,0.0,0.0,28,122,1.0,150,12,12,10,1,1.0,0.0,0.0,0.0
memorizer,134,3000176,0.822,0.7461538461538462,2.4704812966675718,2.3925757644595675,4.322060981257813,0.10666666666666667,0.15,0.0,0.0,0.0,0.0,34,116,1.0,150,11,11,9,1,1.0,0.0,0.0,0.0
memorizer,135,3000177,0.88,0.7769230769230769,2.8138653197460917,2.7604856032332,4.899279655098108,0.06493506493506493,0.2,0.0,0.0,0.0,0.0,22,128,1.0,150,12,12,12,3,1.0,0.0,0.0,0.0
memorizer,136,3000178,0.854,0.7784615384615384,2.6689759305009924,2.609825433824545,4.804607878315385,0.09859154929577464,0.2,0.0,0.0,0.0,0.0,32,118,1.0,150,11,11,8,1,1.0,0.0,0.0,0.0
memorizer,137,3000179,0.858,0.7569230769230769,2.66181735505309,2.5940106881313088,4.827559775906268,0.038461538461538464,0.17,0.0,0.0,0.0,0.0,32,118,1.0,150,12,12,12,0,1.0,0.0,0.0,0.0
memorizer,138,3000180,0.848,0.7507692307692307,2.6010722832210527,2.5246094460539377,4.6425818386766995,0.06756756756756757,0.12,0.0,0.0,0.0,0.0,25,125,1.0,150,12,12,10,1,1.0,0.0,0.0,0.0
memorizer,139,3000181,0.852,0.7538461538461538,2.6317228754783946,2.561030818474835,4.856414117534065,0.10126582278481013,0.12,0.0,0.0,0.0,0.0,30,120,1.0,150,12,12,10,2,1.0,0.0,0.0,0.0
memorizer,140,3000182,0.878,0.7784615384615384,2.817746857722563,2.7658098362505603,5.123340071730223,0.06329113924050633,0.155,0.0,0.0,0.0,0.0,33,117,1.0,150,12,12,12,3,1.0,0.0,0.0,0.0
memorizer,141,3000183,0.824,0.7384615384615385,2.5055473259995367,2.4305271838733105,4.485066923270312,0.1566265060240964,0.165,0.0,0.0,0.0,0.0,33,117,1.0,150,12,12,8,0,1.0,0.0,0.0,0.0
memorizer,142,3000184,0.832,0.7476923076923077,2.5303659122608457,2.4596738552572863,4.732388836641918,0.1282051282051282,0.215,0.0,0.0,0.0,0.0,28,122,1.0,150,12,12,9,0,1.0,0.0,0.0,0.0
memorizer,143,3000185,0.836,0.7646153846153846,2.5654864206676757,2.4962370587050056,4.5243246966693915,0.125,0.18,0.0,0.0,0.0,0.0,27,123,1.0,150,11,11,8,1,1.0,0.0,0.0,0.0
memorizer,144,3000186,0.864,0.7507692307692307,2.72048685096569,2.6584509642074647,5.137715983145707,0.012048192771084338,0.175,0.0,0.0,0.0,0.0,41,109,1.0,150,12,12,12,2,1.0,0.0,0.0,0.0
memorizer,145,3000187,0.848,0.7569230769230769,2.625142142672516,2.5573354757507345,4.817457879820607,0.041666666666666664,0.145,0.0,0.0,0.0,0.0,36,114,1.0,150,12,12,11,0,1.0,0.0,0.0,0.0
memorizer,146,3000188,0.866,0.7661538461538462,2.713392488897515,2.647028517016623,4.737398312229637,0.0625,0.13,0.0,0.0,0.0,0.0,41,109,1.0,150,12,12,11,1,1.0,0.0,0.0,0.0
memorizer,147,3000189,0.856,0.7723076923076924,2.6513140949182104,2.579179342873762,4.7924031485504255,0.0958904109589041,0.21,0.0,0.0,0.0,0.0,23,127,1.0,150,12,12,11,1,1.0,0.0,0.0,0.0
memorizer,148,3000190,0.868,0.796923076923077,2.719110747501543,2.6556321657024284,4.875537006871971,0.1388888888888889,0.16,0.0,0.0,0.0,0.0,33,117,1.0,150,11,11,11,2,1.0,0.0,0.0,0.0
memorizer,149,3000191,0.868,0.7661538461538462,2.734483685234139,2.672447798475914,4.979082244096641,0.10465116279069768,0.16,0.0,0.0,0.0,0.0,27,123,1.0,150,12,12,12,2,1.0,0.0,0.0,0.0
memorizer,150,3000192,0.834,0.7461538461538462,2.545946451012057,2.47236900392672,4.627180397758576,0.08,0.135,0.0,0.0,0.0,0.0,28,122,1.0,150,12,12,11,0,1.0,0.0,0.0,0.0
memorizer,151,3000193,0.846,0.7507692307692307,2.6279684956443514,2.5616045237634593,4.763755640435352,0.04938271604938271,0.17,0.0,0.0,0.0,0.0,29,121,1.0,150,12,12,11,2,1.0,0.0,0.0,0.0
memorizer,152,3000194,0.824,0.7292307692307692,2.484811720672953,2.402578103342282,4.414725282649538,0.10256410256410256,0.135,0.0,0.0,0.0,0.0,35,115,1.0,150,12,12,10,0,1.0,0.0,0.0,0.0
memorizer,153,3000195,0.854,0.7723076923076924,2.676316281647705,2.6157230899303685,4.7691497177446704,0.08571428571428572,0.14,0.0,0.0,0.0,0.0,28,122,1.0,150,12,12,12,0,1.0,0.0,0.0,0.0
memorizer,154,3000196,0.818,0.7430769230769231,2.4368830355138105,2.3503213330604726,4.267174760884958,0.07042253521126761,0.16,0.0,0.0,0.0,0.0,34,116,1.0,150,12,12,9,0,1.0,0.0,0.0,0.0
memorizer,155,3000197,0.822,0.7569230769230769,2.4759008470386816,2.3979953148306774,4.450426061734521,0.1076923076923077,0.205,0.0,0.0,0.0,0.0,29,121,1.0,150,12,12,8,0,1.0,0.0,0.0,0.0
memorizer,156,3000198,0.838,0.7523076923076923,2.6087655315078173,2.5481723397904807,4.799775687763654,0.06666666666666667,0.145,0.0,0.0,0.0,0.0,27,123,1.0,150,12,12,11,1,1.0,0.0,0.0,0.0
memorizer,157,3000199,0.84,0.7615384615384615,2.600644121089411,2.5342801492085187,4.720643065231735,0.1,0.135,0.0,0.0,0.0,0.0,24,126,1.0,150,12,12,11,1,1.0,0.0,0.0,0.0
memorizer,158,3000200,0.862,0.7646153846153846,2.708988617800476,2.6498381211240285,4.992457514033856,0.056338028169014086,0.18,0.0,0.0,0.0,0.0,34,116,1.0,150,10,10,10,1,1.0,0.0,0.0,0.0
memorizer,159,3000201,0.872,0.7892307692307692,2.7671691559208957,2.709461354285337,5.086580658229374,0.125,0.21,0.0,0.0,0.0,0.0,30,120,1.0,150,12,12,12,4,1.0,0.0,0.0,0.0
memorizer,160,3000202,0.87,0.7876923076923077,2.7619369399395595,2.704229138304001,5.12688336248532,0.058823529411764705,0.145,0.0,0.0,0.0,0.0,39,111,1.0,150,12,12,11,3,1.0,0.0,0.0,0.0
memorizer,161,3000203,0.872,0.7707692307692308,2.7588555892950968,2.69826239757776,4.945486282088194,0.1125,0.15,0.0,0.0,0.0,0.0,36,114,1.0,150,11,11,11,2,1.0,0.0,0.0,0.0
memorizer,162,3000204,0.854,0.7661538461538462,2.6564943702556327,2.5901303983747406,4.809074496118313,0.05194805194805195,0.17,0.0,0.0,0.0,0.0,28,122,1.0,150,12,12,11,1,1.0,0.0,0.0,0.0
memorizer,163,3000205,0.842,0.7753846153846153,2.5961668199358865,2.531245543095883,4.632894104463239,0.09090909090909091,0.12,0.0,0.0,0.0,0.0,40,110,1.0,150,12,12,10,1,1.0,0.0,0.0,0.0
memorizer,164,3000206,0.846,0.7676923076923077,2.6160721283482715,2.545380071344712,4.790798165810336,0.08333333333333333,0.145,0.0,0.0,0.0,0.0,38,112,1.0,150,12,12,10,2,1.0,0.0,0.0,0.0
memorizer,165,3000207,0.866,0.7676923076923077,2.7032105966779456,2.6382893198379422,4.988597450937633,0.08,0.175,0.0,0.0,0.0,0.0,32,118,1.0,150,12,12,12,1,1.0,0.0,0.0,0.0
memorizer,166,3000208,0.844,0.7523076923076923,2.6189441924754684,2.5525802205945762,4.718065092759123,0.08108108108108109,0.165,0.0,0.0,0.0,0.0,29,121,1.0,150,12,12,12,2,1.0,0.0,0.0,0.0
memorizer,167,3000209,0.822,0.7430769230769231,2.5026040009016883,2.4290265538163514,4.495517052570092,0.11392405063291139,0.16,0.0,0.0,0.0,0.0,21,129,1.0,150,12,12,9,0,1.0,0.0,0.0,0.0
memorizer,168,3000210,0.852,0.7692307692307693,2.66339321033895,2.6028000186216134,4.839595497208135,0.029411764705882353,0.175,0.0,0.0,0.0,0.0,32,118,1.0,150,11,11,10,0,1.0,0.0,0.0,0.0
memorizer,169,3000211,0.838,0.7338461538461538,2.578115864780874,2.508866502818204,4.6173936487514515,0.0379746835443038,0.17,0.0,0.0,0.0,0.0,31,119,1.0,150,12,12,8,1,1.0,0.0,0.0,0.0
memorizer,170,3000212,0.848,0.7630769230769231,2.599872479187762,2.5320658122659805,4.533465851036046,0.05555555555555555,0.18,0.0,0.0,0.0,0.0,25,125,1.0,150,10,10,7,1,1.0,0.0,0.0,0.0
memorizer,171,3000213,0.864,0.7769230769230769,2.7004877762149357,2.637009194415821,4.897595998793572,0.11688311688311688,0.195,0.0,0.0,0.0,0.0,27,123,1.0,150,12,12,11,3,1.0,0.0,0.0,0.0
memorizer,172,3000214,0.824,0.7476923076923077,2.499343225918464,2.422880388751349,4.603727661483538,0.11594202898550725,0.15,0.0,0.0,0.0,0.0,25,125,1.0,150,11,11,8,0,1.0,0.0,0.0,0.0
memorizer,173,3000215,0.844,0.7507692307692307,2.5959883090357647,2.5224108619504277,4.670024019226283,0.027777777777777776,0.165,0.0,0.0,0.0,0.0,28,122,1.0,150,12,12,11,1,1.0,0.0,0.0,0.0
memorizer,174,3000216,0.874,0.7753846153846153,2.7619078732562112,2.699871986497986,5.116508266892308,0.05194805194805195,0.185,0.0,0.0,0.0,0.0,32,118,1.0,150,12,12,10,4,1.0,0.0,0.0,0.0
memorizer,175,3000217,0.84,0.7661538461538462,2.5604243420267685,2.4825188098187643,4.6462087952642195,0.1506849315068493,0.175,0.0,0.0,0.0,0.0,34,116,1.0,150,12,12,10,0,1.0,0.0,0.0,0.0
memorizer,176,3000218,0.842,0.7584615384615384,2.595122404150358,2.52298765210591,4.7649801604171165,0.09333333333333334,0.145,0.0,0.0,0.0,0.0,24,126,1.0,150,12,12,9,0,1.0,0.0,0.0,0.0
memorizer,177,3000219,0.828,0.7461538461538462,2.506776321568049,2.427428094319156,4.455902295662348,0.1038961038961039,0.13,0.0,0.0,0.0,0.0,35,115,1.0,150,12,12,9,0,1.0,0.0,0.0,0.0
memorizer,178,3000220,0.85,0.76,2.6155159339087053,2.544823876905146,4.6880246940861765,0.08108108108108109,0.19,0.0,0.0,0.0,0.0,30,120,1.0,150,12,12,10,2,1.0,0.0,0.0,0.0
memorizer,179,3000221,0.832,0.74,2.5420588481719557,2.4713667911683963,4.601816103218979,0.0759493670886076,0.21,0.0,0.0,0.0,0.0,36,114,1.0,150,12,12,10,1,1.0,0.0,0.0,0.0
memorizer,180,3000222,0.852,0.7815384615384615,2.6874393157836907,2.629731514148132,4.790934215629889,0.08196721311475409,0.17,0.0,0.0,0.0,0.0,26,124,1.0,150,12,12,9,2,1.0,0.0,0.0,0.0
memorizer,181,3000223,0.838,0.7523076923076923,2.5560331024492395,2.4781275702412353,4.627260044820493,0.04225352112676056,0.165,0.0,0.0,0.0,0.0,35,115,1.0,150,12,12,10,0,1.0,0.0,0.0,0.0
memorizer,182,3000224,0.85,0.7646153846153846,2.6361043185694966,2.5697403466886044,4.662630444038713,0.10294117647058823,0.14,0.0,0.0,0.0,0.0,43,107,1.0,150,11,11,11,0,1.0,0.0,0.0,0.0
memorizer,183,3000225,0.842,0.76,2.605825340042403,2.5380186731206216,4.878589534642204,0.08108108108108109,0.2,0.0,0.0,0.0,0.0,36,114,1.0,150,12,12,12,0,1.0,0.0,0.0,0.0
memorizer,184,3000226,0.85,0.7446153846153846,2.62528977461396,2.5545977176104007,4.661385525786065,0.10588235294117647,0.175,0.0,0.0,0.0,0.0,35,115,1.0,150,12,12,12,1,1.0,0.0,0.0,0.0
memorizer,185,3000227,0.85,0.7692307692307693,2.6371967431003043,2.569390076178523,4.6922982295935505,0.043478260869565216,0.13,0.0,0.0,0.0,0.0,32,118,1.0,150,12,12,11,1,1.0,0.0,0.0,0.0
memorizer,186,3000228,0.848,0.7661538461538462,2.6177703000621215,2.5485209380994513,4.652182179324298,0.11267605633802817,0.155,0.0,0.0,0.0,0.0,27,123,1.0,150,12,12,12,0,1.0,0.0,0.0,0.0
memorizer,187,3000229,0.822,0.7369230769230769,2.4953731689691376,2.4203530268429114,4.403735255897682,0.13333333333333333,0.175,0.0,0.0,0.0,0.0,33,117,1.0,150,12,12,8,0,1.0,0.0,0.0,0.0
memorizer,188,3000230,0.878,0.78,2.8343326736915193,2.7881664323830724,5.098029851679296,0.07792207792207792,0.145,0.0,0.0,0.0,0.0,33,117,1.0,150,12,12,12,5,1.0,0.0,0.0,0.0
memorizer,189,3000231,0.84,0.7446153846153846,2.5810011013706933,2.5074236542853563,4.556506101237673,0.10126582278481013,0.18,0.0,0.0,0.0,0.0,29,121,1.0,150,12,11,10,3,1.0,0.0,0.0,0.0
memorizer,190,3000232,0.86,0.7692307692307693,2.679248329267054,2.6114416623452725,4.844024404763874,0.07894736842105263,0.135,0.0,0.0,0.0,0.0,25,125,1.0,150,12,12,10,1,1.0,0.0,0.0,0.0
memorizer,191,3000233,0.848,0.7676923076923077,2.6105156957745974,2.542709028852816,4.725835614612271,0.09722222222222222,0.14,0.0,0.0,0.0,0.0,29,121,1.0,150,11,11,10,1,1.0,0.0,0.0,0.0
memorizer,192,3000234,0.834,0.7446153846153846,2.561336485236324,2.4935298183145425,4.649398922010677,0.09859154929577464,0.13,0.0,0.0,0.0,0.0,34,116,1.0,150,11,11,9,0,1.0,0.0,0.0,0.0
memorizer,193,3000235,0.846,0.7492307692307693,2.6050725364867846,2.5358231745241144,4.599663157038816,0.06666666666666667,0.22,0.0,0.0,0.0,0.0,34,116,1.0,150,12,12,10,1,1.0,0.0,0.0,0.0
memorizer,194,3000236,0.848,0.7538461538461538,2.6227405328496847,2.5563765609687925,4.800006722397673,0.08536585365853659,0.15,0.0,0.0,0.0,0.0,43,107,1.0,150,11,11,9,1,1.0,0.0,0.0,0.0
memorizer,195,3000237,0.838,0.7676923076923077,2.572882648504706,2.5021905915011464,4.689299639548135,0.09230769230769231,0.155,0.0,0.0,0.0,0.0,29,121,1.0,150,12,12,10,1,1.0,0.0,0.0,0.0
memorizer,196,3000238,0.812,0.7123076923076923,2.4398530409062515,2.3576194235755805,4.2407028507132525,0.10416666666666667,0.17,0.0,0.0,0.0,0.0,34,116,1.0,150,12,12,8,0,1.0,0.0,0.0,0.0
memorizer,197,3000239,0.834,0.7338461538461538,2.547293711265479,2.472273569139253,4.567484884944489,0.06741573033707865,0.165,0.0,0.0,0.0,0.0,39,111,1.0,150,12,12,9,1,1.0,0.0,0.0,0.0
memorizer,198,3000240,0.86,0.7676923076923077,2.6864951240924526,2.623016542293338,4.881497177113746,0.0547945205479452,0.115,0.0,0.0,0.0,0.0,34,116,1.0,150,12,12,11,1,1.0,0.0,0.0,0.0
memorizer,199,3000241,0.834,0.7507692307692307,2.5488644678223666,2.4767297157779185,4.624986201404719,0.07142857142857142,0.18,0.0,0.0,0.0,0.0,33,117,1.0,150,12,12,10,0,1.0,0.0,0.0,0.0
memorizer,200,3000242,0.852,0.7584615384615384,2.6301025673423237,2.5608532053796536,4.729752696220826,0.11688311688311688,0.21,0.0,0.0,0.0,0.0,33,117,1.0,150,11,11,9,1,1.0,0.0,0.0,0.0
memorizer,201,3000243,0.86,0.7538461538461538,2.7021706500610003,2.643020153384553,4.755226750486652,0.01282051282051282,0.165,0.0,0.0,0.0,0.0,28,122,1.0,150,12,12,12,1,1.0,0.0,0.0,0.0
memorizer,202,3000244,0.866,0.7692307692307693,2.733400471580632,2.6713645848224066,4.870708633707544,0.013888888888888888,0.19,0.0,0.0,0.0,0.0,29,121,1.0,150,12,12,11,2,1.0,0.0,0.0,0.0
memorizer,203,3000245,0.826,0.7523076923076923,2.5149558128874263,2.447149145965645,4.500103072024119,0.14473684210526316,0.145,0.0,0.0,0.0,0.0,28,122,1.0,150,11,11,9,0,1.0,0.0,0.0,0.0
memorizer,204,3000246,0.872,0.7784615384615384,2.7568543576977023,2.697703861021255,5.067505269749987,0.06329113924050633,0.15,0.0,0.0,0.0,0.0,36,114,1.0,150,12,12,12,2,1.0,0.0,0.0,0.0
memorizer,205,3000247,0.858,0.76,2.6790805573914778,2.6141592805514744,4.793403600581799,0.14606741573033707,0.17,0.0,0.0,0.0,0.0,34,116,1.0,150,12,12,12,1,1.0,0.0,0.0,0.0
memorizer,206,3000248,0.858,0.7769230769230769,2.6650196092567264,2.5957702472940563,4.568878906097198,0.030303030303030304,0.19,0.0,0.0,0.0,0.0,33,117,1.0,150,12,12,11,3,1.0,0.0,0.0,0.0
memorizer,207,3000249,0.89,0.7861538461538462,2.8731874282983068,2.824135796908082,4.9923932589591,0.06097560975609756,0.145,0.0,0.0,0.0,0.0,43,107,1.0,150,12,12,12,6,1.0,0.0,0.0,0.0
memorizer,208,3000250,0.836,0.7446153846153846,2.5619461295764134,2.4869259874501872,4.661128624118436,0.08860759493670886,0.125,0.0,0.0,0.0,0.0,23,127,1.0,150,12,12,9,1,1.0,0.0,0.0,0.0
memorizer,209,3000251,0.846,0.7676923076923077,2.6117148384251725,2.5381373913398355,4.8204847878783985,0.10526315789473684,0.11,0.0,0.0,0.0,0.0,33,117,1.0,150,12,12,11,0,1.0,0.0,0.0,0.0
memorizer,210,3000252,0.864,0.78,2.69868608809125,2.632322116210358,4.977051706542474,0.08974358974358974,0.14,0.0,0.0,0.0,0.0,27,123,1.0,150,12,12,12,0,1.0,0.0,0.0,0.0
memorizer,211,3000253,0.868,0.7692307692307693,2.7370905036882416,2.6750546169300162,4.87280741324016,0.10256410256410256,0.16,0.0,0.0,0.0,0.0,34,116,1.0,150,12,12,12,3,1.0,0.0,0.0,0.0
memorizer,212,3000254,0.856,0.7692307692307693,2.6768499438845876,2.6148140571263623,4.823774306756015,0.08450704225352113,0.14,0.0,0.0,0.0,0.0,29,121,1.0,150,11,11,10,1,1.0,0.0,0.0,0.0
memorizer,213,3000255,0.864,0.7723076923076924,2.7106612486324346,2.64718266683332,4.831914495188958,0.07042253521126761,0.16,0.0,0.0,0.0,0.0,33,117,1.0,150,12,12,12,3,1.0,0.0,0.0,0.0
memorizer,214,3000256,0.87,0.7738461538461539,2.7552894685036735,2.697581666868115,5.016425032577271,0.10666666666666667,0.13,0.0,0.0,0.0,0.0,20,130,1.0,150,12,12,12,3,1.0,0.0,0.0,0.0
memorizer,215,3000257,0.862,0.7646153846153846,2.699848253040889,2.6406977563644416,4.9860625033837565,0.125,0.13,0.0,0.0,0.0,0.0,34,116,1.0,150,12,12,11,0,1.0,0.0,0.0,0.0
memorizer,216,3000258,0.86,0.7707692307692308,2.67100437263796,2.6060830957979566,4.933386910258279,0.06578947368421052,0.165,0.0,0.0,0.0,0.0,40,110,1.0,150,10,10,10,0,1.0,0.0,0.0,0.0
memorizer,217,3000259,0.854,0.7646153846153846,2.664942626003248,2.6000213491632445,4.7975498790394235,0.06060606060606061,0.22,0.0,0.0,0.0,0.0,28,122,1.0,150,12,12,11,0,1.0,0.0,0.0,0.0
memorizer,218,3000260,0.858,0.7646153846153846,2.6838973915266378,2.620418809727523,4.791362622977912,0.08108108108108109,0.17,0.0,0.0,0.0,0.0,31,119,1.0,150,12,12,12,2,1.0,0.0,0.0,0.0
memorizer,219,3000261,0.852,0.7584615384615384,2.643152852309548,2.576788880428656,4.641333838949995,0.06578947368421052,0.19,0.0,0.0,0.0,0.0,33,117,1.0,150,10,10,10,0,1.0,0.0,0.0,0.0
memorizer,220,3000262,0.84,0.7538461538461538,2.565454329669321,2.487548797461317,4.65548130705237,0.0945945945945946,0.165,0.0,0.0,0.0,0.0,34,116,1.0,150,12,12,11,1,1.0,0.0,0.0,0.0
memorizer,221,3000263,0.842,0.7476923076923077,2.5820059540770397,2.5084285069917027,4.64613587632581,0.07407407407407407,0.14,0.0,0.0,0.0,0.0,30,120,1.0,150,12,12,11,0,1.0,0.0,0.0,0.0
memorizer,222,3000264,0.872,0.7723076923076924,2.775972585586879,2.7240355641148764,5.044984655339137,0.07246376811594203,0.15,0.0,0.0,0.0,0.0,35,115,1.0,150,12,12,12,3,1.0,0.0,0.0,0.0
memorizer,223,3000265,0.832,0.7492307692307693,2.5263723162109315,2.4484667840029273,4.6691516718142765,0.09090909090909091,0.115,0.0,0.0,0.0,0.0,25,125,1.0,150,12,12,10,1,1.0,0.0,0.0,0.0
memorizer,224,3000266,0.85,0.7492307692307693,2.6537957251121154,2.590317143313001,4.751870023262568,0.06976744186046512,0.14,0.0,0.0,0.0,0.0,33,117,1.0,150,12,12,11,1,1.0,0.0,0.0,0.0
memorizer,225,3000267,0.836,0.7676923076923077,2.536886989803842,2.4589814575958377,4.460296595907493,0.04918032786885246,0.15,0.0,0.0,0.0,0.0,35,115,1.0,150,11,11,8,1,1.0,0.0,0.0,0.0
memorizer,226,3000268,0.836,0.7584615384615384,2.5660621823516,2.49681282038893,4.566802101872241,0.058823529411764705,0.135,0.0,0.0,0.0,0.0,33,117,1.0,150,12,12,10,1,1.0,0.0,0.0,0.0
memorizer,227,3000269,0.858,0.7661538461538462,2.679551382539167,2.6146301056991637,4.797501065799669,0.1125,0.15,0.0,0.0,0.0,0.0,31,119,1.0,150,12,12,11,2,1.0,0.0,0.0,0.0
memorizer,228,3000270,0.882,0.7830769230769231,2.8465501742777968,2.797498542887572,5.089040457775312,0.05263157894736842,0.185,0.0,0.0,0.0,0.0,25,125,1.0,150,12,12,12,4,1.0,0.0,0.0,0.0
memorizer,229,3000271,0.848,0.7630769230769231,2.609433947298827,2.537299195254379,4.578073833991216,0.09333333333333334,0.16,0.0,0.0,0.0,0.0,30,120,1.0,150,12,12,12,1,1.0,0.0,0.0,0.0
memorizer,230,3000272,0.85,0.7523076923076923,2.6414522052822074,2.573645538360426,4.738667142346153,0.08536585365853659,0.165,0.0,0.0,0.0,0.0,33,117,1.0,150,11,11,10,1,1.0,0.0,0.0,0.0
memorizer,231,3000273,0.846,0.76,2.6292827781193204,2.564361501279317,4.9427847602320085,0.10256410256410256,0.14,0.0,0.0,0.0,0.0,22,128,1.0,150,11,11,10,1,1.0,0.0,0.0,0.0
memorizer,232,3000274,0.856,0.7569230769230769,2.6650433071907846,2.5986793353098925,4.818643823163868,0.0875,0.155,0.0,0.0,0.0,0.0,25,125,1.0,150,11,11,9,4,1.0,0.0,0.0,0.0
memorizer,233,3000275,0.828,0.7292307692307692,2.5529792064304946,2.48950062463138,4.5392225249566005,0.08045977011494253,0.185,0.0,0.0,0.0,0.0,29,121,1.0,150,12,12,9,1,1.0,0.0,0.0,0.0
memorizer,234,3000276,0.866,0.7661538461538462,2.7313561845374856,2.670762992820149,4.907953636341901,0.08536585365853659,0.18,0.0,0.0,0.0,0.0,27,123,1.0,150,12,12,12,3,1.0,0.0,0.0,0.0
memorizer,235,3000277,0.848,0.7676923076923077,2.6291069600316193,2.559857598068949,4.671289090947103,0.08955223880597014,0.115,0.0,0.0,0.0,0.0,26,124,1.0,150,12,12,10,2,1.0,0.0,0.0,0.0
memorizer,236,3000278,0.85,0.7753846153846153,2.6423314514937446,2.574524784571963,4.703602998181207,0.058823529411764705,0.185,0.0,0.0,0.0,0.0,23,127,1.0,150,12,12,11,0,1.0,0.0,0.0,0.0
memorizer,237,3000279,0.834,0.7476923076923077,2.5495499088146296,2.4745297666884034,4.682737272214953,0.09333333333333334,0.13,0.0,0.0,0.0,0.0,38,112,1.0,150,12,12,11,1,1.0,0.0,0.0,0.0
memorizer,238,3000280,0.834,0.7430769230769231,2.551808650656137,2.4782312035708,4.6109306212759025,0.12941176470588237,0.12,0.0,0.0,0.0,0.0,31,119,1.0,150,12,12,10,0,1.0,0.0,0.0,0.0
memorizer,239,3000281,0.852,0.7553846153846154,2.644194091672151,2.570616644586814,4.701832947261045,0.038461538461538464,0.14,0.0,0.0,0.0,0.0,33,117,1.0,150,12,12,10,2,1.0,0.0,0.0,0.0
memorizer,240,3000282,0.884,0.7876923076923077,2.834457530152847,2.781077813639955,5.282558609159957,0.058823529411764705,0.195,0.0,0.0,0.0,0.0,30,120,1.0,150,12,12,12,3,1.0,0.0,0.0,0.0
memorizer,241,3000283,0.856,0.7815384615384615,2.6700293325054725,2.6036653606245803,4.814985058619974,0.0625,0.155,0.0,0.0,0.0,0.0,32,118,1.0,150,11,11,10,3,1.0,0.0,0.0,0.0
memorizer,242,3000284,0.832,0.76,2.577057109011001,2.5121358321709977,4.616027669769541,0.07462686567164178,0.14,0.0,0.0,0.0,0.0,37,113,1.0,150,12,12,9,1,1.0,0.0,0.0,0.0
memorizer,243,3000285,0.862,0.7461538461538462,2.7265410646943202,2.6688332630587617,4.925876939857168,0.046511627906976744,0.145,0.0,0.0,0.0,0.0,27,123,1.0,150,12,12,12,1,1.0,0.0,0.0,0.0
memorizer,244,3000286,0.838,0.7569230769230769,2.5646013845650417,2.4924666325205935,4.508194018711121,0.136986301369863,0.165,0.0,0.0,0.0,0.0,29,121,1.0,150,11,11,8,1,1.0,0.0,0.0,0.0
memorizer,245,3000287,0.876,0.7923076923076923,2.769551831354195,2.7089586396368586,4.929044133109348,0.16049382716049382,0.17,0.0,0.0,0.0,0.0,34,116,1.0,150,12,12,12,3,1.0,0.0,0.0,0.0
memorizer,246,3000288,0.854,0.7569230769230769,2.673141194031909,2.6154333923963504,4.8615152854857655,0.1111111111111111,0.175,0.0,0.0,0.0,0.0,34,116,1.0,150,11,11,9,1,1.0,0.0,0.0,0.0
memorizer,247,3000289,0.82,0.7446153846153846,2.4639194772682727,2.3816858599376016,4.361190726475393,0.10810810810810811,0.12,0.0,0.0,0.0,0.0,28,122,1.0,150,12,12,9,0,1.0,0.0,0.0,0.0
memorizer,248,3000290,0.832,0.7507692307692307,2.5512431044530093,2.481993742490339,4.587686998954172,0.06944444444444445,0.155,0.0,0.0,0.0,0.0,29,121,1.0,150,12,12,10,0,1.0,0.0,0.0,0.0
memorizer,249,3000291,0.818,0.7276923076923076,2.4270433316988376,2.3375962391637217,4.288919935747967,0.10344827586206896,0.16,0.0,0.0,0.0,0.0,38,112,1.0,150,12,12,8,0,1.0,0.0,0.0,0.0
memorizer,250,3000292,0.844,0.7615384615384615,2.6032810957452726,2.5340317337826024,4.771411831453409,0.08,0.18,0.0,0.0,0.0,0.0,31,119,1.0,150,11,11,11,1,1.0,0.0,0.0,0.0
memorizer,251,3000293,0.822,0.7492307692307693,2.478908749554308,2.403888607428082,4.471000558789875,0.0684931506849315,0.15,0.0,0.0,0.0,0.0,40,110,1.0,150,11,11,8,0,1.0,0.0,0.0,0.0
memorizer,252,3000294,0.862,0.7630769230769231,2.701024636010433,2.6361033591704297,4.893090286607085,0.04054054054054054,0.185,0.0,0.0,0.0,0.0,35,115,1.0,150,12,12,12,1,1.0,0.0,0.0,0.0
memorizer,253,3000295,0.884,0.8061538461538461,2.849531067757119,2.799036741326005,5.224456080713113,0.15942028985507245,0.19,0.0,0.0,0.0,0.0,36,114,1.0,150,12,12,11,7,1.0,0.0,0.0,0.0
memorizer,254,3000296,0.856,0.7615384615384615,2.6820144628047613,2.619978576046536,4.704323507579975,0.12658227848101267,0.14,0.0,0.0,0.0,0.0,32,118,1.0,150,12,12,10,3,1.0,0.0,0.0,0.0
memorizer,255,3000297,0.85,0.7630769230769231,2.651050606195283,2.584686634314391,4.597498437783772,0.1282051282051282,0.13,0.0,0.0,0.0,0.0,34,116,1.0,150,12,12,9,1,1.0,0.0,0.0,0.0
memorizer,256,3000298,0.85,0.7676923076923077,2.6271224456107536,2.5535449985254166,4.711310075346985,0.08333333333333333,0.16,0.0,0.0,0.0,0.0,37,113,1.0,150,12,12,10,0,1.0,0.0,0.0,0.0
memorizer,257,3000299,0.85,0.7492307692307693,2.6499519722313023,2.58358800035041,4.863298386414059,0.05194805194805195,0.215,0.0,0.0,0.0,0.0,39,111,1.0,150,12,12,10,0,1.0,0.0,0.0,0.0
memorizer,258,3000300,0.832,0.7446153846153846,2.52195210196837,2.4440465697603657,4.5663990018230525,0.05128205128205128,0.185,0.0,0.0,0.0,0.0,33,117,1.0,150,12,12,10,1,1.0,0.0,0.0,0.0
memorizer,259,3000301,0.852,0.7615384615384615,2.6416737311676117,2.5738670642458303,4.623287422908428,0.05263157894736842,0.135,0.0,0.0,0.0,0.0,28,122,1.0,150,12,12,12,2,1.0,0.0,0.0,0.0
memorizer,260,3000302,0.864,0.7892307692307692,2.718552821075888,2.6565169343176627,4.973215215851134,0.07936507936507936,0.16,0.0,0.0,0.0,0.0,36,114,1.0,150,12,12,12,3,1.0,0.0,0.0,0.0
memorizer,261,3000303,0.862,0.78,2.701988320174814,2.6370670433348105,4.938438077651995,0.125,0.12,0.0,0.0,0.0,0.0,34,116,1.0,150,12,12,12,3,1.0,0.0,0.0,0.0
memorizer,262,3000304,0.858,0.7615384615384615,2.6839263075894935,2.6175623357086013,5.019296152475992,0.0547945205479452,0.125,0.0,0.0,0.0,0.0,28,122,1.0,150,12,12,10,3,1.0,0.0,0.0,0.0
memorizer,263,3000305,0.872,0.7830769230769231,2.7835263213207417,2.731589299848739,4.966067321531002,0.04225352112676056,0.145,0.0,0.0,0.0,0.0,34,116,1.0,150,12,12,12,3,1.0,0.0,0.0,0.0
memorizer,264,3000306,0.84,0.7569230769230769,2.5778564852884083,2.502836343162182,4.700214036337042,0.06666666666666667,0.155,0.0,0.0,0.0,0.0,31,119,1.0,150,12,12,9,1,1.0,0.0,0.0,0.0
memorizer,265,3000307,0.864,0.7876923076923077,2.703744270084199,2.6402656882850843,4.767679505634367,0.1267605633802817,0.215,0.0,0.0,0.0,0.0,28,122,1.0,150,12,12,11,2,1.0,0.0,0.0,0.0
memorizer,266,3000308,0.86,0.7707692307692308,2.6931712819037146,2.628250005063711,4.748751517880838,0.1038961038961039,0.17,0.0,0.0,0.0,0.0,32,118,1.0,150,12,12,12,2,1.0,0.0,0.0,0.0
memorizer,267,3000309,0.87,0.7769230769230769,2.738640866461327,2.6751622846622123,4.990366208943439,0.10666666666666667,0.185,0.0,0.0,0.0,0.0,27,123,1.0,150,12,12,12,2,1.0,0.0,0.0,0.0
memorizer,268,3000310,0.852,0.7630769230769231,2.6377595825240068,2.5685102205613366,4.747915774779659,0.08108108108108109,0.14,0.0,0.0,0.0,0.0,39,111,1.0,150,12,12,11,0,1.0,0.0,0.0,0.0
memorizer,269,3000311,0.86,0.7646153846153846,2.6625731653071365,2.5904384132626883,4.640685337656204,0.04,0.21,0.0,0.0,0.0,0.0,32,118,1.0,150,12,12,11,2,1.0,0.0,0.0,0.0
memorizer,270,3000312,0.84,0.7569230769230769,2.582293855590115,2.5116017985865557,4.605860898628587,0.15384615384615385,0.185,0.0,0.0,0.0,0.0,28,122,1.0,150,12,12,11,1,1.0,0.0,0.0,0.0
memorizer,271,3000313,0.86,0.7753846153846153,2.702492172813694,2.646227066219024,4.933635381887348,0.09859154929577464,0.175,0.0,0.0,0.0,0.0,32,118,1.0,150,12,12,10,2,1.0,0.0,0.0,0.0
memorizer,272,3000314,0.854,0.7707692307692308,2.661113405503987,2.594749433623095,4.863581044563192,0.14285714285714285,0.195,0.0,0.0,0.0,0.0,34,116,1.0,150,12,12,12,1,1.0,0.0,0.0,0.0
memorizer,273,3000315,0.81,0.7246153846153847,2.414940792097909,2.32982178468546,4.304340762622861,0.05128205128205128,0.135,0.0,0.0,0.0,0.0,31,119,1.0,150,12,11,6,1,1.0,0.0,0.0,0.0
memorizer,274,3000316,0.858,0.7692307692307693,2.6670088283866233,2.599202161464842,4.694899020294013,0.05555555555555555,0.18,0.0,0.0,0.0,0.0,24,126,1.0,150,12,12,10,2,1.0,0.0,0.0,0.0
memorizer,275,3000317,0.84,0.7584615384615384,2.5703960980888394,2.5011467361261692,4.5149293037157845,0.12,0.175,0.0,0.0,0.0,0.0,32,118,1.0,150,11,11,8,2,1.0,0.0,0.0,0.0
memorizer,276,3000318,0.828,0.7676923076923077,2.522161846166469,2.445699008999354,4.561965497411173,0.09090909090909091,0.195,0.0,0.0,0.0,0.0,32,118,1.0,150,12,12,10,0,1.0,0.0,0.0,0.0
memorizer,277,3000319,0.858,0.7630769230769231,2.7121660093925195,2.654458207756961,5.012143270853628,0.05555555555555555,0.155,0.0,0.0,0.0,0.0,34,116,1.0,150,12,12,11,2,1.0,0.0,0.0,0.0
memorizer,278,3000320,0.87,0.7830769230769231,2.7699725184513704,2.7165928019384786,5.035908878399563,0.08450704225352113,0.205,0.0,0.0,0.0,0.0,32,118,1.0,150,11,11,10,3,1.0,0.0,0.0,0.0
memorizer,279,3000321,0.862,0.7630769230769231,2.6900095537202984,2.627973666962073,4.711643380830985,0.0958904109589041,0.145,0.0,0.0,0.0,0.0,21,129,1.0,150,12,12,11,3,1.0,0.0,0.0,0.0
memorizer,280,3000322,0.84,0.7430769230769231,2.5786297327626917,2.5064949807182435,4.767423503960309,0.05333333333333334,0.165,0.0,0.0,0.0,0.0,26,124,1.0,150,12,12,11,0,1.0,0.0,0.0,0.0
memorizer,281,3000323,0.868,0.7892307692307692,2.7562099787955767,2.699944872200907,4.8648793019412775,0.1044776119402985,0.21,0.0,0.0,0.0,0.0,33,117,1.0,150,12,12,12,1,1.0,0.0,0.0,0.0
memorizer,282,3000324,0.868,0.7784615384615384,2.7486884918267807,2.692423385232111,5.0208733806930175,0.15789473684210525,0.15,0.0,0.0,0.0,0.0,31,119,1.0,150,12,12,11,1,1.0,0.0,0.0,0.0
memorizer,283,3000325,0.832,0.7569230769230769,2.527409613893334,2.453832166807997,4.463311594453545,0.05970149253731343,0.155,0.0,0.0,0.0,0.0,21,129,1.0,150,12,12,10,1,1.0,0.0,0.0,0.0
memorizer,284,3000326,0.822,0.7430769230769231,2.476012216909365,2.393778599578694,4.564429751758975,0.04411764705882353,0.16,0.0,0.0,0.0,0.0,23,127,1.0,150,12,12,9,1,1.0,0.0,0.0,0.0
memorizer,285,3000327,0.858,0.7723076923076924,2.672452236988077,2.606088265107185,4.856955200604841,0.12195121951219512,0.155,0.0,0.0,0.0,0.0,32,118,1.0,150,12,12,11,2,1.0,0.0,0.0,0.0
memorizer,286,3000328,0.84,0.7230769230769231,2.5815702045190765,2.5094354524746283,4.573503939481885,0.1111111111111111,0.18,0.0,0.0,0.0,0.0,28,122,1.0,150,12,12,10,0,1.0,0.0,0.0,0.0
memorizer,287,3000329,0.84,0.76,2.5873806945650912,2.516688637561532,4.61038714183205,0.06666666666666667,0.155,0.0,0.0,0.0,0.0,31,119,1.0,150,12,12,11,1,1.0,0.0,0.0,0.0
memorizer,288,3000330,0.874,0.7784615384615384,2.774436520152185,2.7196141085984045,4.86273228185007,0.06666666666666667,0.215,0.0,0.0,0.0,0.0,36,114,1.0,150,12,12,12,1,1.0,0.0,0.0,0.0
memorizer,289,3000331,0.87,0.7892307692307692,2.750557700896311,2.697177984383419,4.91612758973373,0.136986301369863,0.165,0.0,0.0,0.0,0.0,30,120,1.0,150,10,10,9,2,1.0,0.0,0.0,0.0
memorizer,290,3000332,0.832,0.7230769230769231,2.5675368638905987,2.5026155870505953,4.5923610396258026,0.056818181818181816,0.145,0.0,0.0,0.0,0.0,33,117,1.0,150,12,12,9,2,1.0,0.0,0.0,0.0
memorizer,291,3000333,0.832,0.7492307692307693,2.5498605569064283,2.47772580486198,4.682505163237179,0.05405405405405406,0.15,0.0,0.0,0.0,0.0,33,117,1.0,150,12,12,8,0,1.0,0.0,0.0,0.0
memorizer,292,3000334,0.878,0.7830769230769231,2.7977500097858132,2.7429275982320327,5.21950874484097,0.04,0.115,0.0,0.0,0.0,0.0,21,129,1.0,150,12,12,12,4,1.0,0.0,0.0,0.0
memorizer,293,3000335,0.846,0.7661538461538462,2.6101524028244585,2.542345735902677,4.684634898626912,0.07042253521126761,0.185,0.0,0.0,0.0,0.0,36,114,1.0,150,11,11,8,1,1.0,0.0,0.0,0.0
memorizer,294,3000336,0.866,0.7815384615384615,2.7270912587584624,2.665055372000237,5.063598058513301,0.1,0.155,0.0,0.0,0.0,0.0,29,121,1.0,150,12,12,12,2,1.0,0.0,0.0,0.0
memorizer,295,3000337,0.848,0.7538461538461538,2.634949708465854,2.568585736584962,4.676253150041233,0.041666666666666664,0.16,0.0,0.0,0.0,0.0,28,122,1.0,150,12,12,11,2,1.0,0.0,0.0,0.0
memorizer,296,3000338,0.836,0.7584615384615384,2.5981887431784454,2.53615285642022,4.906093137656968,0.08571428571428572,0.15,0.0,0.0,0.0,0.0,31,119,1.0,150,11,11,8,1,1.0,0.0,0.0,0.0
memorizer,297,3000339,0.826,0.7415384615384616,2.4920727849421187,2.4098391676114477,4.427569769135,0.1038961038961039,0.13,0.0,0.0,0.0,0.0,27,123,1.0,150,12,12,8,0,1.0,0.0,0.0,0.0
memorizer,298,3000340,0.838,0.7415384615384616,2.602592697206516,2.5376714203665127,4.665274666968781,0.075,0.155,0.0,0.0,0.0,0.0,28,122,1.0,150,12,12,9,1,1.0,0.0,0.0,0.0
memorizer,299,3000341,0.842,0.7615384615384615,2.597667793163321,2.528418431200651,4.751356973540413,0.13157894736842105,0.215,0.0,0.0,0.0,0.0,45,105,1.0,150,12,12,12,0,1.0,0.0,0.0,0.0
memorizer,300,3000342,0.858,0.7753846153846153,2.672287037094723,2.605923065213831,4.87325286203664,0.14084507042253522,0.16,0.0,0.0,0.0,0.0,29,121,1.0,150,12,12,12,1,1.0,0.0,0.0,0.0
memorizer,301,3000343,0.86,0.7692307692307693,2.679893507939438,2.6120868410176565,4.8816046364777925,0.09859154929577464,0.13,0.0,0.0,0.0,0.0,27,123,1.0,150,12,12,10,3,1.0,0.0,0.0,0.0
memorizer,302,3000344,0.856,0.7692307692307693,2.6782476193080713,2.613326342468068,5.028781680031669,0.11392405063291139,0.16,0.0,0.0,0.0,0.0,29,121,1.0,150,12,12,11,3,1.0,0.0,0.0,0.0
memorizer,303,3000345,0.862,0.7661538461538462,2.700715826477081,2.6372372446779666,4.959056730742694,0.0821917808219178,0.115,0.0,0.0,0.0,0.0,40,110,1.0,150,12,12,10,2,1.0,0.0,0.0,0.0
memorizer,304,3000346,0.86,0.7753846153846153,2.6894059353337836,2.625927353534669,4.883343381888781,0.11428571428571428,0.175,0.0,0.0,0.0,0.0,31,119,1.0,150,11,11,10,1,1.0,0.0,0.0,0.0
memorizer,305,3000347,0.836,0.74,2.5890040273855286,2.5240827505455252,4.581007265272709,0.0625,0.16,0.0,0.0,0.0,0.0,27,123,1.0,150,11,11,9,0,1.0,0.0,0.0,0.0
memorizer,306,3000348,0.886,0.7892307692307692,2.848088762043666,2.7947090455307744,5.036827488529203,0.11842105263157894,0.12,0.0,0.0,0.0,0.0,28,122,1.0,150,12,12,12,3,1.0,0.0,0.0,0.0
memorizer,307,3000349,0.854,0.7584615384615384,2.659019268250027,2.5912126013282455,4.746627557341219,0.07042253521126761,0.15,0.0,0.0,0.0,0.0,32,118,1.0,150,12,12,12,1,1.0,0.0,0.0,0.0
memorizer,308,3000350,0.832,0.7461538461538462,2.535332077123538,2.460311934997312,4.674540662940494,0.09210526315789473,0.14,0.0,0.0,0.0,0.0,36,114,1.0,150,12,12,9,0,1.0,0.0,0.0,0.0
memorizer,309,3000351,0.874,0.7661538461538462,2.7632110151142215,2.702617823396885,5.085997366479829,0.07142857142857142,0.185,0.0,0.0,0.0,0.0,28,122,1.0,150,12,12,12,4,1.0,0.0,0.0,0.0
memorizer,310,3000352,0.842,0.7476923076923077,2.592091857747637,2.5228424957849667,4.718035217447394,0.12643678160919541,0.13,0.0,0.0,0.0,0.0,36,114,1.0,150,11,11,11,0,1.0,0.0,0.0,0.0
memorizer,311,3000353,0.846,0.7507692307692307,2.6296598493442778,2.566181267545163,4.812191976439369,0.075,0.13,0.0,0.0,0.0,0.0,34,116,1.0,150,12,12,11,1,1.0,0.0,0.0,0.0
memorizer,312,3000354,0.852,0.7630769230769231,2.6883633735969417,2.630655571961383,4.922594189339627,0.11842105263157894,0.11,0.0,0.0,0.0,0.0,33,117,1.0,150,12,12,11,1,1.0,0.0,0.0,0.0
memorizer,313,3000355,0.854,0.7507692307692307,2.684990815754918,2.6272830141193593,4.977378751910396,0.07142857142857142,0.18,0.0,0.0,0.0,0.0,31,119,1.0,150,12,12,12,1,1.0,0.0,0.0,0.0
memorizer,314,3000356,0.84,0.7723076923076924,2.5630913454893456,2.4880712033631194,4.664377952807968,0.08333333333333333,0.185,0.0,0.0,0.0,0.0,31,119,1.0,150,12,12,9,2,1.0,0.0,0.0,0.0
memorizer,315,3000357,0.836,0.7353846153846154,2.554435797752147,2.4794156556259206,4.699714067897739,0.06976744186046512,0.125,0.0,0.0,0.0,0.0,36,114,1.0,150,12,12,9,0,1.0,0.0,0.0,0.0
memorizer,316,3000358,0.852,0.7523076923076923,2.6376114473554857,2.574132865556371,4.809796391863489,0.08139534883720931,0.155,0.0,0.0,0.0,0.0,23,127,1.0,150,11,11,10,1,1.0,0.0,0.0,0.0
memorizer,317,3000359,0.828,0.7430769230769231,2.52695082008362,2.453373372998283,4.597931129808693,0.04225352112676056,0.155,0.0,0.0,0.0,0.0,26,124,1.0,150,12,12,8,1,1.0,0.0,0.0,0.0
memorizer,318,3000360,0.826,0.7507692307692307,2.487607223824168,2.409701691616164,4.423625024170145,0.1095890410958904,0.135,0.0,0.0,0.0,0.0,28,122,1.0,150,11,11,8,0,1.0,0.0,0.0,0.0
memorizer,319,3000361,0.844,0.7476923076923077,2.6096460810434388,2.5418394141216574,4.6911720407186905,0.12790697674418605,0.19,0.0,0.0,0.0,0.0,30,120,1.0,150,12,12,10,0,1.0,0.0,0.0,0.0
memorizer,320,3000362,0.852,0.7723076923076924,2.643299275593207,2.575492608671426,4.780422588792995,0.0821917808219178,0.16,0.0,0.0,0.0,0.0,35,115,1.0,150,12,12,11,3,1.0,0.0,0.0,0.0
memorizer,321,3000363,0.838,0.7538461538461538,2.563882495165263,2.4931904381617036,4.68036996235816,0.06944444444444445,0.205,0.0,0.0,0.0,0.0,24,126,1.0,150,12,12,9,1,1.0,0.0,0.0,0.0
memorizer,322,3000364,0.858,0.7569230769230769,2.683312785358484,2.6198342035593694,4.6954417611673795,0.11904761904761904,0.205,0.0,0.0,0.0,0.0,34,116,1.0,150,11,11,10,3,1.0,0.0,0.0,0.0
memorizer,323,3000365,0.858,0.7630769230769231,2.704571192450952,2.6439780007336156,4.887513928478568,0.08333333333333333,0.16,0.0,0.0,0.0,0.0,30,120,1.0,150,12,12,12,0,1.0,0.0,0.0,0.0
memorizer,324,3000366,0.85,0.7676923076923077,2.650901504288665,2.58742292248955,4.707170285217149,0.0958904109589041,0.2,0.0,0.0,0.0,0.0,34,116,1.0,150,12,12,10,1,1.0,0.0,0.0,0.0
memorizer,325,3000367,0.84,0.7661538461538462,2.5552958865917805,2.4773903543837763,4.507952548872499,0.056338028169014086,0.115,0.0,0.0,0.0,0.0,27,123,1.0,150,12,12,11,0,1.0,0.0,0.0,0.0
memorizer,326,3000368,0.868,0.7630769230769231,2.7430187821521157,2.682425590434779,4.934252847529329,0.024096385542168676,0.165,0.0,0.0,0.0,0.0,34,116,1.0,150,12,12,11,3,1.0,0.0,0.0,0.0
memorizer,327,3000369,0.844,0.7553846153846154,2.610477384193106,2.544113412312214,4.618405973773144,0.0975609756097561,0.14,0.0,0.0,0.0,0.0,25,125,1.0,150,12,12,9,2,1.0,0.0,0.0,0.0
memorizer,328,3000370,0.852,0.7676923076923077,2.6624281549013222,2.5989495731022076,5.016952146687882,0.09333333333333334,0.175,0.0,0.0,0.0,0.0,24,126,1.0,150,12,12,12,1,1.0,0.0,0.0,0.0
memorizer,329,3000371,0.848,0.7523076923076923,2.6660852932164314,2.6098201866217616,4.88724914838417,0.09090909090909091,0.18,0.0,0.0,0.0,0.0,29,121,1.0,150,11,11,10,1,1.0,0.0,0.0,0.0
memorizer,330,3000372,0.826,0.7430769230769231,2.515540858177099,2.441963411091762,4.502661933224815,0.0547945205479452,0.16,0.0,0.0,0.0,0.0,37,113,1.0,150,12,12,9,0,1.0,0.0,0.0,0.0
memorizer,331,3000373,0.858,0.7707692307692308,2.675820601375574,2.609456629494682,4.83714421430237,0.11392405063291139,0.17,0.0,0.0,0.0,0.0,31,119,1.0,150,12,12,11,1,1.0,0.0,0.0,0.0
memorizer,332,3000374,0.848,0.7553846153846154,2.645747680042479,2.5822690982433643,4.712137751098278,0.06578947368421052,0.19,0.0,0.0,0.0,0.0,29,121,1.0,150,12,12,11,0,1.0,0.0,0.0,0.0
memorizer,333,3000375,0.872,0.7830769230769231,2.76241912719217,2.7018259354748335,4.820432955556992,0.06756756756756757,0.19,0.0,0.0,0.0,0.0,22,128,1.0,150,12,12,12,3,1.0,0.0,0.0,0.0
memorizer,334,3000376,0.846,0.7692307692307693,2.614867410509352,2.54850343862846,4.870653441913024,0.1506849315068493,0.165,0.0,0.0,0.0,0.0,28,122,1.0,150,12,12,11,0,1.0,0.0,0.0,0.0
memorizer,335,3000377,0.866,0.7646153846153846,2.739983563246629,2.6822757616110704,4.889165241427148,0.0641025641025641,0.18,0.0,0.0,0.0,0.0,23,127,1.0,150,12,12,12,4,1.0,0.0,0.0,0.0
memorizer,336,3000378,0.848,0.7523076923076923,2.60659040155753,2.5358983445539707,4.65816852243825,0.06172839506172839,0.175,0.0,0.0,0.0,0.0,38,112,1.0,150,12,12,12,0,1.0,0.0,0.0,0.0
memorizer,337,3000379,0.88,0.78,2.8250388679370078,2.775987236546783,5.058878786214475,0.09210526315789473,0.095,0.0,0.0,0.0,0.0,41,109,1.0,150,12,12,12,5,1.0,0.0,0.0,0.0
memorizer,338,3000380,0.846,0.7507692307692307,2.607425759507214,2.5367337025036547,4.7640220873010355,0.08,0.155,0.0,0.0,0.0,0.0,26,124,1.0,150,12,12,12,0,1.0,0.0,0.0,0.0
memorizer,339,3000381,0.85,0.7569230769230769,2.637192557951545,2.572271281111542,4.797201419683865,0.09090909090909091,0.18,0.0,0.0,0.0,0.0,35,115,1.0,150,11,11,10,2,1.0,0.0,0.0,0.0
memorizer,340,3000382,0.844,0.7569230769230769,2.587216893339983,2.512196751213757,4.6320639131040915,0.06329113924050633,0.155,0.0,0.0,0.0,0.0,30,120,1.0,150,12,12,11,0,1.0,0.0,0.0,0.0
memorizer,341,3000383,0.816,0.7261538461538461,2.4486739554219703,2.3664403380912993,4.341411484126594,0.08333333333333333,0.195,0.0,0.0,0.0,0.0,31,119,1.0,150,12,12,9,0,1.0,0.0,0.0,0.0
memorizer,342,3000384,0.832,0.7461538461538462,2.5628144938445834,2.49789321700458,4.653217766941869,0.04054054054054054,0.14,0.0,0.0,0.0,0.0,37,113,1.0,150,12,12,10,0,1.0,0.0,0.0,0.0
memorizer,343,3000385,0.852,0.7615384615384615,2.625671248095691,2.552093801010354,4.78402893807584,0.14285714285714285,0.18,0.0,0.0,0.0,0.0,22,128,1.0,150,12,12,12,1,1.0,0.0,0.0,0.0
memorizer,344,3000386,0.858,0.7738461538461539,2.6823976422465368,2.6174763654065334,4.628339821399106,0.10666666666666667,0.19,0.0,0.0,0.0,0.0,30,120,1.0,150,12,12,11,1,1.0,0.0,0.0,0.0
memorizer,345,3000387,0.83,0.7430769230769231,2.543375326896006,2.4726832698924466,4.425898837732623,0.11688311688311688,0.185,0.0,0.0,0.0,0.0,42,108,1.0,150,12,12,9,0,1.0,0.0,0.0,0.0
memorizer,346,3000388,0.85,0.7507692307692307,2.627805726915154,2.5571136699115944,4.700408531198464,0.06756756756756757,0.145,0.0,0.0,0.0,0.0,29,121,1.0,150,12,12,10,1,1.0,0.0,0.0,0.0
memorizer,347,3000389,0.848,0.7692307692307693,2.6260021720681292,2.556752810105459,4.701910628244717,0.09090909090909091,0.11,0.0,0.0,0.0,0.0,28,122,1.0,150,12,12,10,2,1.0,0.0,0.0,0.0
memorizer,348,3000390,0.854,0.7692307692307693,2.636579766885774,2.5673304049231036,4.65464117507909,0.06153846153846154,0.14,0.0,0.0,0.0,0.0,32,118,1.0,150,12,12,9,1,1.0,0.0,0.0,0.0
memorizer,349,3000391,0.862,0.7723076923076924,2.7195951381660475,2.6604446414896,4.936577895315842,0.06578947368421052,0.19,0.0,0.0,0.0,0.0,26,124,1.0,150,12,12,12,0,1.0,0.0,0.0,0.0
memorizer,350,3000392,0.828,0.7369230769230769,2.5468948213743894,2.479088154452608,4.688567098850773,0.0963855421686747,0.175,0.0,0.0,0.0,0.0,38,112,1.0,150,12,12,11,0,1.0,0.0,0.0,0.0
memorizer,351,3000393,0.866,0.7646153846153846,2.7284412018323394,2.667848010115003,5.0045016528704265,0.05194805194805195,0.145,0.0,0.0,0.0,0.0,30,120,1.0,150,12,12,12,1,1.0,0.0,0.0,0.0
memorizer,352,3000394,0.844,0.7661538461538462,2.6108509352173623,2.543044268295581,4.571879239441999,0.1111111111111111,0.15,0.0,0.0,0.0,0.0,37,113,1.0,150,12,12,11,0,1.0,0.0,0.0,0.0
memorizer,353,3000395,0.848,0.76,2.619295214853242,2.5486031578496826,4.65277916950592,0.12658227848101267,0.185,0.0,0.0,0.0,0.0,30,120,1.0,150,12,12,11,0,1.0,0.0,0.0,0.0
memorizer,354,3000396,0.856,0.7846153846153846,2.6781780317818877,2.614699449982773,4.8066616904828425,0.14705882352941177,0.16,0.0,0.0,0.0,0.0,35,115,1.0,150,12,12,11,1,1.0,0.0,0.0,0.0
memorizer,355,3000397,0.83,0.7430769230769231,2.542143884489837,2.471451827486278,4.5660042262201594,0.07894736842105263,0.145,0.0,0.0,0.0,0.0,38,112,1.0,150,12,12,10,1,1.0,0.0,0.0,0.0
memorizer,356,3000398,0.848,0.7492307692307693,2.6408540908978564,2.58026089918052,4.732729171862248,0.05194805194805195,0.18,0.0,0.0,0.0,0.0,36,114,1.0,150,11,11,9,0,1.0,0.0,0.0,0.0
memorizer,357,3000399,0.842,0.7615384615384615,2.5687853456397347,2.4966505935952865,4.57899087623476,0.04411764705882353,0.16,0.0,0.0,0.0,0.0,24,126,1.0,150,11,11,11,1,1.0,0.0,0.0,0.0
memorizer,358,3000400,0.852,0.7661538461538462,2.6577013279693444,2.59422274617023,4.802821021664125,0.10666666666666667,0.16,0.0,0.0,0.0,0.0,39,111,1.0,150,12,12,10,1,1.0,0.0,0.0,0.0
memorizer,359,3000401,0.862,0.7692307692307693,2.6999049558544,2.637869069096175,4.897066357679507,0.041666666666666664,0.21,0.0,0.0,0.0,0.0,27,123,1.0,150,11,11,10,1,1.0,0.0,0.0,0.0
memorizer,360,3000402,0.854,0.7569230769230769,2.667430397686185,2.5996237307644035,4.735738794961142,0.037037037037037035,0.145,0.0,0.0,0.0,0.0,36,114,1.0,150,12,11,11,3,1.0,0.0,0.0,0.0
memorizer,361,3000403,0.846,0.7661538461538462,2.6299108184673745,2.564989541627371,4.86728210953936,0.06578947368421052,0.18,0.0,0.0,0.0,0.0,38,112,1.0,150,11,11,10,1,1.0,0.0,0.0,0.0
memorizer,362,3000404,0.832,0.7384615384615385,2.5578080964608656,2.487116039457306,4.623122430448975,0.0641025641025641,0.14,0.0,0.0,0.0,0.0,29,121,1.0,150,12,12,10,0,1.0,0.0,0.0,0.0
memorizer,363,3000405,0.846,0.7569230769230769,2.593488558149009,2.518468416022783,4.695054401798294,0.08974358974358974,0.17,0.0,0.0,0.0,0.0,27,123,1.0,150,12,12,11,1,1.0,0.0,0.0,0.0
memorizer,364,3000406,0.832,0.7476923076923077,2.5564562717646986,2.488649604842917,4.577417847491331,0.09090909090909091,0.165,0.0,0.0,0.0,0.0,34,116,1.0,150,10,10,9,0,1.0,0.0,0.0,0.0
memorizer,365,3000407,0.848,0.76,2.60018425560168,2.5294921985981205,4.523161722702098,0.029850746268656716,0.195,0.0,0.0,0.0,0.0,33,117,1.0,150,10,10,9,0,1.0,0.0,0.0,0.0
memorizer,366,3000408,0.854,0.7830769230769231,2.6680237520653476,2.604545170266233,4.738543284033018,0.14285714285714285,0.17,0.0,0.0,0.0,0.0,34,116,1.0,150,12,12,12,2,1.0,0.0,0.0,0.0
memorizer,367,3000409,0.852,0.7553846153846154,2.6524634156168085,2.588984833817694,4.784943075620305,0.05063291139240506,0.18,0.0,0.0,0.0,0.0,45,105,1.0,150,12,12,10,0,1.0,0.0,0.0,0.0
memorizer,368,3000410,0.86,0.7738461538461539,2.6965248832761466,2.633046301477032,4.846145473404507,0.06756756756756757,0.155,0.0,0.0,0.0,0.0,28,122,1.0,150,12,12,10,2,1.0,0.0,0.0,0.0
memorizer,369,3000411,0.818,0.7338461538461538,2.441139509980796,2.357463197609236,4.254930103899435,0.07042253521126761,0.165,0.0,0.0,0.0,0.0,31,119,1.0,150,12,12,8,0,1.0,0.0,0.0,0.0
memorizer,370,3000412,0.836,0.7553846153846154,2.5701353806379013,2.500886018675231,4.638795415327182,0.05970149253731343,0.11,0.0,0.0,0.0,0.0,30,120,1.0,150,12,12,11,0,1.0,0.0,0.0,0.0
memorizer,371,3000413,0.832,0.7461538461538462,2.5576151803012332,2.489808513379452,4.499138208354959,0.1038961038961039,0.14,0.0,0.0,0.0,0.0,28,122,1.0,150,12,12,11,0,1.0,0.0,0.0,0.0
memorizer,372,3000414,0.842,0.7538461538461538,2.604584979525816,2.5411063977267014,4.993599663463786,0.06578947368421052,0.14,0.0,0.0,0.0,0.0,34,116,1.0,150,11,11,11,1,1.0,0.0,0.0,0.0
memorizer,373,3000415,0.842,0.7723076923076924,2.5902873370837236,2.5167098899983866,4.836249203252152,0.15625,0.16,0.0,0.0,0.0,0.0,29,121,1.0,150,12,12,10,2,1.0,0.0,0.0,0.0
memorizer,374,3000416,0.862,0.7630769230769231,2.686330710028453,2.622852128229338,4.773398525113087,0.07792207792207792,0.17,0.0,0.0,0.0,0.0,32,118,1.0,150,12,12,12,2,1.0,0.0,0.0,0.0
memorizer,375,3000417,0.876,0.7738461538461539,2.7760060302804477,2.715412838563111,4.967931431388641,0.075,0.195,0.0,0.0,0.0,0.0,38,112,1.0,150,12,12,12,2,1.0,0.0,0.0,0.0
memorizer,376,3000418,0.86,0.76,2.7109234128933393,2.6532156112577807,4.8518458005522564,0.0641025641025641,0.235,0.0,0.0,0.0,0.0,37,113,1.0,150,12,12,10,2,1.0,0.0,0.0,0.0
memorizer,377,3000419,0.826,0.7538461538461538,2.4996642017697925,2.4203159745208995,4.492526357818782,0.08571428571428572,0.16,0.0,0.0,0.0,0.0,28,122,1.0,150,12,12,10,0,1.0,0.0,0.0,0.0
memorizer,378,3000420,0.844,0.7461538461538462,2.5903333481773916,2.5181985961329434,4.616194410968721,0.06329113924050633,0.195,0.0,0.0,0.0,0.0,38,112,1.0,150,12,12,11,0,1.0,0.0,0.0,0.0
memorizer,379,3000421,0.87,0.7646153846153846,2.766577176433433,2.7088693747978745,4.917502806565442,0.05952380952380952,0.155,0.0,0.0,0.0,0.0,29,121,1.0,150,12,12,12,1,1.0,0.0,0.0,0.0
memorizer,380,3000422,0.87,0.7661538461538462,2.7567840234851833,2.6990762218496247,5.071477453152029,0.08641975308641975,0.185,0.0,0.0,0.0,0.0,33,117,1.0,150,12,12,11,2,1.0,0.0,0.0,0.0
memorizer,381,3000423,0.85,0.7707692307692308,2.640916044391852,2.580322852674515,4.77948919660175,0.028985507246376812,0.165,0.0,0.0,0.0,0.0,41,109,1.0,150,10,10,7,3,1.0,0.0,0.0,0.0
memorizer,382,3000424,0.834,0.7523076923076923,2.5471611758526445,2.4750264238081963,4.55445910606389,0.1095890410958904,0.165,0.0,0.0,0.0,0.0,38,112,1.0,150,12,12,11,0,1.0,0.0,0.0,0.0
memorizer,383,3000425,0.838,0.7492307692307693,2.565237653370991,2.491660206285654,4.584418407093123,0.1038961038961039,0.145,0.0,0.0,0.0,0.0,28,122,1.0,150,12,12,10,0,1.0,0.0,0.0,0.0
memorizer,384,3000426,0.85,0.76,2.6541737154613307,2.590695133662216,4.722706045628761,0.07792207792207792,0.15,0.0,0.0,0.0,0.0,35,115,1.0,150,12,12,12,0,1.0,0.0,0.0,0.0
memorizer,385,3000427,0.878,0.7784615384615384,2.798023627090168,2.748971995699943,5.10920171797495,0.0625,0.145,0.0,0.0,0.0,0.0,26,124,1.0,150,10,10,10,3,1.0,0.0,0.0,0.0
memorizer,386,3000428,0.856,0.7584615384615384,2.6767238308094563,2.611802553969453,4.942842213737215,0.0375,0.18,0.0,0.0,0.0,0.0,38,112,1.0,150,12,12,12,0,1.0,0.0,0.0,0.0
memorizer,387,3000429,0.854,0.7646153846153846,2.681332230433088,2.6178536486339734,5.028895907008725,0.07462686567164178,0.175,0.0,0.0,0.0,0.0,27,123,1.0,150,12,12,10,2,1.0,0.0,0.0,0.0
memorizer,388,3000430,0.856,0.7507692307692307,2.689314039793886,2.6272781530356606,4.624178786560444,0.06666666666666667,0.21,0.0,0.0,0.0,0.0,30,120,1.0,150,12,12,11,1,1.0,0.0,0.0,0.0
memorizer,389,3000431,0.86,0.7615384615384615,2.7060359367938567,2.6468854401174093,5.031345284119063,0.10843373493975904,0.155,0.0,0.0,0.0,0.0,28,122,1.0,150,11,11,9,2,1.0,0.0,0.0,0.0
memorizer,390,3000432,0.842,0.7553846153846154,2.577546018881562,2.505411266837114,4.716392936868071,0.1125,0.19,0.0,0.0,0.0,0.0,28,122,1.0,150,12,12,10,1,1.0,0.0,0.0,0.0
memorizer,391,3000433,0.858,0.7630769230769231,2.680316838396742,2.6168382565976276,4.991216686655084,0.10126582278481013,0.22,0.0,0.0,0.0,0.0,30,120,1.0,150,12,12,12,1,1.0,0.0,0.0,0.0
memorizer,392,3000434,0.868,0.7584615384615384,2.7559155147154093,2.7010931031616288,4.8614163417463105,0.037037037037037035,0.195,0.0,0.0,0.0,0.0,25,125,1.0,150,12,12,10,5,1.0,0.0,0.0,0.0
memorizer,393,3000435,0.854,0.7676923076923077,2.639961673586506,2.5692696165829467,4.8509126746696625,0.05714285714285714,0.13,0.0,0.0,0.0,0.0,27,123,1.0,150,12,12,9,1,1.0,0.0,0.0,0.0
memorizer,394,3000436,0.828,0.7461538461538462,2.4893979586984285,2.4071643413677575,4.44719747002211,0.0684931506849315,0.135,0.0,0.0,0.0,0.0,29,121,1.0,150,12,12,7,0,1.0,0.0,0.0,0.0
memorizer,395,3000437,0.87,0.7738461538461539,2.7858820941874884,2.733945072715486,4.999012572845969,0.08,0.195,0.0,0.0,0.0,0.0,36,114,1.0,150,12,12,11,3,1.0,0.0,0.0,0.0
memorizer,396,3000438,0.852,0.7507692307692307,2.65562962203776,2.5921510402386456,4.7271038228956765,0.06097560975609756,0.17,0.0,0.0,0.0,0.0,34,116,1.0,150,12,12,11,0,1.0,0.0,0.0,0.0
memorizer,397,3000439,0.848,0.7569230769230769,2.6320278381015427,2.5642211711797613,4.771624313227203,0.07792207792207792,0.175,0.0,0.0,0.0,0.0,31,119,1.0,150,12,12,11,0,1.0,0.0,0.0,0.0
memorizer,398,3000440,0.816,0.7276923076923076,2.450203729212606,2.365084721800157,4.268711192091944,0.05333333333333334,0.165,0.0,0.0,0.0,0.0,39,111,1.0,150,12,11,7,1,1.0,0.0,0.0,0.0
memorizer,399,3000441,0.868,0.7892307692307692,2.7404166542628867,2.6812661575864394,4.935947508934585,0.07692307692307693,0.215,0.0,0.0,0.0,0.0,32,118,1.0,150,11,11,11,2,1.0,0.0,0.0,0.0
compositional,0,3000042,0.856,0.8569230769230769,2.674608445513816,2.609687168673813,4.860417710029124,0.825,0.33,0.09285714285714283,0.21333333333333335,0.3,0.20714285714285716,10,140,0.7866666666666666,150,12,12,11,4,0.195,0.475,0.205,0.125
compositional,1,3000043,0.832,0.8446153846153847,2.5314457303913653,2.4578682833060284,4.496968599576207,0.9154929577464789,0.33,0.3535353535353536,0.3,0.6111111111111112,0.25757575757575757,18,132,0.7,150,12,12,9,0,0.215,0.41,0.195,0.18
compositional,2,3000044,0.854,0.8615384615384616,2.6490361369059925,2.5769013848615443,4.871042051664798,0.9,0.29,0.2285714285714286,0.2866666666666667,0.5,0.2714285714285714,10,140,0.7133333333333334,150,12,12,10,2,0.21,0.48,0.175,0.135
compositional,3,3000045,0.83,0.84,2.48859951011052,2.403480502698071,4.370242766864909,0.9104477611940298,0.33,0.49417436721574926,0.2,0.631578947368421,0.13740458015267176,19,131,0.8,150,12,12,10,0,0.225,0.44,0.19,0.145
compositional,4,3000046,0.862,0.8676923076923077,2.691462481156786,2.6265412043167826,4.8432749330684715,0.8481012658227848,0.405,0.028361344537815136,0.26,0.2857142857142857,0.25735294117647056,14,136,0.74,150,11,11,11,1,0.2,0.445,0.23,0.125
compositional,5,3000047,0.86,0.86,2.6869014239534086,2.621980147113405,4.838786696949819,0.8695652173913043,0.365,0.22692307692307692,0.25333333333333335,0.45,0.2230769230769231,20,130,0.7466666666666666,150,12,12,12,2,0.16,0.41,0.26,0.17
compositional,6,3000048,0.83,0.8369230769230769,2.5184061201573984,2.440500587949394,4.4467468808655655,0.8292682926829268,0.37,0.3161764705882353,0.21333333333333335,0.5,0.18382352941176472,14,136,0.7866666666666666,150,12,12,9,0,0.215,0.47,0.2,0.115
compositional,7,3000049,0.86,0.8646153846153846,2.6935302620652037,2.630051680266089,4.928716592060262,0.8676470588235294,0.4,0.3575733226195259,0.26666666666666666,0.5789473684210527,0.22137404580152673,19,131,0.7333333333333334,150,12,12,11,2,0.185,0.485,0.225,0.105
compositional,8,3000050,0.86,0.8584615384615385,2.7107279156949655,2.651577419018518,4.955380143582153,0.8787878787878788,0.35,0.2454801124949779,0.20666666666666667,0.42105263157894735,0.17557251908396945,19,131,0.7933333333333333,150,12,12,11,0,0.18,0.455,0.26,0.105
compositional,9,3000051,0.848,0.8523076923076923,2.6094830749362474,2.5359056278509104,4.728354017222199,0.8765432098765432,0.3,0.06512605042016806,0.22666666666666666,0.2857142857142857,0.22058823529411764,14,136,0.7733333333333333,150,12,12,11,1,0.23,0.38,0.215,0.175
compositional,10,3000052,0.852,0.8523076923076923,2.652825153845882,2.5850184869241004,4.751049473643498,0.863013698630137,0.325,0.2962962962962963,0.26666666666666666,0.5333333333333333,0.23703703703703705,15,135,0.7333333333333334,150,12,12,10,1,0.23,0.425,0.165,0.18
compositional,11,3000053,0.832,0.8384615384615385,2.5541873919387266,2.4849380299760564,4.542629256430069,0.868421052631579,0.365,0.2602436323366556,0.3,0.5238095238095238,0.26356589147286824,21,129,0.7,150,12,12,11,0,0.195,0.415,0.255,0.135
compositional,12,3000054,0.846,0.8369230769230769,2.625243762223624,2.558879790342732,4.649613437916506,0.8194444444444444,0.355,0.15500327011118378,0.22,0.36363636363636365,0.20863309352517986,11,139,0.78,150,12,12,11,1,0.165,0.465,0.2,0.17
compositional,13,3000055,0.814,0.8184615384615385,2.451675823398137,2.373770291190133,4.359581176571494,0.8552631578947368,0.385,-0.013992537313432835,0.2,0.1875,0.20149253731343283,16,134,0.8,150,12,12,6,1,0.195,0.43,0.24,0.135
compositional,14,3000056,0.852,0.8492307692307692,2.664657720978085,2.6040645292607483,4.733755107437636,0.8023255813953488,0.345,0.3559797866367209,0.21333333333333335,0.5384615384615384,0.18248175182481752,13,137,0.7866666666666666,150,12,12,11,1,0.235,0.44,0.165,0.16
compositional,15,3000057,0.814,0.816923076923077,2.4533445084221603,2.3739962811732673,4.340310963068743,0.8375,0.325,0.40714285714285714,0.22,0.6,0.19285714285714287,10,140,0.78,150,12,12,9,0,0.21,0.42,0.195,0.175
compositional,16,3000058,0.854,0.8584615384615385,2.6498509097859695,2.587815023027744,4.7306244835719795,0.855072463768116,0.34,0.26119402985074625,0.26666666666666666,0.5,0.23880597014925373,16,134,0.7333333333333334,150,10,10,9,1,0.185,0.46,0.205,0.15
compositional,17,3000059,0.854,0.8553846153846154,2.65856107390639,2.5907544069846087,4.786788925327465,0.8767123287671232,0.385,0.3117717959019687,0.30666666666666664,0.5789473684210527,0.26717557251908397,19,131,0.6933333333333334,150,12,12,11,1,0.195,0.49,0.195,0.12
compositional,18,3000060,0.844,0.84,2.6081815004339477,2.5403748335121663,4.721239720059445,0.7285714285714285,0.385,-0.31724137931034485,0.30666666666666664,0.0,0.31724137931034485,5,145,0.6933333333333334,150,12,12,10,2,0.14,0.505,0.24,0.115
compositional,19,3000061,0.842,0.8461538461538461,2.6277757672641995,2.562854490424196,4.649703307796628,0.85,0.35,0.2961538461538462,0.29333333333333333,0.55,0.25384615384615383,20,130,0.7066666666666667,150,12,11,9,2,0.195,0.445,0.19,0.17
compositional,20,3000062,0.88,0.8738461538461538,2.796072861953464,2.7412504503996833,4.8758277421030956,0.8378378378378378,0.36,0.250490516677567,0.31333333333333335,0.5454545454545454,0.2949640287769784,11,139,0.6866666666666666,150,12,12,12,4,0.19,0.485,0.215,0.11
compositional,21,3000063,0.852,0.8661538461538462,2.6455421382419217,2.5791781663610296,4.6401546345582805,0.9420289855072463,0.39,0.09302325581395346,0.25333333333333335,0.3333333333333333,0.24031007751937986,21,129,0.7466666666666666,150,12,12,11,1,0.17,0.48,0.225,0.125
compositional,22,3000064,0.858,0.8630769230769231,2.6630018081684277,2.5951951412466463,4.766523564524787,0.8780487804878049,0.355,0.23005819924683327,0.24,0.43478260869565216,0.2047244094488189,23,127,0.76,150,12,12,12,0,0.22,0.41,0.21,0.16
compositional,23,3000065,0.854,0.8476923076923077,2.664239705228299,2.5993184283882957,4.881971075081673,0.8023255813953488,0.365,0.28888888888888886,0.2733333333333333,0.5333333333333333,0.24444444444444444,15,135,0.7266666666666667,150,12,12,11,1,0.225,0.42,0.21,0.145
compositional,24,3000066,0.852,0.8553846153846154,2.6582305277568987,2.5961946409986734,4.653443550491129,0.8588235294117647,0.37,0.06060606060606061,0.28,0.3333333333333333,0.2727272727272727,18,132,0.72,150,11,11,11,0,0.195,0.555,0.125,0.125
compositional,25,3000067,0.88,0.8769230769230769,2.8208920865303106,2.7718404551400857,5.1964103082901,0.8875,0.35,0.09629629629629627,0.24666666666666667,0.3333333333333333,0.23703703703703705,15,135,0.7533333333333333,150,12,12,12,3,0.23,0.46,0.145,0.165
compositional,26,3000068,0.834,0.84,2.559769604888319,2.4890775478847598,4.661760185867049,0.8382352941176471,0.35,0.13489606368863338,0.23333333333333334,0.35294117647058826,0.21804511278195488,17,133,0.7666666666666666,150,12,12,10,0,0.215,0.445,0.18,0.16
compositional,27,3000069,0.824,0.8107692307692308,2.497425053870506,2.423847606785169,4.387355268128693,0.7662337662337663,0.33,0.22146401985111663,0.24,0.4230769230769231,0.20161290322580644,26,124,0.76,150,12,12,8,0,0.205,0.5,0.15,0.145
compositional,28,3000070,0.85,0.8553846153846154,2.642630919868039,2.5748242529462577,4.735509755633003,0.875,0.345,0.4141414141414142,0.24666666666666667,0.6111111111111112,0.19696969696969696,18,132,0.7533333333333333,150,12,12,11,1,0.195,0.485,0.155,0.165
compositional,29,3000071,0.87,0.86,2.749594690893402,2.6890014991760656,4.936542823491347,0.868421052631579,0.275,0.1847826086956522,0.24666666666666667,0.4166666666666667,0.2318840579710145,12,138,0.7533333333333333,150,12,12,12,2,0.24,0.385,0.2,0.175
compositional,30,3000072,0.854,0.8569230769230769,2.64912865161768,2.57987928965501,4.834596944042723,0.8831168831168831,0.35,0.27020202020202017,0.20666666666666667,0.4444444444444444,0.17424242424242425,18,132,0.7933333333333333,150,12,12,11,0,0.19,0.485,0.18,0.145
compositional,31,3000073,0.834,0.8215384615384616,2.5755461342150063,2.510624857375003,4.628954312314742,0.8260869565217391,0.38,0.24985962942167325,0.23333333333333334,0.46153846153846156,0.2116788321167883,13,137,0.7666666666666666,150,12,12,9,2,0.175,0.47,0.225,0.13
compositional,32,3000074,0.81,0.82,2.429284331667671,2.3484934093778893,4.358164113755681,0.8333333333333334,0.36,0.13177983125753312,0.25333333333333335,0.3684210526315789,0.2366412213740458,19,131,0.7466666666666666,150,12,12,8,0,0.205,0.445,0.21,0.14
compositional,33,3000075,0.856,0.8661538461538462,2.626181651496595,2.556932289533925,4.702685342215591,0.9342105263157895,0.37,0.3659420289855073,0.24666666666666667,0.5833333333333334,0.21739130434782608,12,138,0.7533333333333333,150,11,11,10,3,0.215,0.495,0.15,0.14
compositional,34,3000076,0.838,0.8369230769230769,2.5836841352449373,2.515877468323156,4.522449740736475,0.8395061728395061,0.39,0.47332959011791126,0.26,0.6923076923076923,0.21897810218978103,13,137,0.74,150,12,12,10,1,0.165,0.495,0.2,0.14
compositional,35,3000077,0.894,0.8876923076923077,2.89021664368005,2.839722317248936,5.201940161878453,0.8714285714285714,0.42,0.4262756126958618,0.20666666666666667,0.5789473684210527,0.15267175572519084,19,131,0.7933333333333333,150,12,12,12,4,0.24,0.455,0.2,0.105
compositional,36,3000078,0.85,0.8507692307692307,2.656607150234531,2.591685873394528,4.7356031471490025,0.84,0.315,0.28260869565217395,0.24,0.5,0.21739130434782608,12,138,0.76,150,12,12,9,2,0.225,0.46,0.19,0.125
compositional,37,3000079,0.842,0.8384615384615385,2.5866073492445345,2.515915292240975,4.768098015396709,0.8309859154929577,0.285,0.1218416619876474,0.2733333333333333,0.38461538461538464,0.26277372262773724,13,137,0.7266666666666667,150,11,11,11,1,0.19,0.47,0.185,0.155
compositional,38,3000080,0.844,0.8384615384615385,2.6016285684970555,2.530936511493496,4.555860794475312,0.7948717948717948,0.35,0.1627906976744186,0.19333333333333333,0.3333333333333333,0.17054263565891473,21,129,0.8066666666666666,150,12,12,10,0,0.195,0.465,0.205,0.135
compositional,39,3000081,0.85,0.8538461538461538,2.634947827407484,2.5671411604857024,4.556532951744438,0.8765432098765432,0.35,0.3142857142857143,0.20666666666666667,0.5,0.18571428571428572,10,140,0.7933333333333333,150,12,12,11,0,0.195,0.39,0.265,0.15
compositional,40,3000082,0.846,0.8492307692307692,2.608520789895125,2.5392714279324546,4.755641048318949,0.8235294117647058,0.345,0.34230614704700685,0.28,0.5789473684210527,0.2366412213740458,19,131,0.72,150,12,12,11,1,0.215,0.45,0.175,0.16
compositional,41,3000083,0.844,0.84,2.59037135623742,2.515351214111194,4.616151944937937,0.8450704225352113,0.35,0.21431016775077028,0.25333333333333335,0.43478260869565216,0.2204724409448819,23,127,0.7466666666666666,150,12,12,11,0,0.135,0.455,0.225,0.185
compositional,42,3000084,0.846,0.8492307692307692,2.5947545259577964,2.5226197739133482,4.70997243272252,0.8611111111111112,0.35,0.018115942028985504,0.23333333333333334,0.25,0.2318840579710145,12,138,0.7666666666666666,150,11,11,11,1,0.19,0.48,0.19,0.14
compositional,43,3000085,0.862,0.8723076923076923,2.694970025925046,2.632934139166821,4.919320359718958,0.9090909090909091,0.295,0.09441542788268378,0.23333333333333334,0.3157894736842105,0.22137404580152673,19,131,0.7666666666666666,150,12,12,12,2,0.185,0.395,0.245,0.175
compositional,44,3000086,0.864,0.8569230769230769,2.6926142842070195,2.624807617285238,5.009279117730424,0.828125,0.38,0.29411764705882354,0.23333333333333334,0.5,0.20588235294117646,14,136,0.7666666666666666,150,12,12,12,1,0.21,0.48,0.185,0.125
compositional,45,3000087,0.82,0.8138461538461539,2.468104389261209,2.3901988570532047,4.281280801062001,0.7285714285714285,0.35,0.35991016282987087,0.2866666666666667,0.6153846153846154,0.25547445255474455,13,137,0.7133333333333334,150,12,12,9,1,0.18,0.49,0.15,0.18
compositional,46,3000088,0.874,0.8569230769230769,2.7932373608735626,2.739857644360671,4.972064309097819,0.7951807228915663,0.325,0.11616161616161619,0.2866666666666667,0.3888888888888889,0.2727272727272727,18,132,0.7133333333333334,150,12,12,12,3,0.2,0.46,0.195,0.145
compositional,47,3000089,0.864,0.8553846153846154,2.741269236532149,2.687889520019257,4.995927260856948,0.8157894736842105,0.355,-0.05042016806722688,0.28,0.23529411764705882,0.2857142857142857,17,133,0.72,150,12,12,11,2,0.205,0.51,0.17,0.115
compositional,48,3000090,0.818,0.823076923076923,2.4469608345981233,2.3618418271856743,4.2199941347263294,0.8441558441558441,0.325,0.1439075630252101,0.22666666666666666,0.35714285714285715,0.21323529411764705,14,136,0.7733333333333333,150,11,10,8,1,0.23,0.445,0.215,0.11
compositional,49,3000091,0.838,0.8415384615384616,2.570440953264431,2.495420811138205,4.515287382252894,0.918918918918919,0.38,0.35084033613445376,0.25333333333333335,0.5714285714285714,0.22058823529411764,14,136,0.7466666666666666,150,12,12,9,0,0.22,0.425,0.22,0.135
compositional,50,3000092,0.858,0.8553846153846154,2.6802106993868797,2.6152894225468764,5.00867113483681,0.8735632183908046,0.415,0.2421875,0.29333333333333333,0.5,0.2578125,22,128,0.7066666666666667,150,12,12,12,2,0.13,0.515,0.2,0.155
compositional,51,3000093,0.858,0.8569230769230769,2.685566518453988,2.6206452416139845,5.039253409276432,0.8142857142857143,0.4,0.19876473891072433,0.28,0.46153846153846156,0.26277372262773724,13,137,0.72,150,12,12,12,1,0.21,0.435,0.195,0.16
compositional,52,3000094,0.844,0.8492307692307692,2.588505675925628,2.5178136189220686,4.655361570608019,0.863013698630137,0.405,0.32678270634475015,0.24,0.5384615384615384,0.2116788321167883,13,137,0.76,150,11,11,9,0,0.215,0.48,0.165,0.14
compositional,53,3000095,0.884,0.88,2.8387720720173837,2.78827774558627,5.039837294755819,0.8888888888888888,0.33,0.3162313432835821,0.28,0.5625,0.2462686567164179,16,134,0.72,150,12,12,11,4,0.13,0.48,0.23,0.16
compositional,54,3000096,0.834,0.8415384615384616,2.551165873145802,2.476145731019576,4.639494079175611,0.9104477611940298,0.405,0.24474789915966383,0.20666666666666667,0.42857142857142855,0.18382352941176472,14,136,0.7933333333333333,150,12,12,11,0,0.175,0.485,0.2,0.14
compositional,55,3000097,0.842,0.8507692307692307,2.575366159651246,2.501788712565909,4.676058365498173,0.8493150684931506,0.36,-0.07369402985074625,0.25333333333333335,0.1875,0.26119402985074625,16,134,0.7466666666666666,150,12,12,9,2,0.185,0.465,0.23,0.12
compositional,56,3000098,0.838,0.8461538461538461,2.5941785174460907,2.5292572406060874,4.593148568567869,0.9354838709677419,0.315,0.37873754152823924,0.29333333333333333,0.6190476190476191,0.24031007751937986,21,129,0.7066666666666667,150,11,11,10,0,0.185,0.495,0.18,0.14
compositional,57,3000099,0.834,0.8523076923076923,2.5307657251909226,2.449974802901141,4.619038461385913,0.8947368421052632,0.34,0.2981116914423463,0.21333333333333335,0.47368421052631576,0.17557251908396945,19,131,0.7866666666666666,150,12,12,9,0,0.2,0.46,0.16,0.18
compositional,58,3000100,0.836,0.8461538461538461,2.5568083054903,2.4817881633640737,4.3593526042788495,0.8378378378378378,0.345,0.2902863559797866,0.2733333333333333,0.5384615384615384,0.24817518248175183,13,137,0.7266666666666667,150,12,12,10,0,0.205,0.46,0.165,0.17
compositional,59,3000101,0.848,0.8492307692307692,2.6247379940335875,2.554045937030028,4.756558572659249,0.8227848101265823,0.32,0.33585858585858586,0.26,0.5555555555555556,0.2196969696969697,18,132,0.74,150,12,12,12,0,0.2,0.435,0.21,0.155
compositional,60,3000102,0.856,0.8569230769230769,2.6410090136966096,2.57031695669305,4.559758410568562,0.868421052631579,0.37,0.22692307692307692,0.25333333333333335,0.45,0.2230769230769231,20,130,0.7466666666666666,150,10,10,10,1,0.195,0.465,0.195,0.145
compositional,61,3000103,0.868,0.8723076923076923,2.729611628407258,2.6646903515672546,5.044085935212476,0.9333333333333333,0.36,0.31521739130434784,0.29333333333333333,0.5833333333333334,0.26811594202898553,12,138,0.7066666666666667,150,12,12,12,2,0.21,0.445,0.16,0.185
compositional,62,3000104,0.842,0.8492307692307692,2.585016234675882,2.5157668727132116,4.602211134069124,0.8571428571428571,0.335,0.26758071649712517,0.23333333333333334,0.47058823529411764,0.20300751879699247,17,133,0.7666666666666666,150,11,11,10,0,0.16,0.465,0.195,0.18
compositional,63,3000105,0.85,0.8507692307692307,2.6573274211119604,2.598176924435513,4.594205362126003,0.8088235294117647,0.33,0.13489606368863338,0.23333333333333334,0.35294117647058826,0.21804511278195488,17,133,0.7666666666666666,150,12,12,11,0,0.175,0.39,0.26,0.175
compositional,64,3000106,0.864,0.8569230769230769,2.7391648094464833,2.684342397892703,5.0322424688180325,0.8,0.4,0.2963290579389651,0.26666666666666666,0.5294117647058824,0.23308270676691728,17,133,0.7333333333333334,150,12,12,11,3,0.205,0.46,0.18,0.155
compositional,65,3000107,0.846,0.8476923076923077,2.629378297782546,2.5658997159834316,4.665671148481827,0.8421052631578947,0.34,0.33776301218161686,0.23333333333333334,0.5238095238095238,0.18604651162790697,21,129,0.7666666666666666,150,12,12,9,1,0.21,0.41,0.225,0.155
compositional,66,3000108,0.83,0.8415384615384616,2.5282440549505663,2.450338522742562,4.438699585063033,0.8918918918918919,0.335,-0.03538257408226447,0.26666666666666666,0.23529411764705882,0.2706766917293233,17,133,0.7333333333333334,150,12,12,9,0,0.18,0.435,0.28,0.105
compositional,67,3000109,0.878,0.8676923076923077,2.8070422028768887,2.752219791323108,5.083663387799839,0.8591549295774648,0.325,0.16138059701492535,0.29333333333333333,0.4375,0.27611940298507465,16,134,0.7066666666666667,150,12,12,12,3,0.22,0.4,0.215,0.165
compositional,68,3000110,0.836,0.8430769230769231,2.5422875821034743,2.4658247449363593,4.4639226693201906,0.9333333333333333,0.32,0.35769230769230775,0.24,0.55,0.19230769230769232,20,130,0.76,150,12,12,10,0,0.225,0.43,0.2,0.145
compositional,69,3000111,0.854,0.8538461538461538,2.6708859607876283,2.6074073789885137,4.910143350403327,0.8690476190476191,0.34,0.2592592592592593,0.23333333333333334,0.4666666666666667,0.2074074074074074,15,135,0.7666666666666666,150,12,12,11,1,0.215,0.4,0.21,0.175
compositional,70,3000112,0.854,0.8615384615384616,2.632898542258236,2.560763790213788,4.691820656720996,0.9615384615384616,0.36,0.10317460317460317,0.24666666666666667,0.3333333333333333,0.23015873015873015,24,126,0.7533333333333333,150,11,11,11,1,0.26,0.44,0.155,0.145
compositional,71,3000113,0.852,0.8476923076923077,2.641464456714823,2.5707723997112635,4.776571885102051,0.8767123287671232,0.365,0.22474747474747472,0.24666666666666667,0.4444444444444444,0.2196969696969697,18,132,0.7533333333333333,150,12,12,12,1,0.17,0.465,0.235,0.13
compositional,72,3000114,0.86,0.8507692307692307,2.71234931106138,2.6531988143849325,4.938947876599508,0.8227848101265823,0.36,0.05185185185185184,0.22,0.26666666666666666,0.21481481481481482,15,135,0.78,150,12,12,11,0,0.18,0.485,0.18,0.155
compositional,73,3000115,0.87,0.8646153846153846,2.734760496867768,2.6727246101095425,4.856812153932913,0.8356164383561644,0.345,0.2692307692307692,0.26666666666666666,0.5,0.23076923076923078,20,130,0.7333333333333334,150,11,11,11,1,0.22,0.45,0.2,0.13
compositional,74,3000116,0.856,0.8553846153846154,2.669497784207345,2.6045765073673417,4.737016794547553,0.8840579710144928,0.37,0.19259259259259262,0.22666666666666666,0.4,0.2074074074074074,15,135,0.7733333333333333,150,12,12,12,1,0.215,0.405,0.23,0.15
compositional,75,3000117,0.844,0.8415384615384616,2.598520784384613,2.5278287273810536,4.729381190541195,0.8428571428571429,0.325,0.27574750830564787,0.2866666666666667,0.5238095238095238,0.24806201550387597,21,129,0.7133333333333334,150,11,11,9,0,0.195,0.425,0.21,0.17
compositional,76,3000118,0.858,0.8630769230769231,2.667898684463568,2.6029774076235648,4.832658626139891,0.8513513513513513,0.33,0.30147058823529416,0.22666666666666666,0.5,0.19852941176470587,14,136,0.7733333333333333,150,12,12,12,0,0.165,0.445,0.215,0.175
compositional,77,3000119,0.846,0.8476923076923077,2.60140413524259,2.527826688157253,4.663983392090912,0.7971014492753623,0.34,0.04292929292929293,0.24,0.2777777777777778,0.23484848484848486,18,132,0.76,150,12,12,10,1,0.195,0.415,0.23,0.16
compositional,78,3000120,0.876,0.8615384615384616,2.7748754537668745,2.712839567008649,5.181000840667096,0.7894736842105263,0.335,0.2153361344537815,0.23333333333333334,0.42857142857142855,0.21323529411764705,14,136,0.7666666666666666,150,12,12,12,5,0.235,0.43,0.185,0.15
compositional,79,3000121,0.85,0.8461538461538461,2.609048500955888,2.5340283588296617,4.8703670404048,0.8243243243243243,0.305,0.08871420550252668,0.22666666666666666,0.3076923076923077,0.21897810218978103,13,137,0.7733333333333333,150,12,12,11,2,0.235,0.385,0.25,0.13
compositional,80,3000122,0.848,0.8492307692307692,2.65705890021996,2.5950230134617347,4.727016403332426,0.7605633802816901,0.33,0.2692307692307692,0.26666666666666666,0.5,0.23076923076923078,20,130,0.7333333333333334,150,12,12,11,1,0.175,0.48,0.215,0.13
compositional,81,3000123,0.856,0.8538461538461538,2.6748928171192428,2.6070861501974614,4.894634865715168,0.8641975308641975,0.335,0.157452454666077,0.21333333333333335,0.35294117647058826,0.19548872180451127,17,133,0.7866666666666666,150,12,12,12,2,0.205,0.425,0.22,0.15
compositional,82,3000124,0.878,0.8676923076923077,2.8085328787936437,2.756595857321641,5.092502270719145,0.8571428571428571,0.29,0.2789598108747045,0.29333333333333333,0.5555555555555556,0.2765957446808511,9,141,0.7066666666666667,150,12,12,12,4,0.19,0.41,0.245,0.155
compositional,83,3000125,0.86,0.8553846153846154,2.6918928750609394,2.629856988302714,4.873166937884003,0.8591549295774648,0.345,0.28646173969914973,0.28,0.5454545454545454,0.2589928057553957,11,139,0.72,150,12,12,12,2,0.225,0.47,0.165,0.14
compositional,84,3000126,0.842,0.8353846153846154,2.6090107282823327,2.5426467564014406,4.71958502192237,0.825,0.405,0.29730815588589793,0.26666666666666666,0.5263157894736842,0.22900763358778625,19,131,0.7333333333333334,150,11,11,9,0,0.18,0.52,0.16,0.14
compositional,85,3000127,0.826,0.8307692307692308,2.502188132728609,2.422839905479716,4.5664147644297115,0.8554216867469879,0.375,0.23152387181164158,0.24,0.45454545454545453,0.22302158273381295,11,139,0.76,150,12,12,10,0,0.15,0.47,0.23,0.15
compositional,86,3000128,0.86,0.8661538461538462,2.6786160411643625,2.610809374242581,4.751404063651553,0.8571428571428571,0.385,-0.043478260869565216,0.20666666666666667,0.16666666666666666,0.21014492753623187,12,138,0.7933333333333333,150,12,12,12,1,0.19,0.445,0.205,0.16
compositional,87,3000129,0.856,0.8584615384615385,2.6588405853967148,2.5924766135158226,4.812575142558209,0.8888888888888888,0.33,0.14130434782608697,0.2866666666666667,0.4166666666666667,0.2753623188405797,12,138,0.7133333333333334,150,11,11,10,2,0.225,0.485,0.16,0.13
compositional,88,3000130,0.878,0.8676923076923077,2.8075710230423105,2.754191306529419,5.083863745805829,0.7936507936507936,0.315,0.4139761167624945,0.28,0.6470588235294118,0.23308270676691728,17,133,0.72,150,12,12,11,6,0.18,0.46,0.19,0.17
compositional,89,3000131,0.838,0.8523076923076923,2.592879685998262,2.5279584091582588,4.581756517217773,0.9186046511627907,0.38,0.1851851851851852,0.23333333333333334,0.4,0.21481481481481482,15,135,0.7666666666666666,150,11,11,9,0,0.24,0.375,0.255,0.13
compositional,90,3000132,0.834,0.8338461538461538,2.57170353452069,2.5024541725580196,4.521685096941214,0.8888888888888888,0.34,0.23703703703703705,0.32,0.5333333333333333,0.2962962962962963,15,135,0.6799999999999999,150,12,12,11,0,0.275,0.48,0.17,0.075
compositional,91,3000133,0.866,0.8676923076923077,2.732504664525199,2.6719114728078623,4.848623007739466,0.8888888888888888,0.355,0.18441141020490154,0.26,0.42105263157894735,0.2366412213740458,19,131,0.74,150,12,12,12,3,0.2,0.425,0.24,0.135
compositional,92,3000134,0.84,0.8353846153846154,2.586632272142991,2.520268300262099,4.599771609053325,0.8142857142857143,0.385,0.3181818181818182,0.22,0.5,0.18181818181818182,18,132,0.78,150,12,12,10,0,0.21,0.5,0.17,0.12
compositional,93,3000135,0.846,0.8461538461538461,2.6129781200473565,2.5437287580846863,4.8004622836611475,0.8205128205128205,0.335,0.255050505050505,0.22,0.4444444444444444,0.1893939393939394,18,132,0.78,150,12,12,10,1,0.23,0.435,0.205,0.13
compositional,94,3000136,0.85,0.8492307692307692,2.6191925702823324,2.548500513278773,4.7363252039682875,0.8783783783783784,0.36,0.13333333333333336,0.28,0.4,0.26666666666666666,15,135,0.72,150,12,12,10,1,0.17,0.47,0.23,0.13
compositional,95,3000137,0.85,0.8507692307692307,2.6553797866409754,2.591901204841861,4.916288232566688,0.8421052631578947,0.335,0.21673217293655253,0.18666666666666668,0.38461538461538464,0.1678832116788321,13,137,0.8133333333333334,150,12,12,11,2,0.215,0.45,0.21,0.125
compositional,96,3000138,0.826,0.8276923076923077,2.500213107864882,2.423750270697767,4.390878321689123,0.8421052631578947,0.26,0.33115671641791045,0.26666666666666666,0.5625,0.23134328358208955,16,134,0.7333333333333334,150,12,12,9,0,0.24,0.33,0.215,0.215
compositional,97,3000139,0.862,0.8538461538461538,2.6966191440210836,2.6316978671810802,4.834571840053441,0.7948717948717948,0.315,0.13522766175967132,0.23333333333333334,0.34782608695652173,0.2125984251968504,23,127,0.7666666666666666,150,12,12,12,1,0.2,0.44,0.205,0.155
compositional,98,3000140,0.878,0.8830769230769231,2.793209258167385,2.7340587614909375,4.922819641844716,0.88,0.405,0.27731092436974786,0.32,0.5714285714285714,0.29411764705882354,14,136,0.6799999999999999,150,12,12,12,3,0.175,0.465,0.215,0.145
compositional,99,3000141,0.846,0.8430769230769231,2.626959692658869,2.559153025737088,4.5124988216298,0.8115942028985508,0.355,0.23526108927568784,0.24666666666666667,0.46153846153846156,0.22627737226277372,13,137,0.7533333333333333,150,12,12,11,0,0.175,0.435,0.225,0.165
compositional,100,3000142,0.856,0.8615384615384616,2.6806169575772225,2.617138375778108,4.789658180574367,0.875,0.315,0.21464646464646464,0.2,0.3888888888888889,0.17424242424242425,18,132,0.8,150,11,11,11,1,0.19,0.4,0.25,0.16
compositional,101,3000143,0.866,0.8723076923076923,2.750905294986813,2.6946401883921434,5.13114512937084,0.835820895522388,0.315,0.1212686567164179,0.26666666666666666,0.375,0.2537313432835821,16,134,0.7333333333333334,150,12,12,12,1,0.165,0.435,0.255,0.145
compositional,102,3000144,0.878,0.8784615384615385,2.7977667428314303,2.74294433127765,4.915875482375755,0.8701298701298701,0.345,0.3731884057971015,0.24,0.5833333333333334,0.21014492753623187,12,138,0.76,150,12,12,11,5,0.15,0.425,0.265,0.16
compositional,103,3000145,0.86,0.8523076923076923,2.6917528362659318,2.6268315594259284,4.961115138204437,0.8208955223880597,0.38,0.10464355788096796,0.26666666666666666,0.36363636363636365,0.2589928057553957,11,139,0.7333333333333334,150,12,12,11,2,0.2,0.47,0.21,0.12
compositional,104,3000146,0.874,0.8661538461538462,2.7759339365082543,2.7196688299135845,5.06704261014503,0.8157894736842105,0.355,0.22388059701492535,0.3,0.5,0.27611940298507465,16,134,0.7,150,12,12,11,3,0.26,0.44,0.17,0.13
compositional,105,3000147,0.854,0.8538461538461538,2.671886921491554,2.6098510347333286,4.964724826292285,0.8783783783783784,0.265,0.08115671641791045,0.24,0.3125,0.23134328358208955,16,134,0.76,150,12,12,10,1,0.23,0.455,0.16,0.155
compositional,106,3000148,0.856,0.8676923076923077,2.6642640720182267,2.5979001001373345,4.902528134293558,0.9066666666666666,0.335,0.3581932773109243,0.24666666666666667,0.5714285714285714,0.21323529411764705,14,136,0.7533333333333333,150,11,11,10,0,0.17,0.445,0.225,0.16
compositional,107,3000149,0.876,0.8753846153846154,2.8027152198004885,2.749335503287597,5.015126926161322,0.875,0.365,0.22017045454545453,0.26666666666666666,0.45454545454545453,0.234375,22,128,0.7333333333333334,150,12,12,11,4,0.195,0.45,0.19,0.165
compositional,108,3000150,0.834,0.8476923076923077,2.54158665058701,2.466566508460784,4.621883761994486,0.8888888888888888,0.3,0.16296296296296298,0.25333333333333335,0.4,0.23703703703703705,15,135,0.7466666666666666,150,12,12,12,0,0.195,0.375,0.24,0.19
compositional,109,3000151,0.88,0.8876923076923077,2.8286882370270905,2.7796366056368655,4.985821866770196,0.8846153846153846,0.35,0.09730207872622737,0.26666666666666666,0.35294117647058826,0.2556390977443609,17,133,0.7333333333333334,150,12,12,12,3,0.2,0.485,0.19,0.125
compositional,110,3000152,0.858,0.8553846153846154,2.6709902003963895,2.6017408384337193,4.763453927320853,0.8260869565217391,0.315,0.2518518518518519,0.24,0.4666666666666667,0.21481481481481482,15,135,0.76,150,12,12,11,1,0.2,0.425,0.175,0.2
compositional,111,3000153,0.868,0.8707692307692307,2.7575919109408096,2.704212194427918,4.836669329311179,0.8918918918918919,0.325,0.2608695652173913,0.26,0.5,0.2391304347826087,12,138,0.74,150,12,12,12,1,0.225,0.45,0.145,0.18
compositional,112,3000154,0.832,0.8461538461538461,2.5498742038585487,2.4791821468549893,4.455035432831923,0.8852459016393442,0.38,0.3113666519239275,0.25333333333333335,0.5294117647058824,0.21804511278195488,17,133,0.7466666666666666,150,11,11,9,2,0.145,0.52,0.205,0.13
compositional,113,3000155,0.854,0.8615384615384616,2.6865314906366757,2.6273809939602284,4.780872110316371,0.9452054794520548,0.355,0.3361344537815126,0.26666666666666666,0.5714285714285714,0.23529411764705882,14,136,0.7333333333333334,150,12,12,11,1,0.27,0.41,0.16,0.16
compositional,114,3000156,0.836,0.84,2.5850280505236896,2.5186640786427974,4.411273817283197,0.8488372093023255,0.355,0.17116320212295444,0.26,0.4117647058823529,0.24060150375939848,17,133,0.74,150,12,12,9,1,0.205,0.485,0.18,0.13
compositional,115,3000157,0.84,0.8507692307692307,2.58278203396272,2.509204586877383,4.553517377062648,0.92,0.325,0.19696969696969696,0.32666666666666666,0.5,0.30303030303030304,18,132,0.6733333333333333,150,12,12,9,1,0.22,0.465,0.185,0.13
compositional,116,3000158,0.868,0.8661538461538462,2.745654977757278,2.6879471761217193,4.93189664239158,0.9,0.335,0.05648750427935639,0.3,0.34782608695652173,0.29133858267716534,23,127,0.7,150,11,11,11,1,0.195,0.535,0.13,0.14
compositional,117,3000159,0.856,0.8615384615384616,2.671825808077534,2.6083472262784193,4.819024963513817,0.8493150684931506,0.36,0.1426056338028169,0.24,0.375,0.2323943661971831,8,142,0.76,150,11,11,9,2,0.16,0.49,0.175,0.175
compositional,118,3000160,0.848,0.8538461538461538,2.6321576311858683,2.565793659304976,4.791117316896977,0.8732394366197183,0.325,0.166044776119403,0.22666666666666666,0.375,0.208955223880597,16,134,0.7733333333333333,150,12,12,10,2,0.21,0.5,0.195,0.095
compositional,119,3000161,0.848,0.8353846153846154,2.6252473818816418,2.5559980199189716,4.769415908741769,0.8309859154929577,0.335,0.523320895522388,0.22,0.6875,0.16417910447761194,16,134,0.78,150,12,12,11,0,0.17,0.41,0.23,0.19
compositional,120,3000162,0.832,0.8415384615384616,2.5312974096911844,2.4548345725240694,4.459351071090417,0.9058823529411765,0.315,0.45908889871738173,0.24,0.6470588235294118,0.18796992481203006,17,133,0.76,150,12,12,8,1,0.155,0.45,0.215,0.18
compositional,121,3000163,0.824,0.8323076923076923,2.499566545737758,2.425989098652421,4.5639323452659735,0.8461538461538461,0.39,-0.09782608695652174,0.17333333333333334,0.08333333333333333,0.18115942028985507,12,138,0.8266666666666667,150,12,12,10,0,0.11,0.535,0.24,0.115
compositional,122,3000164,0.86,0.8461538461538461,2.709639533073986,2.6504890363975386,4.8062831434572075,0.8831168831168831,0.375,0.44105113636363635,0.26,0.6363636363636364,0.1953125,22,128,0.74,150,12,12,11,1,0.175,0.47,0.19,0.165
compositional,123,3000165,0.852,0.8523076923076923,2.631361005187566,2.559226253143118,4.619800303010193,0.8333333333333334,0.395,0.02875727490585417,0.28,0.30434782608695654,0.2755905511811024,23,127,0.72,150,12,12,10,2,0.2,0.46,0.225,0.115
compositional,124,3000166,0.858,0.8507692307692307,2.709194940999706,2.6500444443232585,4.861252386673254,0.8354430379746836,0.375,0.09888059701492535,0.2866666666666667,0.375,0.27611940298507465,16,134,0.7133333333333334,150,12,11,11,1,0.15,0.495,0.195,0.16
compositional,125,3000167,0.842,0.8430769230769231,2.6201833168927715,2.556704735093657,4.629127882815628,0.84,0.36,0.3325961963732862,0.29333333333333333,0.5882352941176471,0.2556390977443609,17,133,0.7066666666666667,150,12,12,9,3,0.185,0.44,0.2,0.175
compositional,126,3000168,0.86,0.8553846153846154,2.6760267372465867,2.6067773752839165,4.578296179664244,0.8108108108108109,0.335,0.18023582257158902,0.22,0.38461538461538464,0.20437956204379562,13,137,0.78,150,12,12,12,1,0.235,0.37,0.23,0.165
compositional,127,3000169,0.866,0.8569230769230769,2.724967687131149,2.6672598854955902,4.881661583518849,0.8205128205128205,0.38,0.16414141414141414,0.3,0.4444444444444444,0.2803030303030303,18,132,0.7,150,11,11,11,1,0.17,0.425,0.205,0.2
compositional,128,3000170,0.85,0.8538461538461538,2.656295140875476,2.5957019491581392,4.641140358136182,0.8676470588235294,0.335,0.22058823529411764,0.3,0.5,0.27941176470588236,14,136,0.7,150,12,12,10,3,0.22,0.435,0.175,0.17
compositional,129,3000171,0.822,0.816923076923077,2.5036103477336997,2.4314755956892515,4.277121154100119,0.803030303030303,0.38,0.2524916943521595,0.30666666666666664,0.5238095238095238,0.2713178294573643,21,129,0.6933333333333334,150,12,12,9,0,0.185,0.47,0.205,0.14
compositional,130,3000172,0.838,0.8369230769230769,2.579891718018157,2.5077569659737087,4.469139375399071,0.8292682926829268,0.37,-0.12184873949579833,0.25333333333333335,0.14285714285714285,0.2647058823529412,14,136,0.7466666666666666,150,12,12,10,0,0.165,0.49,0.195,0.15
compositional,131,3000173,0.842,0.8569230769230769,2.608025130261075,2.5402184633392935,4.702464701785088,0.9420289855072463,0.355,0.06976744186046507,0.2733333333333333,0.3333333333333333,0.26356589147286824,21,129,0.7266666666666667,150,12,12,10,0,0.205,0.45,0.2,0.145
compositional,132,3000174,0.844,0.8430769230769231,2.6088563156101583,2.53672156356571,4.725887616303272,0.8857142857142857,0.34,-0.00903342366757004,0.26666666666666666,0.25925925925925924,0.2682926829268293,27,123,0.7333333333333334,150,12,12,11,0,0.17,0.455,0.22,0.155
compositional,133,3000175,0.844,0.8353846153846154,2.5929353877634913,2.517915245637265,4.701711518378167,0.8904109589041096,0.32,0.1847826086956522,0.24666666666666667,0.4166666666666667,0.2318840579710145,12,138,0.7533333333333333,150,12,12,10,1,0.19,0.425,0.23,0.155
compositional,134,3000176,0.822,0.84,2.4704812966675718,2.3925757644595675,4.322060981257813,0.92,0.365,0.4514317798989331,0.28,0.6923076923076923,0.24087591240875914,13,137,0.72,150,11,11,9,1,0.18,0.46,0.22,0.14
compositional,135,3000177,0.88,0.8692307692307693,2.8138653197460917,2.7604856032332,4.899279655098108,0.8441558441558441,0.375,0.2535211267605634,0.26,0.5,0.24647887323943662,8,142,0.74,150,12,12,12,3,0.21,0.44,0.22,0.13
compositional,136,3000178,0.854,0.8646153846153846,2.6689759305009924,2.609825433824545,4.804607878315385,0.8873239436619719,0.375,0.08888888888888888,0.25333333333333335,0.3333333333333333,0.24444444444444444,15,135,0.7466666666666666,150,11,11,8,1,0.205,0.43,0.24,0.125
compositional,137,3000179,0.858,0.8569230769230769,2.66181735505309,2.5940106881313088,4.827559775906268,0.8717948717948718,0.405,0.1111111111111111,0.16666666666666666,0.26666666666666666,0.15555555555555556,15,135,0.8333333333333334,150,12,12,12,0,0.145,0.525,0.225,0.105
compositional,138,3000180,0.848,0.8492307692307692,2.6010722832210527,2.5246094460539377,4.6425818386766995,0.9324324324324325,0.31,0.1691919191919192,0.24,0.3888888888888889,0.2196969696969697,18,132,0.76,150,12,12,10,1,0.21,0.395,0.24,0.155
compositional,139,3000181,0.852,0.8461538461538461,2.6317228754783946,2.561030818474835,4.856414117534065,0.8607594936708861,0.265,0.21336327905670974,0.26666666666666666,0.46153846153846156,0.24817518248175183,13,137,0.7333333333333334,150,12,12,10,2,0.22,0.405,0.175,0.2
compositional,140,3000182,0.878,0.8753846153846154,2.817746857722563,2.7658098362505603,5.123340071730223,0.8607594936708861,0.325,0.12494977902772195,0.20666666666666667,0.3157894736842105,0.19083969465648856,19,131,0.7933333333333333,150,12,12,12,3,0.205,0.43,0.22,0.145
compositional,141,3000183,0.824,0.8215384615384616,2.5055473259995367,2.4305271838733105,4.485066923270312,0.8072289156626506,0.325,0.25839552238805974,0.20666666666666667,0.4375,0.1791044776119403,16,134,0.7933333333333333,150,12,12,8,0,0.18,0.485,0.21,0.125
compositional,142,3000184,0.832,0.8415384615384616,2.5303659122608457,2.4596738552572863,4.732388836641918,0.9102564102564102,0.38,0.021428571428571408,0.28,0.3,0.2785714285714286,10,140,0.72,150,12,12,9,0,0.225,0.485,0.155,0.135
compositional,143,3000185,0.836,0.8384615384615385,2.5654864206676757,2.4962370587050056,4.5243246966693915,0.7916666666666666,0.38,0.6365546218487395,0.28,0.8571428571428571,0.22058823529411764,14,136,0.72,150,11,11,8,1,0.15,0.485,0.195,0.17
compositional,144,3000186,0.864,0.86,2.72048685096569,2.6584509642074647,5.137715983145707,0.8674698795180723,0.38,0.4107142857142857,0.28,0.625,0.21428571428571427,24,126,0.72,150,12,12,12,2,0.18,0.505,0.165,0.15
compositional,145,3000187,0.848,0.8446153846153847,2.625142142672516,2.5573354757507345,4.817457879820607,0.8333333333333334,0.39,0.2961538461538462,0.29333333333333333,0.55,0.25384615384615383,20,130,0.7066666666666667,150,12,12,11,0,0.17,0.515,0.16,0.155
compositional,146,3000188,0.866,0.8692307692307693,2.713392488897515,2.647028517016623,4.737398312229637,0.9,0.31,0.13522766175967132,0.23333333333333334,0.34782608695652173,0.2125984251968504,23,127,0.7666666666666666,150,12,12,11,1,0.19,0.405,0.2,0.205
compositional,147,3000189,0.856,0.8569230769230769,2.6513140949182104,2.579179342873762,4.7924031485504255,0.8493150684931506,0.365,0.16138059701492535,0.29333333333333333,0.4375,0.27611940298507465,16,134,0.7066666666666667,150,12,12,11,1,0.175,0.44,0.18,0.205
compositional,148,3000190,0.868,0.88,2.719110747501543,2.6556321657024284,4.875537006871971,0.8888888888888888,0.31,0.2358803986710963,0.2733333333333333,0.47619047619047616,0.24031007751937986,21,129,0.7266666666666667,150,11,11,11,2,0.195,0.445,0.225,0.135
compositional,149,3000191,0.868,0.8615384615384616,2.734483685234139,2.672447798475914,4.979082244096641,0.8255813953488372,0.34,0.12121212121212119,0.22666666666666666,0.3333333333333333,0.21212121212121213,18,132,0.7733333333333333,150,12,12,12,2,0.18,0.47,0.2,0.15
compositional,150,3000192,0.834,0.8338461538461538,2.545946451012057,2.47236900392672,4.627180397758576,0.84,0.33,0.34608208955223885,0.25333333333333335,0.5625,0.21641791044776118,16,134,0.7466666666666666,150,12,12,11,0,0.155,0.485,0.21,0.15
compositional,151,3000193,0.846,0.8461538461538461,2.6279684956443514,2.5616045237634593,4.763755640435352,0.8148148148148148,0.38,0.32369402985074625,0.2733333333333333,0.5625,0.23880597014925373,16,134,0.7266666666666667,150,12,12,11,2,0.2,0.475,0.18,0.145
compositional,152,3000194,0.824,0.82,2.484811720672953,2.402578103342282,4.414725282649538,0.8589743589743589,0.305,0.25254312251216277,0.24666666666666667,0.47058823529411764,0.21804511278195488,17,133,0.7533333333333333,150,12,12,10,0,0.235,0.4,0.21,0.155
compositional,153,3000195,0.854,0.8538461538461538,2.676316281647705,2.6157230899303685,4.7691497177446704,0.8428571428571429,0.325,0.3333333333333333,0.23333333333333334,0.5333333333333333,0.2,15,135,0.7666666666666666,150,12,12,12,0,0.255,0.39,0.2,0.155
compositional,154,3000196,0.818,0.8276923076923077,2.4368830355138105,2.3503213330604726,4.267174760884958,0.8450704225352113,0.34,0.26515151515151514,0.26666666666666666,0.5,0.23484848484848486,18,132,0.7333333333333334,150,12,12,9,0,0.155,0.45,0.26,0.135
compositional,155,3000197,0.822,0.8415384615384616,2.4759008470386816,2.3979953148306774,4.450426061734521,0.9538461538461539,0.385,0.12121212121212119,0.22666666666666666,0.3333333333333333,0.21212121212121213,18,132,0.7733333333333333,150,12,12,8,0,0.2,0.475,0.16,0.165
compositional,156,3000198,0.838,0.8353846153846154,2.6087655315078173,2.5481723397904807,4.799775687763654,0.7866666666666666,0.34,0.11594202898550723,0.22666666666666666,0.3333333333333333,0.21739130434782608,12,138,0.7733333333333333,150,12,12,11,1,0.19,0.445,0.23,0.135
compositional,157,3000199,0.84,0.8415384615384616,2.600644121089411,2.5342801492085187,4.720643065231735,0.8428571428571429,0.36,0.17817164179104478,0.15333333333333332,0.3125,0.13432835820895522,16,134,0.8466666666666667,150,12,12,11,1,0.265,0.395,0.19,0.15
compositional,158,3000200,0.862,0.8507692307692307,2.708988617800476,2.6498381211240285,4.992457514033856,0.8450704225352113,0.37,0.037878787878787845,0.3,0.3333333333333333,0.29545454545454547,18,132,0.7,150,10,10,10,1,0.185,0.47,0.205,0.14
compositional,159,3000201,0.872,0.8692307692307693,2.7671691559208957,2.709461354285337,5.086580658229374,0.8472222222222222,0.355,0.46638655462184875,0.22,0.6428571428571429,0.17647058823529413,14,136,0.78,150,12,12,12,4,0.25,0.4,0.24,0.11
compositional,160,3000202,0.87,0.8769230769230769,2.7619369399395595,2.704229138304001,5.12688336248532,0.9117647058823529,0.315,0.24444444444444446,0.24666666666666667,0.4666666666666667,0.2222222222222222,15,135,0.7533333333333333,150,12,12,11,3,0.195,0.41,0.225,0.17
compositional,161,3000203,0.872,0.8615384615384616,2.7588555892950968,2.69826239757776,4.945486282088194,0.85,0.425,0.14624347127360382,0.29333333333333333,0.42105263157894735,0.2748091603053435,19,131,0.7066666666666667,150,11,11,11,2,0.18,0.5,0.195,0.125
compositional,162,3000204,0.854,0.8553846153846154,2.6564943702556327,2.5901303983747406,4.809074496118313,0.8051948051948052,0.375,0.018115942028985504,0.23333333333333334,0.25,0.2318840579710145,12,138,0.7666666666666666,150,12,12,11,1,0.17,0.48,0.185,0.165
compositional,163,3000205,0.842,0.8507692307692307,2.5961668199358865,2.531245543095883,4.632894104463239,0.8333333333333334,0.31,0.20232796987333107,0.22,0.391304347826087,0.1889763779527559,23,127,0.78,150,12,12,10,1,0.185,0.435,0.215,0.165
compositional,164,3000206,0.846,0.8569230769230769,2.6160721283482715,2.545380071344712,4.790798165810336,0.8888888888888888,0.345,0.49404761904761907,0.29333333333333333,0.7083333333333334,0.21428571428571427,24,126,0.7066666666666667,150,12,12,10,2,0.18,0.445,0.24,0.135
compositional,165,3000207,0.866,0.8538461538461538,2.7032105966779456,2.6382893198379422,4.988597450937633,0.8266666666666667,0.33,0.3111111111111111,0.25333333333333335,0.5333333333333333,0.2222222222222222,15,135,0.7466666666666666,150,12,12,12,1,0.16,0.425,0.17,0.245
compositional,166,3000208,0.844,0.84,2.6189441924754684,2.5525802205945762,4.718065092759123,0.8513513513513513,0.355,0.4065656565656566,0.25333333333333335,0.6111111111111112,0.20454545454545456,18,132,0.7466666666666666,150,12,12,12,2,0.19,0.495,0.175,0.14
compositional,167,3000209,0.822,0.84,2.5026040009016883,2.4290265538163514,4.495517052570092,0.9113924050632911,0.37,0.1291409320606401,0.26666666666666666,0.38461538461538464,0.25547445255474455,13,137,0.7333333333333334,150,12,12,9,0,0.2,0.495,0.16,0.145
compositional,168,3000210,0.852,0.86,2.66339321033895,2.6028000186216134,4.839595497208135,0.8970588235294118,0.3,0.15858208955223882,0.23333333333333334,0.375,0.21641791044776118,16,134,0.7666666666666666,150,11,11,10,0,0.195,0.42,0.21,0.175
compositional,169,3000211,0.838,0.823076923076923,2.578115864780874,2.508866502818204,4.6173936487514515,0.7721518987341772,0.345,0.3925925925925926,0.24666666666666667,0.6,0.2074074074074074,15,135,0.7533333333333333,150,12,12,8,1,0.245,0.39,0.2,0.165
compositional,170,3000212,0.848,0.8553846153846154,2.599872479187762,2.5320658122659805,4.533465851036046,0.8888888888888888,0.365,0.5098259404828748,0.22666666666666666,0.6923076923076923,0.18248175182481752,13,137,0.7733333333333333,150,10,10,7,1,0.17,0.48,0.18,0.17
compositional,171,3000213,0.864,0.8676923076923077,2.7004877762149357,2.637009194415821,4.897595998793572,0.8831168831168831,0.42,0.23004201680672268,0.22,0.42857142857142855,0.19852941176470587,14,136,0.78,150,12,12,11,3,0.145,0.485,0.215,0.155
compositional,172,3000214,0.824,0.8246153846153846,2.499343225918464,2.422880388751349,4.603727661483538,0.8405797101449275,0.41,0.37737083060824067,0.2866666666666667,0.6363636363636364,0.2589928057553957,11,139,0.7133333333333334,150,11,11,8,0,0.165,0.49,0.21,0.135
compositional,173,3000215,0.844,0.8476923076923077,2.5959883090357647,2.5224108619504277,4.670024019226283,0.9027777777777778,0.36,0.23989898989898986,0.23333333333333334,0.4444444444444444,0.20454545454545456,18,132,0.7666666666666666,150,12,12,11,1,0.19,0.425,0.215,0.17
compositional,174,3000216,0.874,0.8676923076923077,2.7619078732562112,2.699871986497986,5.116508266892308,0.8311688311688312,0.345,0.13846153846153847,0.28,0.4,0.26153846153846155,20,130,0.72,150,12,12,10,4,0.2,0.395,0.24,0.165
compositional,175,3000217,0.84,0.8446153846153847,2.5604243420267685,2.4825188098187643,4.6462087952642195,0.8493150684931506,0.405,0.21481481481481485,0.2733333333333333,0.4666666666666667,0.2518518518518518,15,135,0.7266666666666667,150,12,12,10,0,0.24,0.475,0.18,0.105
compositional,176,3000218,0.842,0.8446153846153847,2.595122404150358,2.52298765210591,4.7649801604171165,0.84,0.35,0.3804347826086957,0.23333333333333334,0.5833333333333334,0.2028985507246377,12,138,0.7666666666666666,150,12,12,9,0,0.205,0.39,0.215,0.19
compositional,177,3000219,0.828,0.8369230769230769,2.506776321568049,2.427428094319156,4.455902295662348,0.8701298701298701,0.34,0.13690476190476192,0.26,0.375,0.23809523809523808,24,126,0.74,150,12,12,9,0,0.17,0.425,0.26,0.145
compositional,178,3000220,0.85,0.8476923076923077,2.6155159339087053,2.544823876905146,4.6880246940861765,0.8513513513513513,0.4,-0.06343283582089554,0.30666666666666664,0.25,0.31343283582089554,16,134,0.6933333333333334,150,12,12,10,2,0.19,0.475,0.215,0.12
compositional,179,3000221,0.832,0.8292307692307692,2.5420588481719557,2.4713667911683963,4.601816103218979,0.810126582278481,0.425,0.23461538461538461,0.24666666666666667,0.45,0.2153846153846154,20,130,0.7533333333333333,150,12,12,10,1,0.23,0.47,0.185,0.115
compositional,180,3000222,0.852,0.8538461538461538,2.6874393157836907,2.629731514148132,4.790934215629889,0.8524590163934426,0.39,0.2717391304347826,0.16666666666666666,0.4166666666666667,0.14492753623188406,12,138,0.8333333333333334,150,12,12,9,2,0.155,0.48,0.215,0.15
compositional,181,3000223,0.838,0.8415384615384616,2.5560331024492395,2.4781275702412353,4.627260044820493,0.8591549295774648,0.335,0.3423295454545454,0.25333333333333335,0.5454545454545454,0.203125,22,128,0.7466666666666666,150,12,12,10,0,0.195,0.42,0.2,0.185
compositional,182,3000224,0.85,0.8507692307692307,2.6361043185694966,2.5697403466886044,4.662630444038713,0.9264705882352942,0.335,0.15674603174603174,0.32666666666666666,0.4583333333333333,0.30158730158730157,24,126,0.6733333333333333,150,11,11,11,0,0.24,0.45,0.155,0.155
compositional,183,3000225,0.842,0.84,2.605825340042403,2.5380186731206216,4.878589534642204,0.7837837837837838,0.32,0.1115384615384615,0.25333333333333335,0.35,0.23846153846153847,20,130,0.7466666666666666,150,12,12,12,0,0.22,0.365,0.21,0.205
compositional,184,3000226,0.85,0.8307692307692308,2.62528977461396,2.5545977176104007,4.661385525786065,0.7647058823529411,0.38,0.06178977272727271,0.22,0.2727272727272727,0.2109375,22,128,0.78,150,12,12,12,1,0.135,0.49,0.225,0.15
compositional,185,3000227,0.85,0.8553846153846154,2.6371967431003043,2.569390076178523,4.6922982295935505,0.855072463768116,0.395,0.25231016472478907,0.25333333333333335,0.47368421052631576,0.22137404580152673,19,131,0.7466666666666666,150,12,12,11,1,0.15,0.48,0.265,0.105
compositional,186,3000228,0.848,0.8507692307692307,2.6177703000621215,2.5485209380994513,4.652182179324298,0.8873239436619719,0.35,0.2,0.2866666666666667,0.4666666666666667,0.26666666666666666,15,135,0.7133333333333334,150,12,12,12,0,0.185,0.5,0.165,0.15
compositional,187,3000229,0.822,0.8138461538461539,2.4953731689691376,2.4203530268429114,4.403735255897682,0.8,0.365,0.3194834362717574,0.24666666666666667,0.5384615384615384,0.21897810218978103,13,137,0.7533333333333333,150,12,12,8,0,0.175,0.455,0.21,0.16
compositional,188,3000230,0.878,0.8646153846153846,2.8343326736915193,2.7881664323830724,5.098029851679296,0.7922077922077922,0.325,0.19869402985074627,0.26,0.4375,0.23880597014925373,16,134,0.74,150,12,12,12,5,0.195,0.5,0.19,0.115
compositional,189,3000231,0.84,0.8384615384615385,2.5810011013706933,2.5074236542853563,4.556506101237673,0.8734177215189873,0.33,0.09243697478991597,0.2733333333333333,0.35714285714285715,0.2647058823529412,14,136,0.7266666666666667,150,12,11,10,3,0.26,0.39,0.145,0.205
compositional,190,3000232,0.86,0.86,2.679248329267054,2.6114416623452725,4.844024404763874,0.8552631578947368,0.28,0.6000000000000001,0.24,0.8,0.2,10,140,0.76,150,12,12,10,1,0.205,0.465,0.185,0.145
compositional,191,3000233,0.848,0.8492307692307692,2.6105156957745974,2.542709028852816,4.725835614612271,0.8333333333333334,0.335,0.21481481481481485,0.20666666666666667,0.4,0.18518518518518517,15,135,0.7933333333333333,150,11,11,10,1,0.2,0.49,0.14,0.17
compositional,192,3000234,0.834,0.8184615384615385,2.561336485236324,2.4935298183145425,4.649398922010677,0.7746478873239436,0.35,0.22474747474747472,0.24666666666666667,0.4444444444444444,0.2196969696969697,18,132,0.7533333333333333,150,11,11,9,0,0.2,0.465,0.16,0.175
compositional,193,3000235,0.846,0.8492307692307692,2.6050725364867846,2.5358231745241144,4.599663157038816,0.9333333333333333,0.335,0.15097569325573432,0.22,0.34782608695652173,0.1968503937007874,23,127,0.78,150,12,12,10,1,0.195,0.4,0.255,0.15
compositional,194,3000236,0.848,0.8553846153846154,2.6227405328496847,2.5563765609687925,4.800006722397673,0.8902439024390244,0.335,0.16799999999999998,0.22,0.36,0.192,25,125,0.78,150,11,11,9,1,0.21,0.44,0.175,0.175
compositional,195,3000237,0.838,0.8415384615384616,2.572882648504706,2.5021905915011464,4.689299639548135,0.8307692307692308,0.335,-0.05777310924369747,0.26666666666666666,0.21428571428571427,0.27205882352941174,14,136,0.7333333333333334,150,12,12,10,1,0.165,0.475,0.195,0.165
compositional,196,3000238,0.812,0.816923076923077,2.4398530409062515,2.3576194235755805,4.2407028507132525,0.8125,0.375,0.32592592592592595,0.24,0.5333333333333333,0.2074074074074074,15,135,0.76,150,12,12,8,0,0.195,0.465,0.23,0.11
compositional,197,3000239,0.834,0.8446153846153847,2.547293711265479,2.472273569139253,4.567484884944489,0.8764044943820225,0.405,0.20384615384615384,0.2733333333333333,0.45,0.24615384615384617,20,130,0.7266666666666667,150,12,12,9,1,0.17,0.525,0.17,0.135
compositional,198,3000240,0.86,0.8538461538461538,2.6864951240924526,2.623016542293338,4.881497177113746,0.821917808219178,0.335,0.26515151515151514,0.26666666666666666,0.5,0.23484848484848486,18,132,0.7333333333333334,150,12,12,11,1,0.185,0.43,0.17,0.215
compositional,199,3000241,0.834,0.8353846153846154,2.5488644678223666,2.4767297157779185,4.624986201404719,0.8571428571428571,0.345,0.19601328903654483,0.26,0.42857142857142855,0.23255813953488372,21,129,0.74,150,12,12,10,0,0.215,0.375,0.23,0.18
compositional,200,3000242,0.852,0.8523076923076923,2.6301025673423237,2.5608532053796536,4.729752696220826,0.9090909090909091,0.405,0.11974789915966383,0.32,0.42857142857142855,0.3088235294117647,14,136,0.6799999999999999,150,11,11,9,1,0.205,0.45,0.22,0.125
compositional,201,3000243,0.86,0.8661538461538462,2.7021706500610003,2.643020153384553,4.755226750486652,0.9487179487179487,0.265,0.28787878787878785,0.24666666666666667,0.5,0.21212121212121213,18,132,0.7533333333333333,150,12,12,12,1,0.215,0.415,0.185,0.185
compositional,202,3000244,0.866,0.8507692307692307,2.733400471580632,2.6713645848224066,4.870708633707544,0.75,0.355,0.18023582257158902,0.22,0.38461538461538464,0.20437956204379562,13,137,0.78,150,12,12,11,2,0.2,0.42,0.225,0.155
compositional,203,3000245,0.826,0.8353846153846154,2.5149558128874263,2.447149145965645,4.500103072024119,0.8552631578947368,0.38,0.41701680672268904,0.19333333333333333,0.5714285714285714,0.15441176470588236,14,136,0.8066666666666666,150,11,11,9,0,0.16,0.485,0.21,0.145
compositional,204,3000246,0.872,0.88,2.7568543576977023,2.697703861021255,5.067505269749987,0.8987341772151899,0.35,0.30400000000000005,0.26666666666666666,0.52,0.216,25,125,0.7333333333333334,150,12,12,12,2,0.15,0.515,0.125,0.21
compositional,205,3000247,0.858,0.8584615384615385,2.6790805573914778,2.6141592805514744,4.793403600581799,0.8651685393258427,0.33,0.1650055370985603,0.2866666666666667,0.42857142857142855,0.26356589147286824,21,129,0.7133333333333334,150,12,12,12,1,0.215,0.475,0.175,0.135
compositional,206,3000248,0.858,0.8630769230769231,2.6650196092567264,2.5957702472940563,4.568878906097198,0.8787878787878788,0.325,0.09441542788268378,0.23333333333333334,0.3157894736842105,0.22137404580152673,19,131,0.7666666666666666,150,12,12,11,3,0.21,0.435,0.21,0.145
compositional,207,3000249,0.89,0.8846153846153846,2.8731874282983068,2.824135796908082,4.9923932589591,0.8414634146341463,0.345,0.24502840909090912,0.2,0.4090909090909091,0.1640625,22,128,0.8,150,12,12,12,6,0.21,0.505,0.135,0.15
compositional,208,3000250,0.836,0.8369230769230769,2.5619461295764134,2.4869259874501872,4.661128624118436,0.8481012658227848,0.325,0.2753623188405797,0.24666666666666667,0.5,0.2246376811594203,12,138,0.7533333333333333,150,12,12,9,1,0.17,0.455,0.21,0.165
compositional,209,3000251,0.846,0.8476923076923077,2.6117148384251725,2.5381373913398355,4.8204847878783985,0.7894736842105263,0.345,0.038461538461538436,0.26666666666666666,0.3,0.26153846153846155,20,130,0.7333333333333334,150,12,12,11,0,0.205,0.46,0.21,0.125
compositional,210,3000252,0.864,0.8753846153846154,2.69868608809125,2.632322116210358,4.977051706542474,0.8846153846153846,0.34,0.12184873949579833,0.24666666666666667,0.35714285714285715,0.23529411764705882,14,136,0.7533333333333333,150,12,12,12,0,0.155,0.42,0.215,0.21
compositional,211,3000253,0.868,0.8692307692307693,2.7370905036882416,2.6750546169300162,4.87280741324016,0.9358974358974359,0.36,0.14484126984126985,0.25333333333333335,0.375,0.23015873015873015,24,126,0.7466666666666666,150,12,12,12,3,0.16,0.49,0.22,0.13
compositional,212,3000254,0.856,0.8492307692307692,2.6768499438845876,2.6148140571263623,4.823774306756015,0.8169014084507042,0.305,0.24747474747474746,0.22666666666666666,0.4444444444444444,0.19696969696969696,18,132,0.7733333333333333,150,11,11,10,1,0.205,0.455,0.215,0.125
compositional,213,3000255,0.864,0.8584615384615385,2.7106612486324346,2.64718266683332,4.831914495188958,0.8591549295774648,0.385,0.17676767676767677,0.23333333333333334,0.3888888888888889,0.21212121212121213,18,132,0.7666666666666666,150,12,12,12,3,0.23,0.42,0.205,0.145
compositional,214,3000256,0.87,0.8553846153846154,2.7552894685036735,2.697581666868115,5.016425032577271,0.8133333333333334,0.305,-0.028571428571428553,0.22666666666666666,0.2,0.22857142857142856,10,140,0.7733333333333333,150,12,12,12,3,0.22,0.44,0.195,0.145
compositional,215,3000257,0.862,0.8646153846153846,2.699848253040889,2.6406977563644416,4.9860625033837565,0.9375,0.33,0.3327627524820267,0.24,0.5217391304347826,0.1889763779527559,23,127,0.76,150,12,12,11,0,0.165,0.455,0.205,0.175
compositional,216,3000258,0.86,0.8553846153846154,2.67100437263796,2.6060830957979566,4.933386910258279,0.7894736842105263,0.335,0.03765227021040973,0.25333333333333335,0.2857142857142857,0.24806201550387597,21,129,0.7466666666666666,150,10,10,10,0,0.24,0.405,0.18,0.175
compositional,217,3000259,0.854,0.8415384615384616,2.664942626003248,2.6000213491632445,4.7975498790394235,0.8181818181818182,0.365,0.13489606368863338,0.23333333333333334,0.35294117647058826,0.21804511278195488,17,133,0.7666666666666666,150,12,12,11,0,0.24,0.435,0.18,0.145
compositional,218,3000260,0.858,0.8553846153846154,2.6838973915266378,2.620418809727523,4.791362622977912,0.8783783783783784,0.3,0.17028985507246377,0.26,0.4166666666666667,0.2463768115942029,12,138,0.74,150,12,12,12,2,0.21,0.44,0.185,0.165
compositional,219,3000261,0.852,0.8492307692307692,2.643152852309548,2.576788880428656,4.641333838949995,0.8421052631578947,0.36,0.3777089783281734,0.25333333333333335,0.5882352941176471,0.21052631578947367,17,133,0.7466666666666666,150,10,10,10,0,0.235,0.42,0.205,0.14
compositional,220,3000262,0.84,0.84,2.565454329669321,2.487548797461317,4.65548130705237,0.8513513513513513,0.32,0.04444444444444445,0.29333333333333333,0.3333333333333333,0.28888888888888886,15,135,0.7066666666666667,150,12,12,11,1,0.19,0.41,0.245,0.155
compositional,221,3000263,0.842,0.8446153846153847,2.5820059540770397,2.5084285069917027,4.64613587632581,0.8518518518518519,0.325,0.1259328358208955,0.2,0.3125,0.1865671641791045,16,134,0.8,150,12,12,11,0,0.16,0.455,0.155,0.23
compositional,222,3000264,0.872,0.8584615384615385,2.775972585586879,2.7240355641148764,5.044984655339137,0.8840579710144928,0.375,0.2153361344537815,0.23333333333333334,0.42857142857142855,0.21323529411764705,14,136,0.7666666666666666,150,12,12,12,3,0.195,0.43,0.255,0.12
compositional,223,3000265,0.832,0.84,2.5263723162109315,2.4484667840029273,4.6691516718142765,0.8571428571428571,0.27,0.3161764705882353,0.21333333333333335,0.5,0.18382352941176472,14,136,0.7866666666666666,150,12,12,10,1,0.235,0.41,0.175,0.18
compositional,224,3000266,0.85,0.8584615384615385,2.6537957251121154,2.590317143313001,4.751870023262568,0.8953488372093024,0.305,0.1333955223880597,0.19333333333333333,0.3125,0.1791044776119403,16,134,0.8066666666666666,150,12,12,11,1,0.165,0.465,0.19,0.18
compositional,225,3000267,0.836,0.8430769230769231,2.536886989803842,2.4589814575958377,4.460296595907493,0.8524590163934426,0.355,0.005050505050505083,0.2733333333333333,0.2777777777777778,0.2727272727272727,18,132,0.7266666666666667,150,11,11,8,1,0.2,0.445,0.21,0.145
compositional,226,3000268,0.836,0.8415384615384616,2.5660621823516,2.49681282038893,4.566802101872241,0.8529411764705882,0.345,0.08888888888888888,0.25333333333333335,0.3333333333333333,0.24444444444444444,15,135,0.7466666666666666,150,12,12,10,1,0.155,0.49,0.195,0.16
compositional,227,3000269,0.858,0.8538461538461538,2.679551382539167,2.6146301056991637,4.797501065799669,0.825,0.34,0.13941341904379267,0.24666666666666667,0.3684210526315789,0.22900763358778625,19,131,0.7533333333333333,150,12,12,11,2,0.19,0.475,0.19,0.145
compositional,228,3000270,0.882,0.8769230769230769,2.8465501742777968,2.797498542887572,5.089040457775312,0.8552631578947368,0.345,0.5010044194455605,0.24666666666666667,0.6842105263157895,0.183206106870229,19,131,0.7533333333333333,150,12,12,12,4,0.19,0.455,0.21,0.145
compositional,229,3000271,0.848,0.8492307692307692,2.609433947298827,2.537299195254379,4.578073833991216,0.84,0.4,0.2750995134896064,0.22666666666666666,0.47058823529411764,0.19548872180451127,17,133,0.7733333333333333,150,12,12,12,1,0.185,0.51,0.19,0.115
compositional,230,3000272,0.85,0.8569230769230769,2.6414522052822074,2.573645538360426,4.738667142346153,0.9146341463414634,0.38,0.3660104459622338,0.20666666666666667,0.5263157894736842,0.16030534351145037,19,131,0.7933333333333333,150,11,11,10,1,0.205,0.465,0.205,0.125
compositional,231,3000273,0.846,0.8492307692307692,2.6292827781193204,2.564361501279317,4.9427847602320085,0.8461538461538461,0.32,0.3686313686313686,0.22,0.5714285714285714,0.20279720279720279,7,143,0.78,150,11,11,10,1,0.19,0.445,0.18,0.185
compositional,232,3000274,0.856,0.8492307692307692,2.6650433071907846,2.5986793353098925,4.818643823163868,0.8375,0.325,0.31851851851851853,0.18,0.4666666666666667,0.14814814814814814,15,135,0.8200000000000001,150,11,11,9,4,0.2,0.46,0.205,0.135
compositional,233,3000275,0.828,0.8323076923076923,2.5529792064304946,2.48950062463138,4.5392225249566005,0.8505747126436781,0.425,0.3781512605042017,0.3,0.6428571428571429,0.2647058823529412,14,136,0.7,150,12,12,9,1,0.19,0.51,0.175,0.125
compositional,234,3000276,0.866,0.8707692307692307,2.7313561845374856,2.670762992820149,4.907953636341901,0.9146341463414634,0.38,0.1259259259259259,0.22,0.3333333333333333,0.2074074074074074,15,135,0.78,150,12,12,12,3,0.245,0.46,0.18,0.115
compositional,235,3000277,0.848,0.8415384615384616,2.6291069600316193,2.559857598068949,4.671289090947103,0.8059701492537313,0.335,0.04347826086956519,0.29333333333333333,0.3333333333333333,0.2898550724637681,12,138,0.7066666666666667,150,12,12,10,2,0.16,0.43,0.175,0.235
compositional,236,3000278,0.85,0.8553846153846154,2.6423314514937446,2.574524784571963,4.703602998181207,0.8235294117647058,0.375,0.2357142857142857,0.28,0.5,0.2642857142857143,10,140,0.72,150,12,12,11,0,0.2,0.46,0.205,0.135
compositional,237,3000279,0.834,0.84,2.5495499088146296,2.4745297666884034,4.682737272214953,0.8933333333333333,0.37,0.3012666894899007,0.26666666666666666,0.5217391304347826,0.2204724409448819,23,127,0.7333333333333334,150,12,12,11,1,0.19,0.52,0.165,0.125
compositional,238,3000280,0.834,0.8353846153846154,2.551808650656137,2.4782312035708,4.6109306212759025,0.8352941176470589,0.32,0.22962962962962963,0.26,0.4666666666666667,0.23703703703703705,15,135,0.74,150,12,12,10,0,0.195,0.455,0.205,0.145
compositional,239,3000281,0.852,0.8523076923076923,2.644194091672151,2.570616644586814,4.701832947261045,0.8461538461538461,0.375,0.040980313378866984,0.28,0.3157894736842105,0.2748091603053435,19,131,0.72,150,12,12,10,2,0.2,0.465,0.2,0.135
compositional,240,3000282,0.884,0.8707692307692307,2.834457530152847,2.781077813639955,5.282558609159957,0.8529411764705882,0.365,0.46319753509072237,0.26,0.6521739130434783,0.1889763779527559,23,127,0.74,150,12,12,12,3,0.185,0.465,0.195,0.155
compositional,241,3000283,0.856,0.8553846153846154,2.6700293325054725,2.6036653606245803,4.814985058619974,0.8125,0.295,0.3111111111111111,0.32,0.6,0.28888888888888886,15,135,0.6799999999999999,150,11,11,10,3,0.195,0.445,0.17,0.19
compositional,242,3000284,0.832,0.84,2.577057109011001,2.5121358321709977,4.616027669769541,0.8507462686567164,0.38,0.22146401985111663,0.24,0.4230769230769231,0.20161290322580644,26,124,0.76,150,12,12,9,1,0.18,0.51,0.215,0.095
compositional,243,3000285,0.862,0.8569230769230769,2.7265410646943202,2.6688332630587617,4.925876939857168,0.8837209302325582,0.375,0.4402021336327906,0.21333333333333335,0.6153846153846154,0.17518248175182483,13,137,0.7866666666666666,150,12,12,12,1,0.23,0.46,0.21,0.1
compositional,244,3000286,0.838,0.8338461538461538,2.5646013845650417,2.4924666325205935,4.508194018711121,0.821917808219178,0.385,0.2079831932773109,0.24,0.42857142857142855,0.22058823529411764,14,136,0.76,150,11,11,8,1,0.21,0.495,0.205,0.09
compositional,245,3000287,0.876,0.8753846153846154,2.769551831354195,2.7089586396368586,4.929044133109348,0.8271604938271605,0.345,0.2727272727272727,0.26,0.5,0.22727272727272727,18,132,0.74,150,12,12,12,3,0.245,0.44,0.175,0.14
compositional,246,3000288,0.854,0.8507692307692307,2.673141194031909,2.6154333923963504,4.8615152854857655,0.8641975308641975,0.375,0.18050941306755258,0.2733333333333333,0.42857142857142855,0.24806201550387597,21,129,0.7266666666666667,150,11,11,9,1,0.195,0.46,0.205,0.14
compositional,247,3000289,0.82,0.8307692307692308,2.4639194772682727,2.3816858599376016,4.361190726475393,0.8648648648648649,0.295,0.14393939393939392,0.20666666666666667,0.3333333333333333,0.1893939393939394,18,132,0.7933333333333333,150,12,12,9,0,0.225,0.4,0.185,0.19
compositional,248,3000290,0.832,0.8369230769230769,2.5512431044530093,2.481993742490339,4.587686998954172,0.8472222222222222,0.265,0.40021008403361347,0.28,0.6428571428571429,0.2426470588235294,14,136,0.72,150,12,12,10,0,0.19,0.365,0.22,0.225
compositional,249,3000291,0.818,0.8215384615384616,2.4270433316988376,2.3375962391637217,4.288919935747967,0.8045977011494253,0.395,0.1345980126467931,0.26,0.37037037037037035,0.23577235772357724,27,123,0.74,150,12,12,8,0,0.21,0.435,0.2,0.155
compositional,250,3000292,0.844,0.8569230769230769,2.6032810957452726,2.5340317337826024,4.771411831453409,0.9066666666666666,0.34,0.36344537815126055,0.31333333333333335,0.6428571428571429,0.27941176470588236,14,136,0.6866666666666666,150,11,11,11,1,0.215,0.405,0.22,0.16
compositional,251,3000293,0.822,0.8338461538461538,2.478908749554308,2.403888607428082,4.471000558789875,0.821917808219178,0.355,0.36111111111111116,0.29333333333333333,0.6111111111111112,0.25,18,132,0.7066666666666667,150,11,11,8,0,0.195,0.465,0.215,0.125
compositional,252,3000294,0.862,0.8569230769230769,2.701024636010433,2.6361033591704297,4.893090286607085,0.8648648648648649,0.36,0.21414222579349135,0.2866666666666667,0.47368421052631576,0.2595419847328244,19,131,0.7133333333333334,150,12,12,12,1,0.24,0.475,0.165,0.12
compositional,253,3000295,0.884,0.8815384615384615,2.849531067757119,2.799036741326005,5.224456080713113,0.8695652173913043,0.345,0.1783635741184526,0.15333333333333332,0.30434782608695654,0.12598425196850394,23,127,0.8466666666666667,150,12,12,11,7,0.195,0.485,0.185,0.135
compositional,254,3000296,0.856,0.8492307692307692,2.6820144628047613,2.619978576046536,4.704323507579975,0.8481012658227848,0.335,0.16884328358208955,0.2866666666666667,0.4375,0.26865671641791045,16,134,0.7133333333333334,150,12,12,10,3,0.185,0.445,0.235,0.135
compositional,255,3000297,0.85,0.8507692307692307,2.651050606195283,2.584686634314391,4.597498437783772,0.8589743589743589,0.28,0.32678270634475015,0.24,0.5384615384615384,0.2116788321167883,13,137,0.76,150,12,12,9,1,0.245,0.395,0.175,0.185
compositional,256,3000298,0.85,0.8461538461538461,2.6271224456107536,2.5535449985254166,4.711310075346985,0.7916666666666666,0.315,0.13707386363636365,0.24666666666666667,0.36363636363636365,0.2265625,22,128,0.7533333333333333,150,12,12,10,0,0.16,0.485,0.155,0.2
compositional,257,3000299,0.85,0.8415384615384616,2.6499519722313023,2.58358800035041,4.863298386414059,0.8311688311688312,0.37,0.326923076923077,0.26666666666666666,0.55,0.2230769230769231,20,130,0.7333333333333334,150,12,12,10,0,0.205,0.38,0.245,0.17
compositional,258,3000300,0.832,0.8430769230769231,2.52195210196837,2.4440465697603657,4.5663990018230525,0.8717948717948718,0.345,0.1708319068812051,0.24666666666666667,0.391304347826087,0.2204724409448819,23,127,0.7533333333333333,150,12,12,10,1,0.195,0.445,0.21,0.15
compositional,259,3000301,0.852,0.8630769230769231,2.6416737311676117,2.5738670642458303,4.623287422908428,0.9210526315789473,0.34,-0.03358208955223879,0.28,0.25,0.2835820895522388,16,134,0.72,150,12,12,12,2,0.17,0.445,0.18,0.205
compositional,260,3000302,0.864,0.8692307692307693,2.718552821075888,2.6565169343176627,4.973215215851134,0.9047619047619048,0.335,-0.005050505050505055,0.22666666666666666,0.2222222222222222,0.22727272727272727,18,132,0.7733333333333333,150,12,12,12,3,0.155,0.52,0.205,0.12
compositional,261,3000303,0.862,0.8646153846153846,2.701988320174814,2.6370670433348105,4.938438077651995,0.8888888888888888,0.325,0.3476337903582486,0.28,0.5882352941176471,0.24060150375939848,17,133,0.72,150,12,12,12,3,0.165,0.455,0.225,0.155
compositional,262,3000304,0.858,0.8492307692307692,2.6839263075894935,2.6175623357086013,5.019296152475992,0.8356164383561644,0.305,0.2518518518518519,0.24,0.4666666666666667,0.21481481481481482,15,135,0.76,150,12,12,10,3,0.24,0.38,0.245,0.135
compositional,263,3000305,0.872,0.8707692307692307,2.7835263213207417,2.731589299848739,4.966067321531002,0.8450704225352113,0.305,0.3,0.24,0.5,0.2,20,130,0.76,150,12,12,12,3,0.175,0.445,0.175,0.205
compositional,264,3000306,0.84,0.8353846153846154,2.5778564852884083,2.502836343162182,4.700214036337042,0.7466666666666667,0.375,0.3927465723131358,0.24,0.5882352941176471,0.19548872180451127,17,133,0.76,150,12,12,9,1,0.155,0.48,0.23,0.135
compositional,265,3000307,0.864,0.8692307692307693,2.703744270084199,2.6402656882850843,4.767679505634367,0.8732394366197183,0.455,0.2902863559797866,0.2733333333333333,0.5384615384615384,0.24817518248175183,13,137,0.7266666666666667,150,12,12,11,2,0.2,0.475,0.19,0.135
compositional,266,3000308,0.86,0.8569230769230769,2.6931712819037146,2.628250005063711,4.748751517880838,0.8311688311688312,0.33,0.05384615384615382,0.25333333333333335,0.3,0.24615384615384617,20,130,0.7466666666666666,150,12,12,12,2,0.22,0.395,0.205,0.18
compositional,267,3000309,0.87,0.8630769230769231,2.738640866461327,2.6751622846622123,4.990366208943439,0.8533333333333334,0.3,0.42070895522388063,0.18666666666666668,0.5625,0.1417910447761194,16,134,0.8133333333333334,150,12,12,12,2,0.235,0.4,0.22,0.145
compositional,268,3000310,0.852,0.8476923076923077,2.6377595825240068,2.5685102205613366,4.747915774779659,0.8243243243243243,0.365,0.25,0.2866666666666667,0.5,0.25,22,128,0.7133333333333334,150,12,12,11,0,0.195,0.445,0.255,0.105
compositional,269,3000311,0.86,0.8492307692307692,2.6625731653071365,2.5904384132626883,4.640685337656204,0.7733333333333333,0.375,0.2,0.22666666666666666,0.4,0.2,20,130,0.7733333333333333,150,12,12,11,2,0.15,0.475,0.245,0.13
compositional,270,3000312,0.84,0.8461538461538461,2.582293855590115,2.5116017985865557,4.605860898628587,0.8974358974358975,0.36,0.04096638655462187,0.32,0.35714285714285715,0.3161764705882353,14,136,0.6799999999999999,150,12,12,11,1,0.22,0.47,0.19,0.12
compositional,271,3000313,0.86,0.8615384615384616,2.702492172813694,2.646227066219024,4.933635381887348,0.8873239436619719,0.3,-0.059259259259259234,0.25333333333333335,0.2,0.25925925925925924,15,135,0.7466666666666666,150,12,12,10,2,0.21,0.415,0.225,0.15
compositional,272,3000314,0.854,0.8523076923076923,2.661113405503987,2.594749433623095,4.863581044563192,0.8311688311688312,0.345,0.055443953394937684,0.32,0.3684210526315789,0.31297709923664124,19,131,0.6799999999999999,150,12,12,12,1,0.17,0.435,0.22,0.175
compositional,273,3000315,0.81,0.8138461538461539,2.414940792097909,2.32982178468546,4.304340762622861,0.7948717948717948,0.34,-0.07191643230212941,0.2733333333333333,0.21052631578947367,0.2824427480916031,19,131,0.7266666666666667,150,12,11,6,1,0.2,0.455,0.225,0.12
compositional,274,3000316,0.858,0.8584615384615385,2.6670088283866233,2.599202161464842,4.694899020294013,0.8611111111111112,0.37,0.1398090960134756,0.18,0.3076923076923077,0.1678832116788321,13,137,0.8200000000000001,150,12,12,10,2,0.185,0.46,0.18,0.175
compositional,275,3000317,0.84,0.8446153846153847,2.5703960980888394,2.5011467361261692,4.5149293037157845,0.8666666666666667,0.37,0.16364440513047324,0.26666666666666666,0.4117647058823529,0.24812030075187969,17,133,0.7333333333333334,150,11,11,8,2,0.21,0.445,0.19,0.155
compositional,276,3000318,0.828,0.8338461538461538,2.522161846166469,2.445699008999354,4.561965497411173,0.8727272727272727,0.395,0.2610892756878158,0.3,0.5384615384615384,0.2773722627737226,13,137,0.7,150,12,12,10,0,0.15,0.46,0.235,0.155
compositional,277,3000319,0.858,0.8461538461538461,2.7121660093925195,2.654458207756961,5.012143270853628,0.8055555555555556,0.365,0.2746400885935769,0.24,0.47619047619047616,0.20155038759689922,21,129,0.76,150,12,12,11,2,0.165,0.44,0.225,0.17
compositional,278,3000320,0.87,0.8723076923076923,2.7699725184513704,2.7165928019384786,5.035908878399563,0.9014084507042254,0.365,0.12920168067226892,0.24,0.35714285714285715,0.22794117647058823,14,136,0.76,150,11,11,10,3,0.165,0.45,0.225,0.16
compositional,279,3000321,0.862,0.8384615384615385,2.6900095537202984,2.627973666962073,4.711643380830985,0.7671232876712328,0.37,0.2285714285714286,0.2866666666666667,0.5,0.2714285714285714,10,140,0.7133333333333334,150,12,12,11,3,0.175,0.49,0.215,0.12
compositional,280,3000322,0.84,0.8338461538461538,2.5786297327626917,2.5064949807182435,4.767423503960309,0.84,0.345,0.3476337903582486,0.28,0.5882352941176471,0.24060150375939848,17,133,0.72,150,12,12,11,0,0.11,0.485,0.245,0.16
compositional,281,3000323,0.868,0.8676923076923077,2.7562099787955767,2.699944872200907,4.8648793019412775,0.8656716417910447,0.375,0.33309659090909094,0.30666666666666664,0.5909090909090909,0.2578125,22,128,0.6933333333333334,150,12,12,12,1,0.19,0.38,0.28,0.15
compositional,282,3000324,0.868,0.8646153846153846,2.7486884918267807,2.692423385232111,5.0208733806930175,0.8947368421052632,0.365,0.1992753623188406,0.23333333333333334,0.4166666666666667,0.21739130434782608,12,138,0.7666666666666666,150,12,12,11,1,0.18,0.49,0.2,0.13
compositional,283,3000325,0.832,0.8353846153846154,2.527409613893334,2.453832166807997,4.463311594453545,0.8208955223880597,0.35,0.5,0.20666666666666667,0.6666666666666666,0.16666666666666666,12,138,0.7933333333333333,150,12,12,10,1,0.205,0.48,0.18,0.135
compositional,284,3000326,0.822,0.8246153846153846,2.476012216909365,2.393778599578694,4.564429751758975,0.8235294117647058,0.35,0.32678270634475015,0.24,0.5384615384615384,0.2116788321167883,13,137,0.76,150,12,12,9,1,0.175,0.46,0.22,0.145
compositional,285,3000327,0.858,0.8676923076923077,2.672452236988077,2.606088265107185,4.856955200604841,0.8780487804878049,0.295,0.33461538461538465,0.26,0.55,0.2153846153846154,20,130,0.74,150,12,12,11,2,0.18,0.425,0.23,0.165
compositional,286,3000328,0.84,0.8384615384615385,2.5815702045190765,2.5094354524746283,4.573503939481885,0.8686868686868687,0.385,0.2975856260527793,0.26666666666666666,0.5384615384615384,0.24087591240875914,13,137,0.7333333333333334,150,12,12,10,0,0.2,0.485,0.155,0.16
compositional,287,3000329,0.84,0.8446153846153847,2.5873806945650912,2.516688637561532,4.61038714183205,0.8,0.37,0.09090909090909088,0.25333333333333335,0.3333333333333333,0.24242424242424243,18,132,0.7466666666666666,150,12,12,11,1,0.175,0.46,0.22,0.145
compositional,288,3000330,0.874,0.8661538461538462,2.774436520152185,2.7196141085984045,4.86273228185007,0.8266666666666667,0.395,0.12414624347127359,0.26,0.3684210526315789,0.24427480916030533,19,131,0.74,150,12,12,12,1,0.16,0.485,0.21,0.145
compositional,289,3000331,0.87,0.86,2.750557700896311,2.697177984383419,4.91612758973373,0.7671232876712328,0.335,0.07607253427686866,0.22666666666666666,0.29411764705882354,0.21804511278195488,17,133,0.7733333333333333,150,10,10,9,2,0.215,0.415,0.235,0.135
compositional,290,3000332,0.832,0.84,2.5675368638905987,2.5026155870505953,4.5923610396258026,0.9204545454545454,0.385,0.5,0.24666666666666667,0.6666666666666666,0.16666666666666666,24,126,0.7533333333333333,150,12,12,9,2,0.225,0.425,0.22,0.13
compositional,291,3000333,0.832,0.8461538461538461,2.5498605569064283,2.47772580486198,4.682505163237179,0.9054054054054054,0.32,0.2896745680996384,0.2733333333333333,0.5263157894736842,0.2366412213740458,19,131,0.7266666666666667,150,12,12,8,0,0.245,0.43,0.17,0.155
compositional,292,3000334,0.878,0.8738461538461538,2.7977500097858132,2.7429275982320327,5.21950874484097,0.8266666666666667,0.37,0.28169014084507044,0.23333333333333334,0.5,0.21830985915492956,8,142,0.7666666666666666,150,12,12,12,4,0.17,0.49,0.16,0.18
compositional,293,3000335,0.846,0.8523076923076923,2.6101524028244585,2.542345735902677,4.684634898626912,0.8591549295774648,0.38,0.14646464646464646,0.26,0.3888888888888889,0.24242424242424243,18,132,0.74,150,11,11,8,1,0.195,0.46,0.185,0.16
compositional,294,3000336,0.866,0.8615384615384616,2.7270912587584624,2.665055372000237,5.063598058513301,0.8428571428571429,0.365,0.15111940298507462,0.24,0.375,0.22388059701492538,16,134,0.76,150,12,12,12,2,0.195,0.425,0.215,0.165
compositional,295,3000337,0.848,0.8538461538461538,2.634949708465854,2.568585736584962,4.676253150041233,0.9444444444444444,0.34,0.2,0.22,0.4,0.2,15,135,0.78,150,12,12,11,2,0.145,0.44,0.255,0.16
compositional,296,3000338,0.836,0.8492307692307692,2.5981887431784454,2.53615285642022,4.906093137656968,0.9285714285714286,0.345,0.11449579831932774,0.25333333333333335,0.35714285714285715,0.2426470588235294,14,136,0.7466666666666666,150,11,11,8,1,0.2,0.445,0.205,0.15
compositional,297,3000339,0.826,0.8323076923076923,2.4920727849421187,2.4098391676114477,4.427569769135,0.8701298701298701,0.305,0.18620079610791684,0.24666666666666667,0.4117647058823529,0.22556390977443608,17,133,0.7533333333333333,150,12,12,8,0,0.205,0.455,0.165,0.175
compositional,298,3000340,0.838,0.84,2.602592697206516,2.5376714203665127,4.665274666968781,0.875,0.315,0.2936559843034663,0.2733333333333333,0.5454545454545454,0.2517985611510791,11,139,0.7266666666666667,150,12,12,9,1,0.235,0.465,0.155,0.145
compositional,299,3000341,0.842,0.8476923076923077,2.597667793163321,2.528418431200651,4.751356973540413,0.868421052631579,0.355,0.028792912513842722,0.21333333333333335,0.23809523809523808,0.20930232558139536,21,129,0.7866666666666666,150,12,12,12,0,0.165,0.495,0.225,0.115
compositional,300,3000342,0.858,0.8461538461538461,2.672287037094723,2.605923065213831,4.87325286203664,0.7887323943661971,0.33,0.24502432551968156,0.25333333333333335,0.47058823529411764,0.22556390977443608,17,133,0.7466666666666666,150,12,12,12,1,0.175,0.455,0.245,0.125
compositional,301,3000343,0.86,0.8584615384615385,2.679893507939438,2.6120868410176565,4.8816046364777925,0.9154929577464789,0.36,0.25210084033613445,0.2,0.42857142857142855,0.17647058823529413,14,136,0.8,150,12,12,10,3,0.155,0.48,0.24,0.125
compositional,302,3000344,0.856,0.8646153846153846,2.6782476193080713,2.613326342468068,5.028781680031669,0.8987341772151899,0.295,0.44413250982594044,0.2866666666666667,0.6923076923076923,0.24817518248175183,13,137,0.7133333333333334,150,12,12,11,3,0.195,0.445,0.17,0.19
compositional,303,3000345,0.862,0.8553846153846154,2.700715826477081,2.6372372446779666,4.959056730742694,0.8767123287671232,0.27,0.27999999999999997,0.24666666666666667,0.48,0.2,25,125,0.7533333333333333,150,12,12,10,2,0.215,0.47,0.16,0.155
compositional,304,3000346,0.86,0.8676923076923077,2.6894059353337836,2.625927353534669,4.883343381888781,0.9714285714285714,0.315,0.3851851851851852,0.25333333333333335,0.6,0.21481481481481482,15,135,0.7466666666666666,150,11,11,10,1,0.21,0.435,0.175,0.18
compositional,305,3000347,0.836,0.8415384615384616,2.5890040273855286,2.5240827505455252,4.581007265272709,0.8875,0.39,0.32592592592592595,0.24,0.5333333333333333,0.2074074074074074,15,135,0.76,150,11,11,9,0,0.19,0.49,0.19,0.13
compositional,306,3000348,0.886,0.8815384615384615,2.848088762043666,2.7947090455307744,5.036827488529203,0.9078947368421053,0.325,-0.10401891252955087,0.32,0.2222222222222222,0.3262411347517731,9,141,0.6799999999999999,150,12,12,12,3,0.175,0.495,0.165,0.165
compositional,307,3000349,0.854,0.8384615384615385,2.659019268250027,2.5912126013282455,4.746627557341219,0.8028169014084507,0.425,0.3881076737645641,0.24,0.5789473684210527,0.19083969465648856,19,131,0.76,150,12,12,12,1,0.145,0.5,0.225,0.13
compositional,308,3000350,0.832,0.8430769230769231,2.535332077123538,2.460311934997312,4.674540662940494,0.9210526315789473,0.31,0.16596638655462187,0.20666666666666667,0.35714285714285715,0.19117647058823528,14,136,0.7933333333333333,150,12,12,9,0,0.185,0.455,0.215,0.145
compositional,309,3000351,0.874,0.8676923076923077,2.7632110151142215,2.702617823396885,5.085997366479829,0.8571428571428571,0.425,0.17293655249859632,0.22666666666666666,0.38461538461538464,0.2116788321167883,13,137,0.7733333333333333,150,12,12,12,4,0.17,0.495,0.205,0.13
compositional,310,3000352,0.842,0.84,2.592091857747637,2.5228424957849667,4.718035217447394,0.8160919540229885,0.335,0.14021695460024106,0.19333333333333333,0.3157894736842105,0.17557251908396945,19,131,0.8066666666666666,150,11,11,11,0,0.225,0.485,0.125,0.165
compositional,311,3000353,0.846,0.8430769230769231,2.6296598493442778,2.566181267545163,4.812191976439369,0.825,0.325,0.17692307692307693,0.24666666666666667,0.4,0.2230769230769231,20,130,0.7533333333333333,150,12,12,11,1,0.195,0.42,0.215,0.17
compositional,312,3000354,0.852,0.8569230769230769,2.6883633735969417,2.630655571961383,4.922594189339627,0.9210526315789473,0.345,0.27020202020202017,0.20666666666666667,0.4444444444444444,0.17424242424242425,18,132,0.7933333333333333,150,12,12,11,1,0.11,0.51,0.195,0.185
compositional,313,3000355,0.854,0.8430769230769231,2.684990815754918,2.6272830141193593,4.977378751910396,0.7857142857142857,0.365,0.2839451570101725,0.16,0.4117647058823529,0.12781954887218044,17,133,0.84,150,12,12,12,1,0.19,0.455,0.22,0.135
compositional,314,3000356,0.84,0.8430769230769231,2.5630913454893456,2.4880712033631194,4.664377952807968,0.85,0.34,0.4228217602830606,0.21333333333333335,0.5882352941176471,0.16541353383458646,17,133,0.7866666666666666,150,12,12,9,2,0.19,0.48,0.15,0.18
compositional,315,3000357,0.836,0.8384615384615385,2.554435797752147,2.4794156556259206,4.699714067897739,0.8488372093023255,0.345,0.32878151260504196,0.2733333333333333,0.5714285714285714,0.2426470588235294,14,136,0.7266666666666667,150,12,12,9,0,0.15,0.505,0.175,0.17
compositional,316,3000358,0.852,0.8523076923076923,2.6376114473554857,2.574132865556371,4.809796391863489,0.8372093023255814,0.295,0.07407407407407407,0.26666666666666666,0.3333333333333333,0.25925925925925924,15,135,0.7333333333333334,150,11,11,10,1,0.22,0.385,0.235,0.16
compositional,317,3000359,0.828,0.8246153846153846,2.52695082008362,2.453373372998283,4.597931129808693,0.7887323943661971,0.3,0.08141493542953399,0.23333333333333334,0.3076923076923077,0.22627737226277372,13,137,0.7666666666666666,150,12,12,8,1,0.23,0.365,0.24,0.165
compositional,318,3000360,0.826,0.8338461538461538,2.487607223824168,2.409701691616164,4.423625024170145,0.8493150684931506,0.35,0.3564794338788147,0.21333333333333335,0.5294117647058824,0.17293233082706766,17,133,0.7866666666666666,150,11,11,8,0,0.14,0.475,0.195,0.19
compositional,319,3000361,0.844,0.8430769230769231,2.6096460810434388,2.5418394141216574,4.6911720407186905,0.8488372093023255,0.375,0.3581932773109243,0.24666666666666667,0.5714285714285714,0.21323529411764705,14,136,0.7533333333333333,150,12,12,10,0,0.19,0.455,0.225,0.13
compositional,320,3000362,0.852,0.8676923076923077,2.643299275593207,2.575492608671426,4.780422588792995,0.9315068493150684,0.325,0.25873507297655907,0.3,0.5294117647058824,0.2706766917293233,17,133,0.7,150,12,12,11,3,0.185,0.47,0.16,0.185
compositional,321,3000363,0.838,0.8338461538461538,2.563882495165263,2.4931904381617036,4.68036996235816,0.7916666666666666,0.35,-0.029629629629629617,0.22666666666666666,0.2,0.22962962962962963,15,135,0.7733333333333333,150,12,12,9,1,0.265,0.415,0.185,0.135
compositional,322,3000364,0.858,0.8507692307692307,2.683312785358484,2.6198342035593694,4.6954417611673795,0.8452380952380952,0.405,0.23880597014925375,0.2866666666666667,0.5,0.26119402985074625,16,134,0.7133333333333334,150,11,11,10,3,0.155,0.495,0.21,0.14
compositional,323,3000365,0.858,0.8461538461538461,2.704571192450952,2.6439780007336156,4.887513928478568,0.8333333333333334,0.3,0.18360787464845318,0.31333333333333335,0.47368421052631576,0.2900763358778626,19,131,0.6866666666666666,150,12,12,12,0,0.2,0.4,0.215,0.185
compositional,324,3000366,0.85,0.8615384615384616,2.650901504288665,2.58742292248955,4.707170285217149,0.9315068493150684,0.37,0.19230769230769232,0.23333333333333334,0.4,0.2076923076923077,20,130,0.7666666666666666,150,12,12,10,1,0.175,0.47,0.195,0.16
compositional,325,3000367,0.84,0.8492307692307692,2.5552958865917805,2.4773903543837763,4.507952548872499,0.8169014084507042,0.28,-0.010106681639528353,0.24,0.23076923076923078,0.24087591240875914,13,137,0.76,150,12,12,11,0,0.225,0.455,0.18,0.14
compositional,326,3000368,0.868,0.8707692307692307,2.7430187821521157,2.682425590434779,4.934252847529329,0.8674698795180723,0.36,0.3551525873507298,0.2733333333333333,0.5882352941176471,0.23308270676691728,17,133,0.7266666666666667,150,12,12,11,3,0.2,0.485,0.17,0.145
compositional,327,3000369,0.844,0.8507692307692307,2.610477384193106,2.544113412312214,4.618405973773144,0.8536585365853658,0.33,0.1259328358208955,0.2,0.3125,0.1865671641791045,16,134,0.8,150,12,12,9,2,0.21,0.43,0.21,0.15
compositional,328,3000370,0.852,0.86,2.6624281549013222,2.5989495731022076,5.016952146687882,0.8933333333333333,0.4,0.20536298234139963,0.17333333333333334,0.36363636363636365,0.15827338129496402,11,139,0.8266666666666667,150,12,12,12,1,0.17,0.475,0.25,0.105
compositional,329,3000371,0.848,0.8446153846153847,2.6660852932164314,2.6098201866217616,4.88724914838417,0.8701298701298701,0.315,0.26865671641791045,0.26,0.5,0.23134328358208955,16,134,0.74,150,11,11,10,1,0.24,0.45,0.175,0.135
compositional,330,3000372,0.826,0.8338461538461538,2.515540858177099,2.441963411091762,4.502661933224815,0.863013698630137,0.35,0.157452454666077,0.21333333333333335,0.35294117647058826,0.19548872180451127,17,133,0.7866666666666666,150,12,12,9,0,0.195,0.445,0.225,0.135
compositional,331,3000373,0.858,0.8661538461538462,2.675820601375574,2.609456629494682,4.83714421430237,0.8987341772151899,0.305,0.1111111111111111,0.23333333333333334,0.3333333333333333,0.2222222222222222,15,135,0.7666666666666666,150,12,12,11,1,0.23,0.385,0.235,0.15
compositional,332,3000374,0.848,0.8461538461538461,2.645747680042479,2.5822690982433643,4.712137751098278,0.8421052631578947,0.375,0.23021293692245878,0.22,0.42105263157894735,0.19083969465648856,19,131,0.78,150,12,12,11,0,0.175,0.475,0.225,0.125
compositional,333,3000375,0.872,0.8723076923076923,2.76241912719217,2.7018259354748335,4.820432955556992,0.8513513513513513,0.375,0.38718116415958137,0.18666666666666668,0.5454545454545454,0.15827338129496402,11,139,0.8133333333333334,150,12,12,12,3,0.235,0.445,0.175,0.145
compositional,334,3000376,0.846,0.8523076923076923,2.614867410509352,2.54850343862846,4.870653441913024,0.8904109589041096,0.31,0.10714285714285715,0.3,0.4,0.29285714285714287,10,140,0.7,150,12,12,11,0,0.26,0.375,0.215,0.15
compositional,335,3000377,0.866,0.8523076923076923,2.739983563246629,2.6822757616110704,4.889165241427148,0.7948717948717948,0.42,0.1893939393939394,0.3333333333333333,0.5,0.3106060606060606,18,132,0.6666666666666667,150,12,12,12,4,0.205,0.47,0.155,0.17
compositional,336,3000378,0.848,0.8461538461538461,2.60659040155753,2.5358983445539707,4.65816852243825,0.8148148148148148,0.34,0.10400000000000001,0.23333333333333334,0.32,0.216,25,125,0.7666666666666666,150,12,12,12,0,0.175,0.45,0.205,0.17
compositional,337,3000379,0.88,0.8692307692307693,2.8250388679370078,2.775987236546783,5.058878786214475,0.8552631578947368,0.31,-0.03999999999999998,0.23333333333333334,0.2,0.24,25,125,0.7666666666666666,150,12,12,12,5,0.185,0.44,0.225,0.15
compositional,338,3000380,0.846,0.8261538461538461,2.607425759507214,2.5367337025036547,4.7640220873010355,0.7333333333333333,0.32,-0.00740740740740739,0.20666666666666667,0.2,0.2074074074074074,15,135,0.7933333333333333,150,12,12,12,0,0.225,0.445,0.185,0.145
compositional,339,3000381,0.85,0.84,2.637192557951545,2.572271281111542,4.797201419683865,0.7922077922077922,0.37,0.16311771795901966,0.17333333333333334,0.3157894736842105,0.15267175572519084,19,131,0.8266666666666667,150,11,11,10,2,0.205,0.465,0.2,0.13
compositional,340,3000382,0.844,0.8507692307692307,2.587216893339983,2.512196751213757,4.6320639131040915,0.8354430379746836,0.33,0.03228659885006635,0.20666666666666667,0.23529411764705882,0.20300751879699247,17,133,0.7933333333333333,150,12,12,11,0,0.195,0.43,0.205,0.17
compositional,341,3000383,0.816,0.8153846153846154,2.4486739554219703,2.3664403380912993,4.341411484126594,0.7738095238095238,0.37,0.1437394722066255,0.25333333333333335,0.38461538461538464,0.24087591240875914,13,137,0.7466666666666666,150,12,12,9,0,0.185,0.445,0.21,0.16
compositional,342,3000384,0.832,0.84,2.5628144938445834,2.49789321700458,4.653217766941869,0.8648648648648649,0.375,0.1317829457364341,0.22,0.3333333333333333,0.20155038759689922,21,129,0.78,150,12,12,10,0,0.225,0.505,0.185,0.085
compositional,343,3000385,0.852,0.8384615384615385,2.625671248095691,2.552093801010354,4.78402893807584,0.7922077922077922,0.34,0.12737726669615218,0.24,0.35294117647058826,0.22556390977443608,17,133,0.76,150,12,12,12,1,0.155,0.415,0.215,0.215
compositional,344,3000386,0.858,0.8692307692307693,2.6823976422465368,2.6174763654065334,4.628339821399106,0.9333333333333333,0.365,0.5293466223698782,0.30666666666666664,0.7619047619047619,0.23255813953488372,21,129,0.6933333333333334,150,12,12,11,1,0.17,0.485,0.235,0.11
compositional,345,3000387,0.83,0.8261538461538461,2.543375326896006,2.4726832698924466,4.425898837732623,0.8181818181818182,0.435,0.11199999999999999,0.26666666666666666,0.36,0.248,25,125,0.7333333333333334,150,12,12,9,0,0.195,0.495,0.2,0.11
compositional,346,3000388,0.85,0.8415384615384616,2.627805726915154,2.5571136699115944,4.700408531198464,0.8648648648648649,0.275,0.2446765769385295,0.26,0.47368421052631576,0.22900763358778625,19,131,0.74,150,12,12,10,1,0.255,0.4,0.18,0.165
compositional,347,3000389,0.848,0.8569230769230769,2.6260021720681292,2.556752810105459,4.701910628244717,0.9545454545454546,0.26,0.2,0.22,0.4,0.2,15,135,0.78,150,12,12,10,2,0.235,0.41,0.2,0.155
compositional,348,3000390,0.854,0.8492307692307692,2.636579766885774,2.5673304049231036,4.65464117507909,0.8615384615384616,0.33,0.20959595959595956,0.26,0.4444444444444444,0.23484848484848486,18,132,0.74,150,12,12,9,1,0.17,0.465,0.195,0.17
compositional,349,3000391,0.862,0.8661538461538462,2.7195951381660475,2.6604446414896,4.936577895315842,0.868421052631579,0.405,0.19327731092436973,0.25333333333333335,0.42857142857142855,0.23529411764705882,14,136,0.7466666666666666,150,12,12,12,0,0.16,0.455,0.24,0.145
compositional,350,3000392,0.828,0.8323076923076923,2.5468948213743894,2.479088154452608,4.688567098850773,0.8433734939759037,0.375,0.12307692307692308,0.29333333333333333,0.4,0.27692307692307694,20,130,0.7066666666666667,150,12,12,11,0,0.215,0.42,0.205,0.16
compositional,351,3000393,0.866,0.8661538461538462,2.7284412018323394,2.667848010115003,5.0045016528704265,0.9090909090909091,0.41,0.29040404040404044,0.3,0.5555555555555556,0.26515151515151514,18,132,0.7,150,12,12,12,1,0.205,0.52,0.16,0.115
compositional,352,3000394,0.844,0.8476923076923077,2.6108509352173623,2.543044268295581,4.571879239441999,0.8472222222222222,0.295,0.16161616161616163,0.24666666666666667,0.3888888888888889,0.22727272727272727,18,132,0.7533333333333333,150,12,12,11,0,0.18,0.475,0.215,0.13
compositional,353,3000395,0.848,0.8615384615384616,2.619295214853242,2.5486031578496826,4.65277916950592,0.9620253164556962,0.365,0.46283648051426274,0.28,0.6842105263157895,0.22137404580152673,19,131,0.72,150,12,12,11,0,0.175,0.45,0.25,0.125
compositional,354,3000396,0.856,0.86,2.6781780317818877,2.614699449982773,4.8066616904828425,0.8676470588235294,0.36,0.16538461538461535,0.20666666666666667,0.35,0.18461538461538463,20,130,0.7933333333333333,150,12,12,11,1,0.185,0.445,0.215,0.155
compositional,355,3000397,0.83,0.8446153846153847,2.542143884489837,2.471451827486278,4.5660042262201594,0.9473684210526315,0.35,0.15769230769230766,0.21333333333333335,0.35,0.19230769230769232,20,130,0.7866666666666666,150,12,12,10,1,0.185,0.47,0.205,0.14
compositional,356,3000398,0.848,0.8461538461538461,2.6408540908978564,2.58026089918052,4.732729171862248,0.8701298701298701,0.365,0.28239202657807305,0.23333333333333334,0.47619047619047616,0.1937984496124031,21,129,0.7666666666666666,150,11,11,9,0,0.245,0.435,0.2,0.12
compositional,357,3000399,0.842,0.8461538461538461,2.5687853456397347,2.4966505935952865,4.57899087623476,0.8529411764705882,0.31,0.11903204708960105,0.25333333333333335,0.36363636363636365,0.2446043165467626,11,139,0.7466666666666666,150,11,11,11,1,0.225,0.405,0.23,0.14
compositional,358,3000400,0.852,0.8569230769230769,2.6577013279693444,2.59422274617023,4.802821021664125,0.8933333333333333,0.315,0.064,0.26666666666666666,0.32,0.256,25,125,0.7333333333333334,150,12,12,10,1,0.215,0.46,0.17,0.155
compositional,359,3000401,0.862,0.8584615384615385,2.6999049558544,2.637869069096175,4.897066357679507,0.8472222222222222,0.37,0.16386554621848737,0.28,0.42857142857142855,0.2647058823529412,14,136,0.72,150,11,11,10,1,0.245,0.395,0.21,0.15
compositional,360,3000402,0.854,0.8538461538461538,2.667430397686185,2.5996237307644035,4.735738794961142,0.8148148148148148,0.36,0.2930503252310852,0.18666666666666668,0.43478260869565216,0.14173228346456693,23,127,0.8133333333333334,150,12,11,11,3,0.205,0.45,0.185,0.16
compositional,361,3000403,0.846,0.8553846153846154,2.6299108184673745,2.564989541627371,4.86728210953936,0.8289473684210527,0.37,0.32307692307692304,0.32,0.6,0.27692307692307694,20,130,0.6799999999999999,150,11,11,10,1,0.18,0.425,0.24,0.155
compositional,362,3000404,0.832,0.8307692307692308,2.5578080964608656,2.487116039457306,4.623122430448975,0.8333333333333334,0.31,0.15861344537815128,0.21333333333333335,0.35714285714285715,0.19852941176470587,14,136,0.7866666666666666,150,12,12,10,0,0.225,0.4,0.215,0.16
compositional,363,3000405,0.846,0.8476923076923077,2.593488558149009,2.518468416022783,4.695054401798294,0.8461538461538461,0.315,0.3038478549314463,0.26,0.5294117647058824,0.22556390977443608,17,133,0.74,150,12,12,11,1,0.145,0.52,0.175,0.16
compositional,364,3000406,0.832,0.8369230769230769,2.5564562717646986,2.488649604842917,4.577417847491331,0.8441558441558441,0.305,0.22307692307692306,0.30666666666666664,0.5,0.27692307692307694,20,130,0.6933333333333334,150,10,10,9,0,0.2,0.43,0.18,0.19
compositional,365,3000407,0.848,0.8446153846153847,2.60018425560168,2.5294921985981205,4.523161722702098,0.8507462686567164,0.365,0.3701901813356922,0.26,0.5882352941176471,0.21804511278195488,17,133,0.74,150,10,10,9,0,0.22,0.43,0.175,0.175
compositional,366,3000408,0.854,0.8492307692307692,2.6680237520653476,2.604545170266233,4.738543284033018,0.8253968253968254,0.375,0.2358803986710963,0.2733333333333333,0.47619047619047616,0.24031007751937986,21,129,0.7266666666666667,150,12,12,12,2,0.195,0.47,0.18,0.155
compositional,367,3000409,0.852,0.8538461538461538,2.6524634156168085,2.588984833817694,4.784943075620305,0.8607594936708861,0.325,0.22146401985111663,0.24,0.4230769230769231,0.20161290322580644,26,124,0.76,150,12,12,10,0,0.21,0.48,0.15,0.16
compositional,368,3000410,0.86,0.86,2.6965248832761466,2.633046301477032,4.846145473404507,0.8243243243243243,0.31,-0.10144927536231887,0.26,0.16666666666666666,0.26811594202898553,12,138,0.74,150,12,12,10,2,0.21,0.465,0.2,0.125
compositional,369,3000411,0.818,0.8123076923076923,2.441139509980796,2.357463197609236,4.254930103899435,0.7887323943661971,0.365,0.26865671641791045,0.26,0.5,0.23134328358208955,16,134,0.74,150,12,12,8,0,0.24,0.425,0.22,0.115
compositional,370,3000412,0.836,0.8446153846153847,2.5701353806379013,2.500886018675231,4.638795415327182,0.9253731343283582,0.315,0.024767801857585148,0.21333333333333335,0.23529411764705882,0.21052631578947367,17,133,0.7866666666666666,150,12,12,11,0,0.25,0.385,0.22,0.145
compositional,371,3000413,0.832,0.8323076923076923,2.5576151803012332,2.489808513379452,4.499138208354959,0.8311688311688312,0.295,0.20875718708536045,0.22666666666666666,0.4117647058823529,0.20300751879699247,17,133,0.7733333333333333,150,12,12,11,0,0.185,0.46,0.23,0.125
compositional,372,3000414,0.842,0.8476923076923077,2.604584979525816,2.5411063977267014,4.993599663463786,0.868421052631579,0.36,0.3282828282828283,0.26666666666666666,0.5555555555555556,0.22727272727272727,18,132,0.7333333333333334,150,11,11,11,1,0.205,0.46,0.18,0.155
compositional,373,3000415,0.842,0.8446153846153847,2.5902873370837236,2.5167098899983866,4.836249203252152,0.890625,0.295,0.29411764705882354,0.23333333333333334,0.5,0.20588235294117646,14,136,0.7666666666666666,150,12,12,10,2,0.2,0.425,0.205,0.17
compositional,374,3000416,0.862,0.8584615384615385,2.686330710028453,2.622852128229338,4.773398525113087,0.8831168831168831,0.33,0.351010101010101,0.24666666666666667,0.5555555555555556,0.20454545454545456,18,132,0.7533333333333333,150,12,12,12,2,0.21,0.45,0.17,0.17
compositional,375,3000417,0.876,0.8723076923076923,2.7760060302804477,2.715412838563111,4.967931431388641,0.875,0.38,0.21969696969696972,0.30666666666666664,0.5,0.2803030303030303,18,132,0.6933333333333334,150,12,12,12,2,0.225,0.445,0.19,0.14
compositional,376,3000418,0.86,0.8569230769230769,2.7109234128933393,2.6532156112577807,4.8518458005522564,0.8717948717948718,0.445,0.27574750830564787,0.2866666666666667,0.5238095238095238,0.24806201550387597,21,129,0.7133333333333334,150,12,12,10,2,0.22,0.485,0.155,0.14
compositional,377,3000419,0.826,0.8353846153846154,2.4996642017697925,2.4203159745208995,4.492526357818782,0.8428571428571429,0.33,0.42222222222222217,0.2866666666666667,0.6666666666666666,0.24444444444444444,15,135,0.7133333333333334,150,12,12,10,0,0.16,0.425,0.235,0.18
compositional,378,3000420,0.844,0.8476923076923077,2.5903333481773916,2.5181985961329434,4.616194410968721,0.8987341772151899,0.395,0.19191919191919193,0.22,0.3888888888888889,0.19696969696969696,18,132,0.78,150,12,12,11,0,0.205,0.45,0.225,0.12
compositional,379,3000421,0.87,0.8692307692307693,2.766577176433433,2.7088693747978745,4.917502806565442,0.8690476190476191,0.37,0.20615671641791045,0.25333333333333335,0.4375,0.23134328358208955,16,134,0.7466666666666666,150,12,12,12,1,0.185,0.47,0.215,0.13
compositional,380,3000422,0.87,0.8661538461538462,2.7567840234851833,2.6990762218496247,5.071477453152029,0.8888888888888888,0.43,0.3038478549314463,0.26,0.5294117647058824,0.22556390977443608,17,133,0.74,150,12,12,11,2,0.185,0.49,0.185,0.14
compositional,381,3000423,0.85,0.8523076923076923,2.640916044391852,2.580322852674515,4.77948919660175,0.7971014492753623,0.38,0.16364440513047324,0.26666666666666666,0.4117647058823529,0.24812030075187969,17,133,0.7333333333333334,150,10,10,7,3,0.23,0.485,0.18,0.105
compositional,382,3000424,0.834,0.8353846153846154,2.5471611758526445,2.4750264238081963,4.55445910606389,0.8493150684931506,0.385,0.23600746268656717,0.22666666666666666,0.4375,0.20149253731343283,16,134,0.7733333333333333,150,12,12,11,0,0.17,0.46,0.2,0.17
compositional,383,3000425,0.838,0.8430769230769231,2.565237653370991,2.491660206285654,4.584418407093123,0.8961038961038961,0.37,0.1800088456435206,0.19333333333333333,0.35294117647058826,0.17293233082706766,17,133,0.8066666666666666,150,12,12,10,0,0.18,0.47,0.235,0.115
compositional,384,3000426,0.85,0.8507692307692307,2.6541737154613307,2.590695133662216,4.722706045628761,0.8441558441558441,0.345,0.19230769230769232,0.23333333333333334,0.4,0.2076923076923077,20,130,0.7666666666666666,150,12,12,12,0,0.245,0.415,0.205,0.135
compositional,385,3000427,0.878,0.8830769230769231,2.798023627090168,2.748971995699943,5.10920171797495,0.9125,0.38,0.25768476128188356,0.30666666666666664,0.5454545454545454,0.28776978417266186,11,139,0.6933333333333334,150,10,10,10,3,0.2,0.47,0.225,0.105
compositional,386,3000428,0.856,0.8584615384615385,2.6767238308094563,2.611802553969453,4.942842213737215,0.85,0.39,0.04827114002054089,0.22,0.2608695652173913,0.2125984251968504,23,127,0.78,150,12,12,12,0,0.2,0.48,0.18,0.14
compositional,387,3000429,0.854,0.8507692307692307,2.681332230433088,2.6178536486339734,5.028895907008725,0.9104477611940298,0.405,0.4214285714285714,0.20666666666666667,0.6,0.17857142857142858,10,140,0.7933333333333333,150,12,12,10,2,0.22,0.46,0.185,0.135
compositional,388,3000430,0.856,0.84,2.689314039793886,2.6272781530356606,4.624178786560444,0.84,0.39,0.1847826086956522,0.24666666666666667,0.4166666666666667,0.2318840579710145,12,138,0.7533333333333333,150,12,12,11,1,0.165,0.47,0.2,0.165
compositional,389,3000431,0.86,0.8538461538461538,2.7060359367938567,2.6468854401174093,5.031345284119063,0.8313253012048193,0.355,0.16296296296296298,0.25333333333333335,0.4,0.23703703703703705,15,135,0.7466666666666666,150,11,11,9,2,0.205,0.425,0.2,0.17
compositional,390,3000432,0.842,0.8492307692307692,2.577546018881562,2.505411266837114,4.716392936868071,0.875,0.34,0.28358208955223885,0.24666666666666667,0.5,0.21641791044776118,16,134,0.7533333333333333,150,12,12,10,1,0.245,0.39,0.185,0.18
compositional,391,3000433,0.858,0.8523076923076923,2.680316838396742,2.6168382565976276,4.991216686655084,0.8354430379746836,0.37,-0.018656716417910446,0.26666666666666666,0.25,0.26865671641791045,16,134,0.7333333333333334,150,12,12,12,1,0.185,0.505,0.165,0.145
compositional,392,3000434,0.868,0.8615384615384616,2.7559155147154093,2.7010931031616288,4.8614163417463105,0.8641975308641975,0.385,0.1364402021336328,0.26,0.38461538461538464,0.24817518248175183,13,137,0.74,150,12,12,10,5,0.25,0.405,0.215,0.13
compositional,393,3000435,0.854,0.86,2.639961673586506,2.5692696165829467,4.8509126746696625,0.9142857142857143,0.3,0.40370578326782713,0.24666666666666667,0.6153846153846154,0.2116788321167883,13,137,0.7533333333333333,150,12,12,9,1,0.2,0.425,0.22,0.155
compositional,394,3000436,0.828,0.8323076923076923,2.4893979586984285,2.4071643413677575,4.44719747002211,0.8356164383561644,0.365,0.23846153846153847,0.19333333333333333,0.4,0.16153846153846155,20,130,0.8066666666666666,150,12,12,7,0,0.2,0.455,0.185,0.16
compositional,395,3000437,0.87,0.86,2.7858820941874884,2.733945072715486,4.999012572845969,0.8266666666666667,0.355,0.00840336134453784,0.2866666666666667,0.29411764705882354,0.2857142857142857,17,133,0.7133333333333334,150,12,12,11,3,0.22,0.45,0.2,0.13
compositional,396,3000438,0.852,0.8476923076923077,2.65562962203776,2.5921510402386456,4.7271038228956765,0.8292682926829268,0.385,0.13846153846153844,0.18,0.3,0.16153846153846155,20,130,0.8200000000000001,150,12,12,11,0,0.185,0.425,0.265,0.125
compositional,397,3000439,0.848,0.8492307692307692,2.6320278381015427,2.5642211711797613,4.771624313227203,0.8571428571428571,0.325,0.21361940298507462,0.24666666666666667,0.4375,0.22388059701492538,16,134,0.7533333333333333,150,12,12,11,0,0.225,0.385,0.22,0.17
compositional,398,3000440,0.816,0.82,2.450203729212606,2.365084721800157,4.268711192091944,0.8533333333333334,0.375,0.19815340909090912,0.24,0.4090909090909091,0.2109375,22,128,0.76,150,12,11,7,1,0.155,0.47,0.22,0.155
compositional,399,3000441,0.868,0.8630769230769231,2.7404166542628867,2.6812661575864394,4.935947508934585,0.8153846153846154,0.375,0.3989385227775321,0.29333333333333333,0.6470588235294118,0.24812030075187969,17,133,0.7066666666666667,150,11,11,11,2,0.205,0.445,0.21,0.14
