trial_uid,subject,source_file,source_file_sha256,session_T_or_E,source_record_index,task_run_index,within_run_trial_index,trial_sample_matlab,trial_sample_zero_based,cue_sample_zero_based,source_label,canonical_class,artifact_flag,retained,exclusion_reason,epoch_start_sample,epoch_stop_sample_inclusive
S01:T:record03:trial001,S01,A01T.mat,054f02e70cf9c4ada1517e9b9864f45407939c1062c6793516585c6f511d0325,T,3,0,0,251,250,750,4,tongue,0,True,,875,1375
S01:T:record03:trial002,S01,A01T.mat,054f02e70cf9c4ada1517e9b9864f45407939c1062c6793516585c6f511d0325,T,3,0,1,2254,2253,2753,3,feet,0,True,,2878,3378
S01:T:record03:trial003,S01,A01T.mat,054f02e70cf9c4ada1517e9b9864f45407939c1062c6793516585c6f511d0325,T,3,0,2,4172,4171,4671,2,right_hand,0,True,,4796,5296
S01:T:record03:trial004,S01,A01T.mat,054f02e70cf9c4ada1517e9b9864f45407939c1062c6793516585c6f511d0325,T,3,0,3,6124,6123,6623,1,left_hand,0,True,,6748,7248
S01:T:record03:trial005,S01,A01T.mat,054f02e70cf9c4ada1517e9b9864f45407939c1062c6793516585c6f511d0325,T,3,0,4,8132,8131,8631,1,left_hand,0,True,,8756,9256
S01:T:record03:trial006,S01,A01T.mat,054f02e70cf9c4ada1517e9b9864f45407939c1062c6793516585c6f511d0325,T,3,0,5,10243,10242,10742,2,right_hand,0,True,,10867,11367
S01:T:record03:trial007,S01,A01T.mat,054f02e70cf9c4ada1517e9b9864f45407939c1062c6793516585c6f511d0325,T,3,0,6,12160,12159,12659,3,feet,0,True,,12784,13284
S01:T:record03:trial008,S01,A01T.mat,054f02e70cf9c4ada1517e9b9864f45407939c1062c6793516585c6f511d0325,T,3,0,7,14210,14209,14709,4,tongue,0,True,,14834,15334
S01:T:record03:trial009,S01,A01T.mat,054f02e70cf9c4ada1517e9b9864f45407939c1062c6793516585c6f511d0325,T,3,0,8,16141,16140,16640,2,right_hand,0,True,,16765,17265
S01:T:record03:trial010,S01,A01T.mat,054f02e70cf9c4ada1517e9b9864f45407939c1062c6793516585c6f511d0325,T,3,0,9,18139,18138,18638,3,feet,0,True,,18763,19263
S01:T:record03:trial011,S01,A01T.mat,054f02e70cf9c4ada1517e9b9864f45407939c1062c6793516585c6f511d0325,T,3,0,10,20045,20044,20544,1,left_hand,0,True,,20669,21169
S01:T:record03:trial012,S01,A01T.mat,054f02e70cf9c4ada1517e9b9864f45407939c1062c6793516585c6f511d0325,T,3,0,11,21940,21939,22439,1,left_hand,0,True,,22564,23064
S01:T:record03:trial013,S01,A01T.mat,054f02e70cf9c4ada1517e9b9864f45407939c1062c6793516585c6f511d0325,T,3,0,12,23912,23911,24411,1,left_hand,0,True,,24536,25036
S01:T:record03:trial014,S01,A01T.mat,054f02e70cf9c4ada1517e9b9864f45407939c1062c6793516585c6f511d0325,T,3,0,13,25856,25855,26355,4,tongue,0,True,,26480,26980
S01:T:record03:trial015,S01,A01T.mat,054f02e70cf9c4ada1517e9b9864f45407939c1062c6793516585c6f511d0325,T,3,0,14,27823,27822,28322,2,right_hand,0,True,,28447,28947
S01:T:record03:trial016,S01,A01T.mat,054f02e70cf9c4ada1517e9b9864f45407939c1062c6793516585c6f511d0325,T,3,0,15,29943,29942,30442,2,right_hand,0,True,,30567,31067
S01:T:record03:trial017,S01,A01T.mat,054f02e70cf9c4ada1517e9b9864f45407939c1062c6793516585c6f511d0325,T,3,0,16,31951,31950,32450,1,left_hand,0,True,,32575,33075
S01:T:record03:trial018,S01,A01T.mat,054f02e70cf9c4ada1517e9b9864f45407939c1062c6793516585c6f511d0325,T,3,0,17,34017,34016,34516,1,left_hand,0,True,,34641,35141
S01:T:record03:trial019,S01,A01T.mat,054f02e70cf9c4ada1517e9b9864f45407939c1062c6793516585c6f511d0325,T,3,0,18,36053,36052,36552,3,feet,0,True,,36677,37177
S01:T:record03:trial020,S01,A01T.mat,054f02e70cf9c4ada1517e9b9864f45407939c1062c6793516585c6f511d0325,T,3,0,19,38119,38118,38618,1,left_hand,0,True,,38743,39243
S01:T:record03:trial021,S01,A01T.mat,054f02e70cf9c4ada1517e9b9864f45407939c1062c6793516585c6f511d0325,T,3,0,20,40189,40188,40688,2,right_hand,0,True,,40813,41313
S01:T:record03:trial022,S01,A01T.mat,054f02e70cf9c4ada1517e9b9864f45407939c1062c6793516585c6f511d0325,T,3,0,21,42269,42268,42768,4,tongue,1,False,organizer_artifact_flag,42893,43393
S01:T:record03:trial023,S01,A01T.mat,054f02e70cf9c4ada1517e9b9864f45407939c1062c6793516585c6f511d0325,T,3,0,22,44181,44180,44680,4,tongue,0,True,,44805,45305
S01:T:record03:trial024,S01,A01T.mat,054f02e70cf9c4ada1517e9b9864f45407939c1062c6793516585c6f511d0325,T,3,0,23,46212,46211,46711,3,feet,0,True,,46836,47336
S01:T:record03:trial025,S01,A01T.mat,054f02e70cf9c4ada1517e9b9864f45407939c1062c6793516585c6f511d0325,T,3,0,24,48165,48164,48664,1,left_hand,0,True,,48789,49289
S01:T:record03:trial026,S01,A01T.mat,054f02e70cf9c4ada1517e9b9864f45407939c1062c6793516585c6f511d0325,T,3,0,25,50126,50125,50625,4,tongue,0,True,,50750,51250
S01:T:record03:trial027,S01,A01T.mat,054f02e70cf9c4ada1517e9b9864f45407939c1062c6793516585c6f511d0325,T,3,0,26,52230,52229,52729,4,tongue,0,True,,52854,53354
S01:T:record03:trial028,S01,A01T.mat,054f02e70cf9c4ada1517e9b9864f45407939c1062c6793516585c6f511d0325,T,3,0,27,54234,54233,54733,2,right_hand,0,True,,54858,55358
S01:T:record03:trial029,S01,A01T.mat,054f02e70cf9c4ada1517e9b9864f45407939c1062c6793516585c6f511d0325,T,3,0,28,56209,56208,56708,4,tongue,0,True,,56833,57333
S01:T:record03:trial030,S01,A01T.mat,054f02e70cf9c4ada1517e9b9864f45407939c1062c6793516585c6f511d0325,T,3,0,29,58235,58234,58734,4,tongue,0,True,,58859,59359
S01:T:record03:trial031,S01,A01T.mat,054f02e70cf9c4ada1517e9b9864f45407939c1062c6793516585c6f511d0325,T,3,0,30,60306,60305,60805,2,right_hand,0,True,,60930,61430
S01:T:record03:trial032,S01,A01T.mat,054f02e70cf9c4ada1517e9b9864f45407939c1062c6793516585c6f511d0325,T,3,0,31,62413,62412,62912,1,left_hand,0,True,,63037,63537
S01:T:record03:trial033,S01,A01T.mat,054f02e70cf9c4ada1517e9b9864f45407939c1062c6793516585c6f511d0325,T,3,0,32,64505,64504,65004,2,right_hand,0,True,,65129,65629
S01:T:record03:trial034,S01,A01T.mat,054f02e70cf9c4ada1517e9b9864f45407939c1062c6793516585c6f511d0325,T,3,0,33,66596,66595,67095,3,feet,0,True,,67220,67720
S01:T:record03:trial035,S01,A01T.mat,054f02e70cf9c4ada1517e9b9864f45407939c1062c6793516585c6f511d0325,T,3,0,34,68639,68638,69138,3,feet,0,True,,69263,69763
S01:T:record03:trial036,S01,A01T.mat,054f02e70cf9c4ada1517e9b9864f45407939c1062c6793516585c6f511d0325,T,3,0,35,70703,70702,71202,3,feet,0,True,,71327,71827
S01:T:record03:trial037,S01,A01T.mat,054f02e70cf9c4ada1517e9b9864f45407939c1062c6793516585c6f511d0325,T,3,0,36,72723,72722,73222,4,tongue,0,True,,73347,73847
S01:T:record03:trial038,S01,A01T.mat,054f02e70cf9c4ada1517e9b9864f45407939c1062c6793516585c6f511d0325,T,3,0,37,74695,74694,75194,3,feet,0,True,,75319,75819
S01:T:record03:trial039,S01,A01T.mat,054f02e70cf9c4ada1517e9b9864f45407939c1062c6793516585c6f511d0325,T,3,0,38,76658,76657,77157,1,left_hand,0,True,,77282,77782
S01:T:record03:trial040,S01,A01T.mat,054f02e70cf9c4ada1517e9b9864f45407939c1062c6793516585c6f511d0325,T,3,0,39,78583,78582,79082,4,tongue,0,True,,79207,79707
S01:T:record03:trial041,S01,A01T.mat,054f02e70cf9c4ada1517e9b9864f45407939c1062c6793516585c6f511d0325,T,3,0,40,80664,80663,81163,2,right_hand,0,True,,81288,81788
S01:T:record03:trial042,S01,A01T.mat,054f02e70cf9c4ada1517e9b9864f45407939c1062c6793516585c6f511d0325,T,3,0,41,82642,82641,83141,3,feet,0,True,,83266,83766
S01:T:record03:trial043,S01,A01T.mat,054f02e70cf9c4ada1517e9b9864f45407939c1062c6793516585c6f511d0325,T,3,0,42,84632,84631,85131,2,right_hand,0,True,,85256,85756
S01:T:record03:trial044,S01,A01T.mat,054f02e70cf9c4ada1517e9b9864f45407939c1062c6793516585c6f511d0325,T,3,0,43,86751,86750,87250,3,feet,0,True,,87375,87875
S01:T:record03:trial045,S01,A01T.mat,054f02e70cf9c4ada1517e9b9864f45407939c1062c6793516585c6f511d0325,T,3,0,44,88657,88656,89156,4,tongue,0,True,,89281,89781
S01:T:record03:trial046,S01,A01T.mat,054f02e70cf9c4ada1517e9b9864f45407939c1062c6793516585c6f511d0325,T,3,0,45,90585,90584,91084,2,right_hand,1,False,organizer_artifact_flag,91209,91709
S01:T:record03:trial047,S01,A01T.mat,054f02e70cf9c4ada1517e9b9864f45407939c1062c6793516585c6f511d0325,T,3,0,46,92699,92698,93198,3,feet,0,True,,93323,93823
S01:T:record03:trial048,S01,A01T.mat,054f02e70cf9c4ada1517e9b9864f45407939c1062c6793516585c6f511d0325,T,3,0,47,94758,94757,95257,1,left_hand,0,True,,95382,95882
S01:T:record04:trial001,S01,A01T.mat,054f02e70cf9c4ada1517e9b9864f45407939c1062c6793516585c6f511d0325,T,4,1,0,251,250,750,1,left_hand,0,True,,875,1375
S01:T:record04:trial002,S01,A01T.mat,054f02e70cf9c4ada1517e9b9864f45407939c1062c6793516585c6f511d0325,T,4,1,1,2254,2253,2753,1,left_hand,0,True,,2878,3378
S01:T:record04:trial003,S01,A01T.mat,054f02e70cf9c4ada1517e9b9864f45407939c1062c6793516585c6f511d0325,T,4,1,2,4172,4171,4671,4,tongue,0,True,,4796,5296
S01:T:record04:trial004,S01,A01T.mat,054f02e70cf9c4ada1517e9b9864f45407939c1062c6793516585c6f511d0325,T,4,1,3,6124,6123,6623,2,right_hand,0,True,,6748,7248
S01:T:record04:trial005,S01,A01T.mat,054f02e70cf9c4ada1517e9b9864f45407939c1062c6793516585c6f511d0325,T,4,1,4,8132,8131,8631,1,left_hand,1,False,organizer_artifact_flag,8756,9256
S01:T:record04:trial006,S01,A01T.mat,054f02e70cf9c4ada1517e9b9864f45407939c1062c6793516585c6f511d0325,T,4,1,5,10243,10242,10742,3,feet,0,True,,10867,11367
S01:T:record04:trial007,S01,A01T.mat,054f02e70cf9c4ada1517e9b9864f45407939c1062c6793516585c6f511d0325,T,4,1,6,12160,12159,12659,1,left_hand,0,True,,12784,13284
S01:T:record04:trial008,S01,A01T.mat,054f02e70cf9c4ada1517e9b9864f45407939c1062c6793516585c6f511d0325,T,4,1,7,14210,14209,14709,3,feet,0,True,,14834,15334
S01:T:record04:trial009,S01,A01T.mat,054f02e70cf9c4ada1517e9b9864f45407939c1062c6793516585c6f511d0325,T,4,1,8,16141,16140,16640,2,right_hand,1,False,organizer_artifact_flag,16765,17265
S01:T:record04:trial010,S01,A01T.mat,054f02e70cf9c4ada1517e9b9864f45407939c1062c6793516585c6f511d0325,T,4,1,9,18139,18138,18638,4,tongue,0,True,,18763,19263
S01:T:record04:trial011,S01,A01T.mat,054f02e70cf9c4ada1517e9b9864f45407939c1062c6793516585c6f511d0325,T,4,1,10,20045,20044,20544,1,left_hand,0,True,,20669,21169
S01:T:record04:trial012,S01,A01T.mat,054f02e70cf9c4ada1517e9b9864f45407939c1062c6793516585c6f511d0325,T,4,1,11,21940,21939,22439,3,feet,0,True,,22564,23064
S01:T:record04:trial013,S01,A01T.mat,054f02e70cf9c4ada1517e9b9864f45407939c1062c6793516585c6f511d0325,T,4,1,12,23912,23911,24411,3,feet,0,True,,24536,25036
S01:T:record04:trial014,S01,A01T.mat,054f02e70cf9c4ada1517e9b9864f45407939c1062c6793516585c6f511d0325,T,4,1,13,25856,25855,26355,1,left_hand,0,True,,26480,26980
S01:T:record04:trial015,S01,A01T.mat,054f02e70cf9c4ada1517e9b9864f45407939c1062c6793516585c6f511d0325,T,4,1,14,27823,27822,28322,3,feet,0,True,,28447,28947
S01:T:record04:trial016,S01,A01T.mat,054f02e70cf9c4ada1517e9b9864f45407939c1062c6793516585c6f511d0325,T,4,1,15,29943,29942,30442,2,right_hand,0,True,,30567,31067
S01:T:record04:trial017,S01,A01T.mat,054f02e70cf9c4ada1517e9b9864f45407939c1062c6793516585c6f511d0325,T,4,1,16,31951,31950,32450,4,tongue,0,True,,32575,33075
S01:T:record04:trial018,S01,A01T.mat,054f02e70cf9c4ada1517e9b9864f45407939c1062c6793516585c6f511d0325,T,4,1,17,34017,34016,34516,4,tongue,0,True,,34641,35141
S01:T:record04:trial019,S01,A01T.mat,054f02e70cf9c4ada1517e9b9864f45407939c1062c6793516585c6f511d0325,T,4,1,18,36053,36052,36552,4,tongue,0,True,,36677,37177
S01:T:record04:trial020,S01,A01T.mat,054f02e70cf9c4ada1517e9b9864f45407939c1062c6793516585c6f511d0325,T,4,1,19,38119,38118,38618,3,feet,1,False,organizer_artifact_flag,38743,39243
S01:T:record04:trial021,S01,A01T.mat,054f02e70cf9c4ada1517e9b9864f45407939c1062c6793516585c6f511d0325,T,4,1,20,40189,40188,40688,1,left_hand,0,True,,40813,41313
S01:T:record04:trial022,S01,A01T.mat,054f02e70cf9c4ada1517e9b9864f45407939c1062c6793516585c6f511d0325,T,4,1,21,42269,42268,42768,4,tongue,0,True,,42893,43393
S01:T:record04:trial023,S01,A01T.mat,054f02e70cf9c4ada1517e9b9864f45407939c1062c6793516585c6f511d0325,T,4,1,22,44181,44180,44680,2,right_hand,0,True,,44805,45305
S01:T:record04:trial024,S01,A01T.mat,054f02e70cf9c4ada1517e9b9864f45407939c1062c6793516585c6f511d0325,T,4,1,23,46212,46211,46711,4,tongue,0,True,,46836,47336
S01:T:record04:trial025,S01,A01T.mat,054f02e70cf9c4ada1517e9b9864f45407939c1062c6793516585c6f511d0325,T,4,1,24,48165,48164,48664,2,right_hand,0,True,,48789,49289
S01:T:record04:trial026,S01,A01T.mat,054f02e70cf9c4ada1517e9b9864f45407939c1062c6793516585c6f511d0325,T,4,1,25,50126,50125,50625,1,left_hand,0,True,,50750,51250
S01:T:record04:trial027,S01,A01T.mat,054f02e70cf9c4ada1517e9b9864f45407939c1062c6793516585c6f511d0325,T,4,1,26,52230,52229,52729,3,feet,0,True,,52854,53354
S01:T:record04:trial028,S01,A01T.mat,054f02e70cf9c4ada1517e9b9864f45407939c1062c6793516585c6f511d0325,T,4,1,27,54234,54233,54733,2,right_hand,0,True,,54858,55358
S01:T:record04:trial029,S01,A01T.mat,054f02e70cf9c4ada1517e9b9864f45407939c1062c6793516585c6f511d0325,T,4,1,28,56209,56208,56708,1,left_hand,0,True,,56833,57333
S01:T:record04:trial030,S01,A01T.mat,054f02e70cf9c4ada1517e9b9864f45407939c1062c6793516585c6f511d0325,T,4,1,29,58235,58234,58734,3,feet,0,True,,58859,59359
S01:T:record04:trial031,S01,A01T.mat,054f02e70cf9c4ada1517e9b9864f45407939c1062c6793516585c6f511d0325,T,4,1,30,60306,60305,60805,3,feet,0,True,,60930,61430
S01:T:record04:trial032,S01,A01T.mat,054f02e70cf9c4ada1517e9b9864f45407939c1062c6793516585c6f511d0325,T,4,1,31,62413,62412,62912,1,left_hand,0,True,,63037,63537
S01:T:record04:trial033,S01,A01T.mat,054f02e70cf9c4ada1517e9b9864f45407939c1062c6793516585c6f511d0325,T,4,1,32,64505,64504,65004,3,feet,0,True,,65129,65629
S01:T:record04:trial034,S01,A01T.mat,054f02e70cf9c4ada1517e9b9864f45407939c1062c6793516585c6f511d0325,T,4,1,33,66596,66595,67095,4,tongue,0,True,,67220,67720
S01:T:record04:trial035,S01,A01T.mat,054f02e70cf9c4ada1517e9b9864f45407939c1062c6793516585c6f511d0325,T,4,1,34,68639,68638,69138,4,tongue,0,True,,69263,69763
S01:T:record04:trial036,S01,A01T.mat,054f02e70cf9c4ada1517e9b9864f45407939c1062c6793516585c6f511d0325,T,4,1,35,70703,70702,71202,2,right_hand,0,True,,71327,71827
S01:T:record04:trial037,S01,A01T.mat,054f02e70cf9c4ada1517e9b9864f45407939c1062c6793516585c6f511d0325,T,4,1,36,72723,72722,73222,1,left_hand,0,True,,73347,73847
S01:T:record04:trial038,S01,A01T.mat,054f02e70cf9c4ada1517e9b9864f45407939c1062c6793516585c6f511d0325,T,4,1,37,74695,74694,75194,2,right_hand,0,True,,75319,75819
S01:T:record04:trial039,S01,A01T.mat,054f02e70cf9c4ada1517e9b9864f45407939c1062c6793516585c6f511d0325,T,4,1,38,76658,76657,77157,4,tongue,0,True,,77282,77782
S01:T:record04:trial040,S01,A01T.mat,054f02e70cf9c4ada1517e9b9864f45407939c1062c6793516585c6f511d0325,T,4,1,39,78583,78582,79082,2,right_hand,0,True,,79207,79707
S01:T:record04:trial041,S01,A01T.mat,054f02e70cf9c4ada1517e9b9864f45407939c1062c6793516585c6f511d0325,T,4,1,40,80664,80663,81163,4,tongue,0,True,,81288,81788
S01:T:record04:trial042,S01,A01T.mat,054f02e70cf9c4ada1517e9b9864f45407939c1062c6793516585c6f511d0325,T,4,1,41,82642,82641,83141,3,feet,0,True,,83266,83766
S01:T:record04:trial043,S01,A01T.mat,054f02e70cf9c4ada1517e9b9864f45407939c1062c6793516585c6f511d0325,T,4,1,42,84632,84631,85131,2,right_hand,0,True,,85256,85756
S01:T:record04:trial044,S01,A01T.mat,054f02e70cf9c4ada1517e9b9864f45407939c1062c6793516585c6f511d0325,T,4,1,43,86751,86750,87250,2,right_hand,0,True,,87375,87875
S01:T:record04:trial045,S01,A01T.mat,054f02e70cf9c4ada1517e9b9864f45407939c1062c6793516585c6f511d0325,T,4,1,44,88657,88656,89156,2,right_hand,0,True,,89281,89781
S01:T:record04:trial046,S01,A01T.mat,054f02e70cf9c4ada1517e9b9864f45407939c1062c6793516585c6f511d0325,T,4,1,45,90585,90584,91084,3,feet,0,True,,91209,91709
S01:T:record04:trial047,S01,A01T.mat,054f02e70cf9c4ada1517e9b9864f45407939c1062c6793516585c6f511d0325,T,4,1,46,92699,92698,93198,4,tongue,1,False,organizer_artifact_flag,93323,93823
S01:T:record04:trial048,S01,A01T.mat,054f02e70cf9c4ada1517e9b9864f45407939c1062c6793516585c6f511d0325,T,4,1,47,94758,94757,95257,1,left_hand,0,True,,95382,95882
S01:T:record05:trial001,S01,A01T.mat,054f02e70cf9c4ada1517e9b9864f45407939c1062c6793516585c6f511d0325,T,5,2,0,251,250,750,2,right_hand,0,True,,875,1375
S01:T:record05:trial002,S01,A01T.mat,054f02e70cf9c4ada1517e9b9864f45407939c1062c6793516585c6f511d0325,T,5,2,1,2254,2253,2753,4,tongue,1,False,organizer_artifact_flag,2878,3378
S01:T:record05:trial003,S01,A01T.mat,054f02e70cf9c4ada1517e9b9864f45407939c1062c6793516585c6f511d0325,T,5,2,2,4172,4171,4671,1,left_hand,1,False,organizer_artifact_flag,4796,5296
S01:T:record05:trial004,S01,A01T.mat,054f02e70cf9c4ada1517e9b9864f45407939c1062c6793516585c6f511d0325,T,5,2,3,6124,6123,6623,3,feet,0,True,,6748,7248
S01:T:record05:trial005,S01,A01T.mat,054f02e70cf9c4ada1517e9b9864f45407939c1062c6793516585c6f511d0325,T,5,2,4,8132,8131,8631,3,feet,0,True,,8756,9256
S01:T:record05:trial006,S01,A01T.mat,054f02e70cf9c4ada1517e9b9864f45407939c1062c6793516585c6f511d0325,T,5,2,5,10243,10242,10742,4,tongue,0,True,,10867,11367
S01:T:record05:trial007,S01,A01T.mat,054f02e70cf9c4ada1517e9b9864f45407939c1062c6793516585c6f511d0325,T,5,2,6,12160,12159,12659,1,left_hand,0,True,,12784,13284
S01:T:record05:trial008,S01,A01T.mat,054f02e70cf9c4ada1517e9b9864f45407939c1062c6793516585c6f511d0325,T,5,2,7,14210,14209,14709,1,left_hand,0,True,,14834,15334
S01:T:record05:trial009,S01,A01T.mat,054f02e70cf9c4ada1517e9b9864f45407939c1062c6793516585c6f511d0325,T,5,2,8,16141,16140,16640,3,feet,1,False,organizer_artifact_flag,16765,17265
S01:T:record05:trial010,S01,A01T.mat,054f02e70cf9c4ada1517e9b9864f45407939c1062c6793516585c6f511d0325,T,5,2,9,18139,18138,18638,2,right_hand,0,True,,18763,19263
S01:T:record05:trial011,S01,A01T.mat,054f02e70cf9c4ada1517e9b9864f45407939c1062c6793516585c6f511d0325,T,5,2,10,20045,20044,20544,4,tongue,0,True,,20669,21169
S01:T:record05:trial012,S01,A01T.mat,054f02e70cf9c4ada1517e9b9864f45407939c1062c6793516585c6f511d0325,T,5,2,11,21940,21939,22439,4,tongue,0,True,,22564,23064
S01:T:record05:trial013,S01,A01T.mat,054f02e70cf9c4ada1517e9b9864f45407939c1062c6793516585c6f511d0325,T,5,2,12,23912,23911,24411,4,tongue,0,True,,24536,25036
S01:T:record05:trial014,S01,A01T.mat,054f02e70cf9c4ada1517e9b9864f45407939c1062c6793516585c6f511d0325,T,5,2,13,25856,25855,26355,2,right_hand,0,True,,26480,26980
S01:T:record05:trial015,S01,A01T.mat,054f02e70cf9c4ada1517e9b9864f45407939c1062c6793516585c6f511d0325,T,5,2,14,27823,27822,28322,1,left_hand,0,True,,28447,28947
S01:T:record05:trial016,S01,A01T.mat,054f02e70cf9c4ada1517e9b9864f45407939c1062c6793516585c6f511d0325,T,5,2,15,29943,29942,30442,3,feet,0,True,,30567,31067
S01:T:record05:trial017,S01,A01T.mat,054f02e70cf9c4ada1517e9b9864f45407939c1062c6793516585c6f511d0325,T,5,2,16,31951,31950,32450,2,right_hand,0,True,,32575,33075
S01:T:record05:trial018,S01,A01T.mat,054f02e70cf9c4ada1517e9b9864f45407939c1062c6793516585c6f511d0325,T,5,2,17,34017,34016,34516,4,tongue,0,True,,34641,35141
S01:T:record05:trial019,S01,A01T.mat,054f02e70cf9c4ada1517e9b9864f45407939c1062c6793516585c6f511d0325,T,5,2,18,36053,36052,36552,1,left_hand,0,True,,36677,37177
S01:T:record05:trial020,S01,A01T.mat,054f02e70cf9c4ada1517e9b9864f45407939c1062c6793516585c6f511d0325,T,5,2,19,38119,38118,38618,4,tongue,0,True,,38743,39243
S01:T:record05:trial021,S01,A01T.mat,054f02e70cf9c4ada1517e9b9864f45407939c1062c6793516585c6f511d0325,T,5,2,20,40189,40188,40688,3,feet,0,True,,40813,41313
S01:T:record05:trial022,S01,A01T.mat,054f02e70cf9c4ada1517e9b9864f45407939c1062c6793516585c6f511d0325,T,5,2,21,42269,42268,42768,2,right_hand,0,True,,42893,43393
S01:T:record05:trial023,S01,A01T.mat,054f02e70cf9c4ada1517e9b9864f45407939c1062c6793516585c6f511d0325,T,5,2,22,44181,44180,44680,4,tongue,0,True,,44805,45305
S01:T:record05:trial024,S01,A01T.mat,054f02e70cf9c4ada1517e9b9864f45407939c1062c6793516585c6f511d0325,T,5,2,23,46212,46211,46711,4,tongue,0,True,,46836,47336
S01:T:record05:trial025,S01,A01T.mat,054f02e70cf9c4ada1517e9b9864f45407939c1062c6793516585c6f511d0325,T,5,2,24,48165,48164,48664,1,left_hand,0,True,,48789,49289
S01:T:record05:trial026,S01,A01T.mat,054f02e70cf9c4ada1517e9b9864f45407939c1062c6793516585c6f511d0325,T,5,2,25,50126,50125,50625,2,right_hand,0,True,,50750,51250
S01:T:record05:trial027,S01,A01T.mat,054f02e70cf9c4ada1517e9b9864f45407939c1062c6793516585c6f511d0325,T,5,2,26,52230,52229,52729,2,right_hand,0,True,,52854,53354
S01:T:record05:trial028,S01,A01T.mat,054f02e70cf9c4ada1517e9b9864f45407939c1062c6793516585c6f511d0325,T,5,2,27,54234,54233,54733,3,feet,0,True,,54858,55358
S01:T:record05:trial029,S01,A01T.mat,054f02e70cf9c4ada1517e9b9864f45407939c1062c6793516585c6f511d0325,T,5,2,28,56209,56208,56708,4,tongue,0,True,,56833,57333
S01:T:record05:trial030,S01,A01T.mat,054f02e70cf9c4ada1517e9b9864f45407939c1062c6793516585c6f511d0325,T,5,2,29,58235,58234,58734,2,right_hand,0,True,,58859,59359
S01:T:record05:trial031,S01,A01T.mat,054f02e70cf9c4ada1517e9b9864f45407939c1062c6793516585c6f511d0325,T,5,2,30,60306,60305,60805,1,left_hand,0,True,,60930,61430
S01:T:record05:trial032,S01,A01T.mat,054f02e70cf9c4ada1517e9b9864f45407939c1062c6793516585c6f511d0325,T,5,2,31,62413,62412,62912,1,left_hand,0,True,,63037,63537
S01:T:record05:trial033,S01,A01T.mat,054f02e70cf9c4ada1517e9b9864f45407939c1062c6793516585c6f511d0325,T,5,2,32,64505,64504,65004,4,tongue,0,True,,65129,65629
S01:T:record05:trial034,S01,A01T.mat,054f02e70cf9c4ada1517e9b9864f45407939c1062c6793516585c6f511d0325,T,5,2,33,66596,66595,67095,2,right_hand,0,True,,67220,67720
S01:T:record05:trial035,S01,A01T.mat,054f02e70cf9c4ada1517e9b9864f45407939c1062c6793516585c6f511d0325,T,5,2,34,68639,68638,69138,1,left_hand,0,True,,69263,69763
S01:T:record05:trial036,S01,A01T.mat,054f02e70cf9c4ada1517e9b9864f45407939c1062c6793516585c6f511d0325,T,5,2,35,70703,70702,71202,3,feet,0,True,,71327,71827
S01:T:record05:trial037,S01,A01T.mat,054f02e70cf9c4ada1517e9b9864f45407939c1062c6793516585c6f511d0325,T,5,2,36,72723,72722,73222,2,right_hand,0,True,,73347,73847
S01:T:record05:trial038,S01,A01T.mat,054f02e70cf9c4ada1517e9b9864f45407939c1062c6793516585c6f511d0325,T,5,2,37,74695,74694,75194,2,right_hand,0,True,,75319,75819
S01:T:record05:trial039,S01,A01T.mat,054f02e70cf9c4ada1517e9b9864f45407939c1062c6793516585c6f511d0325,T,5,2,38,76658,76657,77157,3,feet,0,True,,77282,77782
S01:T:record05:trial040,S01,A01T.mat,054f02e70cf9c4ada1517e9b9864f45407939c1062c6793516585c6f511d0325,T,5,2,39,78583,78582,79082,1,left_hand,0,True,,79207,79707
S01:T:record05:trial041,S01,A01T.mat,054f02e70cf9c4ada1517e9b9864f45407939c1062c6793516585c6f511d0325,T,5,2,40,80664,80663,81163,4,tongue,0,True,,81288,81788
S01:T:record05:trial042,S01,A01T.mat,054f02e70cf9c4ada1517e9b9864f45407939c1062c6793516585c6f511d0325,T,5,2,41,82642,82641,83141,3,feet,0,True,,83266,83766
S01:T:record05:trial043,S01,A01T.mat,054f02e70cf9c4ada1517e9b9864f45407939c1062c6793516585c6f511d0325,T,5,2,42,84632,84631,85131,3,feet,0,True,,85256,85756
S01:T:record05:trial044,S01,A01T.mat,054f02e70cf9c4ada1517e9b9864f45407939c1062c6793516585c6f511d0325,T,5,2,43,86751,86750,87250,3,feet,0,True,,87375,87875
S01:T:record05:trial045,S01,A01T.mat,054f02e70cf9c4ada1517e9b9864f45407939c1062c6793516585c6f511d0325,T,5,2,44,88657,88656,89156,3,feet,0,True,,89281,89781
S01:T:record05:trial046,S01,A01T.mat,054f02e70cf9c4ada1517e9b9864f45407939c1062c6793516585c6f511d0325,T,5,2,45,90585,90584,91084,1,left_hand,0,True,,91209,91709
S01:T:record05:trial047,S01,A01T.mat,054f02e70cf9c4ada1517e9b9864f45407939c1062c6793516585c6f511d0325,T,5,2,46,92699,92698,93198,2,right_hand,0,True,,93323,93823
S01:T:record05:trial048,S01,A01T.mat,054f02e70cf9c4ada1517e9b9864f45407939c1062c6793516585c6f511d0325,T,5,2,47,94758,94757,95257,1,left_hand,0,True,,95382,95882
S01:T:record06:trial001,S01,A01T.mat,054f02e70cf9c4ada1517e9b9864f45407939c1062c6793516585c6f511d0325,T,6,3,0,251,250,750,2,right_hand,0,True,,875,1375
S01:T:record06:trial002,S01,A01T.mat,054f02e70cf9c4ada1517e9b9864f45407939c1062c6793516585c6f511d0325,T,6,3,1,2254,2253,2753,1,left_hand,0,True,,2878,3378
S01:T:record06:trial003,S01,A01T.mat,054f02e70cf9c4ada1517e9b9864f45407939c1062c6793516585c6f511d0325,T,6,3,2,4172,4171,4671,1,left_hand,0,True,,4796,5296
S01:T:record06:trial004,S01,A01T.mat,054f02e70cf9c4ada1517e9b9864f45407939c1062c6793516585c6f511d0325,T,6,3,3,6124,6123,6623,3,feet,0,True,,6748,7248
S01:T:record06:trial005,S01,A01T.mat,054f02e70cf9c4ada1517e9b9864f45407939c1062c6793516585c6f511d0325,T,6,3,4,8132,8131,8631,3,feet,0,True,,8756,9256
S01:T:record06:trial006,S01,A01T.mat,054f02e70cf9c4ada1517e9b9864f45407939c1062c6793516585c6f511d0325,T,6,3,5,10243,10242,10742,2,right_hand,0,True,,10867,11367
S01:T:record06:trial007,S01,A01T.mat,054f02e70cf9c4ada1517e9b9864f45407939c1062c6793516585c6f511d0325,T,6,3,6,12160,12159,12659,3,feet,0,True,,12784,13284
S01:T:record06:trial008,S01,A01T.mat,054f02e70cf9c4ada1517e9b9864f45407939c1062c6793516585c6f511d0325,T,6,3,7,14210,14209,14709,4,tongue,0,True,,14834,15334
S01:T:record06:trial009,S01,A01T.mat,054f02e70cf9c4ada1517e9b9864f45407939c1062c6793516585c6f511d0325,T,6,3,8,16141,16140,16640,1,left_hand,0,True,,16765,17265
S01:T:record06:trial010,S01,A01T.mat,054f02e70cf9c4ada1517e9b9864f45407939c1062c6793516585c6f511d0325,T,6,3,9,18139,18138,18638,4,tongue,0,True,,18763,19263
S01:T:record06:trial011,S01,A01T.mat,054f02e70cf9c4ada1517e9b9864f45407939c1062c6793516585c6f511d0325,T,6,3,10,20045,20044,20544,1,left_hand,0,True,,20669,21169
S01:T:record06:trial012,S01,A01T.mat,054f02e70cf9c4ada1517e9b9864f45407939c1062c6793516585c6f511d0325,T,6,3,11,21940,21939,22439,1,left_hand,0,True,,22564,23064
S01:T:record06:trial013,S01,A01T.mat,054f02e70cf9c4ada1517e9b9864f45407939c1062c6793516585c6f511d0325,T,6,3,12,23912,23911,24411,2,right_hand,0,True,,24536,25036
S01:T:record06:trial014,S01,A01T.mat,054f02e70cf9c4ada1517e9b9864f45407939c1062c6793516585c6f511d0325,T,6,3,13,25856,25855,26355,4,tongue,0,True,,26480,26980
S01:T:record06:trial015,S01,A01T.mat,054f02e70cf9c4ada1517e9b9864f45407939c1062c6793516585c6f511d0325,T,6,3,14,27823,27822,28322,3,feet,0,True,,28447,28947
S01:T:record06:trial016,S01,A01T.mat,054f02e70cf9c4ada1517e9b9864f45407939c1062c6793516585c6f511d0325,T,6,3,15,29943,29942,30442,2,right_hand,0,True,,30567,31067
S01:T:record06:trial017,S01,A01T.mat,054f02e70cf9c4ada1517e9b9864f45407939c1062c6793516585c6f511d0325,T,6,3,16,31951,31950,32450,4,tongue,0,True,,32575,33075
S01:T:record06:trial018,S01,A01T.mat,054f02e70cf9c4ada1517e9b9864f45407939c1062c6793516585c6f511d0325,T,6,3,17,34017,34016,34516,3,feet,0,True,,34641,35141
S01:T:record06:trial019,S01,A01T.mat,054f02e70cf9c4ada1517e9b9864f45407939c1062c6793516585c6f511d0325,T,6,3,18,36053,36052,36552,4,tongue,0,True,,36677,37177
S01:T:record06:trial020,S01,A01T.mat,054f02e70cf9c4ada1517e9b9864f45407939c1062c6793516585c6f511d0325,T,6,3,19,38119,38118,38618,3,feet,0,True,,38743,39243
S01:T:record06:trial021,S01,A01T.mat,054f02e70cf9c4ada1517e9b9864f45407939c1062c6793516585c6f511d0325,T,6,3,20,40189,40188,40688,4,tongue,0,True,,40813,41313
S01:T:record06:trial022,S01,A01T.mat,054f02e70cf9c4ada1517e9b9864f45407939c1062c6793516585c6f511d0325,T,6,3,21,42269,42268,42768,2,right_hand,0,True,,42893,43393
S01:T:record06:trial023,S01,A01T.mat,054f02e70cf9c4ada1517e9b9864f45407939c1062c6793516585c6f511d0325,T,6,3,22,44181,44180,44680,2,right_hand,0,True,,44805,45305
S01:T:record06:trial024,S01,A01T.mat,054f02e70cf9c4ada1517e9b9864f45407939c1062c6793516585c6f511d0325,T,6,3,23,46212,46211,46711,4,tongue,0,True,,46836,47336
S01:T:record06:trial025,S01,A01T.mat,054f02e70cf9c4ada1517e9b9864f45407939c1062c6793516585c6f511d0325,T,6,3,24,48165,48164,48664,1,left_hand,0,True,,48789,49289
S01:T:record06:trial026,S01,A01T.mat,054f02e70cf9c4ada1517e9b9864f45407939c1062c6793516585c6f511d0325,T,6,3,25,50126,50125,50625,2,right_hand,0,True,,50750,51250
S01:T:record06:trial027,S01,A01T.mat,054f02e70cf9c4ada1517e9b9864f45407939c1062c6793516585c6f511d0325,T,6,3,26,52230,52229,52729,2,right_hand,0,True,,52854,53354
S01:T:record06:trial028,S01,A01T.mat,054f02e70cf9c4ada1517e9b9864f45407939c1062c6793516585c6f511d0325,T,6,3,27,54234,54233,54733,2,right_hand,0,True,,54858,55358
S01:T:record06:trial029,S01,A01T.mat,054f02e70cf9c4ada1517e9b9864f45407939c1062c6793516585c6f511d0325,T,6,3,28,56209,56208,56708,3,feet,0,True,,56833,57333
S01:T:record06:trial030,S01,A01T.mat,054f02e70cf9c4ada1517e9b9864f45407939c1062c6793516585c6f511d0325,T,6,3,29,58235,58234,58734,4,tongue,0,True,,58859,59359
S01:T:record06:trial031,S01,A01T.mat,054f02e70cf9c4ada1517e9b9864f45407939c1062c6793516585c6f511d0325,T,6,3,30,60306,60305,60805,1,left_hand,0,True,,60930,61430
S01:T:record06:trial032,S01,A01T.mat,054f02e70cf9c4ada1517e9b9864f45407939c1062c6793516585c6f511d0325,T,6,3,31,62413,62412,62912,4,tongue,0,True,,63037,63537
S01:T:record06:trial033,S01,A01T.mat,054f02e70cf9c4ada1517e9b9864f45407939c1062c6793516585c6f511d0325,T,6,3,32,64505,64504,65004,1,left_hand,0,True,,65129,65629
S01:T:record06:trial034,S01,A01T.mat,054f02e70cf9c4ada1517e9b9864f45407939c1062c6793516585c6f511d0325,T,6,3,33,66596,66595,67095,3,feet,0,True,,67220,67720
S01:T:record06:trial035,S01,A01T.mat,054f02e70cf9c4ada1517e9b9864f45407939c1062c6793516585c6f511d0325,T,6,3,34,68639,68638,69138,1,left_hand,0,True,,69263,69763
S01:T:record06:trial036,S01,A01T.mat,054f02e70cf9c4ada1517e9b9864f45407939c1062c6793516585c6f511d0325,T,6,3,35,70703,70702,71202,4,tongue,0,True,,71327,71827
S01:T:record06:trial037,S01,A01T.mat,054f02e70cf9c4ada1517e9b9864f45407939c1062c6793516585c6f511d0325,T,6,3,36,72723,72722,73222,1,left_hand,0,True,,73347,73847
S01:T:record06:trial038,S01,A01T.mat,054f02e70cf9c4ada1517e9b9864f45407939c1062c6793516585c6f511d0325,T,6,3,37,74695,74694,75194,3,feet,0,True,,75319,75819
S01:T:record06:trial039,S01,A01T.mat,054f02e70cf9c4ada1517e9b9864f45407939c1062c6793516585c6f511d0325,T,6,3,38,76658,76657,77157,1,left_hand,0,True,,77282,77782
S01:T:record06:trial040,S01,A01T.mat,054f02e70cf9c4ada1517e9b9864f45407939c1062c6793516585c6f511d0325,T,6,3,39,78583,78582,79082,2,right_hand,0,True,,79207,79707
S01:T:record06:trial041,S01,A01T.mat,054f02e70cf9c4ada1517e9b9864f45407939c1062c6793516585c6f511d0325,T,6,3,40,80664,80663,81163,3,feet,0,True,,81288,81788
S01:T:record06:trial042,S01,A01T.mat,054f02e70cf9c4ada1517e9b9864f45407939c1062c6793516585c6f511d0325,T,6,3,41,82642,82641,83141,3,feet,0,True,,83266,83766
S01:T:record06:trial043,S01,A01T.mat,054f02e70cf9c4ada1517e9b9864f45407939c1062c6793516585c6f511d0325,T,6,3,42,84632,84631,85131,4,tongue,0,True,,85256,85756
S01:T:record06:trial044,S01,A01T.mat,054f02e70cf9c4ada1517e9b9864f45407939c1062c6793516585c6f511d0325,T,6,3,43,86751,86750,87250,1,left_hand,0,True,,87375,87875
S01:T:record06:trial045,S01,A01T.mat,054f02e70cf9c4ada1517e9b9864f45407939c1062c6793516585c6f511d0325,T,6,3,44,88657,88656,89156,2,right_hand,0,True,,89281,89781
S01:T:record06:trial046,S01,A01T.mat,054f02e70cf9c4ada1517e9b9864f45407939c1062c6793516585c6f511d0325,T,6,3,45,90585,90584,91084,4,tongue,0,True,,91209,91709
S01:T:record06:trial047,S01,A01T.mat,054f02e70cf9c4ada1517e9b9864f45407939c1062c6793516585c6f511d0325,T,6,3,46,92699,92698,93198,2,right_hand,0,True,,93323,93823
S01:T:record06:trial048,S01,A01T.mat,054f02e70cf9c4ada1517e9b9864f45407939c1062c6793516585c6f511d0325,T,6,3,47,94758,94757,95257,3,feet,1,False,organizer_artifact_flag,95382,95882
S01:T:record07:trial001,S01,A01T.mat,054f02e70cf9c4ada1517e9b9864f45407939c1062c6793516585c6f511d0325,T,7,4,0,251,250,750,3,feet,0,True,,875,1375
S01:T:record07:trial002,S01,A01T.mat,054f02e70cf9c4ada1517e9b9864f45407939c1062c6793516585c6f511d0325,T,7,4,1,2254,2253,2753,1,left_hand,0,True,,2878,3378
S01:T:record07:trial003,S01,A01T.mat,054f02e70cf9c4ada1517e9b9864f45407939c1062c6793516585c6f511d0325,T,7,4,2,4172,4171,4671,4,tongue,0,True,,4796,5296
S01:T:record07:trial004,S01,A01T.mat,054f02e70cf9c4ada1517e9b9864f45407939c1062c6793516585c6f511d0325,T,7,4,3,6124,6123,6623,2,right_hand,0,True,,6748,7248
S01:T:record07:trial005,S01,A01T.mat,054f02e70cf9c4ada1517e9b9864f45407939c1062c6793516585c6f511d0325,T,7,4,4,8132,8131,8631,4,tongue,0,True,,8756,9256
S01:T:record07:trial006,S01,A01T.mat,054f02e70cf9c4ada1517e9b9864f45407939c1062c6793516585c6f511d0325,T,7,4,5,10243,10242,10742,1,left_hand,0,True,,10867,11367
S01:T:record07:trial007,S01,A01T.mat,054f02e70cf9c4ada1517e9b9864f45407939c1062c6793516585c6f511d0325,T,7,4,6,12160,12159,12659,1,left_hand,0,True,,12784,13284
S01:T:record07:trial008,S01,A01T.mat,054f02e70cf9c4ada1517e9b9864f45407939c1062c6793516585c6f511d0325,T,7,4,7,14210,14209,14709,3,feet,0,True,,14834,15334
S01:T:record07:trial009,S01,A01T.mat,054f02e70cf9c4ada1517e9b9864f45407939c1062c6793516585c6f511d0325,T,7,4,8,16141,16140,16640,3,feet,0,True,,16765,17265
S01:T:record07:trial010,S01,A01T.mat,054f02e70cf9c4ada1517e9b9864f45407939c1062c6793516585c6f511d0325,T,7,4,9,18139,18138,18638,2,right_hand,0,True,,18763,19263
S01:T:record07:trial011,S01,A01T.mat,054f02e70cf9c4ada1517e9b9864f45407939c1062c6793516585c6f511d0325,T,7,4,10,20045,20044,20544,4,tongue,0,True,,20669,21169
S01:T:record07:trial012,S01,A01T.mat,054f02e70cf9c4ada1517e9b9864f45407939c1062c6793516585c6f511d0325,T,7,4,11,21940,21939,22439,2,right_hand,0,True,,22564,23064
S01:T:record07:trial013,S01,A01T.mat,054f02e70cf9c4ada1517e9b9864f45407939c1062c6793516585c6f511d0325,T,7,4,12,23912,23911,24411,2,right_hand,0,True,,24536,25036
S01:T:record07:trial014,S01,A01T.mat,054f02e70cf9c4ada1517e9b9864f45407939c1062c6793516585c6f511d0325,T,7,4,13,25856,25855,26355,1,left_hand,0,True,,26480,26980
S01:T:record07:trial015,S01,A01T.mat,054f02e70cf9c4ada1517e9b9864f45407939c1062c6793516585c6f511d0325,T,7,4,14,27823,27822,28322,2,right_hand,0,True,,28447,28947
S01:T:record07:trial016,S01,A01T.mat,054f02e70cf9c4ada1517e9b9864f45407939c1062c6793516585c6f511d0325,T,7,4,15,29943,29942,30442,4,tongue,0,True,,30567,31067
S01:T:record07:trial017,S01,A01T.mat,054f02e70cf9c4ada1517e9b9864f45407939c1062c6793516585c6f511d0325,T,7,4,16,31951,31950,32450,4,tongue,0,True,,32575,33075
S01:T:record07:trial018,S01,A01T.mat,054f02e70cf9c4ada1517e9b9864f45407939c1062c6793516585c6f511d0325,T,7,4,17,34017,34016,34516,2,right_hand,0,True,,34641,35141
S01:T:record07:trial019,S01,A01T.mat,054f02e70cf9c4ada1517e9b9864f45407939c1062c6793516585c6f511d0325,T,7,4,18,36053,36052,36552,2,right_hand,0,True,,36677,37177
S01:T:record07:trial020,S01,A01T.mat,054f02e70cf9c4ada1517e9b9864f45407939c1062c6793516585c6f511d0325,T,7,4,19,38119,38118,38618,2,right_hand,0,True,,38743,39243
S01:T:record07:trial021,S01,A01T.mat,054f02e70cf9c4ada1517e9b9864f45407939c1062c6793516585c6f511d0325,T,7,4,20,40189,40188,40688,2,right_hand,0,True,,40813,41313
S01:T:record07:trial022,S01,A01T.mat,054f02e70cf9c4ada1517e9b9864f45407939c1062c6793516585c6f511d0325,T,7,4,21,42269,42268,42768,4,tongue,0,True,,42893,43393
S01:T:record07:trial023,S01,A01T.mat,054f02e70cf9c4ada1517e9b9864f45407939c1062c6793516585c6f511d0325,T,7,4,22,44181,44180,44680,4,tongue,1,False,organizer_artifact_flag,44805,45305
S01:T:record07:trial024,S01,A01T.mat,054f02e70cf9c4ada1517e9b9864f45407939c1062c6793516585c6f511d0325,T,7,4,23,46212,46211,46711,3,feet,0,True,,46836,47336
S01:T:record07:trial025,S01,A01T.mat,054f02e70cf9c4ada1517e9b9864f45407939c1062c6793516585c6f511d0325,T,7,4,24,48165,48164,48664,4,tongue,0,True,,48789,49289
S01:T:record07:trial026,S01,A01T.mat,054f02e70cf9c4ada1517e9b9864f45407939c1062c6793516585c6f511d0325,T,7,4,25,50126,50125,50625,1,left_hand,0,True,,50750,51250
S01:T:record07:trial027,S01,A01T.mat,054f02e70cf9c4ada1517e9b9864f45407939c1062c6793516585c6f511d0325,T,7,4,26,52230,52229,52729,2,right_hand,0,True,,52854,53354
S01:T:record07:trial028,S01,A01T.mat,054f02e70cf9c4ada1517e9b9864f45407939c1062c6793516585c6f511d0325,T,7,4,27,54234,54233,54733,3,feet,0,True,,54858,55358
S01:T:record07:trial029,S01,A01T.mat,054f02e70cf9c4ada1517e9b9864f45407939c1062c6793516585c6f511d0325,T,7,4,28,56209,56208,56708,2,right_hand,0,True,,56833,57333
S01:T:record07:trial030,S01,A01T.mat,054f02e70cf9c4ada1517e9b9864f45407939c1062c6793516585c6f511d0325,T,7,4,29,58235,58234,58734,1,left_hand,0,True,,58859,59359
S01:T:record07:trial031,S01,A01T.mat,054f02e70cf9c4ada1517e9b9864f45407939c1062c6793516585c6f511d0325,T,7,4,30,60306,60305,60805,4,tongue,0,True,,60930,61430
S01:T:record07:trial032,S01,A01T.mat,054f02e70cf9c4ada1517e9b9864f45407939c1062c6793516585c6f511d0325,T,7,4,31,62413,62412,62912,1,left_hand,0,True,,63037,63537
S01:T:record07:trial033,S01,A01T.mat,054f02e70cf9c4ada1517e9b9864f45407939c1062c6793516585c6f511d0325,T,7,4,32,64505,64504,65004,4,tongue,0,True,,65129,65629
S01:T:record07:trial034,S01,A01T.mat,054f02e70cf9c4ada1517e9b9864f45407939c1062c6793516585c6f511d0325,T,7,4,33,66596,66595,67095,1,left_hand,0,True,,67220,67720
S01:T:record07:trial035,S01,A01T.mat,054f02e70cf9c4ada1517e9b9864f45407939c1062c6793516585c6f511d0325,T,7,4,34,68639,68638,69138,1,left_hand,0,True,,69263,69763
S01:T:record07:trial036,S01,A01T.mat,054f02e70cf9c4ada1517e9b9864f45407939c1062c6793516585c6f511d0325,T,7,4,35,70703,70702,71202,1,left_hand,0,True,,71327,71827
S01:T:record07:trial037,S01,A01T.mat,054f02e70cf9c4ada1517e9b9864f45407939c1062c6793516585c6f511d0325,T,7,4,36,72723,72722,73222,1,left_hand,0,True,,73347,73847
S01:T:record07:trial038,S01,A01T.mat,054f02e70cf9c4ada1517e9b9864f45407939c1062c6793516585c6f511d0325,T,7,4,37,74695,74694,75194,3,feet,1,False,organizer_artifact_flag,75319,75819
S01:T:record07:trial039,S01,A01T.mat,054f02e70cf9c4ada1517e9b9864f45407939c1062c6793516585c6f511d0325,T,7,4,38,76658,76657,77157,3,feet,0,True,,77282,77782
S01:T:record07:trial040,S01,A01T.mat,054f02e70cf9c4ada1517e9b9864f45407939c1062c6793516585c6f511d0325,T,7,4,39,78583,78582,79082,4,tongue,0,True,,79207,79707
S01:T:record07:trial041,S01,A01T.mat,054f02e70cf9c4ada1517e9b9864f45407939c1062c6793516585c6f511d0325,T,7,4,40,80664,80663,81163,2,right_hand,0,True,,81288,81788
S01:T:record07:trial042,S01,A01T.mat,054f02e70cf9c4ada1517e9b9864f45407939c1062c6793516585c6f511d0325,T,7,4,41,82642,82641,83141,3,feet,0,True,,83266,83766
S01:T:record07:trial043,S01,A01T.mat,054f02e70cf9c4ada1517e9b9864f45407939c1062c6793516585c6f511d0325,T,7,4,42,84632,84631,85131,3,feet,0,True,,85256,85756
S01:T:record07:trial044,S01,A01T.mat,054f02e70cf9c4ada1517e9b9864f45407939c1062c6793516585c6f511d0325,T,7,4,43,86751,86750,87250,3,feet,0,True,,87375,87875
S01:T:record07:trial045,S01,A01T.mat,054f02e70cf9c4ada1517e9b9864f45407939c1062c6793516585c6f511d0325,T,7,4,44,88657,88656,89156,4,tongue,0,True,,89281,89781
S01:T:record07:trial046,S01,A01T.mat,054f02e70cf9c4ada1517e9b9864f45407939c1062c6793516585c6f511d0325,T,7,4,45,90585,90584,91084,3,feet,0,True,,91209,91709
S01:T:record07:trial047,S01,A01T.mat,054f02e70cf9c4ada1517e9b9864f45407939c1062c6793516585c6f511d0325,T,7,4,46,92699,92698,93198,1,left_hand,0,True,,93323,93823
S01:T:record07:trial048,S01,A01T.mat,054f02e70cf9c4ada1517e9b9864f45407939c1062c6793516585c6f511d0325,T,7,4,47,94758,94757,95257,3,feet,0,True,,95382,95882
S01:T:record08:trial001,S01,A01T.mat,054f02e70cf9c4ada1517e9b9864f45407939c1062c6793516585c6f511d0325,T,8,5,0,251,250,750,1,left_hand,0,True,,875,1375
S01:T:record08:trial002,S01,A01T.mat,054f02e70cf9c4ada1517e9b9864f45407939c1062c6793516585c6f511d0325,T,8,5,1,2254,2253,2753,4,tongue,0,True,,2878,3378
S01:T:record08:trial003,S01,A01T.mat,054f02e70cf9c4ada1517e9b9864f45407939c1062c6793516585c6f511d0325,T,8,5,2,4172,4171,4671,2,right_hand,0,True,,4796,5296
S01:T:record08:trial004,S01,A01T.mat,054f02e70cf9c4ada1517e9b9864f45407939c1062c6793516585c6f511d0325,T,8,5,3,6124,6123,6623,4,tongue,0,True,,6748,7248
S01:T:record08:trial005,S01,A01T.mat,054f02e70cf9c4ada1517e9b9864f45407939c1062c6793516585c6f511d0325,T,8,5,4,8132,8131,8631,4,tongue,0,True,,8756,9256
S01:T:record08:trial006,S01,A01T.mat,054f02e70cf9c4ada1517e9b9864f45407939c1062c6793516585c6f511d0325,T,8,5,5,10243,10242,10742,3,feet,0,True,,10867,11367
S01:T:record08:trial007,S01,A01T.mat,054f02e70cf9c4ada1517e9b9864f45407939c1062c6793516585c6f511d0325,T,8,5,6,12160,12159,12659,4,tongue,0,True,,12784,13284
S01:T:record08:trial008,S01,A01T.mat,054f02e70cf9c4ada1517e9b9864f45407939c1062c6793516585c6f511d0325,T,8,5,7,14210,14209,14709,4,tongue,0,True,,14834,15334
S01:T:record08:trial009,S01,A01T.mat,054f02e70cf9c4ada1517e9b9864f45407939c1062c6793516585c6f511d0325,T,8,5,8,16141,16140,16640,3,feet,0,True,,16765,17265
S01:T:record08:trial010,S01,A01T.mat,054f02e70cf9c4ada1517e9b9864f45407939c1062c6793516585c6f511d0325,T,8,5,9,18139,18138,18638,2,right_hand,0,True,,18763,19263
S01:T:record08:trial011,S01,A01T.mat,054f02e70cf9c4ada1517e9b9864f45407939c1062c6793516585c6f511d0325,T,8,5,10,20045,20044,20544,4,tongue,0,True,,20669,21169
S01:T:record08:trial012,S01,A01T.mat,054f02e70cf9c4ada1517e9b9864f45407939c1062c6793516585c6f511d0325,T,8,5,11,21940,21939,22439,3,feet,0,True,,22564,23064
S01:T:record08:trial013,S01,A01T.mat,054f02e70cf9c4ada1517e9b9864f45407939c1062c6793516585c6f511d0325,T,8,5,12,23912,23911,24411,1,left_hand,0,True,,24536,25036
S01:T:record08:trial014,S01,A01T.mat,054f02e70cf9c4ada1517e9b9864f45407939c1062c6793516585c6f511d0325,T,8,5,13,25856,25855,26355,2,right_hand,0,True,,26480,26980
S01:T:record08:trial015,S01,A01T.mat,054f02e70cf9c4ada1517e9b9864f45407939c1062c6793516585c6f511d0325,T,8,5,14,27823,27822,28322,2,right_hand,1,False,organizer_artifact_flag,28447,28947
S01:T:record08:trial016,S01,A01T.mat,054f02e70cf9c4ada1517e9b9864f45407939c1062c6793516585c6f511d0325,T,8,5,15,29943,29942,30442,2,right_hand,0,True,,30567,31067
S01:T:record08:trial017,S01,A01T.mat,054f02e70cf9c4ada1517e9b9864f45407939c1062c6793516585c6f511d0325,T,8,5,16,31951,31950,32450,3,feet,0,True,,32575,33075
S01:T:record08:trial018,S01,A01T.mat,054f02e70cf9c4ada1517e9b9864f45407939c1062c6793516585c6f511d0325,T,8,5,17,34017,34016,34516,2,right_hand,0,True,,34641,35141
S01:T:record08:trial019,S01,A01T.mat,054f02e70cf9c4ada1517e9b9864f45407939c1062c6793516585c6f511d0325,T,8,5,18,36053,36052,36552,4,tongue,0,True,,36677,37177
S01:T:record08:trial020,S01,A01T.mat,054f02e70cf9c4ada1517e9b9864f45407939c1062c6793516585c6f511d0325,T,8,5,19,38119,38118,38618,3,feet,0,True,,38743,39243
S01:T:record08:trial021,S01,A01T.mat,054f02e70cf9c4ada1517e9b9864f45407939c1062c6793516585c6f511d0325,T,8,5,20,40189,40188,40688,4,tongue,0,True,,40813,41313
S01:T:record08:trial022,S01,A01T.mat,054f02e70cf9c4ada1517e9b9864f45407939c1062c6793516585c6f511d0325,T,8,5,21,42269,42268,42768,2,right_hand,0,True,,42893,43393
S01:T:record08:trial023,S01,A01T.mat,054f02e70cf9c4ada1517e9b9864f45407939c1062c6793516585c6f511d0325,T,8,5,22,44181,44180,44680,3,feet,0,True,,44805,45305
S01:T:record08:trial024,S01,A01T.mat,054f02e70cf9c4ada1517e9b9864f45407939c1062c6793516585c6f511d0325,T,8,5,23,46212,46211,46711,1,left_hand,0,True,,46836,47336
S01:T:record08:trial025,S01,A01T.mat,054f02e70cf9c4ada1517e9b9864f45407939c1062c6793516585c6f511d0325,T,8,5,24,48165,48164,48664,4,tongue,0,True,,48789,49289
S01:T:record08:trial026,S01,A01T.mat,054f02e70cf9c4ada1517e9b9864f45407939c1062c6793516585c6f511d0325,T,8,5,25,50126,50125,50625,1,left_hand,0,True,,50750,51250
S01:T:record08:trial027,S01,A01T.mat,054f02e70cf9c4ada1517e9b9864f45407939c1062c6793516585c6f511d0325,T,8,5,26,52230,52229,52729,3,feet,0,True,,52854,53354
S01:T:record08:trial028,S01,A01T.mat,054f02e70cf9c4ada1517e9b9864f45407939c1062c6793516585c6f511d0325,T,8,5,27,54234,54233,54733,4,tongue,0,True,,54858,55358
S01:T:record08:trial029,S01,A01T.mat,054f02e70cf9c4ada1517e9b9864f45407939c1062c6793516585c6f511d0325,T,8,5,28,56209,56208,56708,1,left_hand,0,True,,56833,57333
S01:T:record08:trial030,S01,A01T.mat,054f02e70cf9c4ada1517e9b9864f45407939c1062c6793516585c6f511d0325,T,8,5,29,58235,58234,58734,3,feet,0,True,,58859,59359
S01:T:record08:trial031,S01,A01T.mat,054f02e70cf9c4ada1517e9b9864f45407939c1062c6793516585c6f511d0325,T,8,5,30,60306,60305,60805,1,left_hand,0,True,,60930,61430
S01:T:record08:trial032,S01,A01T.mat,054f02e70cf9c4ada1517e9b9864f45407939c1062c6793516585c6f511d0325,T,8,5,31,62413,62412,62912,2,right_hand,0,True,,63037,63537
S01:T:record08:trial033,S01,A01T.mat,054f02e70cf9c4ada1517e9b9864f45407939c1062c6793516585c6f511d0325,T,8,5,32,64505,64504,65004,2,right_hand,0,True,,65129,65629
S01:T:record08:trial034,S01,A01T.mat,054f02e70cf9c4ada1517e9b9864f45407939c1062c6793516585c6f511d0325,T,8,5,33,66596,66595,67095,1,left_hand,0,True,,67220,67720
S01:T:record08:trial035,S01,A01T.mat,054f02e70cf9c4ada1517e9b9864f45407939c1062c6793516585c6f511d0325,T,8,5,34,68639,68638,69138,4,tongue,0,True,,69263,69763
S01:T:record08:trial036,S01,A01T.mat,054f02e70cf9c4ada1517e9b9864f45407939c1062c6793516585c6f511d0325,T,8,5,35,70703,70702,71202,1,left_hand,0,True,,71327,71827
S01:T:record08:trial037,S01,A01T.mat,054f02e70cf9c4ada1517e9b9864f45407939c1062c6793516585c6f511d0325,T,8,5,36,72723,72722,73222,4,tongue,1,False,organizer_artifact_flag,73347,73847
S01:T:record08:trial038,S01,A01T.mat,054f02e70cf9c4ada1517e9b9864f45407939c1062c6793516585c6f511d0325,T,8,5,37,74695,74694,75194,3,feet,0,True,,75319,75819
S01:T:record08:trial039,S01,A01T.mat,054f02e70cf9c4ada1517e9b9864f45407939c1062c6793516585c6f511d0325,T,8,5,38,76658,76657,77157,3,feet,0,True,,77282,77782
S01:T:record08:trial040,S01,A01T.mat,054f02e70cf9c4ada1517e9b9864f45407939c1062c6793516585c6f511d0325,T,8,5,39,78583,78582,79082,1,left_hand,0,True,,79207,79707
S01:T:record08:trial041,S01,A01T.mat,054f02e70cf9c4ada1517e9b9864f45407939c1062c6793516585c6f511d0325,T,8,5,40,80664,80663,81163,3,feet,0,True,,81288,81788
S01:T:record08:trial042,S01,A01T.mat,054f02e70cf9c4ada1517e9b9864f45407939c1062c6793516585c6f511d0325,T,8,5,41,82642,82641,83141,2,right_hand,0,True,,83266,83766
S01:T:record08:trial043,S01,A01T.mat,054f02e70cf9c4ada1517e9b9864f45407939c1062c6793516585c6f511d0325,T,8,5,42,84632,84631,85131,2,right_hand,0,True,,85256,85756
S01:T:record08:trial044,S01,A01T.mat,054f02e70cf9c4ada1517e9b9864f45407939c1062c6793516585c6f511d0325,T,8,5,43,86751,86750,87250,1,left_hand,0,True,,87375,87875
S01:T:record08:trial045,S01,A01T.mat,054f02e70cf9c4ada1517e9b9864f45407939c1062c6793516585c6f511d0325,T,8,5,44,88657,88656,89156,3,feet,0,True,,89281,89781
S01:T:record08:trial046,S01,A01T.mat,054f02e70cf9c4ada1517e9b9864f45407939c1062c6793516585c6f511d0325,T,8,5,45,90585,90584,91084,1,left_hand,0,True,,91209,91709
S01:T:record08:trial047,S01,A01T.mat,054f02e70cf9c4ada1517e9b9864f45407939c1062c6793516585c6f511d0325,T,8,5,46,92699,92698,93198,2,right_hand,0,True,,93323,93823
S01:T:record08:trial048,S01,A01T.mat,054f02e70cf9c4ada1517e9b9864f45407939c1062c6793516585c6f511d0325,T,8,5,47,94758,94757,95257,1,left_hand,1,False,organizer_artifact_flag,95382,95882
S01:E:record03:trial001,S01,A01E.mat,53d415f39c3d7b0c88b894d7b08d99bcdfe855ede63831d3691af1a45607fb62,E,3,0,0,251,250,750,1,left_hand,0,True,,875,1375
S01:E:record03:trial002,S01,A01E.mat,53d415f39c3d7b0c88b894d7b08d99bcdfe855ede63831d3691af1a45607fb62,E,3,0,1,2254,2253,2753,2,right_hand,0,True,,2878,3378
S01:E:record03:trial003,S01,A01E.mat,53d415f39c3d7b0c88b894d7b08d99bcdfe855ede63831d3691af1a45607fb62,E,3,0,2,4172,4171,4671,2,right_hand,0,True,,4796,5296
S01:E:record03:trial004,S01,A01E.mat,53d415f39c3d7b0c88b894d7b08d99bcdfe855ede63831d3691af1a45607fb62,E,3,0,3,6124,6123,6623,1,left_hand,0,True,,6748,7248
S01:E:record03:trial005,S01,A01E.mat,53d415f39c3d7b0c88b894d7b08d99bcdfe855ede63831d3691af1a45607fb62,E,3,0,4,8132,8131,8631,2,right_hand,0,True,,8756,9256
S01:E:record03:trial006,S01,A01E.mat,53d415f39c3d7b0c88b894d7b08d99bcdfe855ede63831d3691af1a45607fb62,E,3,0,5,10243,10242,10742,1,left_hand,0,True,,10867,11367
S01:E:record03:trial007,S01,A01E.mat,53d415f39c3d7b0c88b894d7b08d99bcdfe855ede63831d3691af1a45607fb62,E,3,0,6,12160,12159,12659,2,right_hand,0,True,,12784,13284
S01:E:record03:trial008,S01,A01E.mat,53d415f39c3d7b0c88b894d7b08d99bcdfe855ede63831d3691af1a45607fb62,E,3,0,7,14210,14209,14709,3,feet,0,True,,14834,15334
S01:E:record03:trial009,S01,A01E.mat,53d415f39c3d7b0c88b894d7b08d99bcdfe855ede63831d3691af1a45607fb62,E,3,0,8,16141,16140,16640,2,right_hand,0,True,,16765,17265
S01:E:record03:trial010,S01,A01E.mat,53d415f39c3d7b0c88b894d7b08d99bcdfe855ede63831d3691af1a45607fb62,E,3,0,9,18139,18138,18638,4,tongue,0,True,,18763,19263
S01:E:record03:trial011,S01,A01E.mat,53d415f39c3d7b0c88b894d7b08d99bcdfe855ede63831d3691af1a45607fb62,E,3,0,10,20045,20044,20544,1,left_hand,0,True,,20669,21169
S01:E:record03:trial012,S01,A01E.mat,53d415f39c3d7b0c88b894d7b08d99bcdfe855ede63831d3691af1a45607fb62,E,3,0,11,21940,21939,22439,3,feet,0,True,,22564,23064
S01:E:record03:trial013,S01,A01E.mat,53d415f39c3d7b0c88b894d7b08d99bcdfe855ede63831d3691af1a45607fb62,E,3,0,12,23912,23911,24411,2,right_hand,0,True,,24536,25036
S01:E:record03:trial014,S01,A01E.mat,53d415f39c3d7b0c88b894d7b08d99bcdfe855ede63831d3691af1a45607fb62,E,3,0,13,25856,25855,26355,1,left_hand,0,True,,26480,26980
S01:E:record03:trial015,S01,A01E.mat,53d415f39c3d7b0c88b894d7b08d99bcdfe855ede63831d3691af1a45607fb62,E,3,0,14,27823,27822,28322,4,tongue,0,True,,28447,28947
S01:E:record03:trial016,S01,A01E.mat,53d415f39c3d7b0c88b894d7b08d99bcdfe855ede63831d3691af1a45607fb62,E,3,0,15,29943,29942,30442,4,tongue,0,True,,30567,31067
S01:E:record03:trial017,S01,A01E.mat,53d415f39c3d7b0c88b894d7b08d99bcdfe855ede63831d3691af1a45607fb62,E,3,0,16,31951,31950,32450,4,tongue,0,True,,32575,33075
S01:E:record03:trial018,S01,A01E.mat,53d415f39c3d7b0c88b894d7b08d99bcdfe855ede63831d3691af1a45607fb62,E,3,0,17,34017,34016,34516,4,tongue,0,True,,34641,35141
S01:E:record03:trial019,S01,A01E.mat,53d415f39c3d7b0c88b894d7b08d99bcdfe855ede63831d3691af1a45607fb62,E,3,0,18,36053,36052,36552,4,tongue,1,False,organizer_artifact_flag,36677,37177
S01:E:record03:trial020,S01,A01E.mat,53d415f39c3d7b0c88b894d7b08d99bcdfe855ede63831d3691af1a45607fb62,E,3,0,19,38119,38118,38618,1,left_hand,1,False,organizer_artifact_flag,38743,39243
S01:E:record03:trial021,S01,A01E.mat,53d415f39c3d7b0c88b894d7b08d99bcdfe855ede63831d3691af1a45607fb62,E,3,0,20,40189,40188,40688,3,feet,0,True,,40813,41313
S01:E:record03:trial022,S01,A01E.mat,53d415f39c3d7b0c88b894d7b08d99bcdfe855ede63831d3691af1a45607fb62,E,3,0,21,42269,42268,42768,2,right_hand,0,True,,42893,43393
S01:E:record03:trial023,S01,A01E.mat,53d415f39c3d7b0c88b894d7b08d99bcdfe855ede63831d3691af1a45607fb62,E,3,0,22,44181,44180,44680,1,left_hand,0,True,,44805,45305
S01:E:record03:trial024,S01,A01E.mat,53d415f39c3d7b0c88b894d7b08d99bcdfe855ede63831d3691af1a45607fb62,E,3,0,23,46212,46211,46711,1,left_hand,0,True,,46836,47336
S01:E:record03:trial025,S01,A01E.mat,53d415f39c3d7b0c88b894d7b08d99bcdfe855ede63831d3691af1a45607fb62,E,3,0,24,48165,48164,48664,3,feet,0,True,,48789,49289
S01:E:record03:trial026,S01,A01E.mat,53d415f39c3d7b0c88b894d7b08d99bcdfe855ede63831d3691af1a45607fb62,E,3,0,25,50126,50125,50625,4,tongue,0,True,,50750,51250
S01:E:record03:trial027,S01,A01E.mat,53d415f39c3d7b0c88b894d7b08d99bcdfe855ede63831d3691af1a45607fb62,E,3,0,26,52230,52229,52729,1,left_hand,0,True,,52854,53354
S01:E:record03:trial028,S01,A01E.mat,53d415f39c3d7b0c88b894d7b08d99bcdfe855ede63831d3691af1a45607fb62,E,3,0,27,54234,54233,54733,3,feet,0,True,,54858,55358
S01:E:record03:trial029,S01,A01E.mat,53d415f39c3d7b0c88b894d7b08d99bcdfe855ede63831d3691af1a45607fb62,E,3,0,28,56209,56208,56708,3,feet,0,True,,56833,57333
S01:E:record03:trial030,S01,A01E.mat,53d415f39c3d7b0c88b894d7b08d99bcdfe855ede63831d3691af1a45607fb62,E,3,0,29,58235,58234,58734,3,feet,0,True,,58859,59359
S01:E:record03:trial031,S01,A01E.mat,53d415f39c3d7b0c88b894d7b08d99bcdfe855ede63831d3691af1a45607fb62,E,3,0,30,60306,60305,60805,1,left_hand,0,True,,60930,61430
S01:E:record03:trial032,S01,A01E.mat,53d415f39c3d7b0c88b894d7b08d99bcdfe855ede63831d3691af1a45607fb62,E,3,0,31,62413,62412,62912,2,right_hand,0,True,,63037,63537
S01:E:record03:trial033,S01,A01E.mat,53d415f39c3d7b0c88b894d7b08d99bcdfe855ede63831d3691af1a45607fb62,E,3,0,32,64505,64504,65004,1,left_hand,0,True,,65129,65629
S01:E:record03:trial034,S01,A01E.mat,53d415f39c3d7b0c88b894d7b08d99bcdfe855ede63831d3691af1a45607fb62,E,3,0,33,66596,66595,67095,2,right_hand,1,False,organizer_artifact_flag,67220,67720
S01:E:record03:trial035,S01,A01E.mat,53d415f39c3d7b0c88b894d7b08d99bcdfe855ede63831d3691af1a45607fb62,E,3,0,34,68639,68638,69138,2,right_hand,0,True,,69263,69763
S01:E:record03:trial036,S01,A01E.mat,53d415f39c3d7b0c88b894d7b08d99bcdfe855ede63831d3691af1a45607fb62,E,3,0,35,70703,70702,71202,1,left_hand,0,True,,71327,71827
S01:E:record03:trial037,S01,A01E.mat,53d415f39c3d7b0c88b894d7b08d99bcdfe855ede63831d3691af1a45607fb62,E,3,0,36,72723,72722,73222,2,right_hand,0,True,,73347,73847
S01:E:record03:trial038,S01,A01E.mat,53d415f39c3d7b0c88b894d7b08d99bcdfe855ede63831d3691af1a45607fb62,E,3,0,37,74695,74694,75194,3,feet,0,True,,75319,75819
S01:E:record03:trial039,S01,A01E.mat,53d415f39c3d7b0c88b894d7b08d99bcdfe855ede63831d3691af1a45607fb62,E,3,0,38,76658,76657,77157,2,right_hand,0,True,,77282,77782
S01:E:record03:trial040,S01,A01E.mat,53d415f39c3d7b0c88b894d7b08d99bcdfe855ede63831d3691af1a45607fb62,E,3,0,39,78583,78582,79082,3,feet,0,True,,79207,79707
S01:E:record03:trial041,S01,A01E.mat,53d415f39c3d7b0c88b894d7b08d99bcdfe855ede63831d3691af1a45607fb62,E,3,0,40,80664,80663,81163,3,feet,0,True,,81288,81788
S01:E:record03:trial042,S01,A01E.mat,53d415f39c3d7b0c88b894d7b08d99bcdfe855ede63831d3691af1a45607fb62,E,3,0,41,82642,82641,83141,4,tongue,0,True,,83266,83766
S01:E:record03:trial043,S01,A01E.mat,53d415f39c3d7b0c88b894d7b08d99bcdfe855ede63831d3691af1a45607fb62,E,3,0,42,84632,84631,85131,3,feet,0,True,,85256,85756
S01:E:record03:trial044,S01,A01E.mat,53d415f39c3d7b0c88b894d7b08d99bcdfe855ede63831d3691af1a45607fb62,E,3,0,43,86751,86750,87250,3,feet,0,True,,87375,87875
S01:E:record03:trial045,S01,A01E.mat,53d415f39c3d7b0c88b894d7b08d99bcdfe855ede63831d3691af1a45607fb62,E,3,0,44,88657,88656,89156,4,tongue,0,True,,89281,89781
S01:E:record03:trial046,S01,A01E.mat,53d415f39c3d7b0c88b894d7b08d99bcdfe855ede63831d3691af1a45607fb62,E,3,0,45,90585,90584,91084,4,tongue,0,True,,91209,91709
S01:E:record03:trial047,S01,A01E.mat,53d415f39c3d7b0c88b894d7b08d99bcdfe855ede63831d3691af1a45607fb62,E,3,0,46,92699,92698,93198,4,tongue,0,True,,93323,93823
S01:E:record03:trial048,S01,A01E.mat,53d415f39c3d7b0c88b894d7b08d99bcdfe855ede63831d3691af1a45607fb62,E,3,0,47,94758,94757,95257,4,tongue,0,True,,95382,95882
S01:E:record04:trial001,S01,A01E.mat,53d415f39c3d7b0c88b894d7b08d99bcdfe855ede63831d3691af1a45607fb62,E,4,1,0,251,250,750,4,tongue,0,True,,875,1375
S01:E:record04:trial002,S01,A01E.mat,53d415f39c3d7b0c88b894d7b08d99bcdfe855ede63831d3691af1a45607fb62,E,4,1,1,2254,2253,2753,3,feet,0,True,,2878,3378
S01:E:record04:trial003,S01,A01E.mat,53d415f39c3d7b0c88b894d7b08d99bcdfe855ede63831d3691af1a45607fb62,E,4,1,2,4172,4171,4671,2,right_hand,0,True,,4796,5296
S01:E:record04:trial004,S01,A01E.mat,53d415f39c3d7b0c88b894d7b08d99bcdfe855ede63831d3691af1a45607fb62,E,4,1,3,6124,6123,6623,1,left_hand,0,True,,6748,7248
S01:E:record04:trial005,S01,A01E.mat,53d415f39c3d7b0c88b894d7b08d99bcdfe855ede63831d3691af1a45607fb62,E,4,1,4,8132,8131,8631,1,left_hand,0,True,,8756,9256
S01:E:record04:trial006,S01,A01E.mat,53d415f39c3d7b0c88b894d7b08d99bcdfe855ede63831d3691af1a45607fb62,E,4,1,5,10243,10242,10742,2,right_hand,0,True,,10867,11367
S01:E:record04:trial007,S01,A01E.mat,53d415f39c3d7b0c88b894d7b08d99bcdfe855ede63831d3691af1a45607fb62,E,4,1,6,12160,12159,12659,3,feet,1,False,organizer_artifact_flag,12784,13284
S01:E:record04:trial008,S01,A01E.mat,53d415f39c3d7b0c88b894d7b08d99bcdfe855ede63831d3691af1a45607fb62,E,4,1,7,14210,14209,14709,4,tongue,0,True,,14834,15334
S01:E:record04:trial009,S01,A01E.mat,53d415f39c3d7b0c88b894d7b08d99bcdfe855ede63831d3691af1a45607fb62,E,4,1,8,16141,16140,16640,2,right_hand,0,True,,16765,17265
S01:E:record04:trial010,S01,A01E.mat,53d415f39c3d7b0c88b894d7b08d99bcdfe855ede63831d3691af1a45607fb62,E,4,1,9,18139,18138,18638,3,feet,0,True,,18763,19263
S01:E:record04:trial011,S01,A01E.mat,53d415f39c3d7b0c88b894d7b08d99bcdfe855ede63831d3691af1a45607fb62,E,4,1,10,20045,20044,20544,1,left_hand,0,True,,20669,21169
S01:E:record04:trial012,S01,A01E.mat,53d415f39c3d7b0c88b894d7b08d99bcdfe855ede63831d3691af1a45607fb62,E,4,1,11,21940,21939,22439,1,left_hand,0,True,,22564,23064
S01:E:record04:trial013,S01,A01E.mat,53d415f39c3d7b0c88b894d7b08d99bcdfe855ede63831d3691af1a45607fb62,E,4,1,12,23912,23911,24411,1,left_hand,0,True,,24536,25036
S01:E:record04:trial014,S01,A01E.mat,53d415f39c3d7b0c88b894d7b08d99bcdfe855ede63831d3691af1a45607fb62,E,4,1,13,25856,25855,26355,4,tongue,0,True,,26480,26980
S01:E:record04:trial015,S01,A01E.mat,53d415f39c3d7b0c88b894d7b08d99bcdfe855ede63831d3691af1a45607fb62,E,4,1,14,27823,27822,28322,2,right_hand,0,True,,28447,28947
S01:E:record04:trial016,S01,A01E.mat,53d415f39c3d7b0c88b894d7b08d99bcdfe855ede63831d3691af1a45607fb62,E,4,1,15,29943,29942,30442,2,right_hand,0,True,,30567,31067
S01:E:record04:trial017,S01,A01E.mat,53d415f39c3d7b0c88b894d7b08d99bcdfe855ede63831d3691af1a45607fb62,E,4,1,16,31951,31950,32450,1,left_hand,0,True,,32575,33075
S01:E:record04:trial018,S01,A01E.mat,53d415f39c3d7b0c88b894d7b08d99bcdfe855ede63831d3691af1a45607fb62,E,4,1,17,34017,34016,34516,1,left_hand,0,True,,34641,35141
S01:E:record04:trial019,S01,A01E.mat,53d415f39c3d7b0c88b894d7b08d99bcdfe855ede63831d3691af1a45607fb62,E,4,1,18,36053,36052,36552,3,feet,0,True,,36677,37177
S01:E:record04:trial020,S01,A01E.mat,53d415f39c3d7b0c88b894d7b08d99bcdfe855ede63831d3691af1a45607fb62,E,4,1,19,38119,38118,38618,1,left_hand,0,True,,38743,39243
S01:E:record04:trial021,S01,A01E.mat,53d415f39c3d7b0c88b894d7b08d99bcdfe855ede63831d3691af1a45607fb62,E,4,1,20,40189,40188,40688,2,right_hand,1,False,organizer_artifact_flag,40813,41313
S01:E:record04:trial022,S01,A01E.mat,53d415f39c3d7b0c88b894d7b08d99bcdfe855ede63831d3691af1a45607fb62,E,4,1,21,42269,42268,42768,4,tongue,0,True,,42893,43393
S01:E:record04:trial023,S01,A01E.mat,53d415f39c3d7b0c88b894d7b08d99bcdfe855ede63831d3691af1a45607fb62,E,4,1,22,44181,44180,44680,4,tongue,0,True,,44805,45305
S01:E:record04:trial024,S01,A01E.mat,53d415f39c3d7b0c88b894d7b08d99bcdfe855ede63831d3691af1a45607fb62,E,4,1,23,46212,46211,46711,3,feet,0,True,,46836,47336
S01:E:record04:trial025,S01,A01E.mat,53d415f39c3d7b0c88b894d7b08d99bcdfe855ede63831d3691af1a45607fb62,E,4,1,24,48165,48164,48664,1,left_hand,0,True,,48789,49289
S01:E:record04:trial026,S01,A01E.mat,53d415f39c3d7b0c88b894d7b08d99bcdfe855ede63831d3691af1a45607fb62,E,4,1,25,50126,50125,50625,4,tongue,0,True,,50750,51250
S01:E:record04:trial027,S01,A01E.mat,53d415f39c3d7b0c88b894d7b08d99bcdfe855ede63831d3691af1a45607fb62,E,4,1,26,52230,52229,52729,4,tongue,0,True,,52854,53354
S01:E:record04:trial028,S01,A01E.mat,53d415f39c3d7b0c88b894d7b08d99bcdfe855ede63831d3691af1a45607fb62,E,4,1,27,54234,54233,54733,2,right_hand,0,True,,54858,55358
S01:E:record04:trial029,S01,A01E.mat,53d415f39c3d7b0c88b894d7b08d99bcdfe855ede63831d3691af1a45607fb62,E,4,1,28,56209,56208,56708,4,tongue,0,True,,56833,57333
S01:E:record04:trial030,S01,A01E.mat,53d415f39c3d7b0c88b894d7b08d99bcdfe855ede63831d3691af1a45607fb62,E,4,1,29,58235,58234,58734,4,tongue,0,True,,58859,59359
S01:E:record04:trial031,S01,A01E.mat,53d415f39c3d7b0c88b894d7b08d99bcdfe855ede63831d3691af1a45607fb62,E,4,1,30,60306,60305,60805,2,right_hand,0,True,,60930,61430
S01:E:record04:trial032,S01,A01E.mat,53d415f39c3d7b0c88b894d7b08d99bcdfe855ede63831d3691af1a45607fb62,E,4,1,31,62413,62412,62912,1,left_hand,0,True,,63037,63537
S01:E:record04:trial033,S01,A01E.mat,53d415f39c3d7b0c88b894d7b08d99bcdfe855ede63831d3691af1a45607fb62,E,4,1,32,64505,64504,65004,2,right_hand,0,True,,65129,65629
S01:E:record04:trial034,S01,A01E.mat,53d415f39c3d7b0c88b894d7b08d99bcdfe855ede63831d3691af1a45607fb62,E,4,1,33,66596,66595,67095,3,feet,0,True,,67220,67720
S01:E:record04:trial035,S01,A01E.mat,53d415f39c3d7b0c88b894d7b08d99bcdfe855ede63831d3691af1a45607fb62,E,4,1,34,68639,68638,69138,3,feet,0,True,,69263,69763
S01:E:record04:trial036,S01,A01E.mat,53d415f39c3d7b0c88b894d7b08d99bcdfe855ede63831d3691af1a45607fb62,E,4,1,35,70703,70702,71202,3,feet,0,True,,71327,71827
S01:E:record04:trial037,S01,A01E.mat,53d415f39c3d7b0c88b894d7b08d99bcdfe855ede63831d3691af1a45607fb62,E,4,1,36,72723,72722,73222,4,tongue,0,True,,73347,73847
S01:E:record04:trial038,S01,A01E.mat,53d415f39c3d7b0c88b894d7b08d99bcdfe855ede63831d3691af1a45607fb62,E,4,1,37,74695,74694,75194,3,feet,0,True,,75319,75819
S01:E:record04:trial039,S01,A01E.mat,53d415f39c3d7b0c88b894d7b08d99bcdfe855ede63831d3691af1a45607fb62,E,4,1,38,76658,76657,77157,1,left_hand,0,True,,77282,77782
S01:E:record04:trial040,S01,A01E.mat,53d415f39c3d7b0c88b894d7b08d99bcdfe855ede63831d3691af1a45607fb62,E,4,1,39,78583,78582,79082,4,tongue,0,True,,79207,79707
S01:E:record04:trial041,S01,A01E.mat,53d415f39c3d7b0c88b894d7b08d99bcdfe855ede63831d3691af1a45607fb62,E,4,1,40,80664,80663,81163,2,right_hand,0,True,,81288,81788
S01:E:record04:trial042,S01,A01E.mat,53d415f39c3d7b0c88b894d7b08d99bcdfe855ede63831d3691af1a45607fb62,E,4,1,41,82642,82641,83141,3,feet,0,True,,83266,83766
S01:E:record04:trial043,S01,A01E.mat,53d415f39c3d7b0c88b894d7b08d99bcdfe855ede63831d3691af1a45607fb62,E,4,1,42,84632,84631,85131,2,right_hand,0,True,,85256,85756
S01:E:record04:trial044,S01,A01E.mat,53d415f39c3d7b0c88b894d7b08d99bcdfe855ede63831d3691af1a45607fb62,E,4,1,43,86751,86750,87250,3,feet,0,True,,87375,87875
S01:E:record04:trial045,S01,A01E.mat,53d415f39c3d7b0c88b894d7b08d99bcdfe855ede63831d3691af1a45607fb62,E,4,1,44,88657,88656,89156,4,tongue,0,True,,89281,89781
S01:E:record04:trial046,S01,A01E.mat,53d415f39c3d7b0c88b894d7b08d99bcdfe855ede63831d3691af1a45607fb62,E,4,1,45,90585,90584,91084,2,right_hand,0,True,,91209,91709
S01:E:record04:trial047,S01,A01E.mat,53d415f39c3d7b0c88b894d7b08d99bcdfe855ede63831d3691af1a45607fb62,E,4,1,46,92699,92698,93198,3,feet,0,True,,93323,93823
S01:E:record04:trial048,S01,A01E.mat,53d415f39c3d7b0c88b894d7b08d99bcdfe855ede63831d3691af1a45607fb62,E,4,1,47,94758,94757,95257,1,left_hand,0,True,,95382,95882
S01:E:record05:trial001,S01,A01E.mat,53d415f39c3d7b0c88b894d7b08d99bcdfe855ede63831d3691af1a45607fb62,E,5,2,0,251,250,750,1,left_hand,0,True,,875,1375
S01:E:record05:trial002,S01,A01E.mat,53d415f39c3d7b0c88b894d7b08d99bcdfe855ede63831d3691af1a45607fb62,E,5,2,1,2254,2253,2753,1,left_hand,0,True,,2878,3378
S01:E:record05:trial003,S01,A01E.mat,53d415f39c3d7b0c88b894d7b08d99bcdfe855ede63831d3691af1a45607fb62,E,5,2,2,4172,4171,4671,4,tongue,0,True,,4796,5296
S01:E:record05:trial004,S01,A01E.mat,53d415f39c3d7b0c88b894d7b08d99bcdfe855ede63831d3691af1a45607fb62,E,5,2,3,6124,6123,6623,2,right_hand,0,True,,6748,7248
S01:E:record05:trial005,S01,A01E.mat,53d415f39c3d7b0c88b894d7b08d99bcdfe855ede63831d3691af1a45607fb62,E,5,2,4,8132,8131,8631,1,left_hand,0,True,,8756,9256
S01:E:record05:trial006,S01,A01E.mat,53d415f39c3d7b0c88b894d7b08d99bcdfe855ede63831d3691af1a45607fb62,E,5,2,5,10243,10242,10742,3,feet,0,True,,10867,11367
S01:E:record05:trial007,S01,A01E.mat,53d415f39c3d7b0c88b894d7b08d99bcdfe855ede63831d3691af1a45607fb62,E,5,2,6,12160,12159,12659,1,left_hand,0,True,,12784,13284
S01:E:record05:trial008,S01,A01E.mat,53d415f39c3d7b0c88b894d7b08d99bcdfe855ede63831d3691af1a45607fb62,E,5,2,7,14210,14209,14709,3,feet,0,True,,14834,15334
S01:E:record05:trial009,S01,A01E.mat,53d415f39c3d7b0c88b894d7b08d99bcdfe855ede63831d3691af1a45607fb62,E,5,2,8,16141,16140,16640,2,right_hand,0,True,,16765,17265
S01:E:record05:trial010,S01,A01E.mat,53d415f39c3d7b0c88b894d7b08d99bcdfe855ede63831d3691af1a45607fb62,E,5,2,9,18139,18138,18638,4,tongue,0,True,,18763,19263
S01:E:record05:trial011,S01,A01E.mat,53d415f39c3d7b0c88b894d7b08d99bcdfe855ede63831d3691af1a45607fb62,E,5,2,10,20045,20044,20544,1,left_hand,0,True,,20669,21169
S01:E:record05:trial012,S01,A01E.mat,53d415f39c3d7b0c88b894d7b08d99bcdfe855ede63831d3691af1a45607fb62,E,5,2,11,21940,21939,22439,3,feet,0,True,,22564,23064
S01:E:record05:trial013,S01,A01E.mat,53d415f39c3d7b0c88b894d7b08d99bcdfe855ede63831d3691af1a45607fb62,E,5,2,12,23912,23911,24411,3,feet,0,True,,24536,25036
S01:E:record05:trial014,S01,A01E.mat,53d415f39c3d7b0c88b894d7b08d99bcdfe855ede63831d3691af1a45607fb62,E,5,2,13,25856,25855,26355,1,left_hand,0,True,,26480,26980
S01:E:record05:trial015,S01,A01E.mat,53d415f39c3d7b0c88b894d7b08d99bcdfe855ede63831d3691af1a45607fb62,E,5,2,14,27823,27822,28322,3,feet,0,True,,28447,28947
S01:E:record05:trial016,S01,A01E.mat,53d415f39c3d7b0c88b894d7b08d99bcdfe855ede63831d3691af1a45607fb62,E,5,2,15,29943,29942,30442,2,right_hand,0,True,,30567,31067
S01:E:record05:trial017,S01,A01E.mat,53d415f39c3d7b0c88b894d7b08d99bcdfe855ede63831d3691af1a45607fb62,E,5,2,16,31951,31950,32450,4,tongue,0,True,,32575,33075
S01:E:record05:trial018,S01,A01E.mat,53d415f39c3d7b0c88b894d7b08d99bcdfe855ede63831d3691af1a45607fb62,E,5,2,17,34017,34016,34516,4,tongue,0,True,,34641,35141
S01:E:record05:trial019,S01,A01E.mat,53d415f39c3d7b0c88b894d7b08d99bcdfe855ede63831d3691af1a45607fb62,E,5,2,18,36053,36052,36552,4,tongue,0,True,,36677,37177
S01:E:record05:trial020,S01,A01E.mat,53d415f39c3d7b0c88b894d7b08d99bcdfe855ede63831d3691af1a45607fb62,E,5,2,19,38119,38118,38618,3,feet,0,True,,38743,39243
S01:E:record05:trial021,S01,A01E.mat,53d415f39c3d7b0c88b894d7b08d99bcdfe855ede63831d3691af1a45607fb62,E,5,2,20,40189,40188,40688,1,left_hand,0,True,,40813,41313
S01:E:record05:trial022,S01,A01E.mat,53d415f39c3d7b0c88b894d7b08d99bcdfe855ede63831d3691af1a45607fb62,E,5,2,21,42269,42268,42768,4,tongue,0,True,,42893,43393
S01:E:record05:trial023,S01,A01E.mat,53d415f39c3d7b0c88b894d7b08d99bcdfe855ede63831d3691af1a45607fb62,E,5,2,22,44181,44180,44680,2,right_hand,0,True,,44805,45305
S01:E:record05:trial024,S01,A01E.mat,53d415f39c3d7b0c88b894d7b08d99bcdfe855ede63831d3691af1a45607fb62,E,5,2,23,46212,46211,46711,4,tongue,0,True,,46836,47336
S01:E:record05:trial025,S01,A01E.mat,53d415f39c3d7b0c88b894d7b08d99bcdfe855ede63831d3691af1a45607fb62,E,5,2,24,48165,48164,48664,2,right_hand,0,True,,48789,49289
S01:E:record05:trial026,S01,A01E.mat,53d415f39c3d7b0c88b894d7b08d99bcdfe855ede63831d3691af1a45607fb62,E,5,2,25,50126,50125,50625,1,left_hand,0,True,,50750,51250
S01:E:record05:trial027,S01,A01E.mat,53d415f39c3d7b0c88b894d7b08d99bcdfe855ede63831d3691af1a45607fb62,E,5,2,26,52230,52229,52729,3,feet,1,False,organizer_artifact_flag,52854,53354
S01:E:record05:trial028,S01,A01E.mat,53d415f39c3d7b0c88b894d7b08d99bcdfe855ede63831d3691af1a45607fb62,E,5,2,27,54234,54233,54733,2,right_hand,0,True,,54858,55358
S01:E:record05:trial029,S01,A01E.mat,53d415f39c3d7b0c88b894d7b08d99bcdfe855ede63831d3691af1a45607fb62,E,5,2,28,56209,56208,56708,1,left_hand,0,True,,56833,57333
S01:E:record05:trial030,S01,A01E.mat,53d415f39c3d7b0c88b894d7b08d99bcdfe855ede63831d3691af1a45607fb62,E,5,2,29,58235,58234,58734,3,feet,0,True,,58859,59359
S01:E:record05:trial031,S01,A01E.mat,53d415f39c3d7b0c88b894d7b08d99bcdfe855ede63831d3691af1a45607fb62,E,5,2,30,60306,60305,60805,3,feet,0,True,,60930,61430
S01:E:record05:trial032,S01,A01E.mat,53d415f39c3d7b0c88b894d7b08d99bcdfe855ede63831d3691af1a45607fb62,E,5,2,31,62413,62412,62912,1,left_hand,0,True,,63037,63537
S01:E:record05:trial033,S01,A01E.mat,53d415f39c3d7b0c88b894d7b08d99bcdfe855ede63831d3691af1a45607fb62,E,5,2,32,64505,64504,65004,3,feet,0,True,,65129,65629
S01:E:record05:trial034,S01,A01E.mat,53d415f39c3d7b0c88b894d7b08d99bcdfe855ede63831d3691af1a45607fb62,E,5,2,33,66596,66595,67095,4,tongue,0,True,,67220,67720
S01:E:record05:trial035,S01,A01E.mat,53d415f39c3d7b0c88b894d7b08d99bcdfe855ede63831d3691af1a45607fb62,E,5,2,34,68639,68638,69138,4,tongue,0,True,,69263,69763
S01:E:record05:trial036,S01,A01E.mat,53d415f39c3d7b0c88b894d7b08d99bcdfe855ede63831d3691af1a45607fb62,E,5,2,35,70703,70702,71202,2,right_hand,0,True,,71327,71827
S01:E:record05:trial037,S01,A01E.mat,53d415f39c3d7b0c88b894d7b08d99bcdfe855ede63831d3691af1a45607fb62,E,5,2,36,72723,72722,73222,1,left_hand,0,True,,73347,73847
S01:E:record05:trial038,S01,A01E.mat,53d415f39c3d7b0c88b894d7b08d99bcdfe855ede63831d3691af1a45607fb62,E,5,2,37,74695,74694,75194,2,right_hand,0,True,,75319,75819
S01:E:record05:trial039,S01,A01E.mat,53d415f39c3d7b0c88b894d7b08d99bcdfe855ede63831d3691af1a45607fb62,E,5,2,38,76658,76657,77157,4,tongue,0,True,,77282,77782
S01:E:record05:trial040,S01,A01E.mat,53d415f39c3d7b0c88b894d7b08d99bcdfe855ede63831d3691af1a45607fb62,E,5,2,39,78583,78582,79082,2,right_hand,0,True,,79207,79707
S01:E:record05:trial041,S01,A01E.mat,53d415f39c3d7b0c88b894d7b08d99bcdfe855ede63831d3691af1a45607fb62,E,5,2,40,80664,80663,81163,4,tongue,0,True,,81288,81788
S01:E:record05:trial042,S01,A01E.mat,53d415f39c3d7b0c88b894d7b08d99bcdfe855ede63831d3691af1a45607fb62,E,5,2,41,82642,82641,83141,3,feet,0,True,,83266,83766
S01:E:record05:trial043,S01,A01E.mat,53d415f39c3d7b0c88b894d7b08d99bcdfe855ede63831d3691af1a45607fb62,E,5,2,42,84632,84631,85131,2,right_hand,0,True,,85256,85756
S01:E:record05:trial044,S01,A01E.mat,53d415f39c3d7b0c88b894d7b08d99bcdfe855ede63831d3691af1a45607fb62,E,5,2,43,86751,86750,87250,2,right_hand,0,True,,87375,87875
S01:E:record05:trial045,S01,A01E.mat,53d415f39c3d7b0c88b894d7b08d99bcdfe855ede63831d3691af1a45607fb62,E,5,2,44,88657,88656,89156,2,right_hand,0,True,,89281,89781
S01:E:record05:trial046,S01,A01E.mat,53d415f39c3d7b0c88b894d7b08d99bcdfe855ede63831d3691af1a45607fb62,E,5,2,45,90585,90584,91084,3,feet,0,True,,91209,91709
S01:E:record05:trial047,S01,A01E.mat,53d415f39c3d7b0c88b894d7b08d99bcdfe855ede63831d3691af1a45607fb62,E,5,2,46,92699,92698,93198,4,tongue,0,True,,93323,93823
S01:E:record05:trial048,S01,A01E.mat,53d415f39c3d7b0c88b894d7b08d99bcdfe855ede63831d3691af1a45607fb62,E,5,2,47,94758,94757,95257,1,left_hand,0,True,,95382,95882
S01:E:record06:trial001,S01,A01E.mat,53d415f39c3d7b0c88b894d7b08d99bcdfe855ede63831d3691af1a45607fb62,E,6,3,0,251,250,750,2,right_hand,0,True,,875,1375
S01:E:record06:trial002,S01,A01E.mat,53d415f39c3d7b0c88b894d7b08d99bcdfe855ede63831d3691af1a45607fb62,E,6,3,1,2254,2253,2753,4,tongue,0,True,,2878,3378
S01:E:record06:trial003,S01,A01E.mat,53d415f39c3d7b0c88b894d7b08d99bcdfe855ede63831d3691af1a45607fb62,E,6,3,2,4172,4171,4671,1,left_hand,0,True,,4796,5296
S01:E:record06:trial004,S01,A01E.mat,53d415f39c3d7b0c88b894d7b08d99bcdfe855ede63831d3691af1a45607fb62,E,6,3,3,6124,6123,6623,3,feet,0,True,,6748,7248
S01:E:record06:trial005,S01,A01E.mat,53d415f39c3d7b0c88b894d7b08d99bcdfe855ede63831d3691af1a45607fb62,E,6,3,4,8132,8131,8631,3,feet,0,True,,8756,9256
S01:E:record06:trial006,S01,A01E.mat,53d415f39c3d7b0c88b894d7b08d99bcdfe855ede63831d3691af1a45607fb62,E,6,3,5,10243,10242,10742,4,tongue,0,True,,10867,11367
S01:E:record06:trial007,S01,A01E.mat,53d415f39c3d7b0c88b894d7b08d99bcdfe855ede63831d3691af1a45607fb62,E,6,3,6,12160,12159,12659,1,left_hand,0,True,,12784,13284
S01:E:record06:trial008,S01,A01E.mat,53d415f39c3d7b0c88b894d7b08d99bcdfe855ede63831d3691af1a45607fb62,E,6,3,7,14210,14209,14709,1,left_hand,0,True,,14834,15334
S01:E:record06:trial009,S01,A01E.mat,53d415f39c3d7b0c88b894d7b08d99bcdfe855ede63831d3691af1a45607fb62,E,6,3,8,16141,16140,16640,3,feet,0,True,,16765,17265
S01:E:record06:trial010,S01,A01E.mat,53d415f39c3d7b0c88b894d7b08d99bcdfe855ede63831d3691af1a45607fb62,E,6,3,9,18139,18138,18638,2,right_hand,0,True,,18763,19263
S01:E:record06:trial011,S01,A01E.mat,53d415f39c3d7b0c88b894d7b08d99bcdfe855ede63831d3691af1a45607fb62,E,6,3,10,20045,20044,20544,4,tongue,0,True,,20669,21169
S01:E:record06:trial012,S01,A01E.mat,53d415f39c3d7b0c88b894d7b08d99bcdfe855ede63831d3691af1a45607fb62,E,6,3,11,21940,21939,22439,4,tongue,0,True,,22564,23064
S01:E:record06:trial013,S01,A01E.mat,53d415f39c3d7b0c88b894d7b08d99bcdfe855ede63831d3691af1a45607fb62,E,6,3,12,23912,23911,24411,4,tongue,0,True,,24536,25036
S01:E:record06:trial014,S01,A01E.mat,53d415f39c3d7b0c88b894d7b08d99bcdfe855ede63831d3691af1a45607fb62,E,6,3,13,25856,25855,26355,2,right_hand,0,True,,26480,26980
S01:E:record06:trial015,S01,A01E.mat,53d415f39c3d7b0c88b894d7b08d99bcdfe855ede63831d3691af1a45607fb62,E,6,3,14,27823,27822,28322,1,left_hand,0,True,,28447,28947
S01:E:record06:trial016,S01,A01E.mat,53d415f39c3d7b0c88b894d7b08d99bcdfe855ede63831d3691af1a45607fb62,E,6,3,15,29943,29942,30442,3,feet,0,True,,30567,31067
S01:E:record06:trial017,S01,A01E.mat,53d415f39c3d7b0c88b894d7b08d99bcdfe855ede63831d3691af1a45607fb62,E,6,3,16,31951,31950,32450,2,right_hand,0,True,,32575,33075
S01:E:record06:trial018,S01,A01E.mat,53d415f39c3d7b0c88b894d7b08d99bcdfe855ede63831d3691af1a45607fb62,E,6,3,17,34017,34016,34516,4,tongue,0,True,,34641,35141
S01:E:record06:trial019,S01,A01E.mat,53d415f39c3d7b0c88b894d7b08d99bcdfe855ede63831d3691af1a45607fb62,E,6,3,18,36053,36052,36552,1,left_hand,0,True,,36677,37177
S01:E:record06:trial020,S01,A01E.mat,53d415f39c3d7b0c88b894d7b08d99bcdfe855ede63831d3691af1a45607fb62,E,6,3,19,38119,38118,38618,4,tongue,0,True,,38743,39243
S01:E:record06:trial021,S01,A01E.mat,53d415f39c3d7b0c88b894d7b08d99bcdfe855ede63831d3691af1a45607fb62,E,6,3,20,40189,40188,40688,3,feet,0,True,,40813,41313
S01:E:record06:trial022,S01,A01E.mat,53d415f39c3d7b0c88b894d7b08d99bcdfe855ede63831d3691af1a45607fb62,E,6,3,21,42269,42268,42768,2,right_hand,0,True,,42893,43393
S01:E:record06:trial023,S01,A01E.mat,53d415f39c3d7b0c88b894d7b08d99bcdfe855ede63831d3691af1a45607fb62,E,6,3,22,44181,44180,44680,4,tongue,0,True,,44805,45305
S01:E:record06:trial024,S01,A01E.mat,53d415f39c3d7b0c88b894d7b08d99bcdfe855ede63831d3691af1a45607fb62,E,6,3,23,46212,46211,46711,4,tongue,0,True,,46836,47336
S01:E:record06:trial025,S01,A01E.mat,53d415f39c3d7b0c88b894d7b08d99bcdfe855ede63831d3691af1a45607fb62,E,6,3,24,48165,48164,48664,1,left_hand,0,True,,48789,49289
S01:E:record06:trial026,S01,A01E.mat,53d415f39c3d7b0c88b894d7b08d99bcdfe855ede63831d3691af1a45607fb62,E,6,3,25,50126,50125,50625,2,right_hand,0,True,,50750,51250
S01:E:record06:trial027,S01,A01E.mat,53d415f39c3d7b0c88b894d7b08d99bcdfe855ede63831d3691af1a45607fb62,E,6,3,26,52230,52229,52729,2,right_hand,0,True,,52854,53354
S01:E:record06:trial028,S01,A01E.mat,53d415f39c3d7b0c88b894d7b08d99bcdfe855ede63831d3691af1a45607fb62,E,6,3,27,54234,54233,54733,3,feet,0,True,,54858,55358
S01:E:record06:trial029,S01,A01E.mat,53d415f39c3d7b0c88b894d7b08d99bcdfe855ede63831d3691af1a45607fb62,E,6,3,28,56209,56208,56708,4,tongue,0,True,,56833,57333
S01:E:record06:trial030,S01,A01E.mat,53d415f39c3d7b0c88b894d7b08d99bcdfe855ede63831d3691af1a45607fb62,E,6,3,29,58235,58234,58734,2,right_hand,0,True,,58859,59359
S01:E:record06:trial031,S01,A01E.mat,53d415f39c3d7b0c88b894d7b08d99bcdfe855ede63831d3691af1a45607fb62,E,6,3,30,60306,60305,60805,1,left_hand,0,True,,60930,61430
S01:E:record06:trial032,S01,A01E.mat,53d415f39c3d7b0c88b894d7b08d99bcdfe855ede63831d3691af1a45607fb62,E,6,3,31,62413,62412,62912,1,left_hand,0,True,,63037,63537
S01:E:record06:trial033,S01,A01E.mat,53d415f39c3d7b0c88b894d7b08d99bcdfe855ede63831d3691af1a45607fb62,E,6,3,32,64505,64504,65004,4,tongue,0,True,,65129,65629
S01:E:record06:trial034,S01,A01E.mat,53d415f39c3d7b0c88b894d7b08d99bcdfe855ede63831d3691af1a45607fb62,E,6,3,33,66596,66595,67095,2,right_hand,0,True,,67220,67720
S01:E:record06:trial035,S01,A01E.mat,53d415f39c3d7b0c88b894d7b08d99bcdfe855ede63831d3691af1a45607fb62,E,6,3,34,68639,68638,69138,1,left_hand,0,True,,69263,69763
S01:E:record06:trial036,S01,A01E.mat,53d415f39c3d7b0c88b894d7b08d99bcdfe855ede63831d3691af1a45607fb62,E,6,3,35,70703,70702,71202,3,feet,0,True,,71327,71827
S01:E:record06:trial037,S01,A01E.mat,53d415f39c3d7b0c88b894d7b08d99bcdfe855ede63831d3691af1a45607fb62,E,6,3,36,72723,72722,73222,2,right_hand,0,True,,73347,73847
S01:E:record06:trial038,S01,A01E.mat,53d415f39c3d7b0c88b894d7b08d99bcdfe855ede63831d3691af1a45607fb62,E,6,3,37,74695,74694,75194,2,right_hand,0,True,,75319,75819
S01:E:record06:trial039,S01,A01E.mat,53d415f39c3d7b0c88b894d7b08d99bcdfe855ede63831d3691af1a45607fb62,E,6,3,38,76658,76657,77157,3,feet,1,False,organizer_artifact_flag,77282,77782
S01:E:record06:trial040,S01,A01E.mat,53d415f39c3d7b0c88b894d7b08d99bcdfe855ede63831d3691af1a45607fb62,E,6,3,39,78583,78582,79082,1,left_hand,0,True,,79207,79707
S01:E:record06:trial041,S01,A01E.mat,53d415f39c3d7b0c88b894d7b08d99bcdfe855ede63831d3691af1a45607fb62,E,6,3,40,80664,80663,81163,4,tongue,0,True,,81288,81788
S01:E:record06:trial042,S01,A01E.mat,53d415f39c3d7b0c88b894d7b08d99bcdfe855ede63831d3691af1a45607fb62,E,6,3,41,82642,82641,83141,3,feet,0,True,,83266,83766
S01:E:record06:trial043,S01,A01E.mat,53d415f39c3d7b0c88b894d7b08d99bcdfe855ede63831d3691af1a45607fb62,E,6,3,42,84632,84631,85131,3,feet,0,True,,85256,85756
S01:E:record06:trial044,S01,A01E.mat,53d415f39c3d7b0c88b894d7b08d99bcdfe855ede63831d3691af1a45607fb62,E,6,3,43,86751,86750,87250,3,feet,0,True,,87375,87875
S01:E:record06:trial045,S01,A01E.mat,53d415f39c3d7b0c88b894d7b08d99bcdfe855ede63831d3691af1a45607fb62,E,6,3,44,88657,88656,89156,3,feet,0,True,,89281,89781
S01:E:record06:trial046,S01,A01E.mat,53d415f39c3d7b0c88b894d7b08d99bcdfe855ede63831d3691af1a45607fb62,E,6,3,45,90585,90584,91084,1,left_hand,0,True,,91209,91709
S01:E:record06:trial047,S01,A01E.mat,53d415f39c3d7b0c88b894d7b08d99bcdfe855ede63831d3691af1a45607fb62,E,6,3,46,92699,92698,93198,2,right_hand,0,True,,93323,93823
S01:E:record06:trial048,S01,A01E.mat,53d415f39c3d7b0c88b894d7b08d99bcdfe855ede63831d3691af1a45607fb62,E,6,3,47,94758,94757,95257,1,left_hand,0,True,,95382,95882
S01:E:record07:trial001,S01,A01E.mat,53d415f39c3d7b0c88b894d7b08d99bcdfe855ede63831d3691af1a45607fb62,E,7,4,0,251,250,750,2,right_hand,0,True,,875,1375
S01:E:record07:trial002,S01,A01E.mat,53d415f39c3d7b0c88b894d7b08d99bcdfe855ede63831d3691af1a45607fb62,E,7,4,1,2254,2253,2753,1,left_hand,0,True,,2878,3378
S01:E:record07:trial003,S01,A01E.mat,53d415f39c3d7b0c88b894d7b08d99bcdfe855ede63831d3691af1a45607fb62,E,7,4,2,4172,4171,4671,1,left_hand,0,True,,4796,5296
S01:E:record07:trial004,S01,A01E.mat,53d415f39c3d7b0c88b894d7b08d99bcdfe855ede63831d3691af1a45607fb62,E,7,4,3,6124,6123,6623,3,feet,0,True,,6748,7248
S01:E:record07:trial005,S01,A01E.mat,53d415f39c3d7b0c88b894d7b08d99bcdfe855ede63831d3691af1a45607fb62,E,7,4,4,8132,8131,8631,3,feet,0,True,,8756,9256
S01:E:record07:trial006,S01,A01E.mat,53d415f39c3d7b0c88b894d7b08d99bcdfe855ede63831d3691af1a45607fb62,E,7,4,5,10243,10242,10742,2,right_hand,0,True,,10867,11367
S01:E:record07:trial007,S01,A01E.mat,53d415f39c3d7b0c88b894d7b08d99bcdfe855ede63831d3691af1a45607fb62,E,7,4,6,12160,12159,12659,3,feet,0,True,,12784,13284
S01:E:record07:trial008,S01,A01E.mat,53d415f39c3d7b0c88b894d7b08d99bcdfe855ede63831d3691af1a45607fb62,E,7,4,7,14210,14209,14709,4,tongue,0,True,,14834,15334
S01:E:record07:trial009,S01,A01E.mat,53d415f39c3d7b0c88b894d7b08d99bcdfe855ede63831d3691af1a45607fb62,E,7,4,8,16141,16140,16640,1,left_hand,0,True,,16765,17265
S01:E:record07:trial010,S01,A01E.mat,53d415f39c3d7b0c88b894d7b08d99bcdfe855ede63831d3691af1a45607fb62,E,7,4,9,18139,18138,18638,4,tongue,0,True,,18763,19263
S01:E:record07:trial011,S01,A01E.mat,53d415f39c3d7b0c88b894d7b08d99bcdfe855ede63831d3691af1a45607fb62,E,7,4,10,20045,20044,20544,1,left_hand,0,True,,20669,21169
S01:E:record07:trial012,S01,A01E.mat,53d415f39c3d7b0c88b894d7b08d99bcdfe855ede63831d3691af1a45607fb62,E,7,4,11,21940,21939,22439,1,left_hand,0,True,,22564,23064
S01:E:record07:trial013,S01,A01E.mat,53d415f39c3d7b0c88b894d7b08d99bcdfe855ede63831d3691af1a45607fb62,E,7,4,12,23912,23911,24411,2,right_hand,0,True,,24536,25036
S01:E:record07:trial014,S01,A01E.mat,53d415f39c3d7b0c88b894d7b08d99bcdfe855ede63831d3691af1a45607fb62,E,7,4,13,25856,25855,26355,4,tongue,0,True,,26480,26980
S01:E:record07:trial015,S01,A01E.mat,53d415f39c3d7b0c88b894d7b08d99bcdfe855ede63831d3691af1a45607fb62,E,7,4,14,27823,27822,28322,3,feet,0,True,,28447,28947
S01:E:record07:trial016,S01,A01E.mat,53d415f39c3d7b0c88b894d7b08d99bcdfe855ede63831d3691af1a45607fb62,E,7,4,15,29943,29942,30442,2,right_hand,0,True,,30567,31067
S01:E:record07:trial017,S01,A01E.mat,53d415f39c3d7b0c88b894d7b08d99bcdfe855ede63831d3691af1a45607fb62,E,7,4,16,31951,31950,32450,4,tongue,0,True,,32575,33075
S01:E:record07:trial018,S01,A01E.mat,53d415f39c3d7b0c88b894d7b08d99bcdfe855ede63831d3691af1a45607fb62,E,7,4,17,34017,34016,34516,3,feet,0,True,,34641,35141
S01:E:record07:trial019,S01,A01E.mat,53d415f39c3d7b0c88b894d7b08d99bcdfe855ede63831d3691af1a45607fb62,E,7,4,18,36053,36052,36552,4,tongue,0,True,,36677,37177
S01:E:record07:trial020,S01,A01E.mat,53d415f39c3d7b0c88b894d7b08d99bcdfe855ede63831d3691af1a45607fb62,E,7,4,19,38119,38118,38618,3,feet,0,True,,38743,39243
S01:E:record07:trial021,S01,A01E.mat,53d415f39c3d7b0c88b894d7b08d99bcdfe855ede63831d3691af1a45607fb62,E,7,4,20,40189,40188,40688,4,tongue,0,True,,40813,41313
S01:E:record07:trial022,S01,A01E.mat,53d415f39c3d7b0c88b894d7b08d99bcdfe855ede63831d3691af1a45607fb62,E,7,4,21,42269,42268,42768,2,right_hand,0,True,,42893,43393
S01:E:record07:trial023,S01,A01E.mat,53d415f39c3d7b0c88b894d7b08d99bcdfe855ede63831d3691af1a45607fb62,E,7,4,22,44181,44180,44680,2,right_hand,0,True,,44805,45305
S01:E:record07:trial024,S01,A01E.mat,53d415f39c3d7b0c88b894d7b08d99bcdfe855ede63831d3691af1a45607fb62,E,7,4,23,46212,46211,46711,4,tongue,0,True,,46836,47336
S01:E:record07:trial025,S01,A01E.mat,53d415f39c3d7b0c88b894d7b08d99bcdfe855ede63831d3691af1a45607fb62,E,7,4,24,48165,48164,48664,1,left_hand,0,True,,48789,49289
S01:E:record07:trial026,S01,A01E.mat,53d415f39c3d7b0c88b894d7b08d99bcdfe855ede63831d3691af1a45607fb62,E,7,4,25,50126,50125,50625,2,right_hand,0,True,,50750,51250
S01:E:record07:trial027,S01,A01E.mat,53d415f39c3d7b0c88b894d7b08d99bcdfe855ede63831d3691af1a45607fb62,E,7,4,26,52230,52229,52729,2,right_hand,0,True,,52854,53354
S01:E:record07:trial028,S01,A01E.mat,53d415f39c3d7b0c88b894d7b08d99bcdfe855ede63831d3691af1a45607fb62,E,7,4,27,54234,54233,54733,2,right_hand,0,True,,54858,55358
S01:E:record07:trial029,S01,A01E.mat,53d415f39c3d7b0c88b894d7b08d99bcdfe855ede63831d3691af1a45607fb62,E,7,4,28,56209,56208,56708,3,feet,0,True,,56833,57333
S01:E:record07:trial030,S01,A01E.mat,53d415f39c3d7b0c88b894d7b08d99bcdfe855ede63831d3691af1a45607fb62,E,7,4,29,58235,58234,58734,4,tongue,0,True,,58859,59359
S01:E:record07:trial031,S01,A01E.mat,53d415f39c3d7b0c88b894d7b08d99bcdfe855ede63831d3691af1a45607fb62,E,7,4,30,60306,60305,60805,1,left_hand,0,True,,60930,61430
S01:E:record07:trial032,S01,A01E.mat,53d415f39c3d7b0c88b894d7b08d99bcdfe855ede63831d3691af1a45607fb62,E,7,4,31,62413,62412,62912,4,tongue,0,True,,63037,63537
S01:E:record07:trial033,S01,A01E.mat,53d415f39c3d7b0c88b894d7b08d99bcdfe855ede63831d3691af1a45607fb62,E,7,4,32,64505,64504,65004,1,left_hand,0,True,,65129,65629
S01:E:record07:trial034,S01,A01E.mat,53d415f39c3d7b0c88b894d7b08d99bcdfe855ede63831d3691af1a45607fb62,E,7,4,33,66596,66595,67095,3,feet,0,True,,67220,67720
S01:E:record07:trial035,S01,A01E.mat,53d415f39c3d7b0c88b894d7b08d99bcdfe855ede63831d3691af1a45607fb62,E,7,4,34,68639,68638,69138,1,left_hand,0,True,,69263,69763
S01:E:record07:trial036,S01,A01E.mat,53d415f39c3d7b0c88b894d7b08d99bcdfe855ede63831d3691af1a45607fb62,E,7,4,35,70703,70702,71202,4,tongue,0,True,,71327,71827
S01:E:record07:trial037,S01,A01E.mat,53d415f39c3d7b0c88b894d7b08d99bcdfe855ede63831d3691af1a45607fb62,E,7,4,36,72723,72722,73222,1,left_hand,0,True,,73347,73847
S01:E:record07:trial038,S01,A01E.mat,53d415f39c3d7b0c88b894d7b08d99bcdfe855ede63831d3691af1a45607fb62,E,7,4,37,74695,74694,75194,3,feet,0,True,,75319,75819
S01:E:record07:trial039,S01,A01E.mat,53d415f39c3d7b0c88b894d7b08d99bcdfe855ede63831d3691af1a45607fb62,E,7,4,38,76658,76657,77157,1,left_hand,0,True,,77282,77782
S01:E:record07:trial040,S01,A01E.mat,53d415f39c3d7b0c88b894d7b08d99bcdfe855ede63831d3691af1a45607fb62,E,7,4,39,78583,78582,79082,2,right_hand,0,True,,79207,79707
S01:E:record07:trial041,S01,A01E.mat,53d415f39c3d7b0c88b894d7b08d99bcdfe855ede63831d3691af1a45607fb62,E,7,4,40,80664,80663,81163,3,feet,0,True,,81288,81788
S01:E:record07:trial042,S01,A01E.mat,53d415f39c3d7b0c88b894d7b08d99bcdfe855ede63831d3691af1a45607fb62,E,7,4,41,82642,82641,83141,3,feet,0,True,,83266,83766
S01:E:record07:trial043,S01,A01E.mat,53d415f39c3d7b0c88b894d7b08d99bcdfe855ede63831d3691af1a45607fb62,E,7,4,42,84632,84631,85131,4,tongue,0,True,,85256,85756
S01:E:record07:trial044,S01,A01E.mat,53d415f39c3d7b0c88b894d7b08d99bcdfe855ede63831d3691af1a45607fb62,E,7,4,43,86751,86750,87250,1,left_hand,0,True,,87375,87875
S01:E:record07:trial045,S01,A01E.mat,53d415f39c3d7b0c88b894d7b08d99bcdfe855ede63831d3691af1a45607fb62,E,7,4,44,88657,88656,89156,2,right_hand,0,True,,89281,89781
S01:E:record07:trial046,S01,A01E.mat,53d415f39c3d7b0c88b894d7b08d99bcdfe855ede63831d3691af1a45607fb62,E,7,4,45,90585,90584,91084,4,tongue,0,True,,91209,91709
S01:E:record07:trial047,S01,A01E.mat,53d415f39c3d7b0c88b894d7b08d99bcdfe855ede63831d3691af1a45607fb62,E,7,4,46,92699,92698,93198,2,right_hand,0,True,,93323,93823
S01:E:record07:trial048,S01,A01E.mat,53d415f39c3d7b0c88b894d7b08d99bcdfe855ede63831d3691af1a45607fb62,E,7,4,47,94758,94757,95257,3,feet,0,True,,95382,95882
S01:E:record08:trial001,S01,A01E.mat,53d415f39c3d7b0c88b894d7b08d99bcdfe855ede63831d3691af1a45607fb62,E,8,5,0,251,250,750,3,feet,0,True,,875,1375
S01:E:record08:trial002,S01,A01E.mat,53d415f39c3d7b0c88b894d7b08d99bcdfe855ede63831d3691af1a45607fb62,E,8,5,1,2254,2253,2753,1,left_hand,0,True,,2878,3378
S01:E:record08:trial003,S01,A01E.mat,53d415f39c3d7b0c88b894d7b08d99bcdfe855ede63831d3691af1a45607fb62,E,8,5,2,4172,4171,4671,4,tongue,0,True,,4796,5296
S01:E:record08:trial004,S01,A01E.mat,53d415f39c3d7b0c88b894d7b08d99bcdfe855ede63831d3691af1a45607fb62,E,8,5,3,6124,6123,6623,2,right_hand,0,True,,6748,7248
S01:E:record08:trial005,S01,A01E.mat,53d415f39c3d7b0c88b894d7b08d99bcdfe855ede63831d3691af1a45607fb62,E,8,5,4,8132,8131,8631,4,tongue,0,True,,8756,9256
S01:E:record08:trial006,S01,A01E.mat,53d415f39c3d7b0c88b894d7b08d99bcdfe855ede63831d3691af1a45607fb62,E,8,5,5,10243,10242,10742,1,left_hand,0,True,,10867,11367
S01:E:record08:trial007,S01,A01E.mat,53d415f39c3d7b0c88b894d7b08d99bcdfe855ede63831d3691af1a45607fb62,E,8,5,6,12160,12159,12659,1,left_hand,0,True,,12784,13284
S01:E:record08:trial008,S01,A01E.mat,53d415f39c3d7b0c88b894d7b08d99bcdfe855ede63831d3691af1a45607fb62,E,8,5,7,14210,14209,14709,3,feet,0,True,,14834,15334
S01:E:record08:trial009,S01,A01E.mat,53d415f39c3d7b0c88b894d7b08d99bcdfe855ede63831d3691af1a45607fb62,E,8,5,8,16141,16140,16640,3,feet,0,True,,16765,17265
S01:E:record08:trial010,S01,A01E.mat,53d415f39c3d7b0c88b894d7b08d99bcdfe855ede63831d3691af1a45607fb62,E,8,5,9,18139,18138,18638,2,right_hand,0,True,,18763,19263
S01:E:record08:trial011,S01,A01E.mat,53d415f39c3d7b0c88b894d7b08d99bcdfe855ede63831d3691af1a45607fb62,E,8,5,10,20045,20044,20544,4,tongue,0,True,,20669,21169
S01:E:record08:trial012,S01,A01E.mat,53d415f39c3d7b0c88b894d7b08d99bcdfe855ede63831d3691af1a45607fb62,E,8,5,11,21940,21939,22439,2,right_hand,0,True,,22564,23064
S01:E:record08:trial013,S01,A01E.mat,53d415f39c3d7b0c88b894d7b08d99bcdfe855ede63831d3691af1a45607fb62,E,8,5,12,23912,23911,24411,2,right_hand,0,True,,24536,25036
S01:E:record08:trial014,S01,A01E.mat,53d415f39c3d7b0c88b894d7b08d99bcdfe855ede63831d3691af1a45607fb62,E,8,5,13,25856,25855,26355,1,left_hand,0,True,,26480,26980
S01:E:record08:trial015,S01,A01E.mat,53d415f39c3d7b0c88b894d7b08d99bcdfe855ede63831d3691af1a45607fb62,E,8,5,14,27823,27822,28322,2,right_hand,0,True,,28447,28947
S01:E:record08:trial016,S01,A01E.mat,53d415f39c3d7b0c88b894d7b08d99bcdfe855ede63831d3691af1a45607fb62,E,8,5,15,29943,29942,30442,4,tongue,0,True,,30567,31067
S01:E:record08:trial017,S01,A01E.mat,53d415f39c3d7b0c88b894d7b08d99bcdfe855ede63831d3691af1a45607fb62,E,8,5,16,31951,31950,32450,4,tongue,0,True,,32575,33075
S01:E:record08:trial018,S01,A01E.mat,53d415f39c3d7b0c88b894d7b08d99bcdfe855ede63831d3691af1a45607fb62,E,8,5,17,34017,34016,34516,2,right_hand,0,True,,34641,35141
S01:E:record08:trial019,S01,A01E.mat,53d415f39c3d7b0c88b894d7b08d99bcdfe855ede63831d3691af1a45607fb62,E,8,5,18,36053,36052,36552,2,right_hand,0,True,,36677,37177
S01:E:record08:trial020,S01,A01E.mat,53d415f39c3d7b0c88b894d7b08d99bcdfe855ede63831d3691af1a45607fb62,E,8,5,19,38119,38118,38618,2,right_hand,0,True,,38743,39243
S01:E:record08:trial021,S01,A01E.mat,53d415f39c3d7b0c88b894d7b08d99bcdfe855ede63831d3691af1a45607fb62,E,8,5,20,40189,40188,40688,2,right_hand,0,True,,40813,41313
S01:E:record08:trial022,S01,A01E.mat,53d415f39c3d7b0c88b894d7b08d99bcdfe855ede63831d3691af1a45607fb62,E,8,5,21,42269,42268,42768,4,tongue,0,True,,42893,43393
S01:E:record08:trial023,S01,A01E.mat,53d415f39c3d7b0c88b894d7b08d99bcdfe855ede63831d3691af1a45607fb62,E,8,5,22,44181,44180,44680,4,tongue,0,True,,44805,45305
S01:E:record08:trial024,S01,A01E.mat,53d415f39c3d7b0c88b894d7b08d99bcdfe855ede63831d3691af1a45607fb62,E,8,5,23,46212,46211,46711,3,feet,0,True,,46836,47336
S01:E:record08:trial025,S01,A01E.mat,53d415f39c3d7b0c88b894d7b08d99bcdfe855ede63831d3691af1a45607fb62,E,8,5,24,48165,48164,48664,4,tongue,0,True,,48789,49289
S01:E:record08:trial026,S01,A01E.mat,53d415f39c3d7b0c88b894d7b08d99bcdfe855ede63831d3691af1a45607fb62,E,8,5,25,50126,50125,50625,1,left_hand,0,True,,50750,51250
S01:E:record08:trial027,S01,A01E.mat,53d415f39c3d7b0c88b894d7b08d99bcdfe855ede63831d3691af1a45607fb62,E,8,5,26,52230,52229,52729,2,right_hand,0,True,,52854,53354
S01:E:record08:trial028,S01,A01E.mat,53d415f39c3d7b0c88b894d7b08d99bcdfe855ede63831d3691af1a45607fb62,E,8,5,27,54234,54233,54733,3,feet,0,True,,54858,55358
S01:E:record08:trial029,S01,A01E.mat,53d415f39c3d7b0c88b894d7b08d99bcdfe855ede63831d3691af1a45607fb62,E,8,5,28,56209,56208,56708,2,right_hand,0,True,,56833,57333
S01:E:record08:trial030,S01,A01E.mat,53d415f39c3d7b0c88b894d7b08d99bcdfe855ede63831d3691af1a45607fb62,E,8,5,29,58235,58234,58734,1,left_hand,0,True,,58859,59359
S01:E:record08:trial031,S01,A01E.mat,53d415f39c3d7b0c88b894d7b08d99bcdfe855ede63831d3691af1a45607fb62,E,8,5,30,60306,60305,60805,4,tongue,0,True,,60930,61430
S01:E:record08:trial032,S01,A01E.mat,53d415f39c3d7b0c88b894d7b08d99bcdfe855ede63831d3691af1a45607fb62,E,8,5,31,62413,62412,62912,1,left_hand,0,True,,63037,63537
S01:E:record08:trial033,S01,A01E.mat,53d415f39c3d7b0c88b894d7b08d99bcdfe855ede63831d3691af1a45607fb62,E,8,5,32,64505,64504,65004,4,tongue,0,True,,65129,65629
S01:E:record08:trial034,S01,A01E.mat,53d415f39c3d7b0c88b894d7b08d99bcdfe855ede63831d3691af1a45607fb62,E,8,5,33,66596,66595,67095,1,left_hand,0,True,,67220,67720
S01:E:record08:trial035,S01,A01E.mat,53d415f39c3d7b0c88b894d7b08d99bcdfe855ede63831d3691af1a45607fb62,E,8,5,34,68639,68638,69138,1,left_hand,0,True,,69263,69763
S01:E:record08:trial036,S01,A01E.mat,53d415f39c3d7b0c88b894d7b08d99bcdfe855ede63831d3691af1a45607fb62,E,8,5,35,70703,70702,71202,1,left_hand,0,True,,71327,71827
S01:E:record08:trial037,S01,A01E.mat,53d415f39c3d7b0c88b894d7b08d99bcdfe855ede63831d3691af1a45607fb62,E,8,5,36,72723,72722,73222,1,left_hand,0,True,,73347,73847
S01:E:record08:trial038,S01,A01E.mat,53d415f39c3d7b0c88b894d7b08d99bcdfe855ede63831d3691af1a45607fb62,E,8,5,37,74695,74694,75194,3,feet,0,True,,75319,75819
S01:E:record08:trial039,S01,A01E.mat,53d415f39c3d7b0c88b894d7b08d99bcdfe855ede63831d3691af1a45607fb62,E,8,5,38,76658,76657,77157,3,feet,0,True,,77282,77782
S01:E:record08:trial040,S01,A01E.mat,53d415f39c3d7b0c88b894d7b08d99bcdfe855ede63831d3691af1a45607fb62,E,8,5,39,78583,78582,79082,4,tongue,0,True,,79207,79707
S01:E:record08:trial041,S01,A01E.mat,53d415f39c3d7b0c88b894d7b08d99bcdfe855ede63831d3691af1a45607fb62,E,8,5,40,80664,80663,81163,2,right_hand,0,True,,81288,81788
S01:E:record08:trial042,S01,A01E.mat,53d415f39c3d7b0c88b894d7b08d99bcdfe855ede63831d3691af1a45607fb62,E,8,5,41,82642,82641,83141,3,feet,0,True,,83266,83766
S01:E:record08:trial043,S01,A01E.mat,53d415f39c3d7b0c88b894d7b08d99bcdfe855ede63831d3691af1a45607fb62,E,8,5,42,84632,84631,85131,3,feet,0,True,,85256,85756
S01:E:record08:trial044,S01,A01E.mat,53d415f39c3d7b0c88b894d7b08d99bcdfe855ede63831d3691af1a45607fb62,E,8,5,43,86751,86750,87250,3,feet,0,True,,87375,87875
S01:E:record08:trial045,S01,A01E.mat,53d415f39c3d7b0c88b894d7b08d99bcdfe855ede63831d3691af1a45607fb62,E,8,5,44,88657,88656,89156,4,tongue,0,True,,89281,89781
S01:E:record08:trial046,S01,A01E.mat,53d415f39c3d7b0c88b894d7b08d99bcdfe855ede63831d3691af1a45607fb62,E,8,5,45,90585,90584,91084,3,feet,0,True,,91209,91709
S01:E:record08:trial047,S01,A01E.mat,53d415f39c3d7b0c88b894d7b08d99bcdfe855ede63831d3691af1a45607fb62,E,8,5,46,92699,92698,93198,1,left_hand,0,True,,93323,93823
S01:E:record08:trial048,S01,A01E.mat,53d415f39c3d7b0c88b894d7b08d99bcdfe855ede63831d3691af1a45607fb62,E,8,5,47,94758,94757,95257,3,feet,0,True,,95382,95882
S02:T:record03:trial001,S02,A02T.mat,5ddd5cb520b1692c3ba1363f48d98f58f0e46f3699ee50d749947950fc39db27,T,3,0,0,251,250,750,1,left_hand,0,True,,875,1375
S02:T:record03:trial002,S02,A02T.mat,5ddd5cb520b1692c3ba1363f48d98f58f0e46f3699ee50d749947950fc39db27,T,3,0,1,2254,2253,2753,2,right_hand,0,True,,2878,3378
S02:T:record03:trial003,S02,A02T.mat,5ddd5cb520b1692c3ba1363f48d98f58f0e46f3699ee50d749947950fc39db27,T,3,0,2,4172,4171,4671,2,right_hand,0,True,,4796,5296
S02:T:record03:trial004,S02,A02T.mat,5ddd5cb520b1692c3ba1363f48d98f58f0e46f3699ee50d749947950fc39db27,T,3,0,3,6124,6123,6623,1,left_hand,0,True,,6748,7248
S02:T:record03:trial005,S02,A02T.mat,5ddd5cb520b1692c3ba1363f48d98f58f0e46f3699ee50d749947950fc39db27,T,3,0,4,8132,8131,8631,2,right_hand,0,True,,8756,9256
S02:T:record03:trial006,S02,A02T.mat,5ddd5cb520b1692c3ba1363f48d98f58f0e46f3699ee50d749947950fc39db27,T,3,0,5,10243,10242,10742,1,left_hand,0,True,,10867,11367
S02:T:record03:trial007,S02,A02T.mat,5ddd5cb520b1692c3ba1363f48d98f58f0e46f3699ee50d749947950fc39db27,T,3,0,6,12160,12159,12659,2,right_hand,0,True,,12784,13284
S02:T:record03:trial008,S02,A02T.mat,5ddd5cb520b1692c3ba1363f48d98f58f0e46f3699ee50d749947950fc39db27,T,3,0,7,14210,14209,14709,3,feet,0,True,,14834,15334
S02:T:record03:trial009,S02,A02T.mat,5ddd5cb520b1692c3ba1363f48d98f58f0e46f3699ee50d749947950fc39db27,T,3,0,8,16141,16140,16640,2,right_hand,0,True,,16765,17265
S02:T:record03:trial010,S02,A02T.mat,5ddd5cb520b1692c3ba1363f48d98f58f0e46f3699ee50d749947950fc39db27,T,3,0,9,18139,18138,18638,4,tongue,0,True,,18763,19263
S02:T:record03:trial011,S02,A02T.mat,5ddd5cb520b1692c3ba1363f48d98f58f0e46f3699ee50d749947950fc39db27,T,3,0,10,20045,20044,20544,1,left_hand,0,True,,20669,21169
S02:T:record03:trial012,S02,A02T.mat,5ddd5cb520b1692c3ba1363f48d98f58f0e46f3699ee50d749947950fc39db27,T,3,0,11,21940,21939,22439,3,feet,0,True,,22564,23064
S02:T:record03:trial013,S02,A02T.mat,5ddd5cb520b1692c3ba1363f48d98f58f0e46f3699ee50d749947950fc39db27,T,3,0,12,23912,23911,24411,2,right_hand,0,True,,24536,25036
S02:T:record03:trial014,S02,A02T.mat,5ddd5cb520b1692c3ba1363f48d98f58f0e46f3699ee50d749947950fc39db27,T,3,0,13,25856,25855,26355,1,left_hand,0,True,,26480,26980
S02:T:record03:trial015,S02,A02T.mat,5ddd5cb520b1692c3ba1363f48d98f58f0e46f3699ee50d749947950fc39db27,T,3,0,14,27823,27822,28322,4,tongue,0,True,,28447,28947
S02:T:record03:trial016,S02,A02T.mat,5ddd5cb520b1692c3ba1363f48d98f58f0e46f3699ee50d749947950fc39db27,T,3,0,15,29943,29942,30442,4,tongue,0,True,,30567,31067
S02:T:record03:trial017,S02,A02T.mat,5ddd5cb520b1692c3ba1363f48d98f58f0e46f3699ee50d749947950fc39db27,T,3,0,16,31951,31950,32450,4,tongue,0,True,,32575,33075
S02:T:record03:trial018,S02,A02T.mat,5ddd5cb520b1692c3ba1363f48d98f58f0e46f3699ee50d749947950fc39db27,T,3,0,17,34017,34016,34516,4,tongue,0,True,,34641,35141
S02:T:record03:trial019,S02,A02T.mat,5ddd5cb520b1692c3ba1363f48d98f58f0e46f3699ee50d749947950fc39db27,T,3,0,18,36053,36052,36552,4,tongue,0,True,,36677,37177
S02:T:record03:trial020,S02,A02T.mat,5ddd5cb520b1692c3ba1363f48d98f58f0e46f3699ee50d749947950fc39db27,T,3,0,19,38119,38118,38618,1,left_hand,0,True,,38743,39243
S02:T:record03:trial021,S02,A02T.mat,5ddd5cb520b1692c3ba1363f48d98f58f0e46f3699ee50d749947950fc39db27,T,3,0,20,40189,40188,40688,3,feet,0,True,,40813,41313
S02:T:record03:trial022,S02,A02T.mat,5ddd5cb520b1692c3ba1363f48d98f58f0e46f3699ee50d749947950fc39db27,T,3,0,21,42269,42268,42768,2,right_hand,0,True,,42893,43393
S02:T:record03:trial023,S02,A02T.mat,5ddd5cb520b1692c3ba1363f48d98f58f0e46f3699ee50d749947950fc39db27,T,3,0,22,44181,44180,44680,1,left_hand,0,True,,44805,45305
S02:T:record03:trial024,S02,A02T.mat,5ddd5cb520b1692c3ba1363f48d98f58f0e46f3699ee50d749947950fc39db27,T,3,0,23,46212,46211,46711,1,left_hand,0,True,,46836,47336
S02:T:record03:trial025,S02,A02T.mat,5ddd5cb520b1692c3ba1363f48d98f58f0e46f3699ee50d749947950fc39db27,T,3,0,24,48165,48164,48664,3,feet,0,True,,48789,49289
S02:T:record03:trial026,S02,A02T.mat,5ddd5cb520b1692c3ba1363f48d98f58f0e46f3699ee50d749947950fc39db27,T,3,0,25,50126,50125,50625,4,tongue,0,True,,50750,51250
S02:T:record03:trial027,S02,A02T.mat,5ddd5cb520b1692c3ba1363f48d98f58f0e46f3699ee50d749947950fc39db27,T,3,0,26,52230,52229,52729,1,left_hand,0,True,,52854,53354
S02:T:record03:trial028,S02,A02T.mat,5ddd5cb520b1692c3ba1363f48d98f58f0e46f3699ee50d749947950fc39db27,T,3,0,27,54234,54233,54733,3,feet,0,True,,54858,55358
S02:T:record03:trial029,S02,A02T.mat,5ddd5cb520b1692c3ba1363f48d98f58f0e46f3699ee50d749947950fc39db27,T,3,0,28,56209,56208,56708,3,feet,0,True,,56833,57333
S02:T:record03:trial030,S02,A02T.mat,5ddd5cb520b1692c3ba1363f48d98f58f0e46f3699ee50d749947950fc39db27,T,3,0,29,58235,58234,58734,3,feet,0,True,,58859,59359
S02:T:record03:trial031,S02,A02T.mat,5ddd5cb520b1692c3ba1363f48d98f58f0e46f3699ee50d749947950fc39db27,T,3,0,30,60306,60305,60805,1,left_hand,0,True,,60930,61430
S02:T:record03:trial032,S02,A02T.mat,5ddd5cb520b1692c3ba1363f48d98f58f0e46f3699ee50d749947950fc39db27,T,3,0,31,62413,62412,62912,2,right_hand,0,True,,63037,63537
S02:T:record03:trial033,S02,A02T.mat,5ddd5cb520b1692c3ba1363f48d98f58f0e46f3699ee50d749947950fc39db27,T,3,0,32,64505,64504,65004,1,left_hand,0,True,,65129,65629
S02:T:record03:trial034,S02,A02T.mat,5ddd5cb520b1692c3ba1363f48d98f58f0e46f3699ee50d749947950fc39db27,T,3,0,33,66596,66595,67095,2,right_hand,0,True,,67220,67720
S02:T:record03:trial035,S02,A02T.mat,5ddd5cb520b1692c3ba1363f48d98f58f0e46f3699ee50d749947950fc39db27,T,3,0,34,68639,68638,69138,2,right_hand,0,True,,69263,69763
S02:T:record03:trial036,S02,A02T.mat,5ddd5cb520b1692c3ba1363f48d98f58f0e46f3699ee50d749947950fc39db27,T,3,0,35,70703,70702,71202,1,left_hand,0,True,,71327,71827
S02:T:record03:trial037,S02,A02T.mat,5ddd5cb520b1692c3ba1363f48d98f58f0e46f3699ee50d749947950fc39db27,T,3,0,36,72723,72722,73222,2,right_hand,0,True,,73347,73847
S02:T:record03:trial038,S02,A02T.mat,5ddd5cb520b1692c3ba1363f48d98f58f0e46f3699ee50d749947950fc39db27,T,3,0,37,74695,74694,75194,3,feet,0,True,,75319,75819
S02:T:record03:trial039,S02,A02T.mat,5ddd5cb520b1692c3ba1363f48d98f58f0e46f3699ee50d749947950fc39db27,T,3,0,38,76658,76657,77157,2,right_hand,0,True,,77282,77782
S02:T:record03:trial040,S02,A02T.mat,5ddd5cb520b1692c3ba1363f48d98f58f0e46f3699ee50d749947950fc39db27,T,3,0,39,78583,78582,79082,3,feet,0,True,,79207,79707
S02:T:record03:trial041,S02,A02T.mat,5ddd5cb520b1692c3ba1363f48d98f58f0e46f3699ee50d749947950fc39db27,T,3,0,40,80664,80663,81163,3,feet,0,True,,81288,81788
S02:T:record03:trial042,S02,A02T.mat,5ddd5cb520b1692c3ba1363f48d98f58f0e46f3699ee50d749947950fc39db27,T,3,0,41,82642,82641,83141,4,tongue,0,True,,83266,83766
S02:T:record03:trial043,S02,A02T.mat,5ddd5cb520b1692c3ba1363f48d98f58f0e46f3699ee50d749947950fc39db27,T,3,0,42,84632,84631,85131,3,feet,0,True,,85256,85756
S02:T:record03:trial044,S02,A02T.mat,5ddd5cb520b1692c3ba1363f48d98f58f0e46f3699ee50d749947950fc39db27,T,3,0,43,86751,86750,87250,3,feet,0,True,,87375,87875
S02:T:record03:trial045,S02,A02T.mat,5ddd5cb520b1692c3ba1363f48d98f58f0e46f3699ee50d749947950fc39db27,T,3,0,44,88657,88656,89156,4,tongue,0,True,,89281,89781
S02:T:record03:trial046,S02,A02T.mat,5ddd5cb520b1692c3ba1363f48d98f58f0e46f3699ee50d749947950fc39db27,T,3,0,45,90585,90584,91084,4,tongue,0,True,,91209,91709
S02:T:record03:trial047,S02,A02T.mat,5ddd5cb520b1692c3ba1363f48d98f58f0e46f3699ee50d749947950fc39db27,T,3,0,46,92699,92698,93198,4,tongue,0,True,,93323,93823
S02:T:record03:trial048,S02,A02T.mat,5ddd5cb520b1692c3ba1363f48d98f58f0e46f3699ee50d749947950fc39db27,T,3,0,47,94758,94757,95257,4,tongue,0,True,,95382,95882
S02:T:record04:trial001,S02,A02T.mat,5ddd5cb520b1692c3ba1363f48d98f58f0e46f3699ee50d749947950fc39db27,T,4,1,0,251,250,750,4,tongue,0,True,,875,1375
S02:T:record04:trial002,S02,A02T.mat,5ddd5cb520b1692c3ba1363f48d98f58f0e46f3699ee50d749947950fc39db27,T,4,1,1,2254,2253,2753,3,feet,0,True,,2878,3378
S02:T:record04:trial003,S02,A02T.mat,5ddd5cb520b1692c3ba1363f48d98f58f0e46f3699ee50d749947950fc39db27,T,4,1,2,4172,4171,4671,2,right_hand,0,True,,4796,5296
S02:T:record04:trial004,S02,A02T.mat,5ddd5cb520b1692c3ba1363f48d98f58f0e46f3699ee50d749947950fc39db27,T,4,1,3,6124,6123,6623,1,left_hand,0,True,,6748,7248
S02:T:record04:trial005,S02,A02T.mat,5ddd5cb520b1692c3ba1363f48d98f58f0e46f3699ee50d749947950fc39db27,T,4,1,4,8132,8131,8631,1,left_hand,0,True,,8756,9256
S02:T:record04:trial006,S02,A02T.mat,5ddd5cb520b1692c3ba1363f48d98f58f0e46f3699ee50d749947950fc39db27,T,4,1,5,10243,10242,10742,2,right_hand,0,True,,10867,11367
S02:T:record04:trial007,S02,A02T.mat,5ddd5cb520b1692c3ba1363f48d98f58f0e46f3699ee50d749947950fc39db27,T,4,1,6,12160,12159,12659,3,feet,0,True,,12784,13284
S02:T:record04:trial008,S02,A02T.mat,5ddd5cb520b1692c3ba1363f48d98f58f0e46f3699ee50d749947950fc39db27,T,4,1,7,14210,14209,14709,4,tongue,0,True,,14834,15334
S02:T:record04:trial009,S02,A02T.mat,5ddd5cb520b1692c3ba1363f48d98f58f0e46f3699ee50d749947950fc39db27,T,4,1,8,16141,16140,16640,2,right_hand,0,True,,16765,17265
S02:T:record04:trial010,S02,A02T.mat,5ddd5cb520b1692c3ba1363f48d98f58f0e46f3699ee50d749947950fc39db27,T,4,1,9,18139,18138,18638,3,feet,0,True,,18763,19263
S02:T:record04:trial011,S02,A02T.mat,5ddd5cb520b1692c3ba1363f48d98f58f0e46f3699ee50d749947950fc39db27,T,4,1,10,20045,20044,20544,1,left_hand,0,True,,20669,21169
S02:T:record04:trial012,S02,A02T.mat,5ddd5cb520b1692c3ba1363f48d98f58f0e46f3699ee50d749947950fc39db27,T,4,1,11,21940,21939,22439,1,left_hand,0,True,,22564,23064
S02:T:record04:trial013,S02,A02T.mat,5ddd5cb520b1692c3ba1363f48d98f58f0e46f3699ee50d749947950fc39db27,T,4,1,12,23912,23911,24411,1,left_hand,0,True,,24536,25036
S02:T:record04:trial014,S02,A02T.mat,5ddd5cb520b1692c3ba1363f48d98f58f0e46f3699ee50d749947950fc39db27,T,4,1,13,25856,25855,26355,4,tongue,0,True,,26480,26980
S02:T:record04:trial015,S02,A02T.mat,5ddd5cb520b1692c3ba1363f48d98f58f0e46f3699ee50d749947950fc39db27,T,4,1,14,27823,27822,28322,2,right_hand,0,True,,28447,28947
S02:T:record04:trial016,S02,A02T.mat,5ddd5cb520b1692c3ba1363f48d98f58f0e46f3699ee50d749947950fc39db27,T,4,1,15,29943,29942,30442,2,right_hand,0,True,,30567,31067
S02:T:record04:trial017,S02,A02T.mat,5ddd5cb520b1692c3ba1363f48d98f58f0e46f3699ee50d749947950fc39db27,T,4,1,16,31951,31950,32450,1,left_hand,0,True,,32575,33075
S02:T:record04:trial018,S02,A02T.mat,5ddd5cb520b1692c3ba1363f48d98f58f0e46f3699ee50d749947950fc39db27,T,4,1,17,34017,34016,34516,1,left_hand,0,True,,34641,35141
S02:T:record04:trial019,S02,A02T.mat,5ddd5cb520b1692c3ba1363f48d98f58f0e46f3699ee50d749947950fc39db27,T,4,1,18,36053,36052,36552,3,feet,0,True,,36677,37177
S02:T:record04:trial020,S02,A02T.mat,5ddd5cb520b1692c3ba1363f48d98f58f0e46f3699ee50d749947950fc39db27,T,4,1,19,38119,38118,38618,1,left_hand,0,True,,38743,39243
S02:T:record04:trial021,S02,A02T.mat,5ddd5cb520b1692c3ba1363f48d98f58f0e46f3699ee50d749947950fc39db27,T,4,1,20,40189,40188,40688,2,right_hand,0,True,,40813,41313
S02:T:record04:trial022,S02,A02T.mat,5ddd5cb520b1692c3ba1363f48d98f58f0e46f3699ee50d749947950fc39db27,T,4,1,21,42269,42268,42768,4,tongue,0,True,,42893,43393
S02:T:record04:trial023,S02,A02T.mat,5ddd5cb520b1692c3ba1363f48d98f58f0e46f3699ee50d749947950fc39db27,T,4,1,22,44181,44180,44680,4,tongue,0,True,,44805,45305
S02:T:record04:trial024,S02,A02T.mat,5ddd5cb520b1692c3ba1363f48d98f58f0e46f3699ee50d749947950fc39db27,T,4,1,23,46212,46211,46711,3,feet,0,True,,46836,47336
S02:T:record04:trial025,S02,A02T.mat,5ddd5cb520b1692c3ba1363f48d98f58f0e46f3699ee50d749947950fc39db27,T,4,1,24,48165,48164,48664,1,left_hand,0,True,,48789,49289
S02:T:record04:trial026,S02,A02T.mat,5ddd5cb520b1692c3ba1363f48d98f58f0e46f3699ee50d749947950fc39db27,T,4,1,25,50126,50125,50625,4,tongue,0,True,,50750,51250
S02:T:record04:trial027,S02,A02T.mat,5ddd5cb520b1692c3ba1363f48d98f58f0e46f3699ee50d749947950fc39db27,T,4,1,26,52230,52229,52729,4,tongue,0,True,,52854,53354
S02:T:record04:trial028,S02,A02T.mat,5ddd5cb520b1692c3ba1363f48d98f58f0e46f3699ee50d749947950fc39db27,T,4,1,27,54234,54233,54733,2,right_hand,0,True,,54858,55358
S02:T:record04:trial029,S02,A02T.mat,5ddd5cb520b1692c3ba1363f48d98f58f0e46f3699ee50d749947950fc39db27,T,4,1,28,56209,56208,56708,4,tongue,1,False,organizer_artifact_flag,56833,57333
S02:T:record04:trial030,S02,A02T.mat,5ddd5cb520b1692c3ba1363f48d98f58f0e46f3699ee50d749947950fc39db27,T,4,1,29,58235,58234,58734,4,tongue,0,True,,58859,59359
S02:T:record04:trial031,S02,A02T.mat,5ddd5cb520b1692c3ba1363f48d98f58f0e46f3699ee50d749947950fc39db27,T,4,1,30,60306,60305,60805,2,right_hand,0,True,,60930,61430
S02:T:record04:trial032,S02,A02T.mat,5ddd5cb520b1692c3ba1363f48d98f58f0e46f3699ee50d749947950fc39db27,T,4,1,31,62413,62412,62912,1,left_hand,0,True,,63037,63537
S02:T:record04:trial033,S02,A02T.mat,5ddd5cb520b1692c3ba1363f48d98f58f0e46f3699ee50d749947950fc39db27,T,4,1,32,64505,64504,65004,2,right_hand,0,True,,65129,65629
S02:T:record04:trial034,S02,A02T.mat,5ddd5cb520b1692c3ba1363f48d98f58f0e46f3699ee50d749947950fc39db27,T,4,1,33,66596,66595,67095,3,feet,0,True,,67220,67720
S02:T:record04:trial035,S02,A02T.mat,5ddd5cb520b1692c3ba1363f48d98f58f0e46f3699ee50d749947950fc39db27,T,4,1,34,68639,68638,69138,3,feet,1,False,organizer_artifact_flag,69263,69763
S02:T:record04:trial036,S02,A02T.mat,5ddd5cb520b1692c3ba1363f48d98f58f0e46f3699ee50d749947950fc39db27,T,4,1,35,70703,70702,71202,3,feet,0,True,,71327,71827
S02:T:record04:trial037,S02,A02T.mat,5ddd5cb520b1692c3ba1363f48d98f58f0e46f3699ee50d749947950fc39db27,T,4,1,36,72723,72722,73222,4,tongue,0,True,,73347,73847
S02:T:record04:trial038,S02,A02T.mat,5ddd5cb520b1692c3ba1363f48d98f58f0e46f3699ee50d749947950fc39db27,T,4,1,37,74695,74694,75194,3,feet,0,True,,75319,75819
S02:T:record04:trial039,S02,A02T.mat,5ddd5cb520b1692c3ba1363f48d98f58f0e46f3699ee50d749947950fc39db27,T,4,1,38,76658,76657,77157,1,left_hand,0,True,,77282,77782
S02:T:record04:trial040,S02,A02T.mat,5ddd5cb520b1692c3ba1363f48d98f58f0e46f3699ee50d749947950fc39db27,T,4,1,39,78583,78582,79082,4,tongue,0,True,,79207,79707
S02:T:record04:trial041,S02,A02T.mat,5ddd5cb520b1692c3ba1363f48d98f58f0e46f3699ee50d749947950fc39db27,T,4,1,40,80664,80663,81163,2,right_hand,0,True,,81288,81788
S02:T:record04:trial042,S02,A02T.mat,5ddd5cb520b1692c3ba1363f48d98f58f0e46f3699ee50d749947950fc39db27,T,4,1,41,82642,82641,83141,3,feet,0,True,,83266,83766
S02:T:record04:trial043,S02,A02T.mat,5ddd5cb520b1692c3ba1363f48d98f58f0e46f3699ee50d749947950fc39db27,T,4,1,42,84632,84631,85131,2,right_hand,0,True,,85256,85756
S02:T:record04:trial044,S02,A02T.mat,5ddd5cb520b1692c3ba1363f48d98f58f0e46f3699ee50d749947950fc39db27,T,4,1,43,86751,86750,87250,3,feet,0,True,,87375,87875
S02:T:record04:trial045,S02,A02T.mat,5ddd5cb520b1692c3ba1363f48d98f58f0e46f3699ee50d749947950fc39db27,T,4,1,44,88657,88656,89156,4,tongue,0,True,,89281,89781
S02:T:record04:trial046,S02,A02T.mat,5ddd5cb520b1692c3ba1363f48d98f58f0e46f3699ee50d749947950fc39db27,T,4,1,45,90585,90584,91084,2,right_hand,0,True,,91209,91709
S02:T:record04:trial047,S02,A02T.mat,5ddd5cb520b1692c3ba1363f48d98f58f0e46f3699ee50d749947950fc39db27,T,4,1,46,92699,92698,93198,3,feet,0,True,,93323,93823
S02:T:record04:trial048,S02,A02T.mat,5ddd5cb520b1692c3ba1363f48d98f58f0e46f3699ee50d749947950fc39db27,T,4,1,47,94758,94757,95257,1,left_hand,0,True,,95382,95882
S02:T:record05:trial001,S02,A02T.mat,5ddd5cb520b1692c3ba1363f48d98f58f0e46f3699ee50d749947950fc39db27,T,5,2,0,251,250,750,1,left_hand,1,False,organizer_artifact_flag,875,1375
S02:T:record05:trial002,S02,A02T.mat,5ddd5cb520b1692c3ba1363f48d98f58f0e46f3699ee50d749947950fc39db27,T,5,2,1,2254,2253,2753,1,left_hand,0,True,,2878,3378
S02:T:record05:trial003,S02,A02T.mat,5ddd5cb520b1692c3ba1363f48d98f58f0e46f3699ee50d749947950fc39db27,T,5,2,2,4172,4171,4671,4,tongue,1,False,organizer_artifact_flag,4796,5296
S02:T:record05:trial004,S02,A02T.mat,5ddd5cb520b1692c3ba1363f48d98f58f0e46f3699ee50d749947950fc39db27,T,5,2,3,6124,6123,6623,2,right_hand,0,True,,6748,7248
S02:T:record05:trial005,S02,A02T.mat,5ddd5cb520b1692c3ba1363f48d98f58f0e46f3699ee50d749947950fc39db27,T,5,2,4,8132,8131,8631,1,left_hand,0,True,,8756,9256
S02:T:record05:trial006,S02,A02T.mat,5ddd5cb520b1692c3ba1363f48d98f58f0e46f3699ee50d749947950fc39db27,T,5,2,5,10243,10242,10742,3,feet,0,True,,10867,11367
S02:T:record05:trial007,S02,A02T.mat,5ddd5cb520b1692c3ba1363f48d98f58f0e46f3699ee50d749947950fc39db27,T,5,2,6,12160,12159,12659,1,left_hand,0,True,,12784,13284
S02:T:record05:trial008,S02,A02T.mat,5ddd5cb520b1692c3ba1363f48d98f58f0e46f3699ee50d749947950fc39db27,T,5,2,7,14210,14209,14709,3,feet,0,True,,14834,15334
S02:T:record05:trial009,S02,A02T.mat,5ddd5cb520b1692c3ba1363f48d98f58f0e46f3699ee50d749947950fc39db27,T,5,2,8,16141,16140,16640,2,right_hand,0,True,,16765,17265
S02:T:record05:trial010,S02,A02T.mat,5ddd5cb520b1692c3ba1363f48d98f58f0e46f3699ee50d749947950fc39db27,T,5,2,9,18139,18138,18638,4,tongue,0,True,,18763,19263
S02:T:record05:trial011,S02,A02T.mat,5ddd5cb520b1692c3ba1363f48d98f58f0e46f3699ee50d749947950fc39db27,T,5,2,10,20045,20044,20544,1,left_hand,0,True,,20669,21169
S02:T:record05:trial012,S02,A02T.mat,5ddd5cb520b1692c3ba1363f48d98f58f0e46f3699ee50d749947950fc39db27,T,5,2,11,21940,21939,22439,3,feet,0,True,,22564,23064
S02:T:record05:trial013,S02,A02T.mat,5ddd5cb520b1692c3ba1363f48d98f58f0e46f3699ee50d749947950fc39db27,T,5,2,12,23912,23911,24411,3,feet,0,True,,24536,25036
S02:T:record05:trial014,S02,A02T.mat,5ddd5cb520b1692c3ba1363f48d98f58f0e46f3699ee50d749947950fc39db27,T,5,2,13,25856,25855,26355,1,left_hand,0,True,,26480,26980
S02:T:record05:trial015,S02,A02T.mat,5ddd5cb520b1692c3ba1363f48d98f58f0e46f3699ee50d749947950fc39db27,T,5,2,14,27823,27822,28322,3,feet,0,True,,28447,28947
S02:T:record05:trial016,S02,A02T.mat,5ddd5cb520b1692c3ba1363f48d98f58f0e46f3699ee50d749947950fc39db27,T,5,2,15,29943,29942,30442,2,right_hand,0,True,,30567,31067
S02:T:record05:trial017,S02,A02T.mat,5ddd5cb520b1692c3ba1363f48d98f58f0e46f3699ee50d749947950fc39db27,T,5,2,16,31951,31950,32450,4,tongue,0,True,,32575,33075
S02:T:record05:trial018,S02,A02T.mat,5ddd5cb520b1692c3ba1363f48d98f58f0e46f3699ee50d749947950fc39db27,T,5,2,17,34017,34016,34516,4,tongue,0,True,,34641,35141
S02:T:record05:trial019,S02,A02T.mat,5ddd5cb520b1692c3ba1363f48d98f58f0e46f3699ee50d749947950fc39db27,T,5,2,18,36053,36052,36552,4,tongue,0,True,,36677,37177
S02:T:record05:trial020,S02,A02T.mat,5ddd5cb520b1692c3ba1363f48d98f58f0e46f3699ee50d749947950fc39db27,T,5,2,19,38119,38118,38618,3,feet,1,False,organizer_artifact_flag,38743,39243
S02:T:record05:trial021,S02,A02T.mat,5ddd5cb520b1692c3ba1363f48d98f58f0e46f3699ee50d749947950fc39db27,T,5,2,20,40189,40188,40688,1,left_hand,0,True,,40813,41313
S02:T:record05:trial022,S02,A02T.mat,5ddd5cb520b1692c3ba1363f48d98f58f0e46f3699ee50d749947950fc39db27,T,5,2,21,42269,42268,42768,4,tongue,0,True,,42893,43393
S02:T:record05:trial023,S02,A02T.mat,5ddd5cb520b1692c3ba1363f48d98f58f0e46f3699ee50d749947950fc39db27,T,5,2,22,44181,44180,44680,2,right_hand,0,True,,44805,45305
S02:T:record05:trial024,S02,A02T.mat,5ddd5cb520b1692c3ba1363f48d98f58f0e46f3699ee50d749947950fc39db27,T,5,2,23,46212,46211,46711,4,tongue,0,True,,46836,47336
S02:T:record05:trial025,S02,A02T.mat,5ddd5cb520b1692c3ba1363f48d98f58f0e46f3699ee50d749947950fc39db27,T,5,2,24,48165,48164,48664,2,right_hand,0,True,,48789,49289
S02:T:record05:trial026,S02,A02T.mat,5ddd5cb520b1692c3ba1363f48d98f58f0e46f3699ee50d749947950fc39db27,T,5,2,25,50126,50125,50625,1,left_hand,0,True,,50750,51250
S02:T:record05:trial027,S02,A02T.mat,5ddd5cb520b1692c3ba1363f48d98f58f0e46f3699ee50d749947950fc39db27,T,5,2,26,52230,52229,52729,3,feet,0,True,,52854,53354
S02:T:record05:trial028,S02,A02T.mat,5ddd5cb520b1692c3ba1363f48d98f58f0e46f3699ee50d749947950fc39db27,T,5,2,27,54234,54233,54733,2,right_hand,0,True,,54858,55358
S02:T:record05:trial029,S02,A02T.mat,5ddd5cb520b1692c3ba1363f48d98f58f0e46f3699ee50d749947950fc39db27,T,5,2,28,56209,56208,56708,1,left_hand,0,True,,56833,57333
S02:T:record05:trial030,S02,A02T.mat,5ddd5cb520b1692c3ba1363f48d98f58f0e46f3699ee50d749947950fc39db27,T,5,2,29,58235,58234,58734,3,feet,0,True,,58859,59359
S02:T:record05:trial031,S02,A02T.mat,5ddd5cb520b1692c3ba1363f48d98f58f0e46f3699ee50d749947950fc39db27,T,5,2,30,60306,60305,60805,3,feet,0,True,,60930,61430
S02:T:record05:trial032,S02,A02T.mat,5ddd5cb520b1692c3ba1363f48d98f58f0e46f3699ee50d749947950fc39db27,T,5,2,31,62413,62412,62912,1,left_hand,0,True,,63037,63537
S02:T:record05:trial033,S02,A02T.mat,5ddd5cb520b1692c3ba1363f48d98f58f0e46f3699ee50d749947950fc39db27,T,5,2,32,64505,64504,65004,3,feet,0,True,,65129,65629
S02:T:record05:trial034,S02,A02T.mat,5ddd5cb520b1692c3ba1363f48d98f58f0e46f3699ee50d749947950fc39db27,T,5,2,33,66596,66595,67095,4,tongue,0,True,,67220,67720
S02:T:record05:trial035,S02,A02T.mat,5ddd5cb520b1692c3ba1363f48d98f58f0e46f3699ee50d749947950fc39db27,T,5,2,34,68639,68638,69138,4,tongue,0,True,,69263,69763
S02:T:record05:trial036,S02,A02T.mat,5ddd5cb520b1692c3ba1363f48d98f58f0e46f3699ee50d749947950fc39db27,T,5,2,35,70703,70702,71202,2,right_hand,0,True,,71327,71827
S02:T:record05:trial037,S02,A02T.mat,5ddd5cb520b1692c3ba1363f48d98f58f0e46f3699ee50d749947950fc39db27,T,5,2,36,72723,72722,73222,1,left_hand,0,True,,73347,73847
S02:T:record05:trial038,S02,A02T.mat,5ddd5cb520b1692c3ba1363f48d98f58f0e46f3699ee50d749947950fc39db27,T,5,2,37,74695,74694,75194,2,right_hand,0,True,,75319,75819
S02:T:record05:trial039,S02,A02T.mat,5ddd5cb520b1692c3ba1363f48d98f58f0e46f3699ee50d749947950fc39db27,T,5,2,38,76658,76657,77157,4,tongue,0,True,,77282,77782
S02:T:record05:trial040,S02,A02T.mat,5ddd5cb520b1692c3ba1363f48d98f58f0e46f3699ee50d749947950fc39db27,T,5,2,39,78583,78582,79082,2,right_hand,0,True,,79207,79707
S02:T:record05:trial041,S02,A02T.mat,5ddd5cb520b1692c3ba1363f48d98f58f0e46f3699ee50d749947950fc39db27,T,5,2,40,80664,80663,81163,4,tongue,0,True,,81288,81788
S02:T:record05:trial042,S02,A02T.mat,5ddd5cb520b1692c3ba1363f48d98f58f0e46f3699ee50d749947950fc39db27,T,5,2,41,82642,82641,83141,3,feet,0,True,,83266,83766
S02:T:record05:trial043,S02,A02T.mat,5ddd5cb520b1692c3ba1363f48d98f58f0e46f3699ee50d749947950fc39db27,T,5,2,42,84632,84631,85131,2,right_hand,0,True,,85256,85756
S02:T:record05:trial044,S02,A02T.mat,5ddd5cb520b1692c3ba1363f48d98f58f0e46f3699ee50d749947950fc39db27,T,5,2,43,86751,86750,87250,2,right_hand,0,True,,87375,87875
S02:T:record05:trial045,S02,A02T.mat,5ddd5cb520b1692c3ba1363f48d98f58f0e46f3699ee50d749947950fc39db27,T,5,2,44,88657,88656,89156,2,right_hand,0,True,,89281,89781
S02:T:record05:trial046,S02,A02T.mat,5ddd5cb520b1692c3ba1363f48d98f58f0e46f3699ee50d749947950fc39db27,T,5,2,45,90585,90584,91084,3,feet,0,True,,91209,91709
S02:T:record05:trial047,S02,A02T.mat,5ddd5cb520b1692c3ba1363f48d98f58f0e46f3699ee50d749947950fc39db27,T,5,2,46,92699,92698,93198,4,tongue,0,True,,93323,93823
S02:T:record05:trial048,S02,A02T.mat,5ddd5cb520b1692c3ba1363f48d98f58f0e46f3699ee50d749947950fc39db27,T,5,2,47,94758,94757,95257,1,left_hand,0,True,,95382,95882
S02:T:record06:trial001,S02,A02T.mat,5ddd5cb520b1692c3ba1363f48d98f58f0e46f3699ee50d749947950fc39db27,T,6,3,0,251,250,750,2,right_hand,0,True,,875,1375
S02:T:record06:trial002,S02,A02T.mat,5ddd5cb520b1692c3ba1363f48d98f58f0e46f3699ee50d749947950fc39db27,T,6,3,1,2254,2253,2753,4,tongue,0,True,,2878,3378
S02:T:record06:trial003,S02,A02T.mat,5ddd5cb520b1692c3ba1363f48d98f58f0e46f3699ee50d749947950fc39db27,T,6,3,2,4172,4171,4671,1,left_hand,0,True,,4796,5296
S02:T:record06:trial004,S02,A02T.mat,5ddd5cb520b1692c3ba1363f48d98f58f0e46f3699ee50d749947950fc39db27,T,6,3,3,6124,6123,6623,3,feet,0,True,,6748,7248
S02:T:record06:trial005,S02,A02T.mat,5ddd5cb520b1692c3ba1363f48d98f58f0e46f3699ee50d749947950fc39db27,T,6,3,4,8132,8131,8631,3,feet,0,True,,8756,9256
S02:T:record06:trial006,S02,A02T.mat,5ddd5cb520b1692c3ba1363f48d98f58f0e46f3699ee50d749947950fc39db27,T,6,3,5,10243,10242,10742,4,tongue,0,True,,10867,11367
S02:T:record06:trial007,S02,A02T.mat,5ddd5cb520b1692c3ba1363f48d98f58f0e46f3699ee50d749947950fc39db27,T,6,3,6,12160,12159,12659,1,left_hand,0,True,,12784,13284
S02:T:record06:trial008,S02,A02T.mat,5ddd5cb520b1692c3ba1363f48d98f58f0e46f3699ee50d749947950fc39db27,T,6,3,7,14210,14209,14709,1,left_hand,0,True,,14834,15334
S02:T:record06:trial009,S02,A02T.mat,5ddd5cb520b1692c3ba1363f48d98f58f0e46f3699ee50d749947950fc39db27,T,6,3,8,16141,16140,16640,3,feet,0,True,,16765,17265
S02:T:record06:trial010,S02,A02T.mat,5ddd5cb520b1692c3ba1363f48d98f58f0e46f3699ee50d749947950fc39db27,T,6,3,9,18139,18138,18638,2,right_hand,0,True,,18763,19263
S02:T:record06:trial011,S02,A02T.mat,5ddd5cb520b1692c3ba1363f48d98f58f0e46f3699ee50d749947950fc39db27,T,6,3,10,20045,20044,20544,4,tongue,0,True,,20669,21169
S02:T:record06:trial012,S02,A02T.mat,5ddd5cb520b1692c3ba1363f48d98f58f0e46f3699ee50d749947950fc39db27,T,6,3,11,21940,21939,22439,4,tongue,0,True,,22564,23064
S02:T:record06:trial013,S02,A02T.mat,5ddd5cb520b1692c3ba1363f48d98f58f0e46f3699ee50d749947950fc39db27,T,6,3,12,23912,23911,24411,4,tongue,0,True,,24536,25036
S02:T:record06:trial014,S02,A02T.mat,5ddd5cb520b1692c3ba1363f48d98f58f0e46f3699ee50d749947950fc39db27,T,6,3,13,25856,25855,26355,2,right_hand,0,True,,26480,26980
S02:T:record06:trial015,S02,A02T.mat,5ddd5cb520b1692c3ba1363f48d98f58f0e46f3699ee50d749947950fc39db27,T,6,3,14,27823,27822,28322,1,left_hand,0,True,,28447,28947
S02:T:record06:trial016,S02,A02T.mat,5ddd5cb520b1692c3ba1363f48d98f58f0e46f3699ee50d749947950fc39db27,T,6,3,15,29943,29942,30442,3,feet,1,False,organizer_artifact_flag,30567,31067
S02:T:record06:trial017,S02,A02T.mat,5ddd5cb520b1692c3ba1363f48d98f58f0e46f3699ee50d749947950fc39db27,T,6,3,16,31951,31950,32450,2,right_hand,0,True,,32575,33075
S02:T:record06:trial018,S02,A02T.mat,5ddd5cb520b1692c3ba1363f48d98f58f0e46f3699ee50d749947950fc39db27,T,6,3,17,34017,34016,34516,4,tongue,0,True,,34641,35141
S02:T:record06:trial019,S02,A02T.mat,5ddd5cb520b1692c3ba1363f48d98f58f0e46f3699ee50d749947950fc39db27,T,6,3,18,36053,36052,36552,1,left_hand,0,True,,36677,37177
S02:T:record06:trial020,S02,A02T.mat,5ddd5cb520b1692c3ba1363f48d98f58f0e46f3699ee50d749947950fc39db27,T,6,3,19,38119,38118,38618,4,tongue,0,True,,38743,39243
S02:T:record06:trial021,S02,A02T.mat,5ddd5cb520b1692c3ba1363f48d98f58f0e46f3699ee50d749947950fc39db27,T,6,3,20,40189,40188,40688,3,feet,0,True,,40813,41313
S02:T:record06:trial022,S02,A02T.mat,5ddd5cb520b1692c3ba1363f48d98f58f0e46f3699ee50d749947950fc39db27,T,6,3,21,42269,42268,42768,2,right_hand,0,True,,42893,43393
S02:T:record06:trial023,S02,A02T.mat,5ddd5cb520b1692c3ba1363f48d98f58f0e46f3699ee50d749947950fc39db27,T,6,3,22,44181,44180,44680,4,tongue,0,True,,44805,45305
S02:T:record06:trial024,S02,A02T.mat,5ddd5cb520b1692c3ba1363f48d98f58f0e46f3699ee50d749947950fc39db27,T,6,3,23,46212,46211,46711,4,tongue,0,True,,46836,47336
S02:T:record06:trial025,S02,A02T.mat,5ddd5cb520b1692c3ba1363f48d98f58f0e46f3699ee50d749947950fc39db27,T,6,3,24,48165,48164,48664,1,left_hand,0,True,,48789,49289
S02:T:record06:trial026,S02,A02T.mat,5ddd5cb520b1692c3ba1363f48d98f58f0e46f3699ee50d749947950fc39db27,T,6,3,25,50126,50125,50625,2,right_hand,0,True,,50750,51250
S02:T:record06:trial027,S02,A02T.mat,5ddd5cb520b1692c3ba1363f48d98f58f0e46f3699ee50d749947950fc39db27,T,6,3,26,52230,52229,52729,2,right_hand,0,True,,52854,53354
S02:T:record06:trial028,S02,A02T.mat,5ddd5cb520b1692c3ba1363f48d98f58f0e46f3699ee50d749947950fc39db27,T,6,3,27,54234,54233,54733,3,feet,1,False,organizer_artifact_flag,54858,55358
S02:T:record06:trial029,S02,A02T.mat,5ddd5cb520b1692c3ba1363f48d98f58f0e46f3699ee50d749947950fc39db27,T,6,3,28,56209,56208,56708,4,tongue,0,True,,56833,57333
S02:T:record06:trial030,S02,A02T.mat,5ddd5cb520b1692c3ba1363f48d98f58f0e46f3699ee50d749947950fc39db27,T,6,3,29,58235,58234,58734,2,right_hand,0,True,,58859,59359
S02:T:record06:trial031,S02,A02T.mat,5ddd5cb520b1692c3ba1363f48d98f58f0e46f3699ee50d749947950fc39db27,T,6,3,30,60306,60305,60805,1,left_hand,0,True,,60930,61430
S02:T:record06:trial032,S02,A02T.mat,5ddd5cb520b1692c3ba1363f48d98f58f0e46f3699ee50d749947950fc39db27,T,6,3,31,62413,62412,62912,1,left_hand,0,True,,63037,63537
S02:T:record06:trial033,S02,A02T.mat,5ddd5cb520b1692c3ba1363f48d98f58f0e46f3699ee50d749947950fc39db27,T,6,3,32,64505,64504,65004,4,tongue,0,True,,65129,65629
S02:T:record06:trial034,S02,A02T.mat,5ddd5cb520b1692c3ba1363f48d98f58f0e46f3699ee50d749947950fc39db27,T,6,3,33,66596,66595,67095,2,right_hand,0,True,,67220,67720
S02:T:record06:trial035,S02,A02T.mat,5ddd5cb520b1692c3ba1363f48d98f58f0e46f3699ee50d749947950fc39db27,T,6,3,34,68639,68638,69138,1,left_hand,0,True,,69263,69763
S02:T:record06:trial036,S02,A02T.mat,5ddd5cb520b1692c3ba1363f48d98f58f0e46f3699ee50d749947950fc39db27,T,6,3,35,70703,70702,71202,3,feet,0,True,,71327,71827
S02:T:record06:trial037,S02,A02T.mat,5ddd5cb520b1692c3ba1363f48d98f58f0e46f3699ee50d749947950fc39db27,T,6,3,36,72723,72722,73222,2,right_hand,0,True,,73347,73847
S02:T:record06:trial038,S02,A02T.mat,5ddd5cb520b1692c3ba1363f48d98f58f0e46f3699ee50d749947950fc39db27,T,6,3,37,74695,74694,75194,2,right_hand,0,True,,75319,75819
S02:T:record06:trial039,S02,A02T.mat,5ddd5cb520b1692c3ba1363f48d98f58f0e46f3699ee50d749947950fc39db27,T,6,3,38,76658,76657,77157,3,feet,0,True,,77282,77782
S02:T:record06:trial040,S02,A02T.mat,5ddd5cb520b1692c3ba1363f48d98f58f0e46f3699ee50d749947950fc39db27,T,6,3,39,78583,78582,79082,1,left_hand,1,False,organizer_artifact_flag,79207,79707
S02:T:record06:trial041,S02,A02T.mat,5ddd5cb520b1692c3ba1363f48d98f58f0e46f3699ee50d749947950fc39db27,T,6,3,40,80664,80663,81163,4,tongue,0,True,,81288,81788
S02:T:record06:trial042,S02,A02T.mat,5ddd5cb520b1692c3ba1363f48d98f58f0e46f3699ee50d749947950fc39db27,T,6,3,41,82642,82641,83141,3,feet,0,True,,83266,83766
S02:T:record06:trial043,S02,A02T.mat,5ddd5cb520b1692c3ba1363f48d98f58f0e46f3699ee50d749947950fc39db27,T,6,3,42,84632,84631,85131,3,feet,0,True,,85256,85756
S02:T:record06:trial044,S02,A02T.mat,5ddd5cb520b1692c3ba1363f48d98f58f0e46f3699ee50d749947950fc39db27,T,6,3,43,86751,86750,87250,3,feet,0,True,,87375,87875
S02:T:record06:trial045,S02,A02T.mat,5ddd5cb520b1692c3ba1363f48d98f58f0e46f3699ee50d749947950fc39db27,T,6,3,44,88657,88656,89156,3,feet,0,True,,89281,89781
S02:T:record06:trial046,S02,A02T.mat,5ddd5cb520b1692c3ba1363f48d98f58f0e46f3699ee50d749947950fc39db27,T,6,3,45,90585,90584,91084,1,left_hand,0,True,,91209,91709
S02:T:record06:trial047,S02,A02T.mat,5ddd5cb520b1692c3ba1363f48d98f58f0e46f3699ee50d749947950fc39db27,T,6,3,46,92699,92698,93198,2,right_hand,0,True,,93323,93823
S02:T:record06:trial048,S02,A02T.mat,5ddd5cb520b1692c3ba1363f48d98f58f0e46f3699ee50d749947950fc39db27,T,6,3,47,94758,94757,95257,1,left_hand,0,True,,95382,95882
S02:T:record07:trial001,S02,A02T.mat,5ddd5cb520b1692c3ba1363f48d98f58f0e46f3699ee50d749947950fc39db27,T,7,4,0,251,250,750,2,right_hand,0,True,,875,1375
S02:T:record07:trial002,S02,A02T.mat,5ddd5cb520b1692c3ba1363f48d98f58f0e46f3699ee50d749947950fc39db27,T,7,4,1,2254,2253,2753,1,left_hand,0,True,,2878,3378
S02:T:record07:trial003,S02,A02T.mat,5ddd5cb520b1692c3ba1363f48d98f58f0e46f3699ee50d749947950fc39db27,T,7,4,2,4172,4171,4671,1,left_hand,0,True,,4796,5296
S02:T:record07:trial004,S02,A02T.mat,5ddd5cb520b1692c3ba1363f48d98f58f0e46f3699ee50d749947950fc39db27,T,7,4,3,6124,6123,6623,3,feet,0,True,,6748,7248
S02:T:record07:trial005,S02,A02T.mat,5ddd5cb520b1692c3ba1363f48d98f58f0e46f3699ee50d749947950fc39db27,T,7,4,4,8132,8131,8631,3,feet,0,True,,8756,9256
S02:T:record07:trial006,S02,A02T.mat,5ddd5cb520b1692c3ba1363f48d98f58f0e46f3699ee50d749947950fc39db27,T,7,4,5,10243,10242,10742,2,right_hand,0,True,,10867,11367
S02:T:record07:trial007,S02,A02T.mat,5ddd5cb520b1692c3ba1363f48d98f58f0e46f3699ee50d749947950fc39db27,T,7,4,6,12160,12159,12659,3,feet,0,True,,12784,13284
S02:T:record07:trial008,S02,A02T.mat,5ddd5cb520b1692c3ba1363f48d98f58f0e46f3699ee50d749947950fc39db27,T,7,4,7,14210,14209,14709,4,tongue,0,True,,14834,15334
S02:T:record07:trial009,S02,A02T.mat,5ddd5cb520b1692c3ba1363f48d98f58f0e46f3699ee50d749947950fc39db27,T,7,4,8,16141,16140,16640,1,left_hand,0,True,,16765,17265
S02:T:record07:trial010,S02,A02T.mat,5ddd5cb520b1692c3ba1363f48d98f58f0e46f3699ee50d749947950fc39db27,T,7,4,9,18139,18138,18638,4,tongue,0,True,,18763,19263
S02:T:record07:trial011,S02,A02T.mat,5ddd5cb520b1692c3ba1363f48d98f58f0e46f3699ee50d749947950fc39db27,T,7,4,10,20045,20044,20544,1,left_hand,0,True,,20669,21169
S02:T:record07:trial012,S02,A02T.mat,5ddd5cb520b1692c3ba1363f48d98f58f0e46f3699ee50d749947950fc39db27,T,7,4,11,21940,21939,22439,1,left_hand,0,True,,22564,23064
S02:T:record07:trial013,S02,A02T.mat,5ddd5cb520b1692c3ba1363f48d98f58f0e46f3699ee50d749947950fc39db27,T,7,4,12,23912,23911,24411,2,right_hand,0,True,,24536,25036
S02:T:record07:trial014,S02,A02T.mat,5ddd5cb520b1692c3ba1363f48d98f58f0e46f3699ee50d749947950fc39db27,T,7,4,13,25856,25855,26355,4,tongue,0,True,,26480,26980
S02:T:record07:trial015,S02,A02T.mat,5ddd5cb520b1692c3ba1363f48d98f58f0e46f3699ee50d749947950fc39db27,T,7,4,14,27823,27822,28322,3,feet,0,True,,28447,28947
S02:T:record07:trial016,S02,A02T.mat,5ddd5cb520b1692c3ba1363f48d98f58f0e46f3699ee50d749947950fc39db27,T,7,4,15,29943,29942,30442,2,right_hand,0,True,,30567,31067
S02:T:record07:trial017,S02,A02T.mat,5ddd5cb520b1692c3ba1363f48d98f58f0e46f3699ee50d749947950fc39db27,T,7,4,16,31951,31950,32450,4,tongue,0,True,,32575,33075
S02:T:record07:trial018,S02,A02T.mat,5ddd5cb520b1692c3ba1363f48d98f58f0e46f3699ee50d749947950fc39db27,T,7,4,17,34017,34016,34516,3,feet,0,True,,34641,35141
S02:T:record07:trial019,S02,A02T.mat,5ddd5cb520b1692c3ba1363f48d98f58f0e46f3699ee50d749947950fc39db27,T,7,4,18,36053,36052,36552,4,tongue,0,True,,36677,37177
S02:T:record07:trial020,S02,A02T.mat,5ddd5cb520b1692c3ba1363f48d98f58f0e46f3699ee50d749947950fc39db27,T,7,4,19,38119,38118,38618,3,feet,0,True,,38743,39243
S02:T:record07:trial021,S02,A02T.mat,5ddd5cb520b1692c3ba1363f48d98f58f0e46f3699ee50d749947950fc39db27,T,7,4,20,40189,40188,40688,4,tongue,0,True,,40813,41313
S02:T:record07:trial022,S02,A02T.mat,5ddd5cb520b1692c3ba1363f48d98f58f0e46f3699ee50d749947950fc39db27,T,7,4,21,42269,42268,42768,2,right_hand,0,True,,42893,43393
S02:T:record07:trial023,S02,A02T.mat,5ddd5cb520b1692c3ba1363f48d98f58f0e46f3699ee50d749947950fc39db27,T,7,4,22,44181,44180,44680,2,right_hand,0,True,,44805,45305
S02:T:record07:trial024,S02,A02T.mat,5ddd5cb520b1692c3ba1363f48d98f58f0e46f3699ee50d749947950fc39db27,T,7,4,23,46212,46211,46711,4,tongue,0,True,,46836,47336
S02:T:record07:trial025,S02,A02T.mat,5ddd5cb520b1692c3ba1363f48d98f58f0e46f3699ee50d749947950fc39db27,T,7,4,24,48165,48164,48664,1,left_hand,0,True,,48789,49289
S02:T:record07:trial026,S02,A02T.mat,5ddd5cb520b1692c3ba1363f48d98f58f0e46f3699ee50d749947950fc39db27,T,7,4,25,50126,50125,50625,2,right_hand,0,True,,50750,51250
S02:T:record07:trial027,S02,A02T.mat,5ddd5cb520b1692c3ba1363f48d98f58f0e46f3699ee50d749947950fc39db27,T,7,4,26,52230,52229,52729,2,right_hand,0,True,,52854,53354
S02:T:record07:trial028,S02,A02T.mat,5ddd5cb520b1692c3ba1363f48d98f58f0e46f3699ee50d749947950fc39db27,T,7,4,27,54234,54233,54733,2,right_hand,0,True,,54858,55358
S02:T:record07:trial029,S02,A02T.mat,5ddd5cb520b1692c3ba1363f48d98f58f0e46f3699ee50d749947950fc39db27,T,7,4,28,56209,56208,56708,3,feet,0,True,,56833,57333
S02:T:record07:trial030,S02,A02T.mat,5ddd5cb520b1692c3ba1363f48d98f58f0e46f3699ee50d749947950fc39db27,T,7,4,29,58235,58234,58734,4,tongue,0,True,,58859,59359
S02:T:record07:trial031,S02,A02T.mat,5ddd5cb520b1692c3ba1363f48d98f58f0e46f3699ee50d749947950fc39db27,T,7,4,30,60306,60305,60805,1,left_hand,0,True,,60930,61430
S02:T:record07:trial032,S02,A02T.mat,5ddd5cb520b1692c3ba1363f48d98f58f0e46f3699ee50d749947950fc39db27,T,7,4,31,62413,62412,62912,4,tongue,0,True,,63037,63537
S02:T:record07:trial033,S02,A02T.mat,5ddd5cb520b1692c3ba1363f48d98f58f0e46f3699ee50d749947950fc39db27,T,7,4,32,64505,64504,65004,1,left_hand,0,True,,65129,65629
S02:T:record07:trial034,S02,A02T.mat,5ddd5cb520b1692c3ba1363f48d98f58f0e46f3699ee50d749947950fc39db27,T,7,4,33,66596,66595,67095,3,feet,0,True,,67220,67720
S02:T:record07:trial035,S02,A02T.mat,5ddd5cb520b1692c3ba1363f48d98f58f0e46f3699ee50d749947950fc39db27,T,7,4,34,68639,68638,69138,1,left_hand,0,True,,69263,69763
S02:T:record07:trial036,S02,A02T.mat,5ddd5cb520b1692c3ba1363f48d98f58f0e46f3699ee50d749947950fc39db27,T,7,4,35,70703,70702,71202,4,tongue,0,True,,71327,71827
S02:T:record07:trial037,S02,A02T.mat,5ddd5cb520b1692c3ba1363f48d98f58f0e46f3699ee50d749947950fc39db27,T,7,4,36,72723,72722,73222,1,left_hand,1,False,organizer_artifact_flag,73347,73847
S02:T:record07:trial038,S02,A02T.mat,5ddd5cb520b1692c3ba1363f48d98f58f0e46f3699ee50d749947950fc39db27,T,7,4,37,74695,74694,75194,3,feet,0,True,,75319,75819
S02:T:record07:trial039,S02,A02T.mat,5ddd5cb520b1692c3ba1363f48d98f58f0e46f3699ee50d749947950fc39db27,T,7,4,38,76658,76657,77157,1,left_hand,0,True,,77282,77782
S02:T:record07:trial040,S02,A02T.mat,5ddd5cb520b1692c3ba1363f48d98f58f0e46f3699ee50d749947950fc39db27,T,7,4,39,78583,78582,79082,2,right_hand,0,True,,79207,79707
S02:T:record07:trial041,S02,A02T.mat,5ddd5cb520b1692c3ba1363f48d98f58f0e46f3699ee50d749947950fc39db27,T,7,4,40,80664,80663,81163,3,feet,0,True,,81288,81788
S02:T:record07:trial042,S02,A02T.mat,5ddd5cb520b1692c3ba1363f48d98f58f0e46f3699ee50d749947950fc39db27,T,7,4,41,82642,82641,83141,3,feet,0,True,,83266,83766
S02:T:record07:trial043,S02,A02T.mat,5ddd5cb520b1692c3ba1363f48d98f58f0e46f3699ee50d749947950fc39db27,T,7,4,42,84632,84631,85131,4,tongue,0,True,,85256,85756
S02:T:record07:trial044,S02,A02T.mat,5ddd5cb520b1692c3ba1363f48d98f58f0e46f3699ee50d749947950fc39db27,T,7,4,43,86751,86750,87250,1,left_hand,0,True,,87375,87875
S02:T:record07:trial045,S02,A02T.mat,5ddd5cb520b1692c3ba1363f48d98f58f0e46f3699ee50d749947950fc39db27,T,7,4,44,88657,88656,89156,2,right_hand,0,True,,89281,89781
S02:T:record07:trial046,S02,A02T.mat,5ddd5cb520b1692c3ba1363f48d98f58f0e46f3699ee50d749947950fc39db27,T,7,4,45,90585,90584,91084,4,tongue,0,True,,91209,91709
S02:T:record07:trial047,S02,A02T.mat,5ddd5cb520b1692c3ba1363f48d98f58f0e46f3699ee50d749947950fc39db27,T,7,4,46,92699,92698,93198,2,right_hand,1,False,organizer_artifact_flag,93323,93823
S02:T:record07:trial048,S02,A02T.mat,5ddd5cb520b1692c3ba1363f48d98f58f0e46f3699ee50d749947950fc39db27,T,7,4,47,94758,94757,95257,3,feet,0,True,,95382,95882
S02:T:record08:trial001,S02,A02T.mat,5ddd5cb520b1692c3ba1363f48d98f58f0e46f3699ee50d749947950fc39db27,T,8,5,0,251,250,750,3,feet,1,False,organizer_artifact_flag,875,1375
S02:T:record08:trial002,S02,A02T.mat,5ddd5cb520b1692c3ba1363f48d98f58f0e46f3699ee50d749947950fc39db27,T,8,5,1,2254,2253,2753,1,left_hand,1,False,organizer_artifact_flag,2878,3378
S02:T:record08:trial003,S02,A02T.mat,5ddd5cb520b1692c3ba1363f48d98f58f0e46f3699ee50d749947950fc39db27,T,8,5,2,4172,4171,4671,4,tongue,0,True,,4796,5296
S02:T:record08:trial004,S02,A02T.mat,5ddd5cb520b1692c3ba1363f48d98f58f0e46f3699ee50d749947950fc39db27,T,8,5,3,6124,6123,6623,2,right_hand,0,True,,6748,7248
S02:T:record08:trial005,S02,A02T.mat,5ddd5cb520b1692c3ba1363f48d98f58f0e46f3699ee50d749947950fc39db27,T,8,5,4,8132,8131,8631,4,tongue,1,False,organizer_artifact_flag,8756,9256
S02:T:record08:trial006,S02,A02T.mat,5ddd5cb520b1692c3ba1363f48d98f58f0e46f3699ee50d749947950fc39db27,T,8,5,5,10243,10242,10742,1,left_hand,0,True,,10867,11367
S02:T:record08:trial007,S02,A02T.mat,5ddd5cb520b1692c3ba1363f48d98f58f0e46f3699ee50d749947950fc39db27,T,8,5,6,12160,12159,12659,1,left_hand,0,True,,12784,13284
S02:T:record08:trial008,S02,A02T.mat,5ddd5cb520b1692c3ba1363f48d98f58f0e46f3699ee50d749947950fc39db27,T,8,5,7,14210,14209,14709,3,feet,0,True,,14834,15334
S02:T:record08:trial009,S02,A02T.mat,5ddd5cb520b1692c3ba1363f48d98f58f0e46f3699ee50d749947950fc39db27,T,8,5,8,16141,16140,16640,3,feet,0,True,,16765,17265
S02:T:record08:trial010,S02,A02T.mat,5ddd5cb520b1692c3ba1363f48d98f58f0e46f3699ee50d749947950fc39db27,T,8,5,9,18139,18138,18638,2,right_hand,0,True,,18763,19263
S02:T:record08:trial011,S02,A02T.mat,5ddd5cb520b1692c3ba1363f48d98f58f0e46f3699ee50d749947950fc39db27,T,8,5,10,20045,20044,20544,4,tongue,0,True,,20669,21169
S02:T:record08:trial012,S02,A02T.mat,5ddd5cb520b1692c3ba1363f48d98f58f0e46f3699ee50d749947950fc39db27,T,8,5,11,21940,21939,22439,2,right_hand,0,True,,22564,23064
S02:T:record08:trial013,S02,A02T.mat,5ddd5cb520b1692c3ba1363f48d98f58f0e46f3699ee50d749947950fc39db27,T,8,5,12,23912,23911,24411,2,right_hand,0,True,,24536,25036
S02:T:record08:trial014,S02,A02T.mat,5ddd5cb520b1692c3ba1363f48d98f58f0e46f3699ee50d749947950fc39db27,T,8,5,13,25856,25855,26355,1,left_hand,0,True,,26480,26980
S02:T:record08:trial015,S02,A02T.mat,5ddd5cb520b1692c3ba1363f48d98f58f0e46f3699ee50d749947950fc39db27,T,8,5,14,27823,27822,28322,2,right_hand,1,False,organizer_artifact_flag,28447,28947
S02:T:record08:trial016,S02,A02T.mat,5ddd5cb520b1692c3ba1363f48d98f58f0e46f3699ee50d749947950fc39db27,T,8,5,15,29943,29942,30442,4,tongue,0,True,,30567,31067
S02:T:record08:trial017,S02,A02T.mat,5ddd5cb520b1692c3ba1363f48d98f58f0e46f3699ee50d749947950fc39db27,T,8,5,16,31951,31950,32450,4,tongue,0,True,,32575,33075
S02:T:record08:trial018,S02,A02T.mat,5ddd5cb520b1692c3ba1363f48d98f58f0e46f3699ee50d749947950fc39db27,T,8,5,17,34017,34016,34516,2,right_hand,0,True,,34641,35141
S02:T:record08:trial019,S02,A02T.mat,5ddd5cb520b1692c3ba1363f48d98f58f0e46f3699ee50d749947950fc39db27,T,8,5,18,36053,36052,36552,2,right_hand,0,True,,36677,37177
S02:T:record08:trial020,S02,A02T.mat,5ddd5cb520b1692c3ba1363f48d98f58f0e46f3699ee50d749947950fc39db27,T,8,5,19,38119,38118,38618,2,right_hand,0,True,,38743,39243
S02:T:record08:trial021,S02,A02T.mat,5ddd5cb520b1692c3ba1363f48d98f58f0e46f3699ee50d749947950fc39db27,T,8,5,20,40189,40188,40688,2,right_hand,0,True,,40813,41313
S02:T:record08:trial022,S02,A02T.mat,5ddd5cb520b1692c3ba1363f48d98f58f0e46f3699ee50d749947950fc39db27,T,8,5,21,42269,42268,42768,4,tongue,0,True,,42893,43393
S02:T:record08:trial023,S02,A02T.mat,5ddd5cb520b1692c3ba1363f48d98f58f0e46f3699ee50d749947950fc39db27,T,8,5,22,44181,44180,44680,4,tongue,0,True,,44805,45305
S02:T:record08:trial024,S02,A02T.mat,5ddd5cb520b1692c3ba1363f48d98f58f0e46f3699ee50d749947950fc39db27,T,8,5,23,46212,46211,46711,3,feet,0,True,,46836,47336
S02:T:record08:trial025,S02,A02T.mat,5ddd5cb520b1692c3ba1363f48d98f58f0e46f3699ee50d749947950fc39db27,T,8,5,24,48165,48164,48664,4,tongue,0,True,,48789,49289
S02:T:record08:trial026,S02,A02T.mat,5ddd5cb520b1692c3ba1363f48d98f58f0e46f3699ee50d749947950fc39db27,T,8,5,25,50126,50125,50625,1,left_hand,0,True,,50750,51250
S02:T:record08:trial027,S02,A02T.mat,5ddd5cb520b1692c3ba1363f48d98f58f0e46f3699ee50d749947950fc39db27,T,8,5,26,52230,52229,52729,2,right_hand,0,True,,52854,53354
S02:T:record08:trial028,S02,A02T.mat,5ddd5cb520b1692c3ba1363f48d98f58f0e46f3699ee50d749947950fc39db27,T,8,5,27,54234,54233,54733,3,feet,0,True,,54858,55358
S02:T:record08:trial029,S02,A02T.mat,5ddd5cb520b1692c3ba1363f48d98f58f0e46f3699ee50d749947950fc39db27,T,8,5,28,56209,56208,56708,2,right_hand,1,False,organizer_artifact_flag,56833,57333
S02:T:record08:trial030,S02,A02T.mat,5ddd5cb520b1692c3ba1363f48d98f58f0e46f3699ee50d749947950fc39db27,T,8,5,29,58235,58234,58734,1,left_hand,0,True,,58859,59359
S02:T:record08:trial031,S02,A02T.mat,5ddd5cb520b1692c3ba1363f48d98f58f0e46f3699ee50d749947950fc39db27,T,8,5,30,60306,60305,60805,4,tongue,0,True,,60930,61430
S02:T:record08:trial032,S02,A02T.mat,5ddd5cb520b1692c3ba1363f48d98f58f0e46f3699ee50d749947950fc39db27,T,8,5,31,62413,62412,62912,1,left_hand,0,True,,63037,63537
S02:T:record08:trial033,S02,A02T.mat,5ddd5cb520b1692c3ba1363f48d98f58f0e46f3699ee50d749947950fc39db27,T,8,5,32,64505,64504,65004,4,tongue,0,True,,65129,65629
S02:T:record08:trial034,S02,A02T.mat,5ddd5cb520b1692c3ba1363f48d98f58f0e46f3699ee50d749947950fc39db27,T,8,5,33,66596,66595,67095,1,left_hand,0,True,,67220,67720
S02:T:record08:trial035,S02,A02T.mat,5ddd5cb520b1692c3ba1363f48d98f58f0e46f3699ee50d749947950fc39db27,T,8,5,34,68639,68638,69138,1,left_hand,1,False,organizer_artifact_flag,69263,69763
S02:T:record08:trial036,S02,A02T.mat,5ddd5cb520b1692c3ba1363f48d98f58f0e46f3699ee50d749947950fc39db27,T,8,5,35,70703,70702,71202,1,left_hand,0,True,,71327,71827
S02:T:record08:trial037,S02,A02T.mat,5ddd5cb520b1692c3ba1363f48d98f58f0e46f3699ee50d749947950fc39db27,T,8,5,36,72723,72722,73222,1,left_hand,0,True,,73347,73847
S02:T:record08:trial038,S02,A02T.mat,5ddd5cb520b1692c3ba1363f48d98f58f0e46f3699ee50d749947950fc39db27,T,8,5,37,74695,74694,75194,3,feet,0,True,,75319,75819
S02:T:record08:trial039,S02,A02T.mat,5ddd5cb520b1692c3ba1363f48d98f58f0e46f3699ee50d749947950fc39db27,T,8,5,38,76658,76657,77157,3,feet,1,False,organizer_artifact_flag,77282,77782
S02:T:record08:trial040,S02,A02T.mat,5ddd5cb520b1692c3ba1363f48d98f58f0e46f3699ee50d749947950fc39db27,T,8,5,39,78583,78582,79082,4,tongue,1,False,organizer_artifact_flag,79207,79707
S02:T:record08:trial041,S02,A02T.mat,5ddd5cb520b1692c3ba1363f48d98f58f0e46f3699ee50d749947950fc39db27,T,8,5,40,80664,80663,81163,2,right_hand,0,True,,81288,81788
S02:T:record08:trial042,S02,A02T.mat,5ddd5cb520b1692c3ba1363f48d98f58f0e46f3699ee50d749947950fc39db27,T,8,5,41,82642,82641,83141,3,feet,0,True,,83266,83766
S02:T:record08:trial043,S02,A02T.mat,5ddd5cb520b1692c3ba1363f48d98f58f0e46f3699ee50d749947950fc39db27,T,8,5,42,84632,84631,85131,3,feet,0,True,,85256,85756
S02:T:record08:trial044,S02,A02T.mat,5ddd5cb520b1692c3ba1363f48d98f58f0e46f3699ee50d749947950fc39db27,T,8,5,43,86751,86750,87250,3,feet,0,True,,87375,87875
S02:T:record08:trial045,S02,A02T.mat,5ddd5cb520b1692c3ba1363f48d98f58f0e46f3699ee50d749947950fc39db27,T,8,5,44,88657,88656,89156,4,tongue,0,True,,89281,89781
S02:T:record08:trial046,S02,A02T.mat,5ddd5cb520b1692c3ba1363f48d98f58f0e46f3699ee50d749947950fc39db27,T,8,5,45,90585,90584,91084,3,feet,0,True,,91209,91709
S02:T:record08:trial047,S02,A02T.mat,5ddd5cb520b1692c3ba1363f48d98f58f0e46f3699ee50d749947950fc39db27,T,8,5,46,92699,92698,93198,1,left_hand,0,True,,93323,93823
S02:T:record08:trial048,S02,A02T.mat,5ddd5cb520b1692c3ba1363f48d98f58f0e46f3699ee50d749947950fc39db27,T,8,5,47,94758,94757,95257,3,feet,0,True,,95382,95882
S02:E:record03:trial001,S02,A02E.mat,d63c454005d3a9b41d8440629482e855afc823339bdd0b5721842a7ee9cc7b12,E,3,0,0,251,250,750,1,left_hand,0,True,,875,1375
S02:E:record03:trial002,S02,A02E.mat,d63c454005d3a9b41d8440629482e855afc823339bdd0b5721842a7ee9cc7b12,E,3,0,1,2254,2253,2753,2,right_hand,0,True,,2878,3378
S02:E:record03:trial003,S02,A02E.mat,d63c454005d3a9b41d8440629482e855afc823339bdd0b5721842a7ee9cc7b12,E,3,0,2,4172,4171,4671,2,right_hand,0,True,,4796,5296
S02:E:record03:trial004,S02,A02E.mat,d63c454005d3a9b41d8440629482e855afc823339bdd0b5721842a7ee9cc7b12,E,3,0,3,6124,6123,6623,1,left_hand,0,True,,6748,7248
S02:E:record03:trial005,S02,A02E.mat,d63c454005d3a9b41d8440629482e855afc823339bdd0b5721842a7ee9cc7b12,E,3,0,4,8132,8131,8631,2,right_hand,0,True,,8756,9256
S02:E:record03:trial006,S02,A02E.mat,d63c454005d3a9b41d8440629482e855afc823339bdd0b5721842a7ee9cc7b12,E,3,0,5,10243,10242,10742,1,left_hand,0,True,,10867,11367
S02:E:record03:trial007,S02,A02E.mat,d63c454005d3a9b41d8440629482e855afc823339bdd0b5721842a7ee9cc7b12,E,3,0,6,12160,12159,12659,2,right_hand,0,True,,12784,13284
S02:E:record03:trial008,S02,A02E.mat,d63c454005d3a9b41d8440629482e855afc823339bdd0b5721842a7ee9cc7b12,E,3,0,7,14210,14209,14709,3,feet,0,True,,14834,15334
S02:E:record03:trial009,S02,A02E.mat,d63c454005d3a9b41d8440629482e855afc823339bdd0b5721842a7ee9cc7b12,E,3,0,8,16141,16140,16640,2,right_hand,0,True,,16765,17265
S02:E:record03:trial010,S02,A02E.mat,d63c454005d3a9b41d8440629482e855afc823339bdd0b5721842a7ee9cc7b12,E,3,0,9,18139,18138,18638,4,tongue,0,True,,18763,19263
S02:E:record03:trial011,S02,A02E.mat,d63c454005d3a9b41d8440629482e855afc823339bdd0b5721842a7ee9cc7b12,E,3,0,10,20045,20044,20544,1,left_hand,0,True,,20669,21169
S02:E:record03:trial012,S02,A02E.mat,d63c454005d3a9b41d8440629482e855afc823339bdd0b5721842a7ee9cc7b12,E,3,0,11,21940,21939,22439,3,feet,0,True,,22564,23064
S02:E:record03:trial013,S02,A02E.mat,d63c454005d3a9b41d8440629482e855afc823339bdd0b5721842a7ee9cc7b12,E,3,0,12,23912,23911,24411,2,right_hand,0,True,,24536,25036
S02:E:record03:trial014,S02,A02E.mat,d63c454005d3a9b41d8440629482e855afc823339bdd0b5721842a7ee9cc7b12,E,3,0,13,25856,25855,26355,1,left_hand,0,True,,26480,26980
S02:E:record03:trial015,S02,A02E.mat,d63c454005d3a9b41d8440629482e855afc823339bdd0b5721842a7ee9cc7b12,E,3,0,14,27823,27822,28322,4,tongue,0,True,,28447,28947
S02:E:record03:trial016,S02,A02E.mat,d63c454005d3a9b41d8440629482e855afc823339bdd0b5721842a7ee9cc7b12,E,3,0,15,29943,29942,30442,4,tongue,0,True,,30567,31067
S02:E:record03:trial017,S02,A02E.mat,d63c454005d3a9b41d8440629482e855afc823339bdd0b5721842a7ee9cc7b12,E,3,0,16,31951,31950,32450,4,tongue,0,True,,32575,33075
S02:E:record03:trial018,S02,A02E.mat,d63c454005d3a9b41d8440629482e855afc823339bdd0b5721842a7ee9cc7b12,E,3,0,17,34017,34016,34516,4,tongue,0,True,,34641,35141
S02:E:record03:trial019,S02,A02E.mat,d63c454005d3a9b41d8440629482e855afc823339bdd0b5721842a7ee9cc7b12,E,3,0,18,36053,36052,36552,4,tongue,0,True,,36677,37177
S02:E:record03:trial020,S02,A02E.mat,d63c454005d3a9b41d8440629482e855afc823339bdd0b5721842a7ee9cc7b12,E,3,0,19,38119,38118,38618,1,left_hand,0,True,,38743,39243
S02:E:record03:trial021,S02,A02E.mat,d63c454005d3a9b41d8440629482e855afc823339bdd0b5721842a7ee9cc7b12,E,3,0,20,40189,40188,40688,3,feet,0,True,,40813,41313
S02:E:record03:trial022,S02,A02E.mat,d63c454005d3a9b41d8440629482e855afc823339bdd0b5721842a7ee9cc7b12,E,3,0,21,42269,42268,42768,2,right_hand,0,True,,42893,43393
S02:E:record03:trial023,S02,A02E.mat,d63c454005d3a9b41d8440629482e855afc823339bdd0b5721842a7ee9cc7b12,E,3,0,22,44181,44180,44680,1,left_hand,0,True,,44805,45305
S02:E:record03:trial024,S02,A02E.mat,d63c454005d3a9b41d8440629482e855afc823339bdd0b5721842a7ee9cc7b12,E,3,0,23,46212,46211,46711,1,left_hand,0,True,,46836,47336
S02:E:record03:trial025,S02,A02E.mat,d63c454005d3a9b41d8440629482e855afc823339bdd0b5721842a7ee9cc7b12,E,3,0,24,48165,48164,48664,3,feet,0,True,,48789,49289
S02:E:record03:trial026,S02,A02E.mat,d63c454005d3a9b41d8440629482e855afc823339bdd0b5721842a7ee9cc7b12,E,3,0,25,50126,50125,50625,4,tongue,0,True,,50750,51250
S02:E:record03:trial027,S02,A02E.mat,d63c454005d3a9b41d8440629482e855afc823339bdd0b5721842a7ee9cc7b12,E,3,0,26,52230,52229,52729,1,left_hand,0,True,,52854,53354
S02:E:record03:trial028,S02,A02E.mat,d63c454005d3a9b41d8440629482e855afc823339bdd0b5721842a7ee9cc7b12,E,3,0,27,54234,54233,54733,3,feet,0,True,,54858,55358
S02:E:record03:trial029,S02,A02E.mat,d63c454005d3a9b41d8440629482e855afc823339bdd0b5721842a7ee9cc7b12,E,3,0,28,56209,56208,56708,3,feet,0,True,,56833,57333
S02:E:record03:trial030,S02,A02E.mat,d63c454005d3a9b41d8440629482e855afc823339bdd0b5721842a7ee9cc7b12,E,3,0,29,58235,58234,58734,3,feet,0,True,,58859,59359
S02:E:record03:trial031,S02,A02E.mat,d63c454005d3a9b41d8440629482e855afc823339bdd0b5721842a7ee9cc7b12,E,3,0,30,60306,60305,60805,1,left_hand,0,True,,60930,61430
S02:E:record03:trial032,S02,A02E.mat,d63c454005d3a9b41d8440629482e855afc823339bdd0b5721842a7ee9cc7b12,E,3,0,31,62413,62412,62912,2,right_hand,0,True,,63037,63537
S02:E:record03:trial033,S02,A02E.mat,d63c454005d3a9b41d8440629482e855afc823339bdd0b5721842a7ee9cc7b12,E,3,0,32,64505,64504,65004,1,left_hand,0,True,,65129,65629
S02:E:record03:trial034,S02,A02E.mat,d63c454005d3a9b41d8440629482e855afc823339bdd0b5721842a7ee9cc7b12,E,3,0,33,66596,66595,67095,2,right_hand,1,False,organizer_artifact_flag,67220,67720
S02:E:record03:trial035,S02,A02E.mat,d63c454005d3a9b41d8440629482e855afc823339bdd0b5721842a7ee9cc7b12,E,3,0,34,68639,68638,69138,2,right_hand,0,True,,69263,69763
S02:E:record03:trial036,S02,A02E.mat,d63c454005d3a9b41d8440629482e855afc823339bdd0b5721842a7ee9cc7b12,E,3,0,35,70703,70702,71202,1,left_hand,0,True,,71327,71827
S02:E:record03:trial037,S02,A02E.mat,d63c454005d3a9b41d8440629482e855afc823339bdd0b5721842a7ee9cc7b12,E,3,0,36,72723,72722,73222,2,right_hand,0,True,,73347,73847
S02:E:record03:trial038,S02,A02E.mat,d63c454005d3a9b41d8440629482e855afc823339bdd0b5721842a7ee9cc7b12,E,3,0,37,74695,74694,75194,3,feet,1,False,organizer_artifact_flag,75319,75819
S02:E:record03:trial039,S02,A02E.mat,d63c454005d3a9b41d8440629482e855afc823339bdd0b5721842a7ee9cc7b12,E,3,0,38,76658,76657,77157,2,right_hand,0,True,,77282,77782
S02:E:record03:trial040,S02,A02E.mat,d63c454005d3a9b41d8440629482e855afc823339bdd0b5721842a7ee9cc7b12,E,3,0,39,78583,78582,79082,3,feet,0,True,,79207,79707
S02:E:record03:trial041,S02,A02E.mat,d63c454005d3a9b41d8440629482e855afc823339bdd0b5721842a7ee9cc7b12,E,3,0,40,80664,80663,81163,3,feet,0,True,,81288,81788
S02:E:record03:trial042,S02,A02E.mat,d63c454005d3a9b41d8440629482e855afc823339bdd0b5721842a7ee9cc7b12,E,3,0,41,82642,82641,83141,4,tongue,0,True,,83266,83766
S02:E:record03:trial043,S02,A02E.mat,d63c454005d3a9b41d8440629482e855afc823339bdd0b5721842a7ee9cc7b12,E,3,0,42,84632,84631,85131,3,feet,0,True,,85256,85756
S02:E:record03:trial044,S02,A02E.mat,d63c454005d3a9b41d8440629482e855afc823339bdd0b5721842a7ee9cc7b12,E,3,0,43,86751,86750,87250,3,feet,0,True,,87375,87875
S02:E:record03:trial045,S02,A02E.mat,d63c454005d3a9b41d8440629482e855afc823339bdd0b5721842a7ee9cc7b12,E,3,0,44,88657,88656,89156,4,tongue,0,True,,89281,89781
S02:E:record03:trial046,S02,A02E.mat,d63c454005d3a9b41d8440629482e855afc823339bdd0b5721842a7ee9cc7b12,E,3,0,45,90585,90584,91084,4,tongue,0,True,,91209,91709
S02:E:record03:trial047,S02,A02E.mat,d63c454005d3a9b41d8440629482e855afc823339bdd0b5721842a7ee9cc7b12,E,3,0,46,92699,92698,93198,4,tongue,0,True,,93323,93823
S02:E:record03:trial048,S02,A02E.mat,d63c454005d3a9b41d8440629482e855afc823339bdd0b5721842a7ee9cc7b12,E,3,0,47,94758,94757,95257,4,tongue,0,True,,95382,95882
S02:E:record04:trial001,S02,A02E.mat,d63c454005d3a9b41d8440629482e855afc823339bdd0b5721842a7ee9cc7b12,E,4,1,0,251,250,750,4,tongue,0,True,,875,1375
S02:E:record04:trial002,S02,A02E.mat,d63c454005d3a9b41d8440629482e855afc823339bdd0b5721842a7ee9cc7b12,E,4,1,1,2254,2253,2753,3,feet,1,False,organizer_artifact_flag,2878,3378
S02:E:record04:trial003,S02,A02E.mat,d63c454005d3a9b41d8440629482e855afc823339bdd0b5721842a7ee9cc7b12,E,4,1,2,4172,4171,4671,2,right_hand,0,True,,4796,5296
S02:E:record04:trial004,S02,A02E.mat,d63c454005d3a9b41d8440629482e855afc823339bdd0b5721842a7ee9cc7b12,E,4,1,3,6124,6123,6623,1,left_hand,0,True,,6748,7248
S02:E:record04:trial005,S02,A02E.mat,d63c454005d3a9b41d8440629482e855afc823339bdd0b5721842a7ee9cc7b12,E,4,1,4,8132,8131,8631,1,left_hand,0,True,,8756,9256
S02:E:record04:trial006,S02,A02E.mat,d63c454005d3a9b41d8440629482e855afc823339bdd0b5721842a7ee9cc7b12,E,4,1,5,10243,10242,10742,2,right_hand,0,True,,10867,11367
S02:E:record04:trial007,S02,A02E.mat,d63c454005d3a9b41d8440629482e855afc823339bdd0b5721842a7ee9cc7b12,E,4,1,6,12160,12159,12659,3,feet,0,True,,12784,13284
S02:E:record04:trial008,S02,A02E.mat,d63c454005d3a9b41d8440629482e855afc823339bdd0b5721842a7ee9cc7b12,E,4,1,7,14210,14209,14709,4,tongue,0,True,,14834,15334
S02:E:record04:trial009,S02,A02E.mat,d63c454005d3a9b41d8440629482e855afc823339bdd0b5721842a7ee9cc7b12,E,4,1,8,16141,16140,16640,2,right_hand,0,True,,16765,17265
S02:E:record04:trial010,S02,A02E.mat,d63c454005d3a9b41d8440629482e855afc823339bdd0b5721842a7ee9cc7b12,E,4,1,9,18139,18138,18638,3,feet,0,True,,18763,19263
S02:E:record04:trial011,S02,A02E.mat,d63c454005d3a9b41d8440629482e855afc823339bdd0b5721842a7ee9cc7b12,E,4,1,10,20045,20044,20544,1,left_hand,0,True,,20669,21169
S02:E:record04:trial012,S02,A02E.mat,d63c454005d3a9b41d8440629482e855afc823339bdd0b5721842a7ee9cc7b12,E,4,1,11,21940,21939,22439,1,left_hand,0,True,,22564,23064
S02:E:record04:trial013,S02,A02E.mat,d63c454005d3a9b41d8440629482e855afc823339bdd0b5721842a7ee9cc7b12,E,4,1,12,23912,23911,24411,1,left_hand,0,True,,24536,25036
S02:E:record04:trial014,S02,A02E.mat,d63c454005d3a9b41d8440629482e855afc823339bdd0b5721842a7ee9cc7b12,E,4,1,13,25856,25855,26355,4,tongue,0,True,,26480,26980
S02:E:record04:trial015,S02,A02E.mat,d63c454005d3a9b41d8440629482e855afc823339bdd0b5721842a7ee9cc7b12,E,4,1,14,27823,27822,28322,2,right_hand,0,True,,28447,28947
S02:E:record04:trial016,S02,A02E.mat,d63c454005d3a9b41d8440629482e855afc823339bdd0b5721842a7ee9cc7b12,E,4,1,15,29943,29942,30442,2,right_hand,0,True,,30567,31067
S02:E:record04:trial017,S02,A02E.mat,d63c454005d3a9b41d8440629482e855afc823339bdd0b5721842a7ee9cc7b12,E,4,1,16,31951,31950,32450,1,left_hand,0,True,,32575,33075
S02:E:record04:trial018,S02,A02E.mat,d63c454005d3a9b41d8440629482e855afc823339bdd0b5721842a7ee9cc7b12,E,4,1,17,34017,34016,34516,1,left_hand,0,True,,34641,35141
S02:E:record04:trial019,S02,A02E.mat,d63c454005d3a9b41d8440629482e855afc823339bdd0b5721842a7ee9cc7b12,E,4,1,18,36053,36052,36552,3,feet,0,True,,36677,37177
S02:E:record04:trial020,S02,A02E.mat,d63c454005d3a9b41d8440629482e855afc823339bdd0b5721842a7ee9cc7b12,E,4,1,19,38119,38118,38618,1,left_hand,0,True,,38743,39243
S02:E:record04:trial021,S02,A02E.mat,d63c454005d3a9b41d8440629482e855afc823339bdd0b5721842a7ee9cc7b12,E,4,1,20,40189,40188,40688,2,right_hand,0,True,,40813,41313
S02:E:record04:trial022,S02,A02E.mat,d63c454005d3a9b41d8440629482e855afc823339bdd0b5721842a7ee9cc7b12,E,4,1,21,42269,42268,42768,4,tongue,0,True,,42893,43393
S02:E:record04:trial023,S02,A02E.mat,d63c454005d3a9b41d8440629482e855afc823339bdd0b5721842a7ee9cc7b12,E,4,1,22,44181,44180,44680,4,tongue,0,True,,44805,45305
S02:E:record04:trial024,S02,A02E.mat,d63c454005d3a9b41d8440629482e855afc823339bdd0b5721842a7ee9cc7b12,E,4,1,23,46212,46211,46711,3,feet,0,True,,46836,47336
S02:E:record04:trial025,S02,A02E.mat,d63c454005d3a9b41d8440629482e855afc823339bdd0b5721842a7ee9cc7b12,E,4,1,24,48165,48164,48664,1,left_hand,0,True,,48789,49289
S02:E:record04:trial026,S02,A02E.mat,d63c454005d3a9b41d8440629482e855afc823339bdd0b5721842a7ee9cc7b12,E,4,1,25,50126,50125,50625,4,tongue,0,True,,50750,51250
S02:E:record04:trial027,S02,A02E.mat,d63c454005d3a9b41d8440629482e855afc823339bdd0b5721842a7ee9cc7b12,E,4,1,26,52230,52229,52729,4,tongue,0,True,,52854,53354
S02:E:record04:trial028,S02,A02E.mat,d63c454005d3a9b41d8440629482e855afc823339bdd0b5721842a7ee9cc7b12,E,4,1,27,54234,54233,54733,2,right_hand,0,True,,54858,55358
S02:E:record04:trial029,S02,A02E.mat,d63c454005d3a9b41d8440629482e855afc823339bdd0b5721842a7ee9cc7b12,E,4,1,28,56209,56208,56708,4,tongue,0,True,,56833,57333
S02:E:record04:trial030,S02,A02E.mat,d63c454005d3a9b41d8440629482e855afc823339bdd0b5721842a7ee9cc7b12,E,4,1,29,58235,58234,58734,4,tongue,0,True,,58859,59359
S02:E:record04:trial031,S02,A02E.mat,d63c454005d3a9b41d8440629482e855afc823339bdd0b5721842a7ee9cc7b12,E,4,1,30,60306,60305,60805,2,right_hand,0,True,,60930,61430
S02:E:record04:trial032,S02,A02E.mat,d63c454005d3a9b41d8440629482e855afc823339bdd0b5721842a7ee9cc7b12,E,4,1,31,62413,62412,62912,1,left_hand,0,True,,63037,63537
S02:E:record04:trial033,S02,A02E.mat,d63c454005d3a9b41d8440629482e855afc823339bdd0b5721842a7ee9cc7b12,E,4,1,32,64505,64504,65004,2,right_hand,0,True,,65129,65629
S02:E:record04:trial034,S02,A02E.mat,d63c454005d3a9b41d8440629482e855afc823339bdd0b5721842a7ee9cc7b12,E,4,1,33,66596,66595,67095,3,feet,0,True,,67220,67720
S02:E:record04:trial035,S02,A02E.mat,d63c454005d3a9b41d8440629482e855afc823339bdd0b5721842a7ee9cc7b12,E,4,1,34,68639,68638,69138,3,feet,0,True,,69263,69763
S02:E:record04:trial036,S02,A02E.mat,d63c454005d3a9b41d8440629482e855afc823339bdd0b5721842a7ee9cc7b12,E,4,1,35,70703,70702,71202,3,feet,0,True,,71327,71827
S02:E:record04:trial037,S02,A02E.mat,d63c454005d3a9b41d8440629482e855afc823339bdd0b5721842a7ee9cc7b12,E,4,1,36,72723,72722,73222,4,tongue,0,True,,73347,73847
S02:E:record04:trial038,S02,A02E.mat,d63c454005d3a9b41d8440629482e855afc823339bdd0b5721842a7ee9cc7b12,E,4,1,37,74695,74694,75194,3,feet,0,True,,75319,75819
S02:E:record04:trial039,S02,A02E.mat,d63c454005d3a9b41d8440629482e855afc823339bdd0b5721842a7ee9cc7b12,E,4,1,38,76658,76657,77157,1,left_hand,0,True,,77282,77782
S02:E:record04:trial040,S02,A02E.mat,d63c454005d3a9b41d8440629482e855afc823339bdd0b5721842a7ee9cc7b12,E,4,1,39,78583,78582,79082,4,tongue,0,True,,79207,79707
S02:E:record04:trial041,S02,A02E.mat,d63c454005d3a9b41d8440629482e855afc823339bdd0b5721842a7ee9cc7b12,E,4,1,40,80664,80663,81163,2,right_hand,0,True,,81288,81788
S02:E:record04:trial042,S02,A02E.mat,d63c454005d3a9b41d8440629482e855afc823339bdd0b5721842a7ee9cc7b12,E,4,1,41,82642,82641,83141,3,feet,0,True,,83266,83766
S02:E:record04:trial043,S02,A02E.mat,d63c454005d3a9b41d8440629482e855afc823339bdd0b5721842a7ee9cc7b12,E,4,1,42,84632,84631,85131,2,right_hand,0,True,,85256,85756
S02:E:record04:trial044,S02,A02E.mat,d63c454005d3a9b41d8440629482e855afc823339bdd0b5721842a7ee9cc7b12,E,4,1,43,86751,86750,87250,3,feet,0,True,,87375,87875
S02:E:record04:trial045,S02,A02E.mat,d63c454005d3a9b41d8440629482e855afc823339bdd0b5721842a7ee9cc7b12,E,4,1,44,88657,88656,89156,4,tongue,0,True,,89281,89781
S02:E:record04:trial046,S02,A02E.mat,d63c454005d3a9b41d8440629482e855afc823339bdd0b5721842a7ee9cc7b12,E,4,1,45,90585,90584,91084,2,right_hand,0,True,,91209,91709
S02:E:record04:trial047,S02,A02E.mat,d63c454005d3a9b41d8440629482e855afc823339bdd0b5721842a7ee9cc7b12,E,4,1,46,92699,92698,93198,3,feet,0,True,,93323,93823
S02:E:record04:trial048,S02,A02E.mat,d63c454005d3a9b41d8440629482e855afc823339bdd0b5721842a7ee9cc7b12,E,4,1,47,94758,94757,95257,1,left_hand,0,True,,95382,95882
S02:E:record05:trial001,S02,A02E.mat,d63c454005d3a9b41d8440629482e855afc823339bdd0b5721842a7ee9cc7b12,E,5,2,0,251,250,750,1,left_hand,1,False,organizer_artifact_flag,875,1375
S02:E:record05:trial002,S02,A02E.mat,d63c454005d3a9b41d8440629482e855afc823339bdd0b5721842a7ee9cc7b12,E,5,2,1,2254,2253,2753,1,left_hand,0,True,,2878,3378
S02:E:record05:trial003,S02,A02E.mat,d63c454005d3a9b41d8440629482e855afc823339bdd0b5721842a7ee9cc7b12,E,5,2,2,4172,4171,4671,4,tongue,0,True,,4796,5296
S02:E:record05:trial004,S02,A02E.mat,d63c454005d3a9b41d8440629482e855afc823339bdd0b5721842a7ee9cc7b12,E,5,2,3,6124,6123,6623,2,right_hand,0,True,,6748,7248
S02:E:record05:trial005,S02,A02E.mat,d63c454005d3a9b41d8440629482e855afc823339bdd0b5721842a7ee9cc7b12,E,5,2,4,8132,8131,8631,1,left_hand,0,True,,8756,9256
S02:E:record05:trial006,S02,A02E.mat,d63c454005d3a9b41d8440629482e855afc823339bdd0b5721842a7ee9cc7b12,E,5,2,5,10243,10242,10742,3,feet,0,True,,10867,11367
S02:E:record05:trial007,S02,A02E.mat,d63c454005d3a9b41d8440629482e855afc823339bdd0b5721842a7ee9cc7b12,E,5,2,6,12160,12159,12659,1,left_hand,0,True,,12784,13284
S02:E:record05:trial008,S02,A02E.mat,d63c454005d3a9b41d8440629482e855afc823339bdd0b5721842a7ee9cc7b12,E,5,2,7,14210,14209,14709,3,feet,0,True,,14834,15334
S02:E:record05:trial009,S02,A02E.mat,d63c454005d3a9b41d8440629482e855afc823339bdd0b5721842a7ee9cc7b12,E,5,2,8,16141,16140,16640,2,right_hand,0,True,,16765,17265
S02:E:record05:trial010,S02,A02E.mat,d63c454005d3a9b41d8440629482e855afc823339bdd0b5721842a7ee9cc7b12,E,5,2,9,18139,18138,18638,4,tongue,0,True,,18763,19263
S02:E:record05:trial011,S02,A02E.mat,d63c454005d3a9b41d8440629482e855afc823339bdd0b5721842a7ee9cc7b12,E,5,2,10,20045,20044,20544,1,left_hand,0,True,,20669,21169
S02:E:record05:trial012,S02,A02E.mat,d63c454005d3a9b41d8440629482e855afc823339bdd0b5721842a7ee9cc7b12,E,5,2,11,21940,21939,22439,3,feet,0,True,,22564,23064
S02:E:record05:trial013,S02,A02E.mat,d63c454005d3a9b41d8440629482e855afc823339bdd0b5721842a7ee9cc7b12,E,5,2,12,23912,23911,24411,3,feet,0,True,,24536,25036
S02:E:record05:trial014,S02,A02E.mat,d63c454005d3a9b41d8440629482e855afc823339bdd0b5721842a7ee9cc7b12,E,5,2,13,25856,25855,26355,1,left_hand,0,True,,26480,26980
S02:E:record05:trial015,S02,A02E.mat,d63c454005d3a9b41d8440629482e855afc823339bdd0b5721842a7ee9cc7b12,E,5,2,14,27823,27822,28322,3,feet,0,True,,28447,28947
S02:E:record05:trial016,S02,A02E.mat,d63c454005d3a9b41d8440629482e855afc823339bdd0b5721842a7ee9cc7b12,E,5,2,15,29943,29942,30442,2,right_hand,0,True,,30567,31067
S02:E:record05:trial017,S02,A02E.mat,d63c454005d3a9b41d8440629482e855afc823339bdd0b5721842a7ee9cc7b12,E,5,2,16,31951,31950,32450,4,tongue,0,True,,32575,33075
S02:E:record05:trial018,S02,A02E.mat,d63c454005d3a9b41d8440629482e855afc823339bdd0b5721842a7ee9cc7b12,E,5,2,17,34017,34016,34516,4,tongue,0,True,,34641,35141
S02:E:record05:trial019,S02,A02E.mat,d63c454005d3a9b41d8440629482e855afc823339bdd0b5721842a7ee9cc7b12,E,5,2,18,36053,36052,36552,4,tongue,0,True,,36677,37177
S02:E:record05:trial020,S02,A02E.mat,d63c454005d3a9b41d8440629482e855afc823339bdd0b5721842a7ee9cc7b12,E,5,2,19,38119,38118,38618,3,feet,0,True,,38743,39243
S02:E:record05:trial021,S02,A02E.mat,d63c454005d3a9b41d8440629482e855afc823339bdd0b5721842a7ee9cc7b12,E,5,2,20,40189,40188,40688,1,left_hand,0,True,,40813,41313
S02:E:record05:trial022,S02,A02E.mat,d63c454005d3a9b41d8440629482e855afc823339bdd0b5721842a7ee9cc7b12,E,5,2,21,42269,42268,42768,4,tongue,0,True,,42893,43393
S02:E:record05:trial023,S02,A02E.mat,d63c454005d3a9b41d8440629482e855afc823339bdd0b5721842a7ee9cc7b12,E,5,2,22,44181,44180,44680,2,right_hand,0,True,,44805,45305
S02:E:record05:trial024,S02,A02E.mat,d63c454005d3a9b41d8440629482e855afc823339bdd0b5721842a7ee9cc7b12,E,5,2,23,46212,46211,46711,4,tongue,0,True,,46836,47336
S02:E:record05:trial025,S02,A02E.mat,d63c454005d3a9b41d8440629482e855afc823339bdd0b5721842a7ee9cc7b12,E,5,2,24,48165,48164,48664,2,right_hand,0,True,,48789,49289
S02:E:record05:trial026,S02,A02E.mat,d63c454005d3a9b41d8440629482e855afc823339bdd0b5721842a7ee9cc7b12,E,5,2,25,50126,50125,50625,1,left_hand,0,True,,50750,51250
S02:E:record05:trial027,S02,A02E.mat,d63c454005d3a9b41d8440629482e855afc823339bdd0b5721842a7ee9cc7b12,E,5,2,26,52230,52229,52729,3,feet,0,True,,52854,53354
S02:E:record05:trial028,S02,A02E.mat,d63c454005d3a9b41d8440629482e855afc823339bdd0b5721842a7ee9cc7b12,E,5,2,27,54234,54233,54733,2,right_hand,0,True,,54858,55358
S02:E:record05:trial029,S02,A02E.mat,d63c454005d3a9b41d8440629482e855afc823339bdd0b5721842a7ee9cc7b12,E,5,2,28,56209,56208,56708,1,left_hand,0,True,,56833,57333
S02:E:record05:trial030,S02,A02E.mat,d63c454005d3a9b41d8440629482e855afc823339bdd0b5721842a7ee9cc7b12,E,5,2,29,58235,58234,58734,3,feet,0,True,,58859,59359
S02:E:record05:trial031,S02,A02E.mat,d63c454005d3a9b41d8440629482e855afc823339bdd0b5721842a7ee9cc7b12,E,5,2,30,60306,60305,60805,3,feet,0,True,,60930,61430
S02:E:record05:trial032,S02,A02E.mat,d63c454005d3a9b41d8440629482e855afc823339bdd0b5721842a7ee9cc7b12,E,5,2,31,62413,62412,62912,1,left_hand,0,True,,63037,63537
S02:E:record05:trial033,S02,A02E.mat,d63c454005d3a9b41d8440629482e855afc823339bdd0b5721842a7ee9cc7b12,E,5,2,32,64505,64504,65004,3,feet,0,True,,65129,65629
S02:E:record05:trial034,S02,A02E.mat,d63c454005d3a9b41d8440629482e855afc823339bdd0b5721842a7ee9cc7b12,E,5,2,33,66596,66595,67095,4,tongue,0,True,,67220,67720
S02:E:record05:trial035,S02,A02E.mat,d63c454005d3a9b41d8440629482e855afc823339bdd0b5721842a7ee9cc7b12,E,5,2,34,68639,68638,69138,4,tongue,0,True,,69263,69763
S02:E:record05:trial036,S02,A02E.mat,d63c454005d3a9b41d8440629482e855afc823339bdd0b5721842a7ee9cc7b12,E,5,2,35,70703,70702,71202,2,right_hand,0,True,,71327,71827
S02:E:record05:trial037,S02,A02E.mat,d63c454005d3a9b41d8440629482e855afc823339bdd0b5721842a7ee9cc7b12,E,5,2,36,72723,72722,73222,1,left_hand,0,True,,73347,73847
S02:E:record05:trial038,S02,A02E.mat,d63c454005d3a9b41d8440629482e855afc823339bdd0b5721842a7ee9cc7b12,E,5,2,37,74695,74694,75194,2,right_hand,0,True,,75319,75819
S02:E:record05:trial039,S02,A02E.mat,d63c454005d3a9b41d8440629482e855afc823339bdd0b5721842a7ee9cc7b12,E,5,2,38,76658,76657,77157,4,tongue,0,True,,77282,77782
S02:E:record05:trial040,S02,A02E.mat,d63c454005d3a9b41d8440629482e855afc823339bdd0b5721842a7ee9cc7b12,E,5,2,39,78583,78582,79082,2,right_hand,0,True,,79207,79707
S02:E:record05:trial041,S02,A02E.mat,d63c454005d3a9b41d8440629482e855afc823339bdd0b5721842a7ee9cc7b12,E,5,2,40,80664,80663,81163,4,tongue,0,True,,81288,81788
S02:E:record05:trial042,S02,A02E.mat,d63c454005d3a9b41d8440629482e855afc823339bdd0b5721842a7ee9cc7b12,E,5,2,41,82642,82641,83141,3,feet,0,True,,83266,83766
S02:E:record05:trial043,S02,A02E.mat,d63c454005d3a9b41d8440629482e855afc823339bdd0b5721842a7ee9cc7b12,E,5,2,42,84632,84631,85131,2,right_hand,0,True,,85256,85756
S02:E:record05:trial044,S02,A02E.mat,d63c454005d3a9b41d8440629482e855afc823339bdd0b5721842a7ee9cc7b12,E,5,2,43,86751,86750,87250,2,right_hand,0,True,,87375,87875
S02:E:record05:trial045,S02,A02E.mat,d63c454005d3a9b41d8440629482e855afc823339bdd0b5721842a7ee9cc7b12,E,5,2,44,88657,88656,89156,2,right_hand,0,True,,89281,89781
S02:E:record05:trial046,S02,A02E.mat,d63c454005d3a9b41d8440629482e855afc823339bdd0b5721842a7ee9cc7b12,E,5,2,45,90585,90584,91084,3,feet,0,True,,91209,91709
S02:E:record05:trial047,S02,A02E.mat,d63c454005d3a9b41d8440629482e855afc823339bdd0b5721842a7ee9cc7b12,E,5,2,46,92699,92698,93198,4,tongue,0,True,,93323,93823
S02:E:record05:trial048,S02,A02E.mat,d63c454005d3a9b41d8440629482e855afc823339bdd0b5721842a7ee9cc7b12,E,5,2,47,94758,94757,95257,1,left_hand,0,True,,95382,95882
S02:E:record06:trial001,S02,A02E.mat,d63c454005d3a9b41d8440629482e855afc823339bdd0b5721842a7ee9cc7b12,E,6,3,0,251,250,750,2,right_hand,0,True,,875,1375
S02:E:record06:trial002,S02,A02E.mat,d63c454005d3a9b41d8440629482e855afc823339bdd0b5721842a7ee9cc7b12,E,6,3,1,2254,2253,2753,4,tongue,0,True,,2878,3378
S02:E:record06:trial003,S02,A02E.mat,d63c454005d3a9b41d8440629482e855afc823339bdd0b5721842a7ee9cc7b12,E,6,3,2,4172,4171,4671,1,left_hand,0,True,,4796,5296
S02:E:record06:trial004,S02,A02E.mat,d63c454005d3a9b41d8440629482e855afc823339bdd0b5721842a7ee9cc7b12,E,6,3,3,6124,6123,6623,3,feet,0,True,,6748,7248
S02:E:record06:trial005,S02,A02E.mat,d63c454005d3a9b41d8440629482e855afc823339bdd0b5721842a7ee9cc7b12,E,6,3,4,8132,8131,8631,3,feet,0,True,,8756,9256
S02:E:record06:trial006,S02,A02E.mat,d63c454005d3a9b41d8440629482e855afc823339bdd0b5721842a7ee9cc7b12,E,6,3,5,10243,10242,10742,4,tongue,0,True,,10867,11367
S02:E:record06:trial007,S02,A02E.mat,d63c454005d3a9b41d8440629482e855afc823339bdd0b5721842a7ee9cc7b12,E,6,3,6,12160,12159,12659,1,left_hand,0,True,,12784,13284
S02:E:record06:trial008,S02,A02E.mat,d63c454005d3a9b41d8440629482e855afc823339bdd0b5721842a7ee9cc7b12,E,6,3,7,14210,14209,14709,1,left_hand,0,True,,14834,15334
S02:E:record06:trial009,S02,A02E.mat,d63c454005d3a9b41d8440629482e855afc823339bdd0b5721842a7ee9cc7b12,E,6,3,8,16141,16140,16640,3,feet,0,True,,16765,17265
S02:E:record06:trial010,S02,A02E.mat,d63c454005d3a9b41d8440629482e855afc823339bdd0b5721842a7ee9cc7b12,E,6,3,9,18139,18138,18638,2,right_hand,0,True,,18763,19263
S02:E:record06:trial011,S02,A02E.mat,d63c454005d3a9b41d8440629482e855afc823339bdd0b5721842a7ee9cc7b12,E,6,3,10,20045,20044,20544,4,tongue,0,True,,20669,21169
S02:E:record06:trial012,S02,A02E.mat,d63c454005d3a9b41d8440629482e855afc823339bdd0b5721842a7ee9cc7b12,E,6,3,11,21940,21939,22439,4,tongue,0,True,,22564,23064
S02:E:record06:trial013,S02,A02E.mat,d63c454005d3a9b41d8440629482e855afc823339bdd0b5721842a7ee9cc7b12,E,6,3,12,23912,23911,24411,4,tongue,0,True,,24536,25036
S02:E:record06:trial014,S02,A02E.mat,d63c454005d3a9b41d8440629482e855afc823339bdd0b5721842a7ee9cc7b12,E,6,3,13,25856,25855,26355,2,right_hand,0,True,,26480,26980
S02:E:record06:trial015,S02,A02E.mat,d63c454005d3a9b41d8440629482e855afc823339bdd0b5721842a7ee9cc7b12,E,6,3,14,27823,27822,28322,1,left_hand,0,True,,28447,28947
S02:E:record06:trial016,S02,A02E.mat,d63c454005d3a9b41d8440629482e855afc823339bdd0b5721842a7ee9cc7b12,E,6,3,15,29943,29942,30442,3,feet,0,True,,30567,31067
S02:E:record06:trial017,S02,A02E.mat,d63c454005d3a9b41d8440629482e855afc823339bdd0b5721842a7ee9cc7b12,E,6,3,16,31951,31950,32450,2,right_hand,0,True,,32575,33075
S02:E:record06:trial018,S02,A02E.mat,d63c454005d3a9b41d8440629482e855afc823339bdd0b5721842a7ee9cc7b12,E,6,3,17,34017,34016,34516,4,tongue,0,True,,34641,35141
S02:E:record06:trial019,S02,A02E.mat,d63c454005d3a9b41d8440629482e855afc823339bdd0b5721842a7ee9cc7b12,E,6,3,18,36053,36052,36552,1,left_hand,0,True,,36677,37177
S02:E:record06:trial020,S02,A02E.mat,d63c454005d3a9b41d8440629482e855afc823339bdd0b5721842a7ee9cc7b12,E,6,3,19,38119,38118,38618,4,tongue,0,True,,38743,39243
S02:E:record06:trial021,S02,A02E.mat,d63c454005d3a9b41d8440629482e855afc823339bdd0b5721842a7ee9cc7b12,E,6,3,20,40189,40188,40688,3,feet,0,True,,40813,41313
S02:E:record06:trial022,S02,A02E.mat,d63c454005d3a9b41d8440629482e855afc823339bdd0b5721842a7ee9cc7b12,E,6,3,21,42269,42268,42768,2,right_hand,0,True,,42893,43393
S02:E:record06:trial023,S02,A02E.mat,d63c454005d3a9b41d8440629482e855afc823339bdd0b5721842a7ee9cc7b12,E,6,3,22,44181,44180,44680,4,tongue,0,True,,44805,45305
S02:E:record06:trial024,S02,A02E.mat,d63c454005d3a9b41d8440629482e855afc823339bdd0b5721842a7ee9cc7b12,E,6,3,23,46212,46211,46711,4,tongue,0,True,,46836,47336
S02:E:record06:trial025,S02,A02E.mat,d63c454005d3a9b41d8440629482e855afc823339bdd0b5721842a7ee9cc7b12,E,6,3,24,48165,48164,48664,1,left_hand,0,True,,48789,49289
S02:E:record06:trial026,S02,A02E.mat,d63c454005d3a9b41d8440629482e855afc823339bdd0b5721842a7ee9cc7b12,E,6,3,25,50126,50125,50625,2,right_hand,0,True,,50750,51250
S02:E:record06:trial027,S02,A02E.mat,d63c454005d3a9b41d8440629482e855afc823339bdd0b5721842a7ee9cc7b12,E,6,3,26,52230,52229,52729,2,right_hand,0,True,,52854,53354
S02:E:record06:trial028,S02,A02E.mat,d63c454005d3a9b41d8440629482e855afc823339bdd0b5721842a7ee9cc7b12,E,6,3,27,54234,54233,54733,3,feet,0,True,,54858,55358
S02:E:record06:trial029,S02,A02E.mat,d63c454005d3a9b41d8440629482e855afc823339bdd0b5721842a7ee9cc7b12,E,6,3,28,56209,56208,56708,4,tongue,0,True,,56833,57333
S02:E:record06:trial030,S02,A02E.mat,d63c454005d3a9b41d8440629482e855afc823339bdd0b5721842a7ee9cc7b12,E,6,3,29,58235,58234,58734,2,right_hand,0,True,,58859,59359
S02:E:record06:trial031,S02,A02E.mat,d63c454005d3a9b41d8440629482e855afc823339bdd0b5721842a7ee9cc7b12,E,6,3,30,60306,60305,60805,1,left_hand,0,True,,60930,61430
S02:E:record06:trial032,S02,A02E.mat,d63c454005d3a9b41d8440629482e855afc823339bdd0b5721842a7ee9cc7b12,E,6,3,31,62413,62412,62912,1,left_hand,0,True,,63037,63537
S02:E:record06:trial033,S02,A02E.mat,d63c454005d3a9b41d8440629482e855afc823339bdd0b5721842a7ee9cc7b12,E,6,3,32,64505,64504,65004,4,tongue,0,True,,65129,65629
S02:E:record06:trial034,S02,A02E.mat,d63c454005d3a9b41d8440629482e855afc823339bdd0b5721842a7ee9cc7b12,E,6,3,33,66596,66595,67095,2,right_hand,0,True,,67220,67720
S02:E:record06:trial035,S02,A02E.mat,d63c454005d3a9b41d8440629482e855afc823339bdd0b5721842a7ee9cc7b12,E,6,3,34,68639,68638,69138,1,left_hand,0,True,,69263,69763
S02:E:record06:trial036,S02,A02E.mat,d63c454005d3a9b41d8440629482e855afc823339bdd0b5721842a7ee9cc7b12,E,6,3,35,70703,70702,71202,3,feet,0,True,,71327,71827
S02:E:record06:trial037,S02,A02E.mat,d63c454005d3a9b41d8440629482e855afc823339bdd0b5721842a7ee9cc7b12,E,6,3,36,72723,72722,73222,2,right_hand,0,True,,73347,73847
S02:E:record06:trial038,S02,A02E.mat,d63c454005d3a9b41d8440629482e855afc823339bdd0b5721842a7ee9cc7b12,E,6,3,37,74695,74694,75194,2,right_hand,0,True,,75319,75819
S02:E:record06:trial039,S02,A02E.mat,d63c454005d3a9b41d8440629482e855afc823339bdd0b5721842a7ee9cc7b12,E,6,3,38,76658,76657,77157,3,feet,0,True,,77282,77782
S02:E:record06:trial040,S02,A02E.mat,d63c454005d3a9b41d8440629482e855afc823339bdd0b5721842a7ee9cc7b12,E,6,3,39,78583,78582,79082,1,left_hand,0,True,,79207,79707
S02:E:record06:trial041,S02,A02E.mat,d63c454005d3a9b41d8440629482e855afc823339bdd0b5721842a7ee9cc7b12,E,6,3,40,80664,80663,81163,4,tongue,0,True,,81288,81788
S02:E:record06:trial042,S02,A02E.mat,d63c454005d3a9b41d8440629482e855afc823339bdd0b5721842a7ee9cc7b12,E,6,3,41,82642,82641,83141,3,feet,0,True,,83266,83766
S02:E:record06:trial043,S02,A02E.mat,d63c454005d3a9b41d8440629482e855afc823339bdd0b5721842a7ee9cc7b12,E,6,3,42,84632,84631,85131,3,feet,0,True,,85256,85756
S02:E:record06:trial044,S02,A02E.mat,d63c454005d3a9b41d8440629482e855afc823339bdd0b5721842a7ee9cc7b12,E,6,3,43,86751,86750,87250,3,feet,0,True,,87375,87875
S02:E:record06:trial045,S02,A02E.mat,d63c454005d3a9b41d8440629482e855afc823339bdd0b5721842a7ee9cc7b12,E,6,3,44,88657,88656,89156,3,feet,0,True,,89281,89781
S02:E:record06:trial046,S02,A02E.mat,d63c454005d3a9b41d8440629482e855afc823339bdd0b5721842a7ee9cc7b12,E,6,3,45,90585,90584,91084,1,left_hand,0,True,,91209,91709
S02:E:record06:trial047,S02,A02E.mat,d63c454005d3a9b41d8440629482e855afc823339bdd0b5721842a7ee9cc7b12,E,6,3,46,92699,92698,93198,2,right_hand,0,True,,93323,93823
S02:E:record06:trial048,S02,A02E.mat,d63c454005d3a9b41d8440629482e855afc823339bdd0b5721842a7ee9cc7b12,E,6,3,47,94758,94757,95257,1,left_hand,0,True,,95382,95882
S02:E:record07:trial001,S02,A02E.mat,d63c454005d3a9b41d8440629482e855afc823339bdd0b5721842a7ee9cc7b12,E,7,4,0,251,250,750,2,right_hand,0,True,,875,1375
S02:E:record07:trial002,S02,A02E.mat,d63c454005d3a9b41d8440629482e855afc823339bdd0b5721842a7ee9cc7b12,E,7,4,1,2254,2253,2753,1,left_hand,0,True,,2878,3378
S02:E:record07:trial003,S02,A02E.mat,d63c454005d3a9b41d8440629482e855afc823339bdd0b5721842a7ee9cc7b12,E,7,4,2,4172,4171,4671,1,left_hand,0,True,,4796,5296
S02:E:record07:trial004,S02,A02E.mat,d63c454005d3a9b41d8440629482e855afc823339bdd0b5721842a7ee9cc7b12,E,7,4,3,6124,6123,6623,3,feet,0,True,,6748,7248
S02:E:record07:trial005,S02,A02E.mat,d63c454005d3a9b41d8440629482e855afc823339bdd0b5721842a7ee9cc7b12,E,7,4,4,8132,8131,8631,3,feet,0,True,,8756,9256
S02:E:record07:trial006,S02,A02E.mat,d63c454005d3a9b41d8440629482e855afc823339bdd0b5721842a7ee9cc7b12,E,7,4,5,10243,10242,10742,2,right_hand,0,True,,10867,11367
S02:E:record07:trial007,S02,A02E.mat,d63c454005d3a9b41d8440629482e855afc823339bdd0b5721842a7ee9cc7b12,E,7,4,6,12160,12159,12659,3,feet,0,True,,12784,13284
S02:E:record07:trial008,S02,A02E.mat,d63c454005d3a9b41d8440629482e855afc823339bdd0b5721842a7ee9cc7b12,E,7,4,7,14210,14209,14709,4,tongue,0,True,,14834,15334
S02:E:record07:trial009,S02,A02E.mat,d63c454005d3a9b41d8440629482e855afc823339bdd0b5721842a7ee9cc7b12,E,7,4,8,16141,16140,16640,1,left_hand,0,True,,16765,17265
S02:E:record07:trial010,S02,A02E.mat,d63c454005d3a9b41d8440629482e855afc823339bdd0b5721842a7ee9cc7b12,E,7,4,9,18139,18138,18638,4,tongue,0,True,,18763,19263
S02:E:record07:trial011,S02,A02E.mat,d63c454005d3a9b41d8440629482e855afc823339bdd0b5721842a7ee9cc7b12,E,7,4,10,20045,20044,20544,1,left_hand,0,True,,20669,21169
S02:E:record07:trial012,S02,A02E.mat,d63c454005d3a9b41d8440629482e855afc823339bdd0b5721842a7ee9cc7b12,E,7,4,11,21940,21939,22439,1,left_hand,0,True,,22564,23064
S02:E:record07:trial013,S02,A02E.mat,d63c454005d3a9b41d8440629482e855afc823339bdd0b5721842a7ee9cc7b12,E,7,4,12,23912,23911,24411,2,right_hand,0,True,,24536,25036
S02:E:record07:trial014,S02,A02E.mat,d63c454005d3a9b41d8440629482e855afc823339bdd0b5721842a7ee9cc7b12,E,7,4,13,25856,25855,26355,4,tongue,0,True,,26480,26980
S02:E:record07:trial015,S02,A02E.mat,d63c454005d3a9b41d8440629482e855afc823339bdd0b5721842a7ee9cc7b12,E,7,4,14,27823,27822,28322,3,feet,0,True,,28447,28947
S02:E:record07:trial016,S02,A02E.mat,d63c454005d3a9b41d8440629482e855afc823339bdd0b5721842a7ee9cc7b12,E,7,4,15,29943,29942,30442,2,right_hand,0,True,,30567,31067
S02:E:record07:trial017,S02,A02E.mat,d63c454005d3a9b41d8440629482e855afc823339bdd0b5721842a7ee9cc7b12,E,7,4,16,31951,31950,32450,4,tongue,0,True,,32575,33075
S02:E:record07:trial018,S02,A02E.mat,d63c454005d3a9b41d8440629482e855afc823339bdd0b5721842a7ee9cc7b12,E,7,4,17,34017,34016,34516,3,feet,0,True,,34641,35141
S02:E:record07:trial019,S02,A02E.mat,d63c454005d3a9b41d8440629482e855afc823339bdd0b5721842a7ee9cc7b12,E,7,4,18,36053,36052,36552,4,tongue,0,True,,36677,37177
S02:E:record07:trial020,S02,A02E.mat,d63c454005d3a9b41d8440629482e855afc823339bdd0b5721842a7ee9cc7b12,E,7,4,19,38119,38118,38618,3,feet,0,True,,38743,39243
S02:E:record07:trial021,S02,A02E.mat,d63c454005d3a9b41d8440629482e855afc823339bdd0b5721842a7ee9cc7b12,E,7,4,20,40189,40188,40688,4,tongue,0,True,,40813,41313
S02:E:record07:trial022,S02,A02E.mat,d63c454005d3a9b41d8440629482e855afc823339bdd0b5721842a7ee9cc7b12,E,7,4,21,42269,42268,42768,2,right_hand,0,True,,42893,43393
S02:E:record07:trial023,S02,A02E.mat,d63c454005d3a9b41d8440629482e855afc823339bdd0b5721842a7ee9cc7b12,E,7,4,22,44181,44180,44680,2,right_hand,0,True,,44805,45305
S02:E:record07:trial024,S02,A02E.mat,d63c454005d3a9b41d8440629482e855afc823339bdd0b5721842a7ee9cc7b12,E,7,4,23,46212,46211,46711,4,tongue,0,True,,46836,47336
S02:E:record07:trial025,S02,A02E.mat,d63c454005d3a9b41d8440629482e855afc823339bdd0b5721842a7ee9cc7b12,E,7,4,24,48165,48164,48664,1,left_hand,0,True,,48789,49289
S02:E:record07:trial026,S02,A02E.mat,d63c454005d3a9b41d8440629482e855afc823339bdd0b5721842a7ee9cc7b12,E,7,4,25,50126,50125,50625,2,right_hand,0,True,,50750,51250
S02:E:record07:trial027,S02,A02E.mat,d63c454005d3a9b41d8440629482e855afc823339bdd0b5721842a7ee9cc7b12,E,7,4,26,52230,52229,52729,2,right_hand,0,True,,52854,53354
S02:E:record07:trial028,S02,A02E.mat,d63c454005d3a9b41d8440629482e855afc823339bdd0b5721842a7ee9cc7b12,E,7,4,27,54234,54233,54733,2,right_hand,0,True,,54858,55358
S02:E:record07:trial029,S02,A02E.mat,d63c454005d3a9b41d8440629482e855afc823339bdd0b5721842a7ee9cc7b12,E,7,4,28,56209,56208,56708,3,feet,0,True,,56833,57333
S02:E:record07:trial030,S02,A02E.mat,d63c454005d3a9b41d8440629482e855afc823339bdd0b5721842a7ee9cc7b12,E,7,4,29,58235,58234,58734,4,tongue,0,True,,58859,59359
S02:E:record07:trial031,S02,A02E.mat,d63c454005d3a9b41d8440629482e855afc823339bdd0b5721842a7ee9cc7b12,E,7,4,30,60306,60305,60805,1,left_hand,0,True,,60930,61430
S02:E:record07:trial032,S02,A02E.mat,d63c454005d3a9b41d8440629482e855afc823339bdd0b5721842a7ee9cc7b12,E,7,4,31,62413,62412,62912,4,tongue,0,True,,63037,63537
S02:E:record07:trial033,S02,A02E.mat,d63c454005d3a9b41d8440629482e855afc823339bdd0b5721842a7ee9cc7b12,E,7,4,32,64505,64504,65004,1,left_hand,0,True,,65129,65629
S02:E:record07:trial034,S02,A02E.mat,d63c454005d3a9b41d8440629482e855afc823339bdd0b5721842a7ee9cc7b12,E,7,4,33,66596,66595,67095,3,feet,0,True,,67220,67720
S02:E:record07:trial035,S02,A02E.mat,d63c454005d3a9b41d8440629482e855afc823339bdd0b5721842a7ee9cc7b12,E,7,4,34,68639,68638,69138,1,left_hand,0,True,,69263,69763
S02:E:record07:trial036,S02,A02E.mat,d63c454005d3a9b41d8440629482e855afc823339bdd0b5721842a7ee9cc7b12,E,7,4,35,70703,70702,71202,4,tongue,0,True,,71327,71827
S02:E:record07:trial037,S02,A02E.mat,d63c454005d3a9b41d8440629482e855afc823339bdd0b5721842a7ee9cc7b12,E,7,4,36,72723,72722,73222,1,left_hand,0,True,,73347,73847
S02:E:record07:trial038,S02,A02E.mat,d63c454005d3a9b41d8440629482e855afc823339bdd0b5721842a7ee9cc7b12,E,7,4,37,74695,74694,75194,3,feet,0,True,,75319,75819
S02:E:record07:trial039,S02,A02E.mat,d63c454005d3a9b41d8440629482e855afc823339bdd0b5721842a7ee9cc7b12,E,7,4,38,76658,76657,77157,1,left_hand,0,True,,77282,77782
S02:E:record07:trial040,S02,A02E.mat,d63c454005d3a9b41d8440629482e855afc823339bdd0b5721842a7ee9cc7b12,E,7,4,39,78583,78582,79082,2,right_hand,0,True,,79207,79707
S02:E:record07:trial041,S02,A02E.mat,d63c454005d3a9b41d8440629482e855afc823339bdd0b5721842a7ee9cc7b12,E,7,4,40,80664,80663,81163,3,feet,0,True,,81288,81788
S02:E:record07:trial042,S02,A02E.mat,d63c454005d3a9b41d8440629482e855afc823339bdd0b5721842a7ee9cc7b12,E,7,4,41,82642,82641,83141,3,feet,0,True,,83266,83766
S02:E:record07:trial043,S02,A02E.mat,d63c454005d3a9b41d8440629482e855afc823339bdd0b5721842a7ee9cc7b12,E,7,4,42,84632,84631,85131,4,tongue,0,True,,85256,85756
S02:E:record07:trial044,S02,A02E.mat,d63c454005d3a9b41d8440629482e855afc823339bdd0b5721842a7ee9cc7b12,E,7,4,43,86751,86750,87250,1,left_hand,0,True,,87375,87875
S02:E:record07:trial045,S02,A02E.mat,d63c454005d3a9b41d8440629482e855afc823339bdd0b5721842a7ee9cc7b12,E,7,4,44,88657,88656,89156,2,right_hand,0,True,,89281,89781
S02:E:record07:trial046,S02,A02E.mat,d63c454005d3a9b41d8440629482e855afc823339bdd0b5721842a7ee9cc7b12,E,7,4,45,90585,90584,91084,4,tongue,0,True,,91209,91709
S02:E:record07:trial047,S02,A02E.mat,d63c454005d3a9b41d8440629482e855afc823339bdd0b5721842a7ee9cc7b12,E,7,4,46,92699,92698,93198,2,right_hand,0,True,,93323,93823
S02:E:record07:trial048,S02,A02E.mat,d63c454005d3a9b41d8440629482e855afc823339bdd0b5721842a7ee9cc7b12,E,7,4,47,94758,94757,95257,3,feet,0,True,,95382,95882
S02:E:record08:trial001,S02,A02E.mat,d63c454005d3a9b41d8440629482e855afc823339bdd0b5721842a7ee9cc7b12,E,8,5,0,251,250,750,3,feet,0,True,,875,1375
S02:E:record08:trial002,S02,A02E.mat,d63c454005d3a9b41d8440629482e855afc823339bdd0b5721842a7ee9cc7b12,E,8,5,1,2254,2253,2753,1,left_hand,0,True,,2878,3378
S02:E:record08:trial003,S02,A02E.mat,d63c454005d3a9b41d8440629482e855afc823339bdd0b5721842a7ee9cc7b12,E,8,5,2,4172,4171,4671,4,tongue,0,True,,4796,5296
S02:E:record08:trial004,S02,A02E.mat,d63c454005d3a9b41d8440629482e855afc823339bdd0b5721842a7ee9cc7b12,E,8,5,3,6124,6123,6623,2,right_hand,0,True,,6748,7248
S02:E:record08:trial005,S02,A02E.mat,d63c454005d3a9b41d8440629482e855afc823339bdd0b5721842a7ee9cc7b12,E,8,5,4,8132,8131,8631,4,tongue,0,True,,8756,9256
S02:E:record08:trial006,S02,A02E.mat,d63c454005d3a9b41d8440629482e855afc823339bdd0b5721842a7ee9cc7b12,E,8,5,5,10243,10242,10742,1,left_hand,0,True,,10867,11367
S02:E:record08:trial007,S02,A02E.mat,d63c454005d3a9b41d8440629482e855afc823339bdd0b5721842a7ee9cc7b12,E,8,5,6,12160,12159,12659,1,left_hand,0,True,,12784,13284
S02:E:record08:trial008,S02,A02E.mat,d63c454005d3a9b41d8440629482e855afc823339bdd0b5721842a7ee9cc7b12,E,8,5,7,14210,14209,14709,3,feet,0,True,,14834,15334
S02:E:record08:trial009,S02,A02E.mat,d63c454005d3a9b41d8440629482e855afc823339bdd0b5721842a7ee9cc7b12,E,8,5,8,16141,16140,16640,3,feet,0,True,,16765,17265
S02:E:record08:trial010,S02,A02E.mat,d63c454005d3a9b41d8440629482e855afc823339bdd0b5721842a7ee9cc7b12,E,8,5,9,18139,18138,18638,2,right_hand,0,True,,18763,19263
S02:E:record08:trial011,S02,A02E.mat,d63c454005d3a9b41d8440629482e855afc823339bdd0b5721842a7ee9cc7b12,E,8,5,10,20045,20044,20544,4,tongue,0,True,,20669,21169
S02:E:record08:trial012,S02,A02E.mat,d63c454005d3a9b41d8440629482e855afc823339bdd0b5721842a7ee9cc7b12,E,8,5,11,21940,21939,22439,2,right_hand,0,True,,22564,23064
S02:E:record08:trial013,S02,A02E.mat,d63c454005d3a9b41d8440629482e855afc823339bdd0b5721842a7ee9cc7b12,E,8,5,12,23912,23911,24411,2,right_hand,0,True,,24536,25036
S02:E:record08:trial014,S02,A02E.mat,d63c454005d3a9b41d8440629482e855afc823339bdd0b5721842a7ee9cc7b12,E,8,5,13,25856,25855,26355,1,left_hand,0,True,,26480,26980
S02:E:record08:trial015,S02,A02E.mat,d63c454005d3a9b41d8440629482e855afc823339bdd0b5721842a7ee9cc7b12,E,8,5,14,27823,27822,28322,2,right_hand,0,True,,28447,28947
S02:E:record08:trial016,S02,A02E.mat,d63c454005d3a9b41d8440629482e855afc823339bdd0b5721842a7ee9cc7b12,E,8,5,15,29943,29942,30442,4,tongue,0,True,,30567,31067
S02:E:record08:trial017,S02,A02E.mat,d63c454005d3a9b41d8440629482e855afc823339bdd0b5721842a7ee9cc7b12,E,8,5,16,31951,31950,32450,4,tongue,0,True,,32575,33075
S02:E:record08:trial018,S02,A02E.mat,d63c454005d3a9b41d8440629482e855afc823339bdd0b5721842a7ee9cc7b12,E,8,5,17,34017,34016,34516,2,right_hand,0,True,,34641,35141
S02:E:record08:trial019,S02,A02E.mat,d63c454005d3a9b41d8440629482e855afc823339bdd0b5721842a7ee9cc7b12,E,8,5,18,36053,36052,36552,2,right_hand,0,True,,36677,37177
S02:E:record08:trial020,S02,A02E.mat,d63c454005d3a9b41d8440629482e855afc823339bdd0b5721842a7ee9cc7b12,E,8,5,19,38119,38118,38618,2,right_hand,0,True,,38743,39243
S02:E:record08:trial021,S02,A02E.mat,d63c454005d3a9b41d8440629482e855afc823339bdd0b5721842a7ee9cc7b12,E,8,5,20,40189,40188,40688,2,right_hand,0,True,,40813,41313
S02:E:record08:trial022,S02,A02E.mat,d63c454005d3a9b41d8440629482e855afc823339bdd0b5721842a7ee9cc7b12,E,8,5,21,42269,42268,42768,4,tongue,0,True,,42893,43393
S02:E:record08:trial023,S02,A02E.mat,d63c454005d3a9b41d8440629482e855afc823339bdd0b5721842a7ee9cc7b12,E,8,5,22,44181,44180,44680,4,tongue,0,True,,44805,45305
S02:E:record08:trial024,S02,A02E.mat,d63c454005d3a9b41d8440629482e855afc823339bdd0b5721842a7ee9cc7b12,E,8,5,23,46212,46211,46711,3,feet,0,True,,46836,47336
S02:E:record08:trial025,S02,A02E.mat,d63c454005d3a9b41d8440629482e855afc823339bdd0b5721842a7ee9cc7b12,E,8,5,24,48165,48164,48664,4,tongue,0,True,,48789,49289
S02:E:record08:trial026,S02,A02E.mat,d63c454005d3a9b41d8440629482e855afc823339bdd0b5721842a7ee9cc7b12,E,8,5,25,50126,50125,50625,1,left_hand,0,True,,50750,51250
S02:E:record08:trial027,S02,A02E.mat,d63c454005d3a9b41d8440629482e855afc823339bdd0b5721842a7ee9cc7b12,E,8,5,26,52230,52229,52729,2,right_hand,0,True,,52854,53354
S02:E:record08:trial028,S02,A02E.mat,d63c454005d3a9b41d8440629482e855afc823339bdd0b5721842a7ee9cc7b12,E,8,5,27,54234,54233,54733,3,feet,0,True,,54858,55358
S02:E:record08:trial029,S02,A02E.mat,d63c454005d3a9b41d8440629482e855afc823339bdd0b5721842a7ee9cc7b12,E,8,5,28,56209,56208,56708,2,right_hand,0,True,,56833,57333
S02:E:record08:trial030,S02,A02E.mat,d63c454005d3a9b41d8440629482e855afc823339bdd0b5721842a7ee9cc7b12,E,8,5,29,58235,58234,58734,1,left_hand,0,True,,58859,59359
S02:E:record08:trial031,S02,A02E.mat,d63c454005d3a9b41d8440629482e855afc823339bdd0b5721842a7ee9cc7b12,E,8,5,30,60306,60305,60805,4,tongue,0,True,,60930,61430
S02:E:record08:trial032,S02,A02E.mat,d63c454005d3a9b41d8440629482e855afc823339bdd0b5721842a7ee9cc7b12,E,8,5,31,62413,62412,62912,1,left_hand,0,True,,63037,63537
S02:E:record08:trial033,S02,A02E.mat,d63c454005d3a9b41d8440629482e855afc823339bdd0b5721842a7ee9cc7b12,E,8,5,32,64505,64504,65004,4,tongue,0,True,,65129,65629
S02:E:record08:trial034,S02,A02E.mat,d63c454005d3a9b41d8440629482e855afc823339bdd0b5721842a7ee9cc7b12,E,8,5,33,66596,66595,67095,1,left_hand,0,True,,67220,67720
S02:E:record08:trial035,S02,A02E.mat,d63c454005d3a9b41d8440629482e855afc823339bdd0b5721842a7ee9cc7b12,E,8,5,34,68639,68638,69138,1,left_hand,0,True,,69263,69763
S02:E:record08:trial036,S02,A02E.mat,d63c454005d3a9b41d8440629482e855afc823339bdd0b5721842a7ee9cc7b12,E,8,5,35,70703,70702,71202,1,left_hand,0,True,,71327,71827
S02:E:record08:trial037,S02,A02E.mat,d63c454005d3a9b41d8440629482e855afc823339bdd0b5721842a7ee9cc7b12,E,8,5,36,72723,72722,73222,1,left_hand,0,True,,73347,73847
S02:E:record08:trial038,S02,A02E.mat,d63c454005d3a9b41d8440629482e855afc823339bdd0b5721842a7ee9cc7b12,E,8,5,37,74695,74694,75194,3,feet,0,True,,75319,75819
S02:E:record08:trial039,S02,A02E.mat,d63c454005d3a9b41d8440629482e855afc823339bdd0b5721842a7ee9cc7b12,E,8,5,38,76658,76657,77157,3,feet,1,False,organizer_artifact_flag,77282,77782
S02:E:record08:trial040,S02,A02E.mat,d63c454005d3a9b41d8440629482e855afc823339bdd0b5721842a7ee9cc7b12,E,8,5,39,78583,78582,79082,4,tongue,0,True,,79207,79707
S02:E:record08:trial041,S02,A02E.mat,d63c454005d3a9b41d8440629482e855afc823339bdd0b5721842a7ee9cc7b12,E,8,5,40,80664,80663,81163,2,right_hand,0,True,,81288,81788
S02:E:record08:trial042,S02,A02E.mat,d63c454005d3a9b41d8440629482e855afc823339bdd0b5721842a7ee9cc7b12,E,8,5,41,82642,82641,83141,3,feet,0,True,,83266,83766
S02:E:record08:trial043,S02,A02E.mat,d63c454005d3a9b41d8440629482e855afc823339bdd0b5721842a7ee9cc7b12,E,8,5,42,84632,84631,85131,3,feet,0,True,,85256,85756
S02:E:record08:trial044,S02,A02E.mat,d63c454005d3a9b41d8440629482e855afc823339bdd0b5721842a7ee9cc7b12,E,8,5,43,86751,86750,87250,3,feet,0,True,,87375,87875
S02:E:record08:trial045,S02,A02E.mat,d63c454005d3a9b41d8440629482e855afc823339bdd0b5721842a7ee9cc7b12,E,8,5,44,88657,88656,89156,4,tongue,0,True,,89281,89781
S02:E:record08:trial046,S02,A02E.mat,d63c454005d3a9b41d8440629482e855afc823339bdd0b5721842a7ee9cc7b12,E,8,5,45,90585,90584,91084,3,feet,0,True,,91209,91709
S02:E:record08:trial047,S02,A02E.mat,d63c454005d3a9b41d8440629482e855afc823339bdd0b5721842a7ee9cc7b12,E,8,5,46,92699,92698,93198,1,left_hand,0,True,,93323,93823
S02:E:record08:trial048,S02,A02E.mat,d63c454005d3a9b41d8440629482e855afc823339bdd0b5721842a7ee9cc7b12,E,8,5,47,94758,94757,95257,3,feet,0,True,,95382,95882
S03:T:record03:trial001,S03,A03T.mat,7e731ee8b681d5da6ecb11ae1d4e64b1653c7f15aad5d6b7620b25ce53141e80,T,3,0,0,251,250,750,1,left_hand,0,True,,875,1375
S03:T:record03:trial002,S03,A03T.mat,7e731ee8b681d5da6ecb11ae1d4e64b1653c7f15aad5d6b7620b25ce53141e80,T,3,0,1,2254,2253,2753,2,right_hand,0,True,,2878,3378
S03:T:record03:trial003,S03,A03T.mat,7e731ee8b681d5da6ecb11ae1d4e64b1653c7f15aad5d6b7620b25ce53141e80,T,3,0,2,4172,4171,4671,2,right_hand,0,True,,4796,5296
S03:T:record03:trial004,S03,A03T.mat,7e731ee8b681d5da6ecb11ae1d4e64b1653c7f15aad5d6b7620b25ce53141e80,T,3,0,3,6124,6123,6623,1,left_hand,0,True,,6748,7248
S03:T:record03:trial005,S03,A03T.mat,7e731ee8b681d5da6ecb11ae1d4e64b1653c7f15aad5d6b7620b25ce53141e80,T,3,0,4,8132,8131,8631,2,right_hand,0,True,,8756,9256
S03:T:record03:trial006,S03,A03T.mat,7e731ee8b681d5da6ecb11ae1d4e64b1653c7f15aad5d6b7620b25ce53141e80,T,3,0,5,10243,10242,10742,1,left_hand,0,True,,10867,11367
S03:T:record03:trial007,S03,A03T.mat,7e731ee8b681d5da6ecb11ae1d4e64b1653c7f15aad5d6b7620b25ce53141e80,T,3,0,6,12160,12159,12659,2,right_hand,0,True,,12784,13284
S03:T:record03:trial008,S03,A03T.mat,7e731ee8b681d5da6ecb11ae1d4e64b1653c7f15aad5d6b7620b25ce53141e80,T,3,0,7,14210,14209,14709,3,feet,0,True,,14834,15334
S03:T:record03:trial009,S03,A03T.mat,7e731ee8b681d5da6ecb11ae1d4e64b1653c7f15aad5d6b7620b25ce53141e80,T,3,0,8,16141,16140,16640,2,right_hand,0,True,,16765,17265
S03:T:record03:trial010,S03,A03T.mat,7e731ee8b681d5da6ecb11ae1d4e64b1653c7f15aad5d6b7620b25ce53141e80,T,3,0,9,18139,18138,18638,4,tongue,0,True,,18763,19263
S03:T:record03:trial011,S03,A03T.mat,7e731ee8b681d5da6ecb11ae1d4e64b1653c7f15aad5d6b7620b25ce53141e80,T,3,0,10,20045,20044,20544,1,left_hand,0,True,,20669,21169
S03:T:record03:trial012,S03,A03T.mat,7e731ee8b681d5da6ecb11ae1d4e64b1653c7f15aad5d6b7620b25ce53141e80,T,3,0,11,21940,21939,22439,3,feet,0,True,,22564,23064
S03:T:record03:trial013,S03,A03T.mat,7e731ee8b681d5da6ecb11ae1d4e64b1653c7f15aad5d6b7620b25ce53141e80,T,3,0,12,23912,23911,24411,2,right_hand,0,True,,24536,25036
S03:T:record03:trial014,S03,A03T.mat,7e731ee8b681d5da6ecb11ae1d4e64b1653c7f15aad5d6b7620b25ce53141e80,T,3,0,13,25856,25855,26355,1,left_hand,0,True,,26480,26980
S03:T:record03:trial015,S03,A03T.mat,7e731ee8b681d5da6ecb11ae1d4e64b1653c7f15aad5d6b7620b25ce53141e80,T,3,0,14,27823,27822,28322,4,tongue,0,True,,28447,28947
S03:T:record03:trial016,S03,A03T.mat,7e731ee8b681d5da6ecb11ae1d4e64b1653c7f15aad5d6b7620b25ce53141e80,T,3,0,15,29943,29942,30442,4,tongue,0,True,,30567,31067
S03:T:record03:trial017,S03,A03T.mat,7e731ee8b681d5da6ecb11ae1d4e64b1653c7f15aad5d6b7620b25ce53141e80,T,3,0,16,31951,31950,32450,4,tongue,0,True,,32575,33075
S03:T:record03:trial018,S03,A03T.mat,7e731ee8b681d5da6ecb11ae1d4e64b1653c7f15aad5d6b7620b25ce53141e80,T,3,0,17,34017,34016,34516,4,tongue,0,True,,34641,35141
S03:T:record03:trial019,S03,A03T.mat,7e731ee8b681d5da6ecb11ae1d4e64b1653c7f15aad5d6b7620b25ce53141e80,T,3,0,18,36053,36052,36552,4,tongue,0,True,,36677,37177
S03:T:record03:trial020,S03,A03T.mat,7e731ee8b681d5da6ecb11ae1d4e64b1653c7f15aad5d6b7620b25ce53141e80,T,3,0,19,38119,38118,38618,1,left_hand,0,True,,38743,39243
S03:T:record03:trial021,S03,A03T.mat,7e731ee8b681d5da6ecb11ae1d4e64b1653c7f15aad5d6b7620b25ce53141e80,T,3,0,20,40189,40188,40688,3,feet,0,True,,40813,41313
S03:T:record03:trial022,S03,A03T.mat,7e731ee8b681d5da6ecb11ae1d4e64b1653c7f15aad5d6b7620b25ce53141e80,T,3,0,21,42269,42268,42768,2,right_hand,0,True,,42893,43393
S03:T:record03:trial023,S03,A03T.mat,7e731ee8b681d5da6ecb11ae1d4e64b1653c7f15aad5d6b7620b25ce53141e80,T,3,0,22,44181,44180,44680,1,left_hand,0,True,,44805,45305
S03:T:record03:trial024,S03,A03T.mat,7e731ee8b681d5da6ecb11ae1d4e64b1653c7f15aad5d6b7620b25ce53141e80,T,3,0,23,46212,46211,46711,1,left_hand,0,True,,46836,47336
S03:T:record03:trial025,S03,A03T.mat,7e731ee8b681d5da6ecb11ae1d4e64b1653c7f15aad5d6b7620b25ce53141e80,T,3,0,24,48165,48164,48664,3,feet,0,True,,48789,49289
S03:T:record03:trial026,S03,A03T.mat,7e731ee8b681d5da6ecb11ae1d4e64b1653c7f15aad5d6b7620b25ce53141e80,T,3,0,25,50126,50125,50625,4,tongue,0,True,,50750,51250
S03:T:record03:trial027,S03,A03T.mat,7e731ee8b681d5da6ecb11ae1d4e64b1653c7f15aad5d6b7620b25ce53141e80,T,3,0,26,52230,52229,52729,1,left_hand,1,False,organizer_artifact_flag,52854,53354
S03:T:record03:trial028,S03,A03T.mat,7e731ee8b681d5da6ecb11ae1d4e64b1653c7f15aad5d6b7620b25ce53141e80,T,3,0,27,54234,54233,54733,3,feet,0,True,,54858,55358
S03:T:record03:trial029,S03,A03T.mat,7e731ee8b681d5da6ecb11ae1d4e64b1653c7f15aad5d6b7620b25ce53141e80,T,3,0,28,56209,56208,56708,3,feet,1,False,organizer_artifact_flag,56833,57333
S03:T:record03:trial030,S03,A03T.mat,7e731ee8b681d5da6ecb11ae1d4e64b1653c7f15aad5d6b7620b25ce53141e80,T,3,0,29,58235,58234,58734,3,feet,1,False,organizer_artifact_flag,58859,59359
S03:T:record03:trial031,S03,A03T.mat,7e731ee8b681d5da6ecb11ae1d4e64b1653c7f15aad5d6b7620b25ce53141e80,T,3,0,30,60306,60305,60805,1,left_hand,0,True,,60930,61430
S03:T:record03:trial032,S03,A03T.mat,7e731ee8b681d5da6ecb11ae1d4e64b1653c7f15aad5d6b7620b25ce53141e80,T,3,0,31,62413,62412,62912,2,right_hand,0,True,,63037,63537
S03:T:record03:trial033,S03,A03T.mat,7e731ee8b681d5da6ecb11ae1d4e64b1653c7f15aad5d6b7620b25ce53141e80,T,3,0,32,64505,64504,65004,1,left_hand,0,True,,65129,65629
S03:T:record03:trial034,S03,A03T.mat,7e731ee8b681d5da6ecb11ae1d4e64b1653c7f15aad5d6b7620b25ce53141e80,T,3,0,33,66596,66595,67095,2,right_hand,0,True,,67220,67720
S03:T:record03:trial035,S03,A03T.mat,7e731ee8b681d5da6ecb11ae1d4e64b1653c7f15aad5d6b7620b25ce53141e80,T,3,0,34,68639,68638,69138,2,right_hand,0,True,,69263,69763
S03:T:record03:trial036,S03,A03T.mat,7e731ee8b681d5da6ecb11ae1d4e64b1653c7f15aad5d6b7620b25ce53141e80,T,3,0,35,70703,70702,71202,1,left_hand,0,True,,71327,71827
S03:T:record03:trial037,S03,A03T.mat,7e731ee8b681d5da6ecb11ae1d4e64b1653c7f15aad5d6b7620b25ce53141e80,T,3,0,36,72723,72722,73222,2,right_hand,0,True,,73347,73847
S03:T:record03:trial038,S03,A03T.mat,7e731ee8b681d5da6ecb11ae1d4e64b1653c7f15aad5d6b7620b25ce53141e80,T,3,0,37,74695,74694,75194,3,feet,0,True,,75319,75819
S03:T:record03:trial039,S03,A03T.mat,7e731ee8b681d5da6ecb11ae1d4e64b1653c7f15aad5d6b7620b25ce53141e80,T,3,0,38,76658,76657,77157,2,right_hand,0,True,,77282,77782
S03:T:record03:trial040,S03,A03T.mat,7e731ee8b681d5da6ecb11ae1d4e64b1653c7f15aad5d6b7620b25ce53141e80,T,3,0,39,78583,78582,79082,3,feet,0,True,,79207,79707
S03:T:record03:trial041,S03,A03T.mat,7e731ee8b681d5da6ecb11ae1d4e64b1653c7f15aad5d6b7620b25ce53141e80,T,3,0,40,80664,80663,81163,3,feet,0,True,,81288,81788
S03:T:record03:trial042,S03,A03T.mat,7e731ee8b681d5da6ecb11ae1d4e64b1653c7f15aad5d6b7620b25ce53141e80,T,3,0,41,82642,82641,83141,4,tongue,0,True,,83266,83766
S03:T:record03:trial043,S03,A03T.mat,7e731ee8b681d5da6ecb11ae1d4e64b1653c7f15aad5d6b7620b25ce53141e80,T,3,0,42,84632,84631,85131,3,feet,0,True,,85256,85756
S03:T:record03:trial044,S03,A03T.mat,7e731ee8b681d5da6ecb11ae1d4e64b1653c7f15aad5d6b7620b25ce53141e80,T,3,0,43,86751,86750,87250,3,feet,0,True,,87375,87875
S03:T:record03:trial045,S03,A03T.mat,7e731ee8b681d5da6ecb11ae1d4e64b1653c7f15aad5d6b7620b25ce53141e80,T,3,0,44,88657,88656,89156,4,tongue,0,True,,89281,89781
S03:T:record03:trial046,S03,A03T.mat,7e731ee8b681d5da6ecb11ae1d4e64b1653c7f15aad5d6b7620b25ce53141e80,T,3,0,45,90585,90584,91084,4,tongue,0,True,,91209,91709
S03:T:record03:trial047,S03,A03T.mat,7e731ee8b681d5da6ecb11ae1d4e64b1653c7f15aad5d6b7620b25ce53141e80,T,3,0,46,92699,92698,93198,4,tongue,0,True,,93323,93823
S03:T:record03:trial048,S03,A03T.mat,7e731ee8b681d5da6ecb11ae1d4e64b1653c7f15aad5d6b7620b25ce53141e80,T,3,0,47,94758,94757,95257,4,tongue,0,True,,95382,95882
S03:T:record04:trial001,S03,A03T.mat,7e731ee8b681d5da6ecb11ae1d4e64b1653c7f15aad5d6b7620b25ce53141e80,T,4,1,0,251,250,750,4,tongue,0,True,,875,1375
S03:T:record04:trial002,S03,A03T.mat,7e731ee8b681d5da6ecb11ae1d4e64b1653c7f15aad5d6b7620b25ce53141e80,T,4,1,1,2254,2253,2753,3,feet,0,True,,2878,3378
S03:T:record04:trial003,S03,A03T.mat,7e731ee8b681d5da6ecb11ae1d4e64b1653c7f15aad5d6b7620b25ce53141e80,T,4,1,2,4172,4171,4671,2,right_hand,0,True,,4796,5296
S03:T:record04:trial004,S03,A03T.mat,7e731ee8b681d5da6ecb11ae1d4e64b1653c7f15aad5d6b7620b25ce53141e80,T,4,1,3,6124,6123,6623,1,left_hand,0,True,,6748,7248
S03:T:record04:trial005,S03,A03T.mat,7e731ee8b681d5da6ecb11ae1d4e64b1653c7f15aad5d6b7620b25ce53141e80,T,4,1,4,8132,8131,8631,1,left_hand,0,True,,8756,9256
S03:T:record04:trial006,S03,A03T.mat,7e731ee8b681d5da6ecb11ae1d4e64b1653c7f15aad5d6b7620b25ce53141e80,T,4,1,5,10243,10242,10742,2,right_hand,0,True,,10867,11367
S03:T:record04:trial007,S03,A03T.mat,7e731ee8b681d5da6ecb11ae1d4e64b1653c7f15aad5d6b7620b25ce53141e80,T,4,1,6,12160,12159,12659,3,feet,0,True,,12784,13284
S03:T:record04:trial008,S03,A03T.mat,7e731ee8b681d5da6ecb11ae1d4e64b1653c7f15aad5d6b7620b25ce53141e80,T,4,1,7,14210,14209,14709,4,tongue,0,True,,14834,15334
S03:T:record04:trial009,S03,A03T.mat,7e731ee8b681d5da6ecb11ae1d4e64b1653c7f15aad5d6b7620b25ce53141e80,T,4,1,8,16141,16140,16640,2,right_hand,0,True,,16765,17265
S03:T:record04:trial010,S03,A03T.mat,7e731ee8b681d5da6ecb11ae1d4e64b1653c7f15aad5d6b7620b25ce53141e80,T,4,1,9,18139,18138,18638,3,feet,1,False,organizer_artifact_flag,18763,19263
S03:T:record04:trial011,S03,A03T.mat,7e731ee8b681d5da6ecb11ae1d4e64b1653c7f15aad5d6b7620b25ce53141e80,T,4,1,10,20045,20044,20544,1,left_hand,0,True,,20669,21169
S03:T:record04:trial012,S03,A03T.mat,7e731ee8b681d5da6ecb11ae1d4e64b1653c7f15aad5d6b7620b25ce53141e80,T,4,1,11,21940,21939,22439,1,left_hand,0,True,,22564,23064
S03:T:record04:trial013,S03,A03T.mat,7e731ee8b681d5da6ecb11ae1d4e64b1653c7f15aad5d6b7620b25ce53141e80,T,4,1,12,23912,23911,24411,1,left_hand,0,True,,24536,25036
S03:T:record04:trial014,S03,A03T.mat,7e731ee8b681d5da6ecb11ae1d4e64b1653c7f15aad5d6b7620b25ce53141e80,T,4,1,13,25856,25855,26355,4,tongue,0,True,,26480,26980
S03:T:record04:trial015,S03,A03T.mat,7e731ee8b681d5da6ecb11ae1d4e64b1653c7f15aad5d6b7620b25ce53141e80,T,4,1,14,27823,27822,28322,2,right_hand,0,True,,28447,28947
S03:T:record04:trial016,S03,A03T.mat,7e731ee8b681d5da6ecb11ae1d4e64b1653c7f15aad5d6b7620b25ce53141e80,T,4,1,15,29943,29942,30442,2,right_hand,0,True,,30567,31067
S03:T:record04:trial017,S03,A03T.mat,7e731ee8b681d5da6ecb11ae1d4e64b1653c7f15aad5d6b7620b25ce53141e80,T,4,1,16,31951,31950,32450,1,left_hand,0,True,,32575,33075
S03:T:record04:trial018,S03,A03T.mat,7e731ee8b681d5da6ecb11ae1d4e64b1653c7f15aad5d6b7620b25ce53141e80,T,4,1,17,34017,34016,34516,1,left_hand,0,True,,34641,35141
S03:T:record04:trial019,S03,A03T.mat,7e731ee8b681d5da6ecb11ae1d4e64b1653c7f15aad5d6b7620b25ce53141e80,T,4,1,18,36053,36052,36552,3,feet,1,False,organizer_artifact_flag,36677,37177
S03:T:record04:trial020,S03,A03T.mat,7e731ee8b681d5da6ecb11ae1d4e64b1653c7f15aad5d6b7620b25ce53141e80,T,4,1,19,38119,38118,38618,1,left_hand,0,True,,38743,39243
S03:T:record04:trial021,S03,A03T.mat,7e731ee8b681d5da6ecb11ae1d4e64b1653c7f15aad5d6b7620b25ce53141e80,T,4,1,20,40189,40188,40688,2,right_hand,1,False,organizer_artifact_flag,40813,41313
S03:T:record04:trial022,S03,A03T.mat,7e731ee8b681d5da6ecb11ae1d4e64b1653c7f15aad5d6b7620b25ce53141e80,T,4,1,21,42269,42268,42768,4,tongue,0,True,,42893,43393
S03:T:record04:trial023,S03,A03T.mat,7e731ee8b681d5da6ecb11ae1d4e64b1653c7f15aad5d6b7620b25ce53141e80,T,4,1,22,44181,44180,44680,4,tongue,0,True,,44805,45305
S03:T:record04:trial024,S03,A03T.mat,7e731ee8b681d5da6ecb11ae1d4e64b1653c7f15aad5d6b7620b25ce53141e80,T,4,1,23,46212,46211,46711,3,feet,0,True,,46836,47336
S03:T:record04:trial025,S03,A03T.mat,7e731ee8b681d5da6ecb11ae1d4e64b1653c7f15aad5d6b7620b25ce53141e80,T,4,1,24,48165,48164,48664,1,left_hand,0,True,,48789,49289
S03:T:record04:trial026,S03,A03T.mat,7e731ee8b681d5da6ecb11ae1d4e64b1653c7f15aad5d6b7620b25ce53141e80,T,4,1,25,50126,50125,50625,4,tongue,0,True,,50750,51250
S03:T:record04:trial027,S03,A03T.mat,7e731ee8b681d5da6ecb11ae1d4e64b1653c7f15aad5d6b7620b25ce53141e80,T,4,1,26,52230,52229,52729,4,tongue,0,True,,52854,53354
S03:T:record04:trial028,S03,A03T.mat,7e731ee8b681d5da6ecb11ae1d4e64b1653c7f15aad5d6b7620b25ce53141e80,T,4,1,27,54234,54233,54733,2,right_hand,0,True,,54858,55358
S03:T:record04:trial029,S03,A03T.mat,7e731ee8b681d5da6ecb11ae1d4e64b1653c7f15aad5d6b7620b25ce53141e80,T,4,1,28,56209,56208,56708,4,tongue,0,True,,56833,57333
S03:T:record04:trial030,S03,A03T.mat,7e731ee8b681d5da6ecb11ae1d4e64b1653c7f15aad5d6b7620b25ce53141e80,T,4,1,29,58235,58234,58734,4,tongue,0,True,,58859,59359
S03:T:record04:trial031,S03,A03T.mat,7e731ee8b681d5da6ecb11ae1d4e64b1653c7f15aad5d6b7620b25ce53141e80,T,4,1,30,60306,60305,60805,2,right_hand,0,True,,60930,61430
S03:T:record04:trial032,S03,A03T.mat,7e731ee8b681d5da6ecb11ae1d4e64b1653c7f15aad5d6b7620b25ce53141e80,T,4,1,31,62413,62412,62912,1,left_hand,0,True,,63037,63537
S03:T:record04:trial033,S03,A03T.mat,7e731ee8b681d5da6ecb11ae1d4e64b1653c7f15aad5d6b7620b25ce53141e80,T,4,1,32,64505,64504,65004,2,right_hand,0,True,,65129,65629
S03:T:record04:trial034,S03,A03T.mat,7e731ee8b681d5da6ecb11ae1d4e64b1653c7f15aad5d6b7620b25ce53141e80,T,4,1,33,66596,66595,67095,3,feet,0,True,,67220,67720
S03:T:record04:trial035,S03,A03T.mat,7e731ee8b681d5da6ecb11ae1d4e64b1653c7f15aad5d6b7620b25ce53141e80,T,4,1,34,68639,68638,69138,3,feet,0,True,,69263,69763
S03:T:record04:trial036,S03,A03T.mat,7e731ee8b681d5da6ecb11ae1d4e64b1653c7f15aad5d6b7620b25ce53141e80,T,4,1,35,70703,70702,71202,3,feet,0,True,,71327,71827
S03:T:record04:trial037,S03,A03T.mat,7e731ee8b681d5da6ecb11ae1d4e64b1653c7f15aad5d6b7620b25ce53141e80,T,4,1,36,72723,72722,73222,4,tongue,0,True,,73347,73847
S03:T:record04:trial038,S03,A03T.mat,7e731ee8b681d5da6ecb11ae1d4e64b1653c7f15aad5d6b7620b25ce53141e80,T,4,1,37,74695,74694,75194,3,feet,0,True,,75319,75819
S03:T:record04:trial039,S03,A03T.mat,7e731ee8b681d5da6ecb11ae1d4e64b1653c7f15aad5d6b7620b25ce53141e80,T,4,1,38,76658,76657,77157,1,left_hand,0,True,,77282,77782
S03:T:record04:trial040,S03,A03T.mat,7e731ee8b681d5da6ecb11ae1d4e64b1653c7f15aad5d6b7620b25ce53141e80,T,4,1,39,78583,78582,79082,4,tongue,0,True,,79207,79707
S03:T:record04:trial041,S03,A03T.mat,7e731ee8b681d5da6ecb11ae1d4e64b1653c7f15aad5d6b7620b25ce53141e80,T,4,1,40,80664,80663,81163,2,right_hand,1,False,organizer_artifact_flag,81288,81788
S03:T:record04:trial042,S03,A03T.mat,7e731ee8b681d5da6ecb11ae1d4e64b1653c7f15aad5d6b7620b25ce53141e80,T,4,1,41,82642,82641,83141,3,feet,0,True,,83266,83766
S03:T:record04:trial043,S03,A03T.mat,7e731ee8b681d5da6ecb11ae1d4e64b1653c7f15aad5d6b7620b25ce53141e80,T,4,1,42,84632,84631,85131,2,right_hand,0,True,,85256,85756
S03:T:record04:trial044,S03,A03T.mat,7e731ee8b681d5da6ecb11ae1d4e64b1653c7f15aad5d6b7620b25ce53141e80,T,4,1,43,86751,86750,87250,3,feet,0,True,,87375,87875
S03:T:record04:trial045,S03,A03T.mat,7e731ee8b681d5da6ecb11ae1d4e64b1653c7f15aad5d6b7620b25ce53141e80,T,4,1,44,88657,88656,89156,4,tongue,0,True,,89281,89781
S03:T:record04:trial046,S03,A03T.mat,7e731ee8b681d5da6ecb11ae1d4e64b1653c7f15aad5d6b7620b25ce53141e80,T,4,1,45,90585,90584,91084,2,right_hand,0,True,,91209,91709
S03:T:record04:trial047,S03,A03T.mat,7e731ee8b681d5da6ecb11ae1d4e64b1653c7f15aad5d6b7620b25ce53141e80,T,4,1,46,92699,92698,93198,3,feet,0,True,,93323,93823
S03:T:record04:trial048,S03,A03T.mat,7e731ee8b681d5da6ecb11ae1d4e64b1653c7f15aad5d6b7620b25ce53141e80,T,4,1,47,94758,94757,95257,1,left_hand,0,True,,95382,95882
S03:T:record05:trial001,S03,A03T.mat,7e731ee8b681d5da6ecb11ae1d4e64b1653c7f15aad5d6b7620b25ce53141e80,T,5,2,0,251,250,750,1,left_hand,0,True,,875,1375
S03:T:record05:trial002,S03,A03T.mat,7e731ee8b681d5da6ecb11ae1d4e64b1653c7f15aad5d6b7620b25ce53141e80,T,5,2,1,2254,2253,2753,1,left_hand,0,True,,2878,3378
S03:T:record05:trial003,S03,A03T.mat,7e731ee8b681d5da6ecb11ae1d4e64b1653c7f15aad5d6b7620b25ce53141e80,T,5,2,2,4172,4171,4671,4,tongue,0,True,,4796,5296
S03:T:record05:trial004,S03,A03T.mat,7e731ee8b681d5da6ecb11ae1d4e64b1653c7f15aad5d6b7620b25ce53141e80,T,5,2,3,6124,6123,6623,2,right_hand,0,True,,6748,7248
S03:T:record05:trial005,S03,A03T.mat,7e731ee8b681d5da6ecb11ae1d4e64b1653c7f15aad5d6b7620b25ce53141e80,T,5,2,4,8132,8131,8631,1,left_hand,0,True,,8756,9256
S03:T:record05:trial006,S03,A03T.mat,7e731ee8b681d5da6ecb11ae1d4e64b1653c7f15aad5d6b7620b25ce53141e80,T,5,2,5,10243,10242,10742,3,feet,0,True,,10867,11367
S03:T:record05:trial007,S03,A03T.mat,7e731ee8b681d5da6ecb11ae1d4e64b1653c7f15aad5d6b7620b25ce53141e80,T,5,2,6,12160,12159,12659,1,left_hand,0,True,,12784,13284
S03:T:record05:trial008,S03,A03T.mat,7e731ee8b681d5da6ecb11ae1d4e64b1653c7f15aad5d6b7620b25ce53141e80,T,5,2,7,14210,14209,14709,3,feet,0,True,,14834,15334
S03:T:record05:trial009,S03,A03T.mat,7e731ee8b681d5da6ecb11ae1d4e64b1653c7f15aad5d6b7620b25ce53141e80,T,5,2,8,16141,16140,16640,2,right_hand,0,True,,16765,17265
S03:T:record05:trial010,S03,A03T.mat,7e731ee8b681d5da6ecb11ae1d4e64b1653c7f15aad5d6b7620b25ce53141e80,T,5,2,9,18139,18138,18638,4,tongue,0,True,,18763,19263
S03:T:record05:trial011,S03,A03T.mat,7e731ee8b681d5da6ecb11ae1d4e64b1653c7f15aad5d6b7620b25ce53141e80,T,5,2,10,20045,20044,20544,1,left_hand,0,True,,20669,21169
S03:T:record05:trial012,S03,A03T.mat,7e731ee8b681d5da6ecb11ae1d4e64b1653c7f15aad5d6b7620b25ce53141e80,T,5,2,11,21940,21939,22439,3,feet,0,True,,22564,23064
S03:T:record05:trial013,S03,A03T.mat,7e731ee8b681d5da6ecb11ae1d4e64b1653c7f15aad5d6b7620b25ce53141e80,T,5,2,12,23912,23911,24411,3,feet,0,True,,24536,25036
S03:T:record05:trial014,S03,A03T.mat,7e731ee8b681d5da6ecb11ae1d4e64b1653c7f15aad5d6b7620b25ce53141e80,T,5,2,13,25856,25855,26355,1,left_hand,0,True,,26480,26980
S03:T:record05:trial015,S03,A03T.mat,7e731ee8b681d5da6ecb11ae1d4e64b1653c7f15aad5d6b7620b25ce53141e80,T,5,2,14,27823,27822,28322,3,feet,0,True,,28447,28947
S03:T:record05:trial016,S03,A03T.mat,7e731ee8b681d5da6ecb11ae1d4e64b1653c7f15aad5d6b7620b25ce53141e80,T,5,2,15,29943,29942,30442,2,right_hand,0,True,,30567,31067
S03:T:record05:trial017,S03,A03T.mat,7e731ee8b681d5da6ecb11ae1d4e64b1653c7f15aad5d6b7620b25ce53141e80,T,5,2,16,31951,31950,32450,4,tongue,0,True,,32575,33075
S03:T:record05:trial018,S03,A03T.mat,7e731ee8b681d5da6ecb11ae1d4e64b1653c7f15aad5d6b7620b25ce53141e80,T,5,2,17,34017,34016,34516,4,tongue,1,False,organizer_artifact_flag,34641,35141
S03:T:record05:trial019,S03,A03T.mat,7e731ee8b681d5da6ecb11ae1d4e64b1653c7f15aad5d6b7620b25ce53141e80,T,5,2,18,36053,36052,36552,4,tongue,0,True,,36677,37177
S03:T:record05:trial020,S03,A03T.mat,7e731ee8b681d5da6ecb11ae1d4e64b1653c7f15aad5d6b7620b25ce53141e80,T,5,2,19,38119,38118,38618,3,feet,0,True,,38743,39243
S03:T:record05:trial021,S03,A03T.mat,7e731ee8b681d5da6ecb11ae1d4e64b1653c7f15aad5d6b7620b25ce53141e80,T,5,2,20,40189,40188,40688,1,left_hand,0,True,,40813,41313
S03:T:record05:trial022,S03,A03T.mat,7e731ee8b681d5da6ecb11ae1d4e64b1653c7f15aad5d6b7620b25ce53141e80,T,5,2,21,42269,42268,42768,4,tongue,0,True,,42893,43393
S03:T:record05:trial023,S03,A03T.mat,7e731ee8b681d5da6ecb11ae1d4e64b1653c7f15aad5d6b7620b25ce53141e80,T,5,2,22,44181,44180,44680,2,right_hand,0,True,,44805,45305
S03:T:record05:trial024,S03,A03T.mat,7e731ee8b681d5da6ecb11ae1d4e64b1653c7f15aad5d6b7620b25ce53141e80,T,5,2,23,46212,46211,46711,4,tongue,0,True,,46836,47336
S03:T:record05:trial025,S03,A03T.mat,7e731ee8b681d5da6ecb11ae1d4e64b1653c7f15aad5d6b7620b25ce53141e80,T,5,2,24,48165,48164,48664,2,right_hand,0,True,,48789,49289
S03:T:record05:trial026,S03,A03T.mat,7e731ee8b681d5da6ecb11ae1d4e64b1653c7f15aad5d6b7620b25ce53141e80,T,5,2,25,50126,50125,50625,1,left_hand,0,True,,50750,51250
S03:T:record05:trial027,S03,A03T.mat,7e731ee8b681d5da6ecb11ae1d4e64b1653c7f15aad5d6b7620b25ce53141e80,T,5,2,26,52230,52229,52729,3,feet,0,True,,52854,53354
S03:T:record05:trial028,S03,A03T.mat,7e731ee8b681d5da6ecb11ae1d4e64b1653c7f15aad5d6b7620b25ce53141e80,T,5,2,27,54234,54233,54733,2,right_hand,0,True,,54858,55358
S03:T:record05:trial029,S03,A03T.mat,7e731ee8b681d5da6ecb11ae1d4e64b1653c7f15aad5d6b7620b25ce53141e80,T,5,2,28,56209,56208,56708,1,left_hand,0,True,,56833,57333
S03:T:record05:trial030,S03,A03T.mat,7e731ee8b681d5da6ecb11ae1d4e64b1653c7f15aad5d6b7620b25ce53141e80,T,5,2,29,58235,58234,58734,3,feet,0,True,,58859,59359
S03:T:record05:trial031,S03,A03T.mat,7e731ee8b681d5da6ecb11ae1d4e64b1653c7f15aad5d6b7620b25ce53141e80,T,5,2,30,60306,60305,60805,3,feet,0,True,,60930,61430
S03:T:record05:trial032,S03,A03T.mat,7e731ee8b681d5da6ecb11ae1d4e64b1653c7f15aad5d6b7620b25ce53141e80,T,5,2,31,62413,62412,62912,1,left_hand,0,True,,63037,63537
S03:T:record05:trial033,S03,A03T.mat,7e731ee8b681d5da6ecb11ae1d4e64b1653c7f15aad5d6b7620b25ce53141e80,T,5,2,32,64505,64504,65004,3,feet,0,True,,65129,65629
S03:T:record05:trial034,S03,A03T.mat,7e731ee8b681d5da6ecb11ae1d4e64b1653c7f15aad5d6b7620b25ce53141e80,T,5,2,33,66596,66595,67095,4,tongue,0,True,,67220,67720
S03:T:record05:trial035,S03,A03T.mat,7e731ee8b681d5da6ecb11ae1d4e64b1653c7f15aad5d6b7620b25ce53141e80,T,5,2,34,68639,68638,69138,4,tongue,0,True,,69263,69763
S03:T:record05:trial036,S03,A03T.mat,7e731ee8b681d5da6ecb11ae1d4e64b1653c7f15aad5d6b7620b25ce53141e80,T,5,2,35,70703,70702,71202,2,right_hand,0,True,,71327,71827
S03:T:record05:trial037,S03,A03T.mat,7e731ee8b681d5da6ecb11ae1d4e64b1653c7f15aad5d6b7620b25ce53141e80,T,5,2,36,72723,72722,73222,1,left_hand,0,True,,73347,73847
S03:T:record05:trial038,S03,A03T.mat,7e731ee8b681d5da6ecb11ae1d4e64b1653c7f15aad5d6b7620b25ce53141e80,T,5,2,37,74695,74694,75194,2,right_hand,0,True,,75319,75819
S03:T:record05:trial039,S03,A03T.mat,7e731ee8b681d5da6ecb11ae1d4e64b1653c7f15aad5d6b7620b25ce53141e80,T,5,2,38,76658,76657,77157,4,tongue,0,True,,77282,77782
S03:T:record05:trial040,S03,A03T.mat,7e731ee8b681d5da6ecb11ae1d4e64b1653c7f15aad5d6b7620b25ce53141e80,T,5,2,39,78583,78582,79082,2,right_hand,0,True,,79207,79707
S03:T:record05:trial041,S03,A03T.mat,7e731ee8b681d5da6ecb11ae1d4e64b1653c7f15aad5d6b7620b25ce53141e80,T,5,2,40,80664,80663,81163,4,tongue,0,True,,81288,81788
S03:T:record05:trial042,S03,A03T.mat,7e731ee8b681d5da6ecb11ae1d4e64b1653c7f15aad5d6b7620b25ce53141e80,T,5,2,41,82642,82641,83141,3,feet,0,True,,83266,83766
S03:T:record05:trial043,S03,A03T.mat,7e731ee8b681d5da6ecb11ae1d4e64b1653c7f15aad5d6b7620b25ce53141e80,T,5,2,42,84632,84631,85131,2,right_hand,0,True,,85256,85756
S03:T:record05:trial044,S03,A03T.mat,7e731ee8b681d5da6ecb11ae1d4e64b1653c7f15aad5d6b7620b25ce53141e80,T,5,2,43,86751,86750,87250,2,right_hand,0,True,,87375,87875
S03:T:record05:trial045,S03,A03T.mat,7e731ee8b681d5da6ecb11ae1d4e64b1653c7f15aad5d6b7620b25ce53141e80,T,5,2,44,88657,88656,89156,2,right_hand,0,True,,89281,89781
S03:T:record05:trial046,S03,A03T.mat,7e731ee8b681d5da6ecb11ae1d4e64b1653c7f15aad5d6b7620b25ce53141e80,T,5,2,45,90585,90584,91084,3,feet,0,True,,91209,91709
S03:T:record05:trial047,S03,A03T.mat,7e731ee8b681d5da6ecb11ae1d4e64b1653c7f15aad5d6b7620b25ce53141e80,T,5,2,46,92699,92698,93198,4,tongue,0,True,,93323,93823
S03:T:record05:trial048,S03,A03T.mat,7e731ee8b681d5da6ecb11ae1d4e64b1653c7f15aad5d6b7620b25ce53141e80,T,5,2,47,94758,94757,95257,1,left_hand,0,True,,95382,95882
S03:T:record06:trial001,S03,A03T.mat,7e731ee8b681d5da6ecb11ae1d4e64b1653c7f15aad5d6b7620b25ce53141e80,T,6,3,0,251,250,750,2,right_hand,1,False,organizer_artifact_flag,875,1375
S03:T:record06:trial002,S03,A03T.mat,7e731ee8b681d5da6ecb11ae1d4e64b1653c7f15aad5d6b7620b25ce53141e80,T,6,3,1,2254,2253,2753,4,tongue,1,False,organizer_artifact_flag,2878,3378
S03:T:record06:trial003,S03,A03T.mat,7e731ee8b681d5da6ecb11ae1d4e64b1653c7f15aad5d6b7620b25ce53141e80,T,6,3,2,4172,4171,4671,1,left_hand,0,True,,4796,5296
S03:T:record06:trial004,S03,A03T.mat,7e731ee8b681d5da6ecb11ae1d4e64b1653c7f15aad5d6b7620b25ce53141e80,T,6,3,3,6124,6123,6623,3,feet,0,True,,6748,7248
S03:T:record06:trial005,S03,A03T.mat,7e731ee8b681d5da6ecb11ae1d4e64b1653c7f15aad5d6b7620b25ce53141e80,T,6,3,4,8132,8131,8631,3,feet,0,True,,8756,9256
S03:T:record06:trial006,S03,A03T.mat,7e731ee8b681d5da6ecb11ae1d4e64b1653c7f15aad5d6b7620b25ce53141e80,T,6,3,5,10243,10242,10742,4,tongue,0,True,,10867,11367
S03:T:record06:trial007,S03,A03T.mat,7e731ee8b681d5da6ecb11ae1d4e64b1653c7f15aad5d6b7620b25ce53141e80,T,6,3,6,12160,12159,12659,1,left_hand,1,False,organizer_artifact_flag,12784,13284
S03:T:record06:trial008,S03,A03T.mat,7e731ee8b681d5da6ecb11ae1d4e64b1653c7f15aad5d6b7620b25ce53141e80,T,6,3,7,14210,14209,14709,1,left_hand,0,True,,14834,15334
S03:T:record06:trial009,S03,A03T.mat,7e731ee8b681d5da6ecb11ae1d4e64b1653c7f15aad5d6b7620b25ce53141e80,T,6,3,8,16141,16140,16640,3,feet,1,False,organizer_artifact_flag,16765,17265
S03:T:record06:trial010,S03,A03T.mat,7e731ee8b681d5da6ecb11ae1d4e64b1653c7f15aad5d6b7620b25ce53141e80,T,6,3,9,18139,18138,18638,2,right_hand,0,True,,18763,19263
S03:T:record06:trial011,S03,A03T.mat,7e731ee8b681d5da6ecb11ae1d4e64b1653c7f15aad5d6b7620b25ce53141e80,T,6,3,10,20045,20044,20544,4,tongue,0,True,,20669,21169
S03:T:record06:trial012,S03,A03T.mat,7e731ee8b681d5da6ecb11ae1d4e64b1653c7f15aad5d6b7620b25ce53141e80,T,6,3,11,21940,21939,22439,4,tongue,0,True,,22564,23064
S03:T:record06:trial013,S03,A03T.mat,7e731ee8b681d5da6ecb11ae1d4e64b1653c7f15aad5d6b7620b25ce53141e80,T,6,3,12,23912,23911,24411,4,tongue,0,True,,24536,25036
S03:T:record06:trial014,S03,A03T.mat,7e731ee8b681d5da6ecb11ae1d4e64b1653c7f15aad5d6b7620b25ce53141e80,T,6,3,13,25856,25855,26355,2,right_hand,0,True,,26480,26980
S03:T:record06:trial015,S03,A03T.mat,7e731ee8b681d5da6ecb11ae1d4e64b1653c7f15aad5d6b7620b25ce53141e80,T,6,3,14,27823,27822,28322,1,left_hand,0,True,,28447,28947
S03:T:record06:trial016,S03,A03T.mat,7e731ee8b681d5da6ecb11ae1d4e64b1653c7f15aad5d6b7620b25ce53141e80,T,6,3,15,29943,29942,30442,3,feet,0,True,,30567,31067
S03:T:record06:trial017,S03,A03T.mat,7e731ee8b681d5da6ecb11ae1d4e64b1653c7f15aad5d6b7620b25ce53141e80,T,6,3,16,31951,31950,32450,2,right_hand,0,True,,32575,33075
S03:T:record06:trial018,S03,A03T.mat,7e731ee8b681d5da6ecb11ae1d4e64b1653c7f15aad5d6b7620b25ce53141e80,T,6,3,17,34017,34016,34516,4,tongue,0,True,,34641,35141
S03:T:record06:trial019,S03,A03T.mat,7e731ee8b681d5da6ecb11ae1d4e64b1653c7f15aad5d6b7620b25ce53141e80,T,6,3,18,36053,36052,36552,1,left_hand,0,True,,36677,37177
S03:T:record06:trial020,S03,A03T.mat,7e731ee8b681d5da6ecb11ae1d4e64b1653c7f15aad5d6b7620b25ce53141e80,T,6,3,19,38119,38118,38618,4,tongue,0,True,,38743,39243
S03:T:record06:trial021,S03,A03T.mat,7e731ee8b681d5da6ecb11ae1d4e64b1653c7f15aad5d6b7620b25ce53141e80,T,6,3,20,40189,40188,40688,3,feet,0,True,,40813,41313
S03:T:record06:trial022,S03,A03T.mat,7e731ee8b681d5da6ecb11ae1d4e64b1653c7f15aad5d6b7620b25ce53141e80,T,6,3,21,42269,42268,42768,2,right_hand,0,True,,42893,43393
S03:T:record06:trial023,S03,A03T.mat,7e731ee8b681d5da6ecb11ae1d4e64b1653c7f15aad5d6b7620b25ce53141e80,T,6,3,22,44181,44180,44680,4,tongue,0,True,,44805,45305
S03:T:record06:trial024,S03,A03T.mat,7e731ee8b681d5da6ecb11ae1d4e64b1653c7f15aad5d6b7620b25ce53141e80,T,6,3,23,46212,46211,46711,4,tongue,0,True,,46836,47336
S03:T:record06:trial025,S03,A03T.mat,7e731ee8b681d5da6ecb11ae1d4e64b1653c7f15aad5d6b7620b25ce53141e80,T,6,3,24,48165,48164,48664,1,left_hand,0,True,,48789,49289
S03:T:record06:trial026,S03,A03T.mat,7e731ee8b681d5da6ecb11ae1d4e64b1653c7f15aad5d6b7620b25ce53141e80,T,6,3,25,50126,50125,50625,2,right_hand,0,True,,50750,51250
S03:T:record06:trial027,S03,A03T.mat,7e731ee8b681d5da6ecb11ae1d4e64b1653c7f15aad5d6b7620b25ce53141e80,T,6,3,26,52230,52229,52729,2,right_hand,0,True,,52854,53354
S03:T:record06:trial028,S03,A03T.mat,7e731ee8b681d5da6ecb11ae1d4e64b1653c7f15aad5d6b7620b25ce53141e80,T,6,3,27,54234,54233,54733,3,feet,0,True,,54858,55358
S03:T:record06:trial029,S03,A03T.mat,7e731ee8b681d5da6ecb11ae1d4e64b1653c7f15aad5d6b7620b25ce53141e80,T,6,3,28,56209,56208,56708,4,tongue,0,True,,56833,57333
S03:T:record06:trial030,S03,A03T.mat,7e731ee8b681d5da6ecb11ae1d4e64b1653c7f15aad5d6b7620b25ce53141e80,T,6,3,29,58235,58234,58734,2,right_hand,0,True,,58859,59359
S03:T:record06:trial031,S03,A03T.mat,7e731ee8b681d5da6ecb11ae1d4e64b1653c7f15aad5d6b7620b25ce53141e80,T,6,3,30,60306,60305,60805,1,left_hand,0,True,,60930,61430
S03:T:record06:trial032,S03,A03T.mat,7e731ee8b681d5da6ecb11ae1d4e64b1653c7f15aad5d6b7620b25ce53141e80,T,6,3,31,62413,62412,62912,1,left_hand,0,True,,63037,63537
S03:T:record06:trial033,S03,A03T.mat,7e731ee8b681d5da6ecb11ae1d4e64b1653c7f15aad5d6b7620b25ce53141e80,T,6,3,32,64505,64504,65004,4,tongue,0,True,,65129,65629
S03:T:record06:trial034,S03,A03T.mat,7e731ee8b681d5da6ecb11ae1d4e64b1653c7f15aad5d6b7620b25ce53141e80,T,6,3,33,66596,66595,67095,2,right_hand,0,True,,67220,67720
S03:T:record06:trial035,S03,A03T.mat,7e731ee8b681d5da6ecb11ae1d4e64b1653c7f15aad5d6b7620b25ce53141e80,T,6,3,34,68639,68638,69138,1,left_hand,0,True,,69263,69763
S03:T:record06:trial036,S03,A03T.mat,7e731ee8b681d5da6ecb11ae1d4e64b1653c7f15aad5d6b7620b25ce53141e80,T,6,3,35,70703,70702,71202,3,feet,1,False,organizer_artifact_flag,71327,71827
S03:T:record06:trial037,S03,A03T.mat,7e731ee8b681d5da6ecb11ae1d4e64b1653c7f15aad5d6b7620b25ce53141e80,T,6,3,36,72723,72722,73222,2,right_hand,1,False,organizer_artifact_flag,73347,73847
S03:T:record06:trial038,S03,A03T.mat,7e731ee8b681d5da6ecb11ae1d4e64b1653c7f15aad5d6b7620b25ce53141e80,T,6,3,37,74695,74694,75194,2,right_hand,0,True,,75319,75819
S03:T:record06:trial039,S03,A03T.mat,7e731ee8b681d5da6ecb11ae1d4e64b1653c7f15aad5d6b7620b25ce53141e80,T,6,3,38,76658,76657,77157,3,feet,0,True,,77282,77782
S03:T:record06:trial040,S03,A03T.mat,7e731ee8b681d5da6ecb11ae1d4e64b1653c7f15aad5d6b7620b25ce53141e80,T,6,3,39,78583,78582,79082,1,left_hand,1,False,organizer_artifact_flag,79207,79707
S03:T:record06:trial041,S03,A03T.mat,7e731ee8b681d5da6ecb11ae1d4e64b1653c7f15aad5d6b7620b25ce53141e80,T,6,3,40,80664,80663,81163,4,tongue,0,True,,81288,81788
S03:T:record06:trial042,S03,A03T.mat,7e731ee8b681d5da6ecb11ae1d4e64b1653c7f15aad5d6b7620b25ce53141e80,T,6,3,41,82642,82641,83141,3,feet,0,True,,83266,83766
S03:T:record06:trial043,S03,A03T.mat,7e731ee8b681d5da6ecb11ae1d4e64b1653c7f15aad5d6b7620b25ce53141e80,T,6,3,42,84632,84631,85131,3,feet,0,True,,85256,85756
S03:T:record06:trial044,S03,A03T.mat,7e731ee8b681d5da6ecb11ae1d4e64b1653c7f15aad5d6b7620b25ce53141e80,T,6,3,43,86751,86750,87250,3,feet,0,True,,87375,87875
S03:T:record06:trial045,S03,A03T.mat,7e731ee8b681d5da6ecb11ae1d4e64b1653c7f15aad5d6b7620b25ce53141e80,T,6,3,44,88657,88656,89156,3,feet,0,True,,89281,89781
S03:T:record06:trial046,S03,A03T.mat,7e731ee8b681d5da6ecb11ae1d4e64b1653c7f15aad5d6b7620b25ce53141e80,T,6,3,45,90585,90584,91084,1,left_hand,0,True,,91209,91709
S03:T:record06:trial047,S03,A03T.mat,7e731ee8b681d5da6ecb11ae1d4e64b1653c7f15aad5d6b7620b25ce53141e80,T,6,3,46,92699,92698,93198,2,right_hand,0,True,,93323,93823
S03:T:record06:trial048,S03,A03T.mat,7e731ee8b681d5da6ecb11ae1d4e64b1653c7f15aad5d6b7620b25ce53141e80,T,6,3,47,94758,94757,95257,1,left_hand,0,True,,95382,95882
S03:T:record07:trial001,S03,A03T.mat,7e731ee8b681d5da6ecb11ae1d4e64b1653c7f15aad5d6b7620b25ce53141e80,T,7,4,0,251,250,750,2,right_hand,0,True,,875,1375
S03:T:record07:trial002,S03,A03T.mat,7e731ee8b681d5da6ecb11ae1d4e64b1653c7f15aad5d6b7620b25ce53141e80,T,7,4,1,2254,2253,2753,1,left_hand,0,True,,2878,3378
S03:T:record07:trial003,S03,A03T.mat,7e731ee8b681d5da6ecb11ae1d4e64b1653c7f15aad5d6b7620b25ce53141e80,T,7,4,2,4172,4171,4671,1,left_hand,0,True,,4796,5296
S03:T:record07:trial004,S03,A03T.mat,7e731ee8b681d5da6ecb11ae1d4e64b1653c7f15aad5d6b7620b25ce53141e80,T,7,4,3,6124,6123,6623,3,feet,0,True,,6748,7248
S03:T:record07:trial005,S03,A03T.mat,7e731ee8b681d5da6ecb11ae1d4e64b1653c7f15aad5d6b7620b25ce53141e80,T,7,4,4,8132,8131,8631,3,feet,0,True,,8756,9256
S03:T:record07:trial006,S03,A03T.mat,7e731ee8b681d5da6ecb11ae1d4e64b1653c7f15aad5d6b7620b25ce53141e80,T,7,4,5,10243,10242,10742,2,right_hand,0,True,,10867,11367
S03:T:record07:trial007,S03,A03T.mat,7e731ee8b681d5da6ecb11ae1d4e64b1653c7f15aad5d6b7620b25ce53141e80,T,7,4,6,12160,12159,12659,3,feet,0,True,,12784,13284
S03:T:record07:trial008,S03,A03T.mat,7e731ee8b681d5da6ecb11ae1d4e64b1653c7f15aad5d6b7620b25ce53141e80,T,7,4,7,14210,14209,14709,4,tongue,0,True,,14834,15334
S03:T:record07:trial009,S03,A03T.mat,7e731ee8b681d5da6ecb11ae1d4e64b1653c7f15aad5d6b7620b25ce53141e80,T,7,4,8,16141,16140,16640,1,left_hand,0,True,,16765,17265
S03:T:record07:trial010,S03,A03T.mat,7e731ee8b681d5da6ecb11ae1d4e64b1653c7f15aad5d6b7620b25ce53141e80,T,7,4,9,18139,18138,18638,4,tongue,0,True,,18763,19263
S03:T:record07:trial011,S03,A03T.mat,7e731ee8b681d5da6ecb11ae1d4e64b1653c7f15aad5d6b7620b25ce53141e80,T,7,4,10,20045,20044,20544,1,left_hand,0,True,,20669,21169
S03:T:record07:trial012,S03,A03T.mat,7e731ee8b681d5da6ecb11ae1d4e64b1653c7f15aad5d6b7620b25ce53141e80,T,7,4,11,21940,21939,22439,1,left_hand,0,True,,22564,23064
S03:T:record07:trial013,S03,A03T.mat,7e731ee8b681d5da6ecb11ae1d4e64b1653c7f15aad5d6b7620b25ce53141e80,T,7,4,12,23912,23911,24411,2,right_hand,0,True,,24536,25036
S03:T:record07:trial014,S03,A03T.mat,7e731ee8b681d5da6ecb11ae1d4e64b1653c7f15aad5d6b7620b25ce53141e80,T,7,4,13,25856,25855,26355,4,tongue,0,True,,26480,26980
S03:T:record07:trial015,S03,A03T.mat,7e731ee8b681d5da6ecb11ae1d4e64b1653c7f15aad5d6b7620b25ce53141e80,T,7,4,14,27823,27822,28322,3,feet,0,True,,28447,28947
S03:T:record07:trial016,S03,A03T.mat,7e731ee8b681d5da6ecb11ae1d4e64b1653c7f15aad5d6b7620b25ce53141e80,T,7,4,15,29943,29942,30442,2,right_hand,0,True,,30567,31067
S03:T:record07:trial017,S03,A03T.mat,7e731ee8b681d5da6ecb11ae1d4e64b1653c7f15aad5d6b7620b25ce53141e80,T,7,4,16,31951,31950,32450,4,tongue,1,False,organizer_artifact_flag,32575,33075
S03:T:record07:trial018,S03,A03T.mat,7e731ee8b681d5da6ecb11ae1d4e64b1653c7f15aad5d6b7620b25ce53141e80,T,7,4,17,34017,34016,34516,3,feet,0,True,,34641,35141
S03:T:record07:trial019,S03,A03T.mat,7e731ee8b681d5da6ecb11ae1d4e64b1653c7f15aad5d6b7620b25ce53141e80,T,7,4,18,36053,36052,36552,4,tongue,0,True,,36677,37177
S03:T:record07:trial020,S03,A03T.mat,7e731ee8b681d5da6ecb11ae1d4e64b1653c7f15aad5d6b7620b25ce53141e80,T,7,4,19,38119,38118,38618,3,feet,0,True,,38743,39243
S03:T:record07:trial021,S03,A03T.mat,7e731ee8b681d5da6ecb11ae1d4e64b1653c7f15aad5d6b7620b25ce53141e80,T,7,4,20,40189,40188,40688,4,tongue,1,False,organizer_artifact_flag,40813,41313
S03:T:record07:trial022,S03,A03T.mat,7e731ee8b681d5da6ecb11ae1d4e64b1653c7f15aad5d6b7620b25ce53141e80,T,7,4,21,42269,42268,42768,2,right_hand,0,True,,42893,43393
S03:T:record07:trial023,S03,A03T.mat,7e731ee8b681d5da6ecb11ae1d4e64b1653c7f15aad5d6b7620b25ce53141e80,T,7,4,22,44181,44180,44680,2,right_hand,0,True,,44805,45305
S03:T:record07:trial024,S03,A03T.mat,7e731ee8b681d5da6ecb11ae1d4e64b1653c7f15aad5d6b7620b25ce53141e80,T,7,4,23,46212,46211,46711,4,tongue,0,True,,46836,47336
S03:T:record07:trial025,S03,A03T.mat,7e731ee8b681d5da6ecb11ae1d4e64b1653c7f15aad5d6b7620b25ce53141e80,T,7,4,24,48165,48164,48664,1,left_hand,0,True,,48789,49289
S03:T:record07:trial026,S03,A03T.mat,7e731ee8b681d5da6ecb11ae1d4e64b1653c7f15aad5d6b7620b25ce53141e80,T,7,4,25,50126,50125,50625,2,right_hand,0,True,,50750,51250
S03:T:record07:trial027,S03,A03T.mat,7e731ee8b681d5da6ecb11ae1d4e64b1653c7f15aad5d6b7620b25ce53141e80,T,7,4,26,52230,52229,52729,2,right_hand,0,True,,52854,53354
S03:T:record07:trial028,S03,A03T.mat,7e731ee8b681d5da6ecb11ae1d4e64b1653c7f15aad5d6b7620b25ce53141e80,T,7,4,27,54234,54233,54733,2,right_hand,0,True,,54858,55358
S03:T:record07:trial029,S03,A03T.mat,7e731ee8b681d5da6ecb11ae1d4e64b1653c7f15aad5d6b7620b25ce53141e80,T,7,4,28,56209,56208,56708,3,feet,0,True,,56833,57333
S03:T:record07:trial030,S03,A03T.mat,7e731ee8b681d5da6ecb11ae1d4e64b1653c7f15aad5d6b7620b25ce53141e80,T,7,4,29,58235,58234,58734,4,tongue,0,True,,58859,59359
S03:T:record07:trial031,S03,A03T.mat,7e731ee8b681d5da6ecb11ae1d4e64b1653c7f15aad5d6b7620b25ce53141e80,T,7,4,30,60306,60305,60805,1,left_hand,0,True,,60930,61430
S03:T:record07:trial032,S03,A03T.mat,7e731ee8b681d5da6ecb11ae1d4e64b1653c7f15aad5d6b7620b25ce53141e80,T,7,4,31,62413,62412,62912,4,tongue,0,True,,63037,63537
S03:T:record07:trial033,S03,A03T.mat,7e731ee8b681d5da6ecb11ae1d4e64b1653c7f15aad5d6b7620b25ce53141e80,T,7,4,32,64505,64504,65004,1,left_hand,0,True,,65129,65629
S03:T:record07:trial034,S03,A03T.mat,7e731ee8b681d5da6ecb11ae1d4e64b1653c7f15aad5d6b7620b25ce53141e80,T,7,4,33,66596,66595,67095,3,feet,0,True,,67220,67720
S03:T:record07:trial035,S03,A03T.mat,7e731ee8b681d5da6ecb11ae1d4e64b1653c7f15aad5d6b7620b25ce53141e80,T,7,4,34,68639,68638,69138,1,left_hand,0,True,,69263,69763
S03:T:record07:trial036,S03,A03T.mat,7e731ee8b681d5da6ecb11ae1d4e64b1653c7f15aad5d6b7620b25ce53141e80,T,7,4,35,70703,70702,71202,4,tongue,0,True,,71327,71827
S03:T:record07:trial037,S03,A03T.mat,7e731ee8b681d5da6ecb11ae1d4e64b1653c7f15aad5d6b7620b25ce53141e80,T,7,4,36,72723,72722,73222,1,left_hand,0,True,,73347,73847
S03:T:record07:trial038,S03,A03T.mat,7e731ee8b681d5da6ecb11ae1d4e64b1653c7f15aad5d6b7620b25ce53141e80,T,7,4,37,74695,74694,75194,3,feet,0,True,,75319,75819
S03:T:record07:trial039,S03,A03T.mat,7e731ee8b681d5da6ecb11ae1d4e64b1653c7f15aad5d6b7620b25ce53141e80,T,7,4,38,76658,76657,77157,1,left_hand,0,True,,77282,77782
S03:T:record07:trial040,S03,A03T.mat,7e731ee8b681d5da6ecb11ae1d4e64b1653c7f15aad5d6b7620b25ce53141e80,T,7,4,39,78583,78582,79082,2,right_hand,0,True,,79207,79707
S03:T:record07:trial041,S03,A03T.mat,7e731ee8b681d5da6ecb11ae1d4e64b1653c7f15aad5d6b7620b25ce53141e80,T,7,4,40,80664,80663,81163,3,feet,0,True,,81288,81788
S03:T:record07:trial042,S03,A03T.mat,7e731ee8b681d5da6ecb11ae1d4e64b1653c7f15aad5d6b7620b25ce53141e80,T,7,4,41,82642,82641,83141,3,feet,0,True,,83266,83766
S03:T:record07:trial043,S03,A03T.mat,7e731ee8b681d5da6ecb11ae1d4e64b1653c7f15aad5d6b7620b25ce53141e80,T,7,4,42,84632,84631,85131,4,tongue,0,True,,85256,85756
S03:T:record07:trial044,S03,A03T.mat,7e731ee8b681d5da6ecb11ae1d4e64b1653c7f15aad5d6b7620b25ce53141e80,T,7,4,43,86751,86750,87250,1,left_hand,0,True,,87375,87875
S03:T:record07:trial045,S03,A03T.mat,7e731ee8b681d5da6ecb11ae1d4e64b1653c7f15aad5d6b7620b25ce53141e80,T,7,4,44,88657,88656,89156,2,right_hand,0,True,,89281,89781
S03:T:record07:trial046,S03,A03T.mat,7e731ee8b681d5da6ecb11ae1d4e64b1653c7f15aad5d6b7620b25ce53141e80,T,7,4,45,90585,90584,91084,4,tongue,0,True,,91209,91709
S03:T:record07:trial047,S03,A03T.mat,7e731ee8b681d5da6ecb11ae1d4e64b1653c7f15aad5d6b7620b25ce53141e80,T,7,4,46,92699,92698,93198,2,right_hand,0,True,,93323,93823
S03:T:record07:trial048,S03,A03T.mat,7e731ee8b681d5da6ecb11ae1d4e64b1653c7f15aad5d6b7620b25ce53141e80,T,7,4,47,94758,94757,95257,3,feet,0,True,,95382,95882
S03:T:record08:trial001,S03,A03T.mat,7e731ee8b681d5da6ecb11ae1d4e64b1653c7f15aad5d6b7620b25ce53141e80,T,8,5,0,251,250,750,3,feet,0,True,,875,1375
S03:T:record08:trial002,S03,A03T.mat,7e731ee8b681d5da6ecb11ae1d4e64b1653c7f15aad5d6b7620b25ce53141e80,T,8,5,1,2254,2253,2753,1,left_hand,0,True,,2878,3378
S03:T:record08:trial003,S03,A03T.mat,7e731ee8b681d5da6ecb11ae1d4e64b1653c7f15aad5d6b7620b25ce53141e80,T,8,5,2,4172,4171,4671,4,tongue,0,True,,4796,5296
S03:T:record08:trial004,S03,A03T.mat,7e731ee8b681d5da6ecb11ae1d4e64b1653c7f15aad5d6b7620b25ce53141e80,T,8,5,3,6124,6123,6623,2,right_hand,0,True,,6748,7248
S03:T:record08:trial005,S03,A03T.mat,7e731ee8b681d5da6ecb11ae1d4e64b1653c7f15aad5d6b7620b25ce53141e80,T,8,5,4,8132,8131,8631,4,tongue,0,True,,8756,9256
S03:T:record08:trial006,S03,A03T.mat,7e731ee8b681d5da6ecb11ae1d4e64b1653c7f15aad5d6b7620b25ce53141e80,T,8,5,5,10243,10242,10742,1,left_hand,0,True,,10867,11367
S03:T:record08:trial007,S03,A03T.mat,7e731ee8b681d5da6ecb11ae1d4e64b1653c7f15aad5d6b7620b25ce53141e80,T,8,5,6,12160,12159,12659,1,left_hand,0,True,,12784,13284
S03:T:record08:trial008,S03,A03T.mat,7e731ee8b681d5da6ecb11ae1d4e64b1653c7f15aad5d6b7620b25ce53141e80,T,8,5,7,14210,14209,14709,3,feet,0,True,,14834,15334
S03:T:record08:trial009,S03,A03T.mat,7e731ee8b681d5da6ecb11ae1d4e64b1653c7f15aad5d6b7620b25ce53141e80,T,8,5,8,16141,16140,16640,3,feet,0,True,,16765,17265
S03:T:record08:trial010,S03,A03T.mat,7e731ee8b681d5da6ecb11ae1d4e64b1653c7f15aad5d6b7620b25ce53141e80,T,8,5,9,18139,18138,18638,2,right_hand,0,True,,18763,19263
S03:T:record08:trial011,S03,A03T.mat,7e731ee8b681d5da6ecb11ae1d4e64b1653c7f15aad5d6b7620b25ce53141e80,T,8,5,10,20045,20044,20544,4,tongue,1,False,organizer_artifact_flag,20669,21169
S03:T:record08:trial012,S03,A03T.mat,7e731ee8b681d5da6ecb11ae1d4e64b1653c7f15aad5d6b7620b25ce53141e80,T,8,5,11,21940,21939,22439,2,right_hand,0,True,,22564,23064
S03:T:record08:trial013,S03,A03T.mat,7e731ee8b681d5da6ecb11ae1d4e64b1653c7f15aad5d6b7620b25ce53141e80,T,8,5,12,23912,23911,24411,2,right_hand,0,True,,24536,25036
S03:T:record08:trial014,S03,A03T.mat,7e731ee8b681d5da6ecb11ae1d4e64b1653c7f15aad5d6b7620b25ce53141e80,T,8,5,13,25856,25855,26355,1,left_hand,0,True,,26480,26980
S03:T:record08:trial015,S03,A03T.mat,7e731ee8b681d5da6ecb11ae1d4e64b1653c7f15aad5d6b7620b25ce53141e80,T,8,5,14,27823,27822,28322,2,right_hand,0,True,,28447,28947
S03:T:record08:trial016,S03,A03T.mat,7e731ee8b681d5da6ecb11ae1d4e64b1653c7f15aad5d6b7620b25ce53141e80,T,8,5,15,29943,29942,30442,4,tongue,0,True,,30567,31067
S03:T:record08:trial017,S03,A03T.mat,7e731ee8b681d5da6ecb11ae1d4e64b1653c7f15aad5d6b7620b25ce53141e80,T,8,5,16,31951,31950,32450,4,tongue,0,True,,32575,33075
S03:T:record08:trial018,S03,A03T.mat,7e731ee8b681d5da6ecb11ae1d4e64b1653c7f15aad5d6b7620b25ce53141e80,T,8,5,17,34017,34016,34516,2,right_hand,0,True,,34641,35141
S03:T:record08:trial019,S03,A03T.mat,7e731ee8b681d5da6ecb11ae1d4e64b1653c7f15aad5d6b7620b25ce53141e80,T,8,5,18,36053,36052,36552,2,right_hand,0,True,,36677,37177
S03:T:record08:trial020,S03,A03T.mat,7e731ee8b681d5da6ecb11ae1d4e64b1653c7f15aad5d6b7620b25ce53141e80,T,8,5,19,38119,38118,38618,2,right_hand,0,True,,38743,39243
S03:T:record08:trial021,S03,A03T.mat,7e731ee8b681d5da6ecb11ae1d4e64b1653c7f15aad5d6b7620b25ce53141e80,T,8,5,20,40189,40188,40688,2,right_hand,0,True,,40813,41313
S03:T:record08:trial022,S03,A03T.mat,7e731ee8b681d5da6ecb11ae1d4e64b1653c7f15aad5d6b7620b25ce53141e80,T,8,5,21,42269,42268,42768,4,tongue,0,True,,42893,43393
S03:T:record08:trial023,S03,A03T.mat,7e731ee8b681d5da6ecb11ae1d4e64b1653c7f15aad5d6b7620b25ce53141e80,T,8,5,22,44181,44180,44680,4,tongue,0,True,,44805,45305
S03:T:record08:trial024,S03,A03T.mat,7e731ee8b681d5da6ecb11ae1d4e64b1653c7f15aad5d6b7620b25ce53141e80,T,8,5,23,46212,46211,46711,3,feet,0,True,,46836,47336
S03:T:record08:trial025,S03,A03T.mat,7e731ee8b681d5da6ecb11ae1d4e64b1653c7f15aad5d6b7620b25ce53141e80,T,8,5,24,48165,48164,48664,4,tongue,0,True,,48789,49289
S03:T:record08:trial026,S03,A03T.mat,7e731ee8b681d5da6ecb11ae1d4e64b1653c7f15aad5d6b7620b25ce53141e80,T,8,5,25,50126,50125,50625,1,left_hand,0,True,,50750,51250
S03:T:record08:trial027,S03,A03T.mat,7e731ee8b681d5da6ecb11ae1d4e64b1653c7f15aad5d6b7620b25ce53141e80,T,8,5,26,52230,52229,52729,2,right_hand,0,True,,52854,53354
S03:T:record08:trial028,S03,A03T.mat,7e731ee8b681d5da6ecb11ae1d4e64b1653c7f15aad5d6b7620b25ce53141e80,T,8,5,27,54234,54233,54733,3,feet,0,True,,54858,55358
S03:T:record08:trial029,S03,A03T.mat,7e731ee8b681d5da6ecb11ae1d4e64b1653c7f15aad5d6b7620b25ce53141e80,T,8,5,28,56209,56208,56708,2,right_hand,0,True,,56833,57333
S03:T:record08:trial030,S03,A03T.mat,7e731ee8b681d5da6ecb11ae1d4e64b1653c7f15aad5d6b7620b25ce53141e80,T,8,5,29,58235,58234,58734,1,left_hand,0,True,,58859,59359
S03:T:record08:trial031,S03,A03T.mat,7e731ee8b681d5da6ecb11ae1d4e64b1653c7f15aad5d6b7620b25ce53141e80,T,8,5,30,60306,60305,60805,4,tongue,0,True,,60930,61430
S03:T:record08:trial032,S03,A03T.mat,7e731ee8b681d5da6ecb11ae1d4e64b1653c7f15aad5d6b7620b25ce53141e80,T,8,5,31,62413,62412,62912,1,left_hand,0,True,,63037,63537
S03:T:record08:trial033,S03,A03T.mat,7e731ee8b681d5da6ecb11ae1d4e64b1653c7f15aad5d6b7620b25ce53141e80,T,8,5,32,64505,64504,65004,4,tongue,0,True,,65129,65629
S03:T:record08:trial034,S03,A03T.mat,7e731ee8b681d5da6ecb11ae1d4e64b1653c7f15aad5d6b7620b25ce53141e80,T,8,5,33,66596,66595,67095,1,left_hand,0,True,,67220,67720
S03:T:record08:trial035,S03,A03T.mat,7e731ee8b681d5da6ecb11ae1d4e64b1653c7f15aad5d6b7620b25ce53141e80,T,8,5,34,68639,68638,69138,1,left_hand,0,True,,69263,69763
S03:T:record08:trial036,S03,A03T.mat,7e731ee8b681d5da6ecb11ae1d4e64b1653c7f15aad5d6b7620b25ce53141e80,T,8,5,35,70703,70702,71202,1,left_hand,0,True,,71327,71827
S03:T:record08:trial037,S03,A03T.mat,7e731ee8b681d5da6ecb11ae1d4e64b1653c7f15aad5d6b7620b25ce53141e80,T,8,5,36,72723,72722,73222,1,left_hand,0,True,,73347,73847
S03:T:record08:trial038,S03,A03T.mat,7e731ee8b681d5da6ecb11ae1d4e64b1653c7f15aad5d6b7620b25ce53141e80,T,8,5,37,74695,74694,75194,3,feet,0,True,,75319,75819
S03:T:record08:trial039,S03,A03T.mat,7e731ee8b681d5da6ecb11ae1d4e64b1653c7f15aad5d6b7620b25ce53141e80,T,8,5,38,76658,76657,77157,3,feet,0,True,,77282,77782
S03:T:record08:trial040,S03,A03T.mat,7e731ee8b681d5da6ecb11ae1d4e64b1653c7f15aad5d6b7620b25ce53141e80,T,8,5,39,78583,78582,79082,4,tongue,0,True,,79207,79707
S03:T:record08:trial041,S03,A03T.mat,7e731ee8b681d5da6ecb11ae1d4e64b1653c7f15aad5d6b7620b25ce53141e80,T,8,5,40,80664,80663,81163,2,right_hand,0,True,,81288,81788
S03:T:record08:trial042,S03,A03T.mat,7e731ee8b681d5da6ecb11ae1d4e64b1653c7f15aad5d6b7620b25ce53141e80,T,8,5,41,82642,82641,83141,3,feet,0,True,,83266,83766
S03:T:record08:trial043,S03,A03T.mat,7e731ee8b681d5da6ecb11ae1d4e64b1653c7f15aad5d6b7620b25ce53141e80,T,8,5,42,84632,84631,85131,3,feet,0,True,,85256,85756
S03:T:record08:trial044,S03,A03T.mat,7e731ee8b681d5da6ecb11ae1d4e64b1653c7f15aad5d6b7620b25ce53141e80,T,8,5,43,86751,86750,87250,3,feet,0,True,,87375,87875
S03:T:record08:trial045,S03,A03T.mat,7e731ee8b681d5da6ecb11ae1d4e64b1653c7f15aad5d6b7620b25ce53141e80,T,8,5,44,88657,88656,89156,4,tongue,0,True,,89281,89781
S03:T:record08:trial046,S03,A03T.mat,7e731ee8b681d5da6ecb11ae1d4e64b1653c7f15aad5d6b7620b25ce53141e80,T,8,5,45,90585,90584,91084,3,feet,0,True,,91209,91709
S03:T:record08:trial047,S03,A03T.mat,7e731ee8b681d5da6ecb11ae1d4e64b1653c7f15aad5d6b7620b25ce53141e80,T,8,5,46,92699,92698,93198,1,left_hand,0,True,,93323,93823
S03:T:record08:trial048,S03,A03T.mat,7e731ee8b681d5da6ecb11ae1d4e64b1653c7f15aad5d6b7620b25ce53141e80,T,8,5,47,94758,94757,95257,3,feet,0,True,,95382,95882
S03:E:record03:trial001,S03,A03E.mat,d4229267ec7624fa8bd3af5cbebac17f415f7c722de6cb676748f8cb3b717d97,E,3,0,0,251,250,750,1,left_hand,0,True,,875,1375
S03:E:record03:trial002,S03,A03E.mat,d4229267ec7624fa8bd3af5cbebac17f415f7c722de6cb676748f8cb3b717d97,E,3,0,1,2254,2253,2753,2,right_hand,0,True,,2878,3378
S03:E:record03:trial003,S03,A03E.mat,d4229267ec7624fa8bd3af5cbebac17f415f7c722de6cb676748f8cb3b717d97,E,3,0,2,4172,4171,4671,2,right_hand,1,False,organizer_artifact_flag,4796,5296
S03:E:record03:trial004,S03,A03E.mat,d4229267ec7624fa8bd3af5cbebac17f415f7c722de6cb676748f8cb3b717d97,E,3,0,3,6124,6123,6623,1,left_hand,0,True,,6748,7248
S03:E:record03:trial005,S03,A03E.mat,d4229267ec7624fa8bd3af5cbebac17f415f7c722de6cb676748f8cb3b717d97,E,3,0,4,8132,8131,8631,2,right_hand,0,True,,8756,9256
S03:E:record03:trial006,S03,A03E.mat,d4229267ec7624fa8bd3af5cbebac17f415f7c722de6cb676748f8cb3b717d97,E,3,0,5,10243,10242,10742,1,left_hand,0,True,,10867,11367
S03:E:record03:trial007,S03,A03E.mat,d4229267ec7624fa8bd3af5cbebac17f415f7c722de6cb676748f8cb3b717d97,E,3,0,6,12160,12159,12659,2,right_hand,0,True,,12784,13284
S03:E:record03:trial008,S03,A03E.mat,d4229267ec7624fa8bd3af5cbebac17f415f7c722de6cb676748f8cb3b717d97,E,3,0,7,14210,14209,14709,3,feet,0,True,,14834,15334
S03:E:record03:trial009,S03,A03E.mat,d4229267ec7624fa8bd3af5cbebac17f415f7c722de6cb676748f8cb3b717d97,E,3,0,8,16141,16140,16640,2,right_hand,0,True,,16765,17265
S03:E:record03:trial010,S03,A03E.mat,d4229267ec7624fa8bd3af5cbebac17f415f7c722de6cb676748f8cb3b717d97,E,3,0,9,18139,18138,18638,4,tongue,0,True,,18763,19263
S03:E:record03:trial011,S03,A03E.mat,d4229267ec7624fa8bd3af5cbebac17f415f7c722de6cb676748f8cb3b717d97,E,3,0,10,20045,20044,20544,1,left_hand,1,False,organizer_artifact_flag,20669,21169
S03:E:record03:trial012,S03,A03E.mat,d4229267ec7624fa8bd3af5cbebac17f415f7c722de6cb676748f8cb3b717d97,E,3,0,11,21940,21939,22439,3,feet,0,True,,22564,23064
S03:E:record03:trial013,S03,A03E.mat,d4229267ec7624fa8bd3af5cbebac17f415f7c722de6cb676748f8cb3b717d97,E,3,0,12,23912,23911,24411,2,right_hand,0,True,,24536,25036
S03:E:record03:trial014,S03,A03E.mat,d4229267ec7624fa8bd3af5cbebac17f415f7c722de6cb676748f8cb3b717d97,E,3,0,13,25856,25855,26355,1,left_hand,0,True,,26480,26980
S03:E:record03:trial015,S03,A03E.mat,d4229267ec7624fa8bd3af5cbebac17f415f7c722de6cb676748f8cb3b717d97,E,3,0,14,27823,27822,28322,4,tongue,0,True,,28447,28947
S03:E:record03:trial016,S03,A03E.mat,d4229267ec7624fa8bd3af5cbebac17f415f7c722de6cb676748f8cb3b717d97,E,3,0,15,29943,29942,30442,4,tongue,0,True,,30567,31067
S03:E:record03:trial017,S03,A03E.mat,d4229267ec7624fa8bd3af5cbebac17f415f7c722de6cb676748f8cb3b717d97,E,3,0,16,31951,31950,32450,4,tongue,0,True,,32575,33075
S03:E:record03:trial018,S03,A03E.mat,d4229267ec7624fa8bd3af5cbebac17f415f7c722de6cb676748f8cb3b717d97,E,3,0,17,34017,34016,34516,4,tongue,0,True,,34641,35141
S03:E:record03:trial019,S03,A03E.mat,d4229267ec7624fa8bd3af5cbebac17f415f7c722de6cb676748f8cb3b717d97,E,3,0,18,36053,36052,36552,4,tongue,0,True,,36677,37177
S03:E:record03:trial020,S03,A03E.mat,d4229267ec7624fa8bd3af5cbebac17f415f7c722de6cb676748f8cb3b717d97,E,3,0,19,38119,38118,38618,1,left_hand,0,True,,38743,39243
S03:E:record03:trial021,S03,A03E.mat,d4229267ec7624fa8bd3af5cbebac17f415f7c722de6cb676748f8cb3b717d97,E,3,0,20,40189,40188,40688,3,feet,0,True,,40813,41313
S03:E:record03:trial022,S03,A03E.mat,d4229267ec7624fa8bd3af5cbebac17f415f7c722de6cb676748f8cb3b717d97,E,3,0,21,42269,42268,42768,2,right_hand,0,True,,42893,43393
S03:E:record03:trial023,S03,A03E.mat,d4229267ec7624fa8bd3af5cbebac17f415f7c722de6cb676748f8cb3b717d97,E,3,0,22,44181,44180,44680,1,left_hand,0,True,,44805,45305
S03:E:record03:trial024,S03,A03E.mat,d4229267ec7624fa8bd3af5cbebac17f415f7c722de6cb676748f8cb3b717d97,E,3,0,23,46212,46211,46711,1,left_hand,0,True,,46836,47336
S03:E:record03:trial025,S03,A03E.mat,d4229267ec7624fa8bd3af5cbebac17f415f7c722de6cb676748f8cb3b717d97,E,3,0,24,48165,48164,48664,3,feet,0,True,,48789,49289
S03:E:record03:trial026,S03,A03E.mat,d4229267ec7624fa8bd3af5cbebac17f415f7c722de6cb676748f8cb3b717d97,E,3,0,25,50126,50125,50625,4,tongue,0,True,,50750,51250
S03:E:record03:trial027,S03,A03E.mat,d4229267ec7624fa8bd3af5cbebac17f415f7c722de6cb676748f8cb3b717d97,E,3,0,26,52230,52229,52729,1,left_hand,0,True,,52854,53354
S03:E:record03:trial028,S03,A03E.mat,d4229267ec7624fa8bd3af5cbebac17f415f7c722de6cb676748f8cb3b717d97,E,3,0,27,54234,54233,54733,3,feet,0,True,,54858,55358
S03:E:record03:trial029,S03,A03E.mat,d4229267ec7624fa8bd3af5cbebac17f415f7c722de6cb676748f8cb3b717d97,E,3,0,28,56209,56208,56708,3,feet,0,True,,56833,57333
S03:E:record03:trial030,S03,A03E.mat,d4229267ec7624fa8bd3af5cbebac17f415f7c722de6cb676748f8cb3b717d97,E,3,0,29,58235,58234,58734,3,feet,0,True,,58859,59359
S03:E:record03:trial031,S03,A03E.mat,d4229267ec7624fa8bd3af5cbebac17f415f7c722de6cb676748f8cb3b717d97,E,3,0,30,60306,60305,60805,1,left_hand,0,True,,60930,61430
S03:E:record03:trial032,S03,A03E.mat,d4229267ec7624fa8bd3af5cbebac17f415f7c722de6cb676748f8cb3b717d97,E,3,0,31,62413,62412,62912,2,right_hand,0,True,,63037,63537
S03:E:record03:trial033,S03,A03E.mat,d4229267ec7624fa8bd3af5cbebac17f415f7c722de6cb676748f8cb3b717d97,E,3,0,32,64505,64504,65004,1,left_hand,0,True,,65129,65629
S03:E:record03:trial034,S03,A03E.mat,d4229267ec7624fa8bd3af5cbebac17f415f7c722de6cb676748f8cb3b717d97,E,3,0,33,66596,66595,67095,2,right_hand,0,True,,67220,67720
S03:E:record03:trial035,S03,A03E.mat,d4229267ec7624fa8bd3af5cbebac17f415f7c722de6cb676748f8cb3b717d97,E,3,0,34,68639,68638,69138,2,right_hand,0,True,,69263,69763
S03:E:record03:trial036,S03,A03E.mat,d4229267ec7624fa8bd3af5cbebac17f415f7c722de6cb676748f8cb3b717d97,E,3,0,35,70703,70702,71202,1,left_hand,0,True,,71327,71827
S03:E:record03:trial037,S03,A03E.mat,d4229267ec7624fa8bd3af5cbebac17f415f7c722de6cb676748f8cb3b717d97,E,3,0,36,72723,72722,73222,2,right_hand,0,True,,73347,73847
S03:E:record03:trial038,S03,A03E.mat,d4229267ec7624fa8bd3af5cbebac17f415f7c722de6cb676748f8cb3b717d97,E,3,0,37,74695,74694,75194,3,feet,0,True,,75319,75819
S03:E:record03:trial039,S03,A03E.mat,d4229267ec7624fa8bd3af5cbebac17f415f7c722de6cb676748f8cb3b717d97,E,3,0,38,76658,76657,77157,2,right_hand,0,True,,77282,77782
S03:E:record03:trial040,S03,A03E.mat,d4229267ec7624fa8bd3af5cbebac17f415f7c722de6cb676748f8cb3b717d97,E,3,0,39,78583,78582,79082,3,feet,0,True,,79207,79707
S03:E:record03:trial041,S03,A03E.mat,d4229267ec7624fa8bd3af5cbebac17f415f7c722de6cb676748f8cb3b717d97,E,3,0,40,80664,80663,81163,3,feet,0,True,,81288,81788
S03:E:record03:trial042,S03,A03E.mat,d4229267ec7624fa8bd3af5cbebac17f415f7c722de6cb676748f8cb3b717d97,E,3,0,41,82642,82641,83141,4,tongue,0,True,,83266,83766
S03:E:record03:trial043,S03,A03E.mat,d4229267ec7624fa8bd3af5cbebac17f415f7c722de6cb676748f8cb3b717d97,E,3,0,42,84632,84631,85131,3,feet,0,True,,85256,85756
S03:E:record03:trial044,S03,A03E.mat,d4229267ec7624fa8bd3af5cbebac17f415f7c722de6cb676748f8cb3b717d97,E,3,0,43,86751,86750,87250,3,feet,0,True,,87375,87875
S03:E:record03:trial045,S03,A03E.mat,d4229267ec7624fa8bd3af5cbebac17f415f7c722de6cb676748f8cb3b717d97,E,3,0,44,88657,88656,89156,4,tongue,0,True,,89281,89781
S03:E:record03:trial046,S03,A03E.mat,d4229267ec7624fa8bd3af5cbebac17f415f7c722de6cb676748f8cb3b717d97,E,3,0,45,90585,90584,91084,4,tongue,0,True,,91209,91709
S03:E:record03:trial047,S03,A03E.mat,d4229267ec7624fa8bd3af5cbebac17f415f7c722de6cb676748f8cb3b717d97,E,3,0,46,92699,92698,93198,4,tongue,0,True,,93323,93823
S03:E:record03:trial048,S03,A03E.mat,d4229267ec7624fa8bd3af5cbebac17f415f7c722de6cb676748f8cb3b717d97,E,3,0,47,94758,94757,95257,4,tongue,0,True,,95382,95882
S03:E:record04:trial001,S03,A03E.mat,d4229267ec7624fa8bd3af5cbebac17f415f7c722de6cb676748f8cb3b717d97,E,4,1,0,251,250,750,4,tongue,0,True,,875,1375
S03:E:record04:trial002,S03,A03E.mat,d4229267ec7624fa8bd3af5cbebac17f415f7c722de6cb676748f8cb3b717d97,E,4,1,1,2254,2253,2753,3,feet,0,True,,2878,3378
S03:E:record04:trial003,S03,A03E.mat,d4229267ec7624fa8bd3af5cbebac17f415f7c722de6cb676748f8cb3b717d97,E,4,1,2,4172,4171,4671,2,right_hand,0,True,,4796,5296
S03:E:record04:trial004,S03,A03E.mat,d4229267ec7624fa8bd3af5cbebac17f415f7c722de6cb676748f8cb3b717d97,E,4,1,3,6124,6123,6623,1,left_hand,0,True,,6748,7248
S03:E:record04:trial005,S03,A03E.mat,d4229267ec7624fa8bd3af5cbebac17f415f7c722de6cb676748f8cb3b717d97,E,4,1,4,8132,8131,8631,1,left_hand,1,False,organizer_artifact_flag,8756,9256
S03:E:record04:trial006,S03,A03E.mat,d4229267ec7624fa8bd3af5cbebac17f415f7c722de6cb676748f8cb3b717d97,E,4,1,5,10243,10242,10742,2,right_hand,0,True,,10867,11367
S03:E:record04:trial007,S03,A03E.mat,d4229267ec7624fa8bd3af5cbebac17f415f7c722de6cb676748f8cb3b717d97,E,4,1,6,12160,12159,12659,3,feet,0,True,,12784,13284
S03:E:record04:trial008,S03,A03E.mat,d4229267ec7624fa8bd3af5cbebac17f415f7c722de6cb676748f8cb3b717d97,E,4,1,7,14210,14209,14709,4,tongue,1,False,organizer_artifact_flag,14834,15334
S03:E:record04:trial009,S03,A03E.mat,d4229267ec7624fa8bd3af5cbebac17f415f7c722de6cb676748f8cb3b717d97,E,4,1,8,16141,16140,16640,2,right_hand,0,True,,16765,17265
S03:E:record04:trial010,S03,A03E.mat,d4229267ec7624fa8bd3af5cbebac17f415f7c722de6cb676748f8cb3b717d97,E,4,1,9,18139,18138,18638,3,feet,0,True,,18763,19263
S03:E:record04:trial011,S03,A03E.mat,d4229267ec7624fa8bd3af5cbebac17f415f7c722de6cb676748f8cb3b717d97,E,4,1,10,20045,20044,20544,1,left_hand,0,True,,20669,21169
S03:E:record04:trial012,S03,A03E.mat,d4229267ec7624fa8bd3af5cbebac17f415f7c722de6cb676748f8cb3b717d97,E,4,1,11,21940,21939,22439,1,left_hand,0,True,,22564,23064
S03:E:record04:trial013,S03,A03E.mat,d4229267ec7624fa8bd3af5cbebac17f415f7c722de6cb676748f8cb3b717d97,E,4,1,12,23912,23911,24411,1,left_hand,0,True,,24536,25036
S03:E:record04:trial014,S03,A03E.mat,d4229267ec7624fa8bd3af5cbebac17f415f7c722de6cb676748f8cb3b717d97,E,4,1,13,25856,25855,26355,4,tongue,0,True,,26480,26980
S03:E:record04:trial015,S03,A03E.mat,d4229267ec7624fa8bd3af5cbebac17f415f7c722de6cb676748f8cb3b717d97,E,4,1,14,27823,27822,28322,2,right_hand,0,True,,28447,28947
S03:E:record04:trial016,S03,A03E.mat,d4229267ec7624fa8bd3af5cbebac17f415f7c722de6cb676748f8cb3b717d97,E,4,1,15,29943,29942,30442,2,right_hand,0,True,,30567,31067
S03:E:record04:trial017,S03,A03E.mat,d4229267ec7624fa8bd3af5cbebac17f415f7c722de6cb676748f8cb3b717d97,E,4,1,16,31951,31950,32450,1,left_hand,0,True,,32575,33075
S03:E:record04:trial018,S03,A03E.mat,d4229267ec7624fa8bd3af5cbebac17f415f7c722de6cb676748f8cb3b717d97,E,4,1,17,34017,34016,34516,1,left_hand,0,True,,34641,35141
S03:E:record04:trial019,S03,A03E.mat,d4229267ec7624fa8bd3af5cbebac17f415f7c722de6cb676748f8cb3b717d97,E,4,1,18,36053,36052,36552,3,feet,0,True,,36677,37177
S03:E:record04:trial020,S03,A03E.mat,d4229267ec7624fa8bd3af5cbebac17f415f7c722de6cb676748f8cb3b717d97,E,4,1,19,38119,38118,38618,1,left_hand,0,True,,38743,39243
S03:E:record04:trial021,S03,A03E.mat,d4229267ec7624fa8bd3af5cbebac17f415f7c722de6cb676748f8cb3b717d97,E,4,1,20,40189,40188,40688,2,right_hand,0,True,,40813,41313
S03:E:record04:trial022,S03,A03E.mat,d4229267ec7624fa8bd3af5cbebac17f415f7c722de6cb676748f8cb3b717d97,E,4,1,21,42269,42268,42768,4,tongue,0,True,,42893,43393
S03:E:record04:trial023,S03,A03E.mat,d4229267ec7624fa8bd3af5cbebac17f415f7c722de6cb676748f8cb3b717d97,E,4,1,22,44181,44180,44680,4,tongue,0,True,,44805,45305
S03:E:record04:trial024,S03,A03E.mat,d4229267ec7624fa8bd3af5cbebac17f415f7c722de6cb676748f8cb3b717d97,E,4,1,23,46212,46211,46711,3,feet,0,True,,46836,47336
S03:E:record04:trial025,S03,A03E.mat,d4229267ec7624fa8bd3af5cbebac17f415f7c722de6cb676748f8cb3b717d97,E,4,1,24,48165,48164,48664,1,left_hand,0,True,,48789,49289
S03:E:record04:trial026,S03,A03E.mat,d4229267ec7624fa8bd3af5cbebac17f415f7c722de6cb676748f8cb3b717d97,E,4,1,25,50126,50125,50625,4,tongue,0,True,,50750,51250
S03:E:record04:trial027,S03,A03E.mat,d4229267ec7624fa8bd3af5cbebac17f415f7c722de6cb676748f8cb3b717d97,E,4,1,26,52230,52229,52729,4,tongue,0,True,,52854,53354
S03:E:record04:trial028,S03,A03E.mat,d4229267ec7624fa8bd3af5cbebac17f415f7c722de6cb676748f8cb3b717d97,E,4,1,27,54234,54233,54733,2,right_hand,0,True,,54858,55358
S03:E:record04:trial029,S03,A03E.mat,d4229267ec7624fa8bd3af5cbebac17f415f7c722de6cb676748f8cb3b717d97,E,4,1,28,56209,56208,56708,4,tongue,0,True,,56833,57333
S03:E:record04:trial030,S03,A03E.mat,d4229267ec7624fa8bd3af5cbebac17f415f7c722de6cb676748f8cb3b717d97,E,4,1,29,58235,58234,58734,4,tongue,0,True,,58859,59359
S03:E:record04:trial031,S03,A03E.mat,d4229267ec7624fa8bd3af5cbebac17f415f7c722de6cb676748f8cb3b717d97,E,4,1,30,60306,60305,60805,2,right_hand,0,True,,60930,61430
S03:E:record04:trial032,S03,A03E.mat,d4229267ec7624fa8bd3af5cbebac17f415f7c722de6cb676748f8cb3b717d97,E,4,1,31,62413,62412,62912,1,left_hand,0,True,,63037,63537
S03:E:record04:trial033,S03,A03E.mat,d4229267ec7624fa8bd3af5cbebac17f415f7c722de6cb676748f8cb3b717d97,E,4,1,32,64505,64504,65004,2,right_hand,0,True,,65129,65629
S03:E:record04:trial034,S03,A03E.mat,d4229267ec7624fa8bd3af5cbebac17f415f7c722de6cb676748f8cb3b717d97,E,4,1,33,66596,66595,67095,3,feet,0,True,,67220,67720
S03:E:record04:trial035,S03,A03E.mat,d4229267ec7624fa8bd3af5cbebac17f415f7c722de6cb676748f8cb3b717d97,E,4,1,34,68639,68638,69138,3,feet,0,True,,69263,69763
S03:E:record04:trial036,S03,A03E.mat,d4229267ec7624fa8bd3af5cbebac17f415f7c722de6cb676748f8cb3b717d97,E,4,1,35,70703,70702,71202,3,feet,0,True,,71327,71827
S03:E:record04:trial037,S03,A03E.mat,d4229267ec7624fa8bd3af5cbebac17f415f7c722de6cb676748f8cb3b717d97,E,4,1,36,72723,72722,73222,4,tongue,0,True,,73347,73847
S03:E:record04:trial038,S03,A03E.mat,d4229267ec7624fa8bd3af5cbebac17f415f7c722de6cb676748f8cb3b717d97,E,4,1,37,74695,74694,75194,3,feet,0,True,,75319,75819
S03:E:record04:trial039,S03,A03E.mat,d4229267ec7624fa8bd3af5cbebac17f415f7c722de6cb676748f8cb3b717d97,E,4,1,38,76658,76657,77157,1,left_hand,0,True,,77282,77782
S03:E:record04:trial040,S03,A03E.mat,d4229267ec7624fa8bd3af5cbebac17f415f7c722de6cb676748f8cb3b717d97,E,4,1,39,78583,78582,79082,4,tongue,0,True,,79207,79707
S03:E:record04:trial041,S03,A03E.mat,d4229267ec7624fa8bd3af5cbebac17f415f7c722de6cb676748f8cb3b717d97,E,4,1,40,80664,80663,81163,2,right_hand,0,True,,81288,81788
S03:E:record04:trial042,S03,A03E.mat,d4229267ec7624fa8bd3af5cbebac17f415f7c722de6cb676748f8cb3b717d97,E,4,1,41,82642,82641,83141,3,feet,1,False,organizer_artifact_flag,83266,83766
S03:E:record04:trial043,S03,A03E.mat,d4229267ec7624fa8bd3af5cbebac17f415f7c722de6cb676748f8cb3b717d97,E,4,1,42,84632,84631,85131,2,right_hand,0,True,,85256,85756
S03:E:record04:trial044,S03,A03E.mat,d4229267ec7624fa8bd3af5cbebac17f415f7c722de6cb676748f8cb3b717d97,E,4,1,43,86751,86750,87250,3,feet,1,False,organizer_artifact_flag,87375,87875
S03:E:record04:trial045,S03,A03E.mat,d4229267ec7624fa8bd3af5cbebac17f415f7c722de6cb676748f8cb3b717d97,E,4,1,44,88657,88656,89156,4,tongue,1,False,organizer_artifact_flag,89281,89781
S03:E:record04:trial046,S03,A03E.mat,d4229267ec7624fa8bd3af5cbebac17f415f7c722de6cb676748f8cb3b717d97,E,4,1,45,90585,90584,91084,2,right_hand,0,True,,91209,91709
S03:E:record04:trial047,S03,A03E.mat,d4229267ec7624fa8bd3af5cbebac17f415f7c722de6cb676748f8cb3b717d97,E,4,1,46,92699,92698,93198,3,feet,0,True,,93323,93823
S03:E:record04:trial048,S03,A03E.mat,d4229267ec7624fa8bd3af5cbebac17f415f7c722de6cb676748f8cb3b717d97,E,4,1,47,94758,94757,95257,1,left_hand,0,True,,95382,95882
S03:E:record05:trial001,S03,A03E.mat,d4229267ec7624fa8bd3af5cbebac17f415f7c722de6cb676748f8cb3b717d97,E,5,2,0,251,250,750,1,left_hand,0,True,,875,1375
S03:E:record05:trial002,S03,A03E.mat,d4229267ec7624fa8bd3af5cbebac17f415f7c722de6cb676748f8cb3b717d97,E,5,2,1,2254,2253,2753,1,left_hand,0,True,,2878,3378
S03:E:record05:trial003,S03,A03E.mat,d4229267ec7624fa8bd3af5cbebac17f415f7c722de6cb676748f8cb3b717d97,E,5,2,2,4172,4171,4671,4,tongue,0,True,,4796,5296
S03:E:record05:trial004,S03,A03E.mat,d4229267ec7624fa8bd3af5cbebac17f415f7c722de6cb676748f8cb3b717d97,E,5,2,3,6124,6123,6623,2,right_hand,0,True,,6748,7248
S03:E:record05:trial005,S03,A03E.mat,d4229267ec7624fa8bd3af5cbebac17f415f7c722de6cb676748f8cb3b717d97,E,5,2,4,8132,8131,8631,1,left_hand,0,True,,8756,9256
S03:E:record05:trial006,S03,A03E.mat,d4229267ec7624fa8bd3af5cbebac17f415f7c722de6cb676748f8cb3b717d97,E,5,2,5,10243,10242,10742,3,feet,0,True,,10867,11367
S03:E:record05:trial007,S03,A03E.mat,d4229267ec7624fa8bd3af5cbebac17f415f7c722de6cb676748f8cb3b717d97,E,5,2,6,12160,12159,12659,1,left_hand,0,True,,12784,13284
S03:E:record05:trial008,S03,A03E.mat,d4229267ec7624fa8bd3af5cbebac17f415f7c722de6cb676748f8cb3b717d97,E,5,2,7,14210,14209,14709,3,feet,0,True,,14834,15334
S03:E:record05:trial009,S03,A03E.mat,d4229267ec7624fa8bd3af5cbebac17f415f7c722de6cb676748f8cb3b717d97,E,5,2,8,16141,16140,16640,2,right_hand,0,True,,16765,17265
S03:E:record05:trial010,S03,A03E.mat,d4229267ec7624fa8bd3af5cbebac17f415f7c722de6cb676748f8cb3b717d97,E,5,2,9,18139,18138,18638,4,tongue,0,True,,18763,19263
S03:E:record05:trial011,S03,A03E.mat,d4229267ec7624fa8bd3af5cbebac17f415f7c722de6cb676748f8cb3b717d97,E,5,2,10,20045,20044,20544,1,left_hand,0,True,,20669,21169
S03:E:record05:trial012,S03,A03E.mat,d4229267ec7624fa8bd3af5cbebac17f415f7c722de6cb676748f8cb3b717d97,E,5,2,11,21940,21939,22439,3,feet,0,True,,22564,23064
S03:E:record05:trial013,S03,A03E.mat,d4229267ec7624fa8bd3af5cbebac17f415f7c722de6cb676748f8cb3b717d97,E,5,2,12,23912,23911,24411,3,feet,0,True,,24536,25036
S03:E:record05:trial014,S03,A03E.mat,d4229267ec7624fa8bd3af5cbebac17f415f7c722de6cb676748f8cb3b717d97,E,5,2,13,25856,25855,26355,1,left_hand,0,True,,26480,26980
S03:E:record05:trial015,S03,A03E.mat,d4229267ec7624fa8bd3af5cbebac17f415f7c722de6cb676748f8cb3b717d97,E,5,2,14,27823,27822,28322,3,feet,0,True,,28447,28947
S03:E:record05:trial016,S03,A03E.mat,d4229267ec7624fa8bd3af5cbebac17f415f7c722de6cb676748f8cb3b717d97,E,5,2,15,29943,29942,30442,2,right_hand,0,True,,30567,31067
S03:E:record05:trial017,S03,A03E.mat,d4229267ec7624fa8bd3af5cbebac17f415f7c722de6cb676748f8cb3b717d97,E,5,2,16,31951,31950,32450,4,tongue,0,True,,32575,33075
S03:E:record05:trial018,S03,A03E.mat,d4229267ec7624fa8bd3af5cbebac17f415f7c722de6cb676748f8cb3b717d97,E,5,2,17,34017,34016,34516,4,tongue,0,True,,34641,35141
S03:E:record05:trial019,S03,A03E.mat,d4229267ec7624fa8bd3af5cbebac17f415f7c722de6cb676748f8cb3b717d97,E,5,2,18,36053,36052,36552,4,tongue,0,True,,36677,37177
S03:E:record05:trial020,S03,A03E.mat,d4229267ec7624fa8bd3af5cbebac17f415f7c722de6cb676748f8cb3b717d97,E,5,2,19,38119,38118,38618,3,feet,0,True,,38743,39243
S03:E:record05:trial021,S03,A03E.mat,d4229267ec7624fa8bd3af5cbebac17f415f7c722de6cb676748f8cb3b717d97,E,5,2,20,40189,40188,40688,1,left_hand,0,True,,40813,41313
S03:E:record05:trial022,S03,A03E.mat,d4229267ec7624fa8bd3af5cbebac17f415f7c722de6cb676748f8cb3b717d97,E,5,2,21,42269,42268,42768,4,tongue,0,True,,42893,43393
S03:E:record05:trial023,S03,A03E.mat,d4229267ec7624fa8bd3af5cbebac17f415f7c722de6cb676748f8cb3b717d97,E,5,2,22,44181,44180,44680,2,right_hand,0,True,,44805,45305
S03:E:record05:trial024,S03,A03E.mat,d4229267ec7624fa8bd3af5cbebac17f415f7c722de6cb676748f8cb3b717d97,E,5,2,23,46212,46211,46711,4,tongue,0,True,,46836,47336
S03:E:record05:trial025,S03,A03E.mat,d4229267ec7624fa8bd3af5cbebac17f415f7c722de6cb676748f8cb3b717d97,E,5,2,24,48165,48164,48664,2,right_hand,0,True,,48789,49289
S03:E:record05:trial026,S03,A03E.mat,d4229267ec7624fa8bd3af5cbebac17f415f7c722de6cb676748f8cb3b717d97,E,5,2,25,50126,50125,50625,1,left_hand,0,True,,50750,51250
S03:E:record05:trial027,S03,A03E.mat,d4229267ec7624fa8bd3af5cbebac17f415f7c722de6cb676748f8cb3b717d97,E,5,2,26,52230,52229,52729,3,feet,0,True,,52854,53354
S03:E:record05:trial028,S03,A03E.mat,d4229267ec7624fa8bd3af5cbebac17f415f7c722de6cb676748f8cb3b717d97,E,5,2,27,54234,54233,54733,2,right_hand,0,True,,54858,55358
S03:E:record05:trial029,S03,A03E.mat,d4229267ec7624fa8bd3af5cbebac17f415f7c722de6cb676748f8cb3b717d97,E,5,2,28,56209,56208,56708,1,left_hand,0,True,,56833,57333
S03:E:record05:trial030,S03,A03E.mat,d4229267ec7624fa8bd3af5cbebac17f415f7c722de6cb676748f8cb3b717d97,E,5,2,29,58235,58234,58734,3,feet,0,True,,58859,59359
S03:E:record05:trial031,S03,A03E.mat,d4229267ec7624fa8bd3af5cbebac17f415f7c722de6cb676748f8cb3b717d97,E,5,2,30,60306,60305,60805,3,feet,0,True,,60930,61430
S03:E:record05:trial032,S03,A03E.mat,d4229267ec7624fa8bd3af5cbebac17f415f7c722de6cb676748f8cb3b717d97,E,5,2,31,62413,62412,62912,1,left_hand,0,True,,63037,63537
S03:E:record05:trial033,S03,A03E.mat,d4229267ec7624fa8bd3af5cbebac17f415f7c722de6cb676748f8cb3b717d97,E,5,2,32,64505,64504,65004,3,feet,0,True,,65129,65629
S03:E:record05:trial034,S03,A03E.mat,d4229267ec7624fa8bd3af5cbebac17f415f7c722de6cb676748f8cb3b717d97,E,5,2,33,66596,66595,67095,4,tongue,0,True,,67220,67720
S03:E:record05:trial035,S03,A03E.mat,d4229267ec7624fa8bd3af5cbebac17f415f7c722de6cb676748f8cb3b717d97,E,5,2,34,68639,68638,69138,4,tongue,0,True,,69263,69763
S03:E:record05:trial036,S03,A03E.mat,d4229267ec7624fa8bd3af5cbebac17f415f7c722de6cb676748f8cb3b717d97,E,5,2,35,70703,70702,71202,2,right_hand,0,True,,71327,71827
S03:E:record05:trial037,S03,A03E.mat,d4229267ec7624fa8bd3af5cbebac17f415f7c722de6cb676748f8cb3b717d97,E,5,2,36,72723,72722,73222,1,left_hand,0,True,,73347,73847
S03:E:record05:trial038,S03,A03E.mat,d4229267ec7624fa8bd3af5cbebac17f415f7c722de6cb676748f8cb3b717d97,E,5,2,37,74695,74694,75194,2,right_hand,0,True,,75319,75819
S03:E:record05:trial039,S03,A03E.mat,d4229267ec7624fa8bd3af5cbebac17f415f7c722de6cb676748f8cb3b717d97,E,5,2,38,76658,76657,77157,4,tongue,0,True,,77282,77782
S03:E:record05:trial040,S03,A03E.mat,d4229267ec7624fa8bd3af5cbebac17f415f7c722de6cb676748f8cb3b717d97,E,5,2,39,78583,78582,79082,2,right_hand,0,True,,79207,79707
S03:E:record05:trial041,S03,A03E.mat,d4229267ec7624fa8bd3af5cbebac17f415f7c722de6cb676748f8cb3b717d97,E,5,2,40,80664,80663,81163,4,tongue,0,True,,81288,81788
S03:E:record05:trial042,S03,A03E.mat,d4229267ec7624fa8bd3af5cbebac17f415f7c722de6cb676748f8cb3b717d97,E,5,2,41,82642,82641,83141,3,feet,0,True,,83266,83766
S03:E:record05:trial043,S03,A03E.mat,d4229267ec7624fa8bd3af5cbebac17f415f7c722de6cb676748f8cb3b717d97,E,5,2,42,84632,84631,85131,2,right_hand,0,True,,85256,85756
S03:E:record05:trial044,S03,A03E.mat,d4229267ec7624fa8bd3af5cbebac17f415f7c722de6cb676748f8cb3b717d97,E,5,2,43,86751,86750,87250,2,right_hand,0,True,,87375,87875
S03:E:record05:trial045,S03,A03E.mat,d4229267ec7624fa8bd3af5cbebac17f415f7c722de6cb676748f8cb3b717d97,E,5,2,44,88657,88656,89156,2,right_hand,0,True,,89281,89781
S03:E:record05:trial046,S03,A03E.mat,d4229267ec7624fa8bd3af5cbebac17f415f7c722de6cb676748f8cb3b717d97,E,5,2,45,90585,90584,91084,3,feet,0,True,,91209,91709
S03:E:record05:trial047,S03,A03E.mat,d4229267ec7624fa8bd3af5cbebac17f415f7c722de6cb676748f8cb3b717d97,E,5,2,46,92699,92698,93198,4,tongue,0,True,,93323,93823
S03:E:record05:trial048,S03,A03E.mat,d4229267ec7624fa8bd3af5cbebac17f415f7c722de6cb676748f8cb3b717d97,E,5,2,47,94758,94757,95257,1,left_hand,0,True,,95382,95882
S03:E:record06:trial001,S03,A03E.mat,d4229267ec7624fa8bd3af5cbebac17f415f7c722de6cb676748f8cb3b717d97,E,6,3,0,251,250,750,2,right_hand,0,True,,875,1375
S03:E:record06:trial002,S03,A03E.mat,d4229267ec7624fa8bd3af5cbebac17f415f7c722de6cb676748f8cb3b717d97,E,6,3,1,2254,2253,2753,4,tongue,0,True,,2878,3378
S03:E:record06:trial003,S03,A03E.mat,d4229267ec7624fa8bd3af5cbebac17f415f7c722de6cb676748f8cb3b717d97,E,6,3,2,4172,4171,4671,1,left_hand,0,True,,4796,5296
S03:E:record06:trial004,S03,A03E.mat,d4229267ec7624fa8bd3af5cbebac17f415f7c722de6cb676748f8cb3b717d97,E,6,3,3,6124,6123,6623,3,feet,0,True,,6748,7248
S03:E:record06:trial005,S03,A03E.mat,d4229267ec7624fa8bd3af5cbebac17f415f7c722de6cb676748f8cb3b717d97,E,6,3,4,8132,8131,8631,3,feet,0,True,,8756,9256
S03:E:record06:trial006,S03,A03E.mat,d4229267ec7624fa8bd3af5cbebac17f415f7c722de6cb676748f8cb3b717d97,E,6,3,5,10243,10242,10742,4,tongue,0,True,,10867,11367
S03:E:record06:trial007,S03,A03E.mat,d4229267ec7624fa8bd3af5cbebac17f415f7c722de6cb676748f8cb3b717d97,E,6,3,6,12160,12159,12659,1,left_hand,0,True,,12784,13284
S03:E:record06:trial008,S03,A03E.mat,d4229267ec7624fa8bd3af5cbebac17f415f7c722de6cb676748f8cb3b717d97,E,6,3,7,14210,14209,14709,1,left_hand,0,True,,14834,15334
S03:E:record06:trial009,S03,A03E.mat,d4229267ec7624fa8bd3af5cbebac17f415f7c722de6cb676748f8cb3b717d97,E,6,3,8,16141,16140,16640,3,feet,0,True,,16765,17265
S03:E:record06:trial010,S03,A03E.mat,d4229267ec7624fa8bd3af5cbebac17f415f7c722de6cb676748f8cb3b717d97,E,6,3,9,18139,18138,18638,2,right_hand,0,True,,18763,19263
S03:E:record06:trial011,S03,A03E.mat,d4229267ec7624fa8bd3af5cbebac17f415f7c722de6cb676748f8cb3b717d97,E,6,3,10,20045,20044,20544,4,tongue,0,True,,20669,21169
S03:E:record06:trial012,S03,A03E.mat,d4229267ec7624fa8bd3af5cbebac17f415f7c722de6cb676748f8cb3b717d97,E,6,3,11,21940,21939,22439,4,tongue,0,True,,22564,23064
S03:E:record06:trial013,S03,A03E.mat,d4229267ec7624fa8bd3af5cbebac17f415f7c722de6cb676748f8cb3b717d97,E,6,3,12,23912,23911,24411,4,tongue,0,True,,24536,25036
S03:E:record06:trial014,S03,A03E.mat,d4229267ec7624fa8bd3af5cbebac17f415f7c722de6cb676748f8cb3b717d97,E,6,3,13,25856,25855,26355,2,right_hand,0,True,,26480,26980
S03:E:record06:trial015,S03,A03E.mat,d4229267ec7624fa8bd3af5cbebac17f415f7c722de6cb676748f8cb3b717d97,E,6,3,14,27823,27822,28322,1,left_hand,0,True,,28447,28947
S03:E:record06:trial016,S03,A03E.mat,d4229267ec7624fa8bd3af5cbebac17f415f7c722de6cb676748f8cb3b717d97,E,6,3,15,29943,29942,30442,3,feet,0,True,,30567,31067
S03:E:record06:trial017,S03,A03E.mat,d4229267ec7624fa8bd3af5cbebac17f415f7c722de6cb676748f8cb3b717d97,E,6,3,16,31951,31950,32450,2,right_hand,0,True,,32575,33075
S03:E:record06:trial018,S03,A03E.mat,d4229267ec7624fa8bd3af5cbebac17f415f7c722de6cb676748f8cb3b717d97,E,6,3,17,34017,34016,34516,4,tongue,1,False,organizer_artifact_flag,34641,35141
S03:E:record06:trial019,S03,A03E.mat,d4229267ec7624fa8bd3af5cbebac17f415f7c722de6cb676748f8cb3b717d97,E,6,3,18,36053,36052,36552,1,left_hand,0,True,,36677,37177
S03:E:record06:trial020,S03,A03E.mat,d4229267ec7624fa8bd3af5cbebac17f415f7c722de6cb676748f8cb3b717d97,E,6,3,19,38119,38118,38618,4,tongue,0,True,,38743,39243
S03:E:record06:trial021,S03,A03E.mat,d4229267ec7624fa8bd3af5cbebac17f415f7c722de6cb676748f8cb3b717d97,E,6,3,20,40189,40188,40688,3,feet,0,True,,40813,41313
S03:E:record06:trial022,S03,A03E.mat,d4229267ec7624fa8bd3af5cbebac17f415f7c722de6cb676748f8cb3b717d97,E,6,3,21,42269,42268,42768,2,right_hand,0,True,,42893,43393
S03:E:record06:trial023,S03,A03E.mat,d4229267ec7624fa8bd3af5cbebac17f415f7c722de6cb676748f8cb3b717d97,E,6,3,22,44181,44180,44680,4,tongue,1,False,organizer_artifact_flag,44805,45305
S03:E:record06:trial024,S03,A03E.mat,d4229267ec7624fa8bd3af5cbebac17f415f7c722de6cb676748f8cb3b717d97,E,6,3,23,46212,46211,46711,4,tongue,0,True,,46836,47336
S03:E:record06:trial025,S03,A03E.mat,d4229267ec7624fa8bd3af5cbebac17f415f7c722de6cb676748f8cb3b717d97,E,6,3,24,48165,48164,48664,1,left_hand,0,True,,48789,49289
S03:E:record06:trial026,S03,A03E.mat,d4229267ec7624fa8bd3af5cbebac17f415f7c722de6cb676748f8cb3b717d97,E,6,3,25,50126,50125,50625,2,right_hand,0,True,,50750,51250
S03:E:record06:trial027,S03,A03E.mat,d4229267ec7624fa8bd3af5cbebac17f415f7c722de6cb676748f8cb3b717d97,E,6,3,26,52230,52229,52729,2,right_hand,0,True,,52854,53354
S03:E:record06:trial028,S03,A03E.mat,d4229267ec7624fa8bd3af5cbebac17f415f7c722de6cb676748f8cb3b717d97,E,6,3,27,54234,54233,54733,3,feet,0,True,,54858,55358
S03:E:record06:trial029,S03,A03E.mat,d4229267ec7624fa8bd3af5cbebac17f415f7c722de6cb676748f8cb3b717d97,E,6,3,28,56209,56208,56708,4,tongue,0,True,,56833,57333
S03:E:record06:trial030,S03,A03E.mat,d4229267ec7624fa8bd3af5cbebac17f415f7c722de6cb676748f8cb3b717d97,E,6,3,29,58235,58234,58734,2,right_hand,0,True,,58859,59359
S03:E:record06:trial031,S03,A03E.mat,d4229267ec7624fa8bd3af5cbebac17f415f7c722de6cb676748f8cb3b717d97,E,6,3,30,60306,60305,60805,1,left_hand,0,True,,60930,61430
S03:E:record06:trial032,S03,A03E.mat,d4229267ec7624fa8bd3af5cbebac17f415f7c722de6cb676748f8cb3b717d97,E,6,3,31,62413,62412,62912,1,left_hand,0,True,,63037,63537
S03:E:record06:trial033,S03,A03E.mat,d4229267ec7624fa8bd3af5cbebac17f415f7c722de6cb676748f8cb3b717d97,E,6,3,32,64505,64504,65004,4,tongue,0,True,,65129,65629
S03:E:record06:trial034,S03,A03E.mat,d4229267ec7624fa8bd3af5cbebac17f415f7c722de6cb676748f8cb3b717d97,E,6,3,33,66596,66595,67095,2,right_hand,0,True,,67220,67720
S03:E:record06:trial035,S03,A03E.mat,d4229267ec7624fa8bd3af5cbebac17f415f7c722de6cb676748f8cb3b717d97,E,6,3,34,68639,68638,69138,1,left_hand,1,False,organizer_artifact_flag,69263,69763
S03:E:record06:trial036,S03,A03E.mat,d4229267ec7624fa8bd3af5cbebac17f415f7c722de6cb676748f8cb3b717d97,E,6,3,35,70703,70702,71202,3,feet,0,True,,71327,71827
S03:E:record06:trial037,S03,A03E.mat,d4229267ec7624fa8bd3af5cbebac17f415f7c722de6cb676748f8cb3b717d97,E,6,3,36,72723,72722,73222,2,right_hand,0,True,,73347,73847
S03:E:record06:trial038,S03,A03E.mat,d4229267ec7624fa8bd3af5cbebac17f415f7c722de6cb676748f8cb3b717d97,E,6,3,37,74695,74694,75194,2,right_hand,0,True,,75319,75819
S03:E:record06:trial039,S03,A03E.mat,d4229267ec7624fa8bd3af5cbebac17f415f7c722de6cb676748f8cb3b717d97,E,6,3,38,76658,76657,77157,3,feet,0,True,,77282,77782
S03:E:record06:trial040,S03,A03E.mat,d4229267ec7624fa8bd3af5cbebac17f415f7c722de6cb676748f8cb3b717d97,E,6,3,39,78583,78582,79082,1,left_hand,0,True,,79207,79707
S03:E:record06:trial041,S03,A03E.mat,d4229267ec7624fa8bd3af5cbebac17f415f7c722de6cb676748f8cb3b717d97,E,6,3,40,80664,80663,81163,4,tongue,0,True,,81288,81788
S03:E:record06:trial042,S03,A03E.mat,d4229267ec7624fa8bd3af5cbebac17f415f7c722de6cb676748f8cb3b717d97,E,6,3,41,82642,82641,83141,3,feet,0,True,,83266,83766
S03:E:record06:trial043,S03,A03E.mat,d4229267ec7624fa8bd3af5cbebac17f415f7c722de6cb676748f8cb3b717d97,E,6,3,42,84632,84631,85131,3,feet,0,True,,85256,85756
S03:E:record06:trial044,S03,A03E.mat,d4229267ec7624fa8bd3af5cbebac17f415f7c722de6cb676748f8cb3b717d97,E,6,3,43,86751,86750,87250,3,feet,0,True,,87375,87875
S03:E:record06:trial045,S03,A03E.mat,d4229267ec7624fa8bd3af5cbebac17f415f7c722de6cb676748f8cb3b717d97,E,6,3,44,88657,88656,89156,3,feet,0,True,,89281,89781
S03:E:record06:trial046,S03,A03E.mat,d4229267ec7624fa8bd3af5cbebac17f415f7c722de6cb676748f8cb3b717d97,E,6,3,45,90585,90584,91084,1,left_hand,1,False,organizer_artifact_flag,91209,91709
S03:E:record06:trial047,S03,A03E.mat,d4229267ec7624fa8bd3af5cbebac17f415f7c722de6cb676748f8cb3b717d97,E,6,3,46,92699,92698,93198,2,right_hand,0,True,,93323,93823
S03:E:record06:trial048,S03,A03E.mat,d4229267ec7624fa8bd3af5cbebac17f415f7c722de6cb676748f8cb3b717d97,E,6,3,47,94758,94757,95257,1,left_hand,0,True,,95382,95882
S03:E:record07:trial001,S03,A03E.mat,d4229267ec7624fa8bd3af5cbebac17f415f7c722de6cb676748f8cb3b717d97,E,7,4,0,251,250,750,2,right_hand,0,True,,875,1375
S03:E:record07:trial002,S03,A03E.mat,d4229267ec7624fa8bd3af5cbebac17f415f7c722de6cb676748f8cb3b717d97,E,7,4,1,2254,2253,2753,1,left_hand,0,True,,2878,3378
S03:E:record07:trial003,S03,A03E.mat,d4229267ec7624fa8bd3af5cbebac17f415f7c722de6cb676748f8cb3b717d97,E,7,4,2,4172,4171,4671,1,left_hand,0,True,,4796,5296
S03:E:record07:trial004,S03,A03E.mat,d4229267ec7624fa8bd3af5cbebac17f415f7c722de6cb676748f8cb3b717d97,E,7,4,3,6124,6123,6623,3,feet,0,True,,6748,7248
S03:E:record07:trial005,S03,A03E.mat,d4229267ec7624fa8bd3af5cbebac17f415f7c722de6cb676748f8cb3b717d97,E,7,4,4,8132,8131,8631,3,feet,0,True,,8756,9256
S03:E:record07:trial006,S03,A03E.mat,d4229267ec7624fa8bd3af5cbebac17f415f7c722de6cb676748f8cb3b717d97,E,7,4,5,10243,10242,10742,2,right_hand,0,True,,10867,11367
S03:E:record07:trial007,S03,A03E.mat,d4229267ec7624fa8bd3af5cbebac17f415f7c722de6cb676748f8cb3b717d97,E,7,4,6,12160,12159,12659,3,feet,0,True,,12784,13284
S03:E:record07:trial008,S03,A03E.mat,d4229267ec7624fa8bd3af5cbebac17f415f7c722de6cb676748f8cb3b717d97,E,7,4,7,14210,14209,14709,4,tongue,0,True,,14834,15334
S03:E:record07:trial009,S03,A03E.mat,d4229267ec7624fa8bd3af5cbebac17f415f7c722de6cb676748f8cb3b717d97,E,7,4,8,16141,16140,16640,1,left_hand,0,True,,16765,17265
S03:E:record07:trial010,S03,A03E.mat,d4229267ec7624fa8bd3af5cbebac17f415f7c722de6cb676748f8cb3b717d97,E,7,4,9,18139,18138,18638,4,tongue,0,True,,18763,19263
S03:E:record07:trial011,S03,A03E.mat,d4229267ec7624fa8bd3af5cbebac17f415f7c722de6cb676748f8cb3b717d97,E,7,4,10,20045,20044,20544,1,left_hand,0,True,,20669,21169
S03:E:record07:trial012,S03,A03E.mat,d4229267ec7624fa8bd3af5cbebac17f415f7c722de6cb676748f8cb3b717d97,E,7,4,11,21940,21939,22439,1,left_hand,0,True,,22564,23064
S03:E:record07:trial013,S03,A03E.mat,d4229267ec7624fa8bd3af5cbebac17f415f7c722de6cb676748f8cb3b717d97,E,7,4,12,23912,23911,24411,2,right_hand,0,True,,24536,25036
S03:E:record07:trial014,S03,A03E.mat,d4229267ec7624fa8bd3af5cbebac17f415f7c722de6cb676748f8cb3b717d97,E,7,4,13,25856,25855,26355,4,tongue,0,True,,26480,26980
S03:E:record07:trial015,S03,A03E.mat,d4229267ec7624fa8bd3af5cbebac17f415f7c722de6cb676748f8cb3b717d97,E,7,4,14,27823,27822,28322,3,feet,0,True,,28447,28947
S03:E:record07:trial016,S03,A03E.mat,d4229267ec7624fa8bd3af5cbebac17f415f7c722de6cb676748f8cb3b717d97,E,7,4,15,29943,29942,30442,2,right_hand,0,True,,30567,31067
S03:E:record07:trial017,S03,A03E.mat,d4229267ec7624fa8bd3af5cbebac17f415f7c722de6cb676748f8cb3b717d97,E,7,4,16,31951,31950,32450,4,tongue,0,True,,32575,33075
S03:E:record07:trial018,S03,A03E.mat,d4229267ec7624fa8bd3af5cbebac17f415f7c722de6cb676748f8cb3b717d97,E,7,4,17,34017,34016,34516,3,feet,0,True,,34641,35141
S03:E:record07:trial019,S03,A03E.mat,d4229267ec7624fa8bd3af5cbebac17f415f7c722de6cb676748f8cb3b717d97,E,7,4,18,36053,36052,36552,4,tongue,0,True,,36677,37177
S03:E:record07:trial020,S03,A03E.mat,d4229267ec7624fa8bd3af5cbebac17f415f7c722de6cb676748f8cb3b717d97,E,7,4,19,38119,38118,38618,3,feet,0,True,,38743,39243
S03:E:record07:trial021,S03,A03E.mat,d4229267ec7624fa8bd3af5cbebac17f415f7c722de6cb676748f8cb3b717d97,E,7,4,20,40189,40188,40688,4,tongue,0,True,,40813,41313
S03:E:record07:trial022,S03,A03E.mat,d4229267ec7624fa8bd3af5cbebac17f415f7c722de6cb676748f8cb3b717d97,E,7,4,21,42269,42268,42768,2,right_hand,0,True,,42893,43393
S03:E:record07:trial023,S03,A03E.mat,d4229267ec7624fa8bd3af5cbebac17f415f7c722de6cb676748f8cb3b717d97,E,7,4,22,44181,44180,44680,2,right_hand,0,True,,44805,45305
S03:E:record07:trial024,S03,A03E.mat,d4229267ec7624fa8bd3af5cbebac17f415f7c722de6cb676748f8cb3b717d97,E,7,4,23,46212,46211,46711,4,tongue,0,True,,46836,47336
S03:E:record07:trial025,S03,A03E.mat,d4229267ec7624fa8bd3af5cbebac17f415f7c722de6cb676748f8cb3b717d97,E,7,4,24,48165,48164,48664,1,left_hand,0,True,,48789,49289
S03:E:record07:trial026,S03,A03E.mat,d4229267ec7624fa8bd3af5cbebac17f415f7c722de6cb676748f8cb3b717d97,E,7,4,25,50126,50125,50625,2,right_hand,0,True,,50750,51250
S03:E:record07:trial027,S03,A03E.mat,d4229267ec7624fa8bd3af5cbebac17f415f7c722de6cb676748f8cb3b717d97,E,7,4,26,52230,52229,52729,2,right_hand,0,True,,52854,53354
S03:E:record07:trial028,S03,A03E.mat,d4229267ec7624fa8bd3af5cbebac17f415f7c722de6cb676748f8cb3b717d97,E,7,4,27,54234,54233,54733,2,right_hand,0,True,,54858,55358
S03:E:record07:trial029,S03,A03E.mat,d4229267ec7624fa8bd3af5cbebac17f415f7c722de6cb676748f8cb3b717d97,E,7,4,28,56209,56208,56708,3,feet,0,True,,56833,57333
S03:E:record07:trial030,S03,A03E.mat,d4229267ec7624fa8bd3af5cbebac17f415f7c722de6cb676748f8cb3b717d97,E,7,4,29,58235,58234,58734,4,tongue,0,True,,58859,59359
S03:E:record07:trial031,S03,A03E.mat,d4229267ec7624fa8bd3af5cbebac17f415f7c722de6cb676748f8cb3b717d97,E,7,4,30,60306,60305,60805,1,left_hand,0,True,,60930,61430
S03:E:record07:trial032,S03,A03E.mat,d4229267ec7624fa8bd3af5cbebac17f415f7c722de6cb676748f8cb3b717d97,E,7,4,31,62413,62412,62912,4,tongue,0,True,,63037,63537
S03:E:record07:trial033,S03,A03E.mat,d4229267ec7624fa8bd3af5cbebac17f415f7c722de6cb676748f8cb3b717d97,E,7,4,32,64505,64504,65004,1,left_hand,0,True,,65129,65629
S03:E:record07:trial034,S03,A03E.mat,d4229267ec7624fa8bd3af5cbebac17f415f7c722de6cb676748f8cb3b717d97,E,7,4,33,66596,66595,67095,3,feet,0,True,,67220,67720
S03:E:record07:trial035,S03,A03E.mat,d4229267ec7624fa8bd3af5cbebac17f415f7c722de6cb676748f8cb3b717d97,E,7,4,34,68639,68638,69138,1,left_hand,0,True,,69263,69763
S03:E:record07:trial036,S03,A03E.mat,d4229267ec7624fa8bd3af5cbebac17f415f7c722de6cb676748f8cb3b717d97,E,7,4,35,70703,70702,71202,4,tongue,0,True,,71327,71827
S03:E:record07:trial037,S03,A03E.mat,d4229267ec7624fa8bd3af5cbebac17f415f7c722de6cb676748f8cb3b717d97,E,7,4,36,72723,72722,73222,1,left_hand,0,True,,73347,73847
S03:E:record07:trial038,S03,A03E.mat,d4229267ec7624fa8bd3af5cbebac17f415f7c722de6cb676748f8cb3b717d97,E,7,4,37,74695,74694,75194,3,feet,0,True,,75319,75819
S03:E:record07:trial039,S03,A03E.mat,d4229267ec7624fa8bd3af5cbebac17f415f7c722de6cb676748f8cb3b717d97,E,7,4,38,76658,76657,77157,1,left_hand,0,True,,77282,77782
S03:E:record07:trial040,S03,A03E.mat,d4229267ec7624fa8bd3af5cbebac17f415f7c722de6cb676748f8cb3b717d97,E,7,4,39,78583,78582,79082,2,right_hand,0,True,,79207,79707
S03:E:record07:trial041,S03,A03E.mat,d4229267ec7624fa8bd3af5cbebac17f415f7c722de6cb676748f8cb3b717d97,E,7,4,40,80664,80663,81163,3,feet,0,True,,81288,81788
S03:E:record07:trial042,S03,A03E.mat,d4229267ec7624fa8bd3af5cbebac17f415f7c722de6cb676748f8cb3b717d97,E,7,4,41,82642,82641,83141,3,feet,0,True,,83266,83766
S03:E:record07:trial043,S03,A03E.mat,d4229267ec7624fa8bd3af5cbebac17f415f7c722de6cb676748f8cb3b717d97,E,7,4,42,84632,84631,85131,4,tongue,0,True,,85256,85756
S03:E:record07:trial044,S03,A03E.mat,d4229267ec7624fa8bd3af5cbebac17f415f7c722de6cb676748f8cb3b717d97,E,7,4,43,86751,86750,87250,1,left_hand,0,True,,87375,87875
S03:E:record07:trial045,S03,A03E.mat,d4229267ec7624fa8bd3af5cbebac17f415f7c722de6cb676748f8cb3b717d97,E,7,4,44,88657,88656,89156,2,right_hand,0,True,,89281,89781
S03:E:record07:trial046,S03,A03E.mat,d4229267ec7624fa8bd3af5cbebac17f415f7c722de6cb676748f8cb3b717d97,E,7,4,45,90585,90584,91084,4,tongue,0,True,,91209,91709
S03:E:record07:trial047,S03,A03E.mat,d4229267ec7624fa8bd3af5cbebac17f415f7c722de6cb676748f8cb3b717d97,E,7,4,46,92699,92698,93198,2,right_hand,0,True,,93323,93823
S03:E:record07:trial048,S03,A03E.mat,d4229267ec7624fa8bd3af5cbebac17f415f7c722de6cb676748f8cb3b717d97,E,7,4,47,94758,94757,95257,3,feet,0,True,,95382,95882
S03:E:record08:trial001,S03,A03E.mat,d4229267ec7624fa8bd3af5cbebac17f415f7c722de6cb676748f8cb3b717d97,E,8,5,0,251,250,750,3,feet,0,True,,875,1375
S03:E:record08:trial002,S03,A03E.mat,d4229267ec7624fa8bd3af5cbebac17f415f7c722de6cb676748f8cb3b717d97,E,8,5,1,2254,2253,2753,1,left_hand,0,True,,2878,3378
S03:E:record08:trial003,S03,A03E.mat,d4229267ec7624fa8bd3af5cbebac17f415f7c722de6cb676748f8cb3b717d97,E,8,5,2,4172,4171,4671,4,tongue,0,True,,4796,5296
S03:E:record08:trial004,S03,A03E.mat,d4229267ec7624fa8bd3af5cbebac17f415f7c722de6cb676748f8cb3b717d97,E,8,5,3,6124,6123,6623,2,right_hand,1,False,organizer_artifact_flag,6748,7248
S03:E:record08:trial005,S03,A03E.mat,d4229267ec7624fa8bd3af5cbebac17f415f7c722de6cb676748f8cb3b717d97,E,8,5,4,8132,8131,8631,4,tongue,0,True,,8756,9256
S03:E:record08:trial006,S03,A03E.mat,d4229267ec7624fa8bd3af5cbebac17f415f7c722de6cb676748f8cb3b717d97,E,8,5,5,10243,10242,10742,1,left_hand,0,True,,10867,11367
S03:E:record08:trial007,S03,A03E.mat,d4229267ec7624fa8bd3af5cbebac17f415f7c722de6cb676748f8cb3b717d97,E,8,5,6,12160,12159,12659,1,left_hand,0,True,,12784,13284
S03:E:record08:trial008,S03,A03E.mat,d4229267ec7624fa8bd3af5cbebac17f415f7c722de6cb676748f8cb3b717d97,E,8,5,7,14210,14209,14709,3,feet,0,True,,14834,15334
S03:E:record08:trial009,S03,A03E.mat,d4229267ec7624fa8bd3af5cbebac17f415f7c722de6cb676748f8cb3b717d97,E,8,5,8,16141,16140,16640,3,feet,0,True,,16765,17265
S03:E:record08:trial010,S03,A03E.mat,d4229267ec7624fa8bd3af5cbebac17f415f7c722de6cb676748f8cb3b717d97,E,8,5,9,18139,18138,18638,2,right_hand,0,True,,18763,19263
S03:E:record08:trial011,S03,A03E.mat,d4229267ec7624fa8bd3af5cbebac17f415f7c722de6cb676748f8cb3b717d97,E,8,5,10,20045,20044,20544,4,tongue,0,True,,20669,21169
S03:E:record08:trial012,S03,A03E.mat,d4229267ec7624fa8bd3af5cbebac17f415f7c722de6cb676748f8cb3b717d97,E,8,5,11,21940,21939,22439,2,right_hand,0,True,,22564,23064
S03:E:record08:trial013,S03,A03E.mat,d4229267ec7624fa8bd3af5cbebac17f415f7c722de6cb676748f8cb3b717d97,E,8,5,12,23912,23911,24411,2,right_hand,0,True,,24536,25036
S03:E:record08:trial014,S03,A03E.mat,d4229267ec7624fa8bd3af5cbebac17f415f7c722de6cb676748f8cb3b717d97,E,8,5,13,25856,25855,26355,1,left_hand,0,True,,26480,26980
S03:E:record08:trial015,S03,A03E.mat,d4229267ec7624fa8bd3af5cbebac17f415f7c722de6cb676748f8cb3b717d97,E,8,5,14,27823,27822,28322,2,right_hand,0,True,,28447,28947
S03:E:record08:trial016,S03,A03E.mat,d4229267ec7624fa8bd3af5cbebac17f415f7c722de6cb676748f8cb3b717d97,E,8,5,15,29943,29942,30442,4,tongue,0,True,,30567,31067
S03:E:record08:trial017,S03,A03E.mat,d4229267ec7624fa8bd3af5cbebac17f415f7c722de6cb676748f8cb3b717d97,E,8,5,16,31951,31950,32450,4,tongue,0,True,,32575,33075
S03:E:record08:trial018,S03,A03E.mat,d4229267ec7624fa8bd3af5cbebac17f415f7c722de6cb676748f8cb3b717d97,E,8,5,17,34017,34016,34516,2,right_hand,0,True,,34641,35141
S03:E:record08:trial019,S03,A03E.mat,d4229267ec7624fa8bd3af5cbebac17f415f7c722de6cb676748f8cb3b717d97,E,8,5,18,36053,36052,36552,2,right_hand,0,True,,36677,37177
S03:E:record08:trial020,S03,A03E.mat,d4229267ec7624fa8bd3af5cbebac17f415f7c722de6cb676748f8cb3b717d97,E,8,5,19,38119,38118,38618,2,right_hand,0,True,,38743,39243
S03:E:record08:trial021,S03,A03E.mat,d4229267ec7624fa8bd3af5cbebac17f415f7c722de6cb676748f8cb3b717d97,E,8,5,20,40189,40188,40688,2,right_hand,0,True,,40813,41313
S03:E:record08:trial022,S03,A03E.mat,d4229267ec7624fa8bd3af5cbebac17f415f7c722de6cb676748f8cb3b717d97,E,8,5,21,42269,42268,42768,4,tongue,0,True,,42893,43393
S03:E:record08:trial023,S03,A03E.mat,d4229267ec7624fa8bd3af5cbebac17f415f7c722de6cb676748f8cb3b717d97,E,8,5,22,44181,44180,44680,4,tongue,0,True,,44805,45305
S03:E:record08:trial024,S03,A03E.mat,d4229267ec7624fa8bd3af5cbebac17f415f7c722de6cb676748f8cb3b717d97,E,8,5,23,46212,46211,46711,3,feet,0,True,,46836,47336
S03:E:record08:trial025,S03,A03E.mat,d4229267ec7624fa8bd3af5cbebac17f415f7c722de6cb676748f8cb3b717d97,E,8,5,24,48165,48164,48664,4,tongue,0,True,,48789,49289
S03:E:record08:trial026,S03,A03E.mat,d4229267ec7624fa8bd3af5cbebac17f415f7c722de6cb676748f8cb3b717d97,E,8,5,25,50126,50125,50625,1,left_hand,0,True,,50750,51250
S03:E:record08:trial027,S03,A03E.mat,d4229267ec7624fa8bd3af5cbebac17f415f7c722de6cb676748f8cb3b717d97,E,8,5,26,52230,52229,52729,2,right_hand,0,True,,52854,53354
S03:E:record08:trial028,S03,A03E.mat,d4229267ec7624fa8bd3af5cbebac17f415f7c722de6cb676748f8cb3b717d97,E,8,5,27,54234,54233,54733,3,feet,0,True,,54858,55358
S03:E:record08:trial029,S03,A03E.mat,d4229267ec7624fa8bd3af5cbebac17f415f7c722de6cb676748f8cb3b717d97,E,8,5,28,56209,56208,56708,2,right_hand,0,True,,56833,57333
S03:E:record08:trial030,S03,A03E.mat,d4229267ec7624fa8bd3af5cbebac17f415f7c722de6cb676748f8cb3b717d97,E,8,5,29,58235,58234,58734,1,left_hand,0,True,,58859,59359
S03:E:record08:trial031,S03,A03E.mat,d4229267ec7624fa8bd3af5cbebac17f415f7c722de6cb676748f8cb3b717d97,E,8,5,30,60306,60305,60805,4,tongue,0,True,,60930,61430
S03:E:record08:trial032,S03,A03E.mat,d4229267ec7624fa8bd3af5cbebac17f415f7c722de6cb676748f8cb3b717d97,E,8,5,31,62413,62412,62912,1,left_hand,0,True,,63037,63537
S03:E:record08:trial033,S03,A03E.mat,d4229267ec7624fa8bd3af5cbebac17f415f7c722de6cb676748f8cb3b717d97,E,8,5,32,64505,64504,65004,4,tongue,0,True,,65129,65629
S03:E:record08:trial034,S03,A03E.mat,d4229267ec7624fa8bd3af5cbebac17f415f7c722de6cb676748f8cb3b717d97,E,8,5,33,66596,66595,67095,1,left_hand,0,True,,67220,67720
S03:E:record08:trial035,S03,A03E.mat,d4229267ec7624fa8bd3af5cbebac17f415f7c722de6cb676748f8cb3b717d97,E,8,5,34,68639,68638,69138,1,left_hand,0,True,,69263,69763
S03:E:record08:trial036,S03,A03E.mat,d4229267ec7624fa8bd3af5cbebac17f415f7c722de6cb676748f8cb3b717d97,E,8,5,35,70703,70702,71202,1,left_hand,0,True,,71327,71827
S03:E:record08:trial037,S03,A03E.mat,d4229267ec7624fa8bd3af5cbebac17f415f7c722de6cb676748f8cb3b717d97,E,8,5,36,72723,72722,73222,1,left_hand,1,False,organizer_artifact_flag,73347,73847
S03:E:record08:trial038,S03,A03E.mat,d4229267ec7624fa8bd3af5cbebac17f415f7c722de6cb676748f8cb3b717d97,E,8,5,37,74695,74694,75194,3,feet,0,True,,75319,75819
S03:E:record08:trial039,S03,A03E.mat,d4229267ec7624fa8bd3af5cbebac17f415f7c722de6cb676748f8cb3b717d97,E,8,5,38,76658,76657,77157,3,feet,0,True,,77282,77782
S03:E:record08:trial040,S03,A03E.mat,d4229267ec7624fa8bd3af5cbebac17f415f7c722de6cb676748f8cb3b717d97,E,8,5,39,78583,78582,79082,4,tongue,0,True,,79207,79707
S03:E:record08:trial041,S03,A03E.mat,d4229267ec7624fa8bd3af5cbebac17f415f7c722de6cb676748f8cb3b717d97,E,8,5,40,80664,80663,81163,2,right_hand,0,True,,81288,81788
S03:E:record08:trial042,S03,A03E.mat,d4229267ec7624fa8bd3af5cbebac17f415f7c722de6cb676748f8cb3b717d97,E,8,5,41,82642,82641,83141,3,feet,1,False,organizer_artifact_flag,83266,83766
S03:E:record08:trial043,S03,A03E.mat,d4229267ec7624fa8bd3af5cbebac17f415f7c722de6cb676748f8cb3b717d97,E,8,5,42,84632,84631,85131,3,feet,1,False,organizer_artifact_flag,85256,85756
S03:E:record08:trial044,S03,A03E.mat,d4229267ec7624fa8bd3af5cbebac17f415f7c722de6cb676748f8cb3b717d97,E,8,5,43,86751,86750,87250,3,feet,0,True,,87375,87875
S03:E:record08:trial045,S03,A03E.mat,d4229267ec7624fa8bd3af5cbebac17f415f7c722de6cb676748f8cb3b717d97,E,8,5,44,88657,88656,89156,4,tongue,0,True,,89281,89781
S03:E:record08:trial046,S03,A03E.mat,d4229267ec7624fa8bd3af5cbebac17f415f7c722de6cb676748f8cb3b717d97,E,8,5,45,90585,90584,91084,3,feet,0,True,,91209,91709
S03:E:record08:trial047,S03,A03E.mat,d4229267ec7624fa8bd3af5cbebac17f415f7c722de6cb676748f8cb3b717d97,E,8,5,46,92699,92698,93198,1,left_hand,0,True,,93323,93823
S03:E:record08:trial048,S03,A03E.mat,d4229267ec7624fa8bd3af5cbebac17f415f7c722de6cb676748f8cb3b717d97,E,8,5,47,94758,94757,95257,3,feet,0,True,,95382,95882
S04:T:record01:trial001,S04,A04T.mat,15850d81b95fc88cc8b9589eb9b713d49fa071e28adaf32d675b3eaa30591d6e,T,1,0,0,251,250,750,4,tongue,0,True,,875,1375
S04:T:record01:trial002,S04,A04T.mat,15850d81b95fc88cc8b9589eb9b713d49fa071e28adaf32d675b3eaa30591d6e,T,1,0,1,2254,2253,2753,4,tongue,0,True,,2878,3378
S04:T:record01:trial003,S04,A04T.mat,15850d81b95fc88cc8b9589eb9b713d49fa071e28adaf32d675b3eaa30591d6e,T,1,0,2,4172,4171,4671,1,left_hand,0,True,,4796,5296
S04:T:record01:trial004,S04,A04T.mat,15850d81b95fc88cc8b9589eb9b713d49fa071e28adaf32d675b3eaa30591d6e,T,1,0,3,6124,6123,6623,4,tongue,0,True,,6748,7248
S04:T:record01:trial005,S04,A04T.mat,15850d81b95fc88cc8b9589eb9b713d49fa071e28adaf32d675b3eaa30591d6e,T,1,0,4,8132,8131,8631,1,left_hand,0,True,,8756,9256
S04:T:record01:trial006,S04,A04T.mat,15850d81b95fc88cc8b9589eb9b713d49fa071e28adaf32d675b3eaa30591d6e,T,1,0,5,10243,10242,10742,1,left_hand,0,True,,10867,11367
S04:T:record01:trial007,S04,A04T.mat,15850d81b95fc88cc8b9589eb9b713d49fa071e28adaf32d675b3eaa30591d6e,T,1,0,6,12160,12159,12659,4,tongue,0,True,,12784,13284
S04:T:record01:trial008,S04,A04T.mat,15850d81b95fc88cc8b9589eb9b713d49fa071e28adaf32d675b3eaa30591d6e,T,1,0,7,14210,14209,14709,4,tongue,0,True,,14834,15334
S04:T:record01:trial009,S04,A04T.mat,15850d81b95fc88cc8b9589eb9b713d49fa071e28adaf32d675b3eaa30591d6e,T,1,0,8,16141,16140,16640,4,tongue,0,True,,16765,17265
S04:T:record01:trial010,S04,A04T.mat,15850d81b95fc88cc8b9589eb9b713d49fa071e28adaf32d675b3eaa30591d6e,T,1,0,9,18139,18138,18638,2,right_hand,0,True,,18763,19263
S04:T:record01:trial011,S04,A04T.mat,15850d81b95fc88cc8b9589eb9b713d49fa071e28adaf32d675b3eaa30591d6e,T,1,0,10,20045,20044,20544,4,tongue,0,True,,20669,21169
S04:T:record01:trial012,S04,A04T.mat,15850d81b95fc88cc8b9589eb9b713d49fa071e28adaf32d675b3eaa30591d6e,T,1,0,11,21940,21939,22439,1,left_hand,0,True,,22564,23064
S04:T:record01:trial013,S04,A04T.mat,15850d81b95fc88cc8b9589eb9b713d49fa071e28adaf32d675b3eaa30591d6e,T,1,0,12,23912,23911,24411,1,left_hand,0,True,,24536,25036
S04:T:record01:trial014,S04,A04T.mat,15850d81b95fc88cc8b9589eb9b713d49fa071e28adaf32d675b3eaa30591d6e,T,1,0,13,25856,25855,26355,2,right_hand,0,True,,26480,26980
S04:T:record01:trial015,S04,A04T.mat,15850d81b95fc88cc8b9589eb9b713d49fa071e28adaf32d675b3eaa30591d6e,T,1,0,14,27823,27822,28322,2,right_hand,0,True,,28447,28947
S04:T:record01:trial016,S04,A04T.mat,15850d81b95fc88cc8b9589eb9b713d49fa071e28adaf32d675b3eaa30591d6e,T,1,0,15,29943,29942,30442,2,right_hand,0,True,,30567,31067
S04:T:record01:trial017,S04,A04T.mat,15850d81b95fc88cc8b9589eb9b713d49fa071e28adaf32d675b3eaa30591d6e,T,1,0,16,31951,31950,32450,3,feet,0,True,,32575,33075
S04:T:record01:trial018,S04,A04T.mat,15850d81b95fc88cc8b9589eb9b713d49fa071e28adaf32d675b3eaa30591d6e,T,1,0,17,34017,34016,34516,1,left_hand,0,True,,34641,35141
S04:T:record01:trial019,S04,A04T.mat,15850d81b95fc88cc8b9589eb9b713d49fa071e28adaf32d675b3eaa30591d6e,T,1,0,18,36053,36052,36552,3,feet,0,True,,36677,37177
S04:T:record01:trial020,S04,A04T.mat,15850d81b95fc88cc8b9589eb9b713d49fa071e28adaf32d675b3eaa30591d6e,T,1,0,19,38119,38118,38618,2,right_hand,0,True,,38743,39243
S04:T:record01:trial021,S04,A04T.mat,15850d81b95fc88cc8b9589eb9b713d49fa071e28adaf32d675b3eaa30591d6e,T,1,0,20,40189,40188,40688,3,feet,0,True,,40813,41313
S04:T:record01:trial022,S04,A04T.mat,15850d81b95fc88cc8b9589eb9b713d49fa071e28adaf32d675b3eaa30591d6e,T,1,0,21,42269,42268,42768,2,right_hand,0,True,,42893,43393
S04:T:record01:trial023,S04,A04T.mat,15850d81b95fc88cc8b9589eb9b713d49fa071e28adaf32d675b3eaa30591d6e,T,1,0,22,44181,44180,44680,1,left_hand,0,True,,44805,45305
S04:T:record01:trial024,S04,A04T.mat,15850d81b95fc88cc8b9589eb9b713d49fa071e28adaf32d675b3eaa30591d6e,T,1,0,23,46212,46211,46711,3,feet,0,True,,46836,47336
S04:T:record01:trial025,S04,A04T.mat,15850d81b95fc88cc8b9589eb9b713d49fa071e28adaf32d675b3eaa30591d6e,T,1,0,24,48165,48164,48664,3,feet,0,True,,48789,49289
S04:T:record01:trial026,S04,A04T.mat,15850d81b95fc88cc8b9589eb9b713d49fa071e28adaf32d675b3eaa30591d6e,T,1,0,25,50126,50125,50625,1,left_hand,0,True,,50750,51250
S04:T:record01:trial027,S04,A04T.mat,15850d81b95fc88cc8b9589eb9b713d49fa071e28adaf32d675b3eaa30591d6e,T,1,0,26,52230,52229,52729,3,feet,0,True,,52854,53354
S04:T:record01:trial028,S04,A04T.mat,15850d81b95fc88cc8b9589eb9b713d49fa071e28adaf32d675b3eaa30591d6e,T,1,0,27,54234,54233,54733,2,right_hand,0,True,,54858,55358
S04:T:record01:trial029,S04,A04T.mat,15850d81b95fc88cc8b9589eb9b713d49fa071e28adaf32d675b3eaa30591d6e,T,1,0,28,56209,56208,56708,2,right_hand,0,True,,56833,57333
S04:T:record01:trial030,S04,A04T.mat,15850d81b95fc88cc8b9589eb9b713d49fa071e28adaf32d675b3eaa30591d6e,T,1,0,29,58235,58234,58734,4,tongue,0,True,,58859,59359
S04:T:record01:trial031,S04,A04T.mat,15850d81b95fc88cc8b9589eb9b713d49fa071e28adaf32d675b3eaa30591d6e,T,1,0,30,60306,60305,60805,1,left_hand,0,True,,60930,61430
S04:T:record01:trial032,S04,A04T.mat,15850d81b95fc88cc8b9589eb9b713d49fa071e28adaf32d675b3eaa30591d6e,T,1,0,31,62413,62412,62912,3,feet,0,True,,63037,63537
S04:T:record01:trial033,S04,A04T.mat,15850d81b95fc88cc8b9589eb9b713d49fa071e28adaf32d675b3eaa30591d6e,T,1,0,32,64505,64504,65004,1,left_hand,0,True,,65129,65629
S04:T:record01:trial034,S04,A04T.mat,15850d81b95fc88cc8b9589eb9b713d49fa071e28adaf32d675b3eaa30591d6e,T,1,0,33,66596,66595,67095,3,feet,0,True,,67220,67720
S04:T:record01:trial035,S04,A04T.mat,15850d81b95fc88cc8b9589eb9b713d49fa071e28adaf32d675b3eaa30591d6e,T,1,0,34,68639,68638,69138,2,right_hand,0,True,,69263,69763
S04:T:record01:trial036,S04,A04T.mat,15850d81b95fc88cc8b9589eb9b713d49fa071e28adaf32d675b3eaa30591d6e,T,1,0,35,70703,70702,71202,4,tongue,0,True,,71327,71827
S04:T:record01:trial037,S04,A04T.mat,15850d81b95fc88cc8b9589eb9b713d49fa071e28adaf32d675b3eaa30591d6e,T,1,0,36,72723,72722,73222,3,feet,0,True,,73347,73847
S04:T:record01:trial038,S04,A04T.mat,15850d81b95fc88cc8b9589eb9b713d49fa071e28adaf32d675b3eaa30591d6e,T,1,0,37,74695,74694,75194,2,right_hand,0,True,,75319,75819
S04:T:record01:trial039,S04,A04T.mat,15850d81b95fc88cc8b9589eb9b713d49fa071e28adaf32d675b3eaa30591d6e,T,1,0,38,76658,76657,77157,2,right_hand,0,True,,77282,77782
S04:T:record01:trial040,S04,A04T.mat,15850d81b95fc88cc8b9589eb9b713d49fa071e28adaf32d675b3eaa30591d6e,T,1,0,39,78583,78582,79082,3,feet,0,True,,79207,79707
S04:T:record01:trial041,S04,A04T.mat,15850d81b95fc88cc8b9589eb9b713d49fa071e28adaf32d675b3eaa30591d6e,T,1,0,40,80664,80663,81163,1,left_hand,0,True,,81288,81788
S04:T:record01:trial042,S04,A04T.mat,15850d81b95fc88cc8b9589eb9b713d49fa071e28adaf32d675b3eaa30591d6e,T,1,0,41,82642,82641,83141,1,left_hand,1,False,organizer_artifact_flag,83266,83766
S04:T:record01:trial043,S04,A04T.mat,15850d81b95fc88cc8b9589eb9b713d49fa071e28adaf32d675b3eaa30591d6e,T,1,0,42,84632,84631,85131,4,tongue,0,True,,85256,85756
S04:T:record01:trial044,S04,A04T.mat,15850d81b95fc88cc8b9589eb9b713d49fa071e28adaf32d675b3eaa30591d6e,T,1,0,43,86751,86750,87250,3,feet,0,True,,87375,87875
S04:T:record01:trial045,S04,A04T.mat,15850d81b95fc88cc8b9589eb9b713d49fa071e28adaf32d675b3eaa30591d6e,T,1,0,44,88657,88656,89156,4,tongue,0,True,,89281,89781
S04:T:record01:trial046,S04,A04T.mat,15850d81b95fc88cc8b9589eb9b713d49fa071e28adaf32d675b3eaa30591d6e,T,1,0,45,90585,90584,91084,2,right_hand,0,True,,91209,91709
S04:T:record01:trial047,S04,A04T.mat,15850d81b95fc88cc8b9589eb9b713d49fa071e28adaf32d675b3eaa30591d6e,T,1,0,46,92699,92698,93198,3,feet,0,True,,93323,93823
S04:T:record01:trial048,S04,A04T.mat,15850d81b95fc88cc8b9589eb9b713d49fa071e28adaf32d675b3eaa30591d6e,T,1,0,47,94758,94757,95257,4,tongue,0,True,,95382,95882
S04:T:record02:trial001,S04,A04T.mat,15850d81b95fc88cc8b9589eb9b713d49fa071e28adaf32d675b3eaa30591d6e,T,2,1,0,251,250,750,3,feet,0,True,,875,1375
S04:T:record02:trial002,S04,A04T.mat,15850d81b95fc88cc8b9589eb9b713d49fa071e28adaf32d675b3eaa30591d6e,T,2,1,1,2254,2253,2753,2,right_hand,0,True,,2878,3378
S04:T:record02:trial003,S04,A04T.mat,15850d81b95fc88cc8b9589eb9b713d49fa071e28adaf32d675b3eaa30591d6e,T,2,1,2,4172,4171,4671,2,right_hand,0,True,,4796,5296
S04:T:record02:trial004,S04,A04T.mat,15850d81b95fc88cc8b9589eb9b713d49fa071e28adaf32d675b3eaa30591d6e,T,2,1,3,6124,6123,6623,1,left_hand,0,True,,6748,7248
S04:T:record02:trial005,S04,A04T.mat,15850d81b95fc88cc8b9589eb9b713d49fa071e28adaf32d675b3eaa30591d6e,T,2,1,4,8132,8131,8631,2,right_hand,0,True,,8756,9256
S04:T:record02:trial006,S04,A04T.mat,15850d81b95fc88cc8b9589eb9b713d49fa071e28adaf32d675b3eaa30591d6e,T,2,1,5,10243,10242,10742,4,tongue,0,True,,10867,11367
S04:T:record02:trial007,S04,A04T.mat,15850d81b95fc88cc8b9589eb9b713d49fa071e28adaf32d675b3eaa30591d6e,T,2,1,6,12160,12159,12659,3,feet,0,True,,12784,13284
S04:T:record02:trial008,S04,A04T.mat,15850d81b95fc88cc8b9589eb9b713d49fa071e28adaf32d675b3eaa30591d6e,T,2,1,7,14210,14209,14709,1,left_hand,0,True,,14834,15334
S04:T:record02:trial009,S04,A04T.mat,15850d81b95fc88cc8b9589eb9b713d49fa071e28adaf32d675b3eaa30591d6e,T,2,1,8,16141,16140,16640,4,tongue,0,True,,16765,17265
S04:T:record02:trial010,S04,A04T.mat,15850d81b95fc88cc8b9589eb9b713d49fa071e28adaf32d675b3eaa30591d6e,T,2,1,9,18139,18138,18638,1,left_hand,0,True,,18763,19263
S04:T:record02:trial011,S04,A04T.mat,15850d81b95fc88cc8b9589eb9b713d49fa071e28adaf32d675b3eaa30591d6e,T,2,1,10,20045,20044,20544,3,feet,0,True,,20669,21169
S04:T:record02:trial012,S04,A04T.mat,15850d81b95fc88cc8b9589eb9b713d49fa071e28adaf32d675b3eaa30591d6e,T,2,1,11,21940,21939,22439,4,tongue,0,True,,22564,23064
S04:T:record02:trial013,S04,A04T.mat,15850d81b95fc88cc8b9589eb9b713d49fa071e28adaf32d675b3eaa30591d6e,T,2,1,12,23912,23911,24411,1,left_hand,0,True,,24536,25036
S04:T:record02:trial014,S04,A04T.mat,15850d81b95fc88cc8b9589eb9b713d49fa071e28adaf32d675b3eaa30591d6e,T,2,1,13,25856,25855,26355,2,right_hand,0,True,,26480,26980
S04:T:record02:trial015,S04,A04T.mat,15850d81b95fc88cc8b9589eb9b713d49fa071e28adaf32d675b3eaa30591d6e,T,2,1,14,27823,27822,28322,4,tongue,0,True,,28447,28947
S04:T:record02:trial016,S04,A04T.mat,15850d81b95fc88cc8b9589eb9b713d49fa071e28adaf32d675b3eaa30591d6e,T,2,1,15,29943,29942,30442,3,feet,0,True,,30567,31067
S04:T:record02:trial017,S04,A04T.mat,15850d81b95fc88cc8b9589eb9b713d49fa071e28adaf32d675b3eaa30591d6e,T,2,1,16,31951,31950,32450,1,left_hand,1,False,organizer_artifact_flag,32575,33075
S04:T:record02:trial018,S04,A04T.mat,15850d81b95fc88cc8b9589eb9b713d49fa071e28adaf32d675b3eaa30591d6e,T,2,1,17,34017,34016,34516,1,left_hand,0,True,,34641,35141
S04:T:record02:trial019,S04,A04T.mat,15850d81b95fc88cc8b9589eb9b713d49fa071e28adaf32d675b3eaa30591d6e,T,2,1,18,36053,36052,36552,3,feet,0,True,,36677,37177
S04:T:record02:trial020,S04,A04T.mat,15850d81b95fc88cc8b9589eb9b713d49fa071e28adaf32d675b3eaa30591d6e,T,2,1,19,38119,38118,38618,4,tongue,0,True,,38743,39243
S04:T:record02:trial021,S04,A04T.mat,15850d81b95fc88cc8b9589eb9b713d49fa071e28adaf32d675b3eaa30591d6e,T,2,1,20,40189,40188,40688,2,right_hand,0,True,,40813,41313
S04:T:record02:trial022,S04,A04T.mat,15850d81b95fc88cc8b9589eb9b713d49fa071e28adaf32d675b3eaa30591d6e,T,2,1,21,42269,42268,42768,1,left_hand,0,True,,42893,43393
S04:T:record02:trial023,S04,A04T.mat,15850d81b95fc88cc8b9589eb9b713d49fa071e28adaf32d675b3eaa30591d6e,T,2,1,22,44181,44180,44680,3,feet,0,True,,44805,45305
S04:T:record02:trial024,S04,A04T.mat,15850d81b95fc88cc8b9589eb9b713d49fa071e28adaf32d675b3eaa30591d6e,T,2,1,23,46212,46211,46711,1,left_hand,0,True,,46836,47336
S04:T:record02:trial025,S04,A04T.mat,15850d81b95fc88cc8b9589eb9b713d49fa071e28adaf32d675b3eaa30591d6e,T,2,1,24,48165,48164,48664,2,right_hand,0,True,,48789,49289
S04:T:record02:trial026,S04,A04T.mat,15850d81b95fc88cc8b9589eb9b713d49fa071e28adaf32d675b3eaa30591d6e,T,2,1,25,50126,50125,50625,2,right_hand,0,True,,50750,51250
S04:T:record02:trial027,S04,A04T.mat,15850d81b95fc88cc8b9589eb9b713d49fa071e28adaf32d675b3eaa30591d6e,T,2,1,26,52230,52229,52729,1,left_hand,0,True,,52854,53354
S04:T:record02:trial028,S04,A04T.mat,15850d81b95fc88cc8b9589eb9b713d49fa071e28adaf32d675b3eaa30591d6e,T,2,1,27,54234,54233,54733,1,left_hand,1,False,organizer_artifact_flag,54858,55358
S04:T:record02:trial029,S04,A04T.mat,15850d81b95fc88cc8b9589eb9b713d49fa071e28adaf32d675b3eaa30591d6e,T,2,1,28,56209,56208,56708,2,right_hand,0,True,,56833,57333
S04:T:record02:trial030,S04,A04T.mat,15850d81b95fc88cc8b9589eb9b713d49fa071e28adaf32d675b3eaa30591d6e,T,2,1,29,58235,58234,58734,4,tongue,0,True,,58859,59359
S04:T:record02:trial031,S04,A04T.mat,15850d81b95fc88cc8b9589eb9b713d49fa071e28adaf32d675b3eaa30591d6e,T,2,1,30,60306,60305,60805,2,right_hand,0,True,,60930,61430
S04:T:record02:trial032,S04,A04T.mat,15850d81b95fc88cc8b9589eb9b713d49fa071e28adaf32d675b3eaa30591d6e,T,2,1,31,62413,62412,62912,3,feet,0,True,,63037,63537
S04:T:record02:trial033,S04,A04T.mat,15850d81b95fc88cc8b9589eb9b713d49fa071e28adaf32d675b3eaa30591d6e,T,2,1,32,64505,64504,65004,2,right_hand,0,True,,65129,65629
S04:T:record02:trial034,S04,A04T.mat,15850d81b95fc88cc8b9589eb9b713d49fa071e28adaf32d675b3eaa30591d6e,T,2,1,33,66596,66595,67095,4,tongue,0,True,,67220,67720
S04:T:record02:trial035,S04,A04T.mat,15850d81b95fc88cc8b9589eb9b713d49fa071e28adaf32d675b3eaa30591d6e,T,2,1,34,68639,68638,69138,4,tongue,0,True,,69263,69763
S04:T:record02:trial036,S04,A04T.mat,15850d81b95fc88cc8b9589eb9b713d49fa071e28adaf32d675b3eaa30591d6e,T,2,1,35,70703,70702,71202,4,tongue,0,True,,71327,71827
S04:T:record02:trial037,S04,A04T.mat,15850d81b95fc88cc8b9589eb9b713d49fa071e28adaf32d675b3eaa30591d6e,T,2,1,36,72723,72722,73222,1,left_hand,0,True,,73347,73847
S04:T:record02:trial038,S04,A04T.mat,15850d81b95fc88cc8b9589eb9b713d49fa071e28adaf32d675b3eaa30591d6e,T,2,1,37,74695,74694,75194,3,feet,0,True,,75319,75819
S04:T:record02:trial039,S04,A04T.mat,15850d81b95fc88cc8b9589eb9b713d49fa071e28adaf32d675b3eaa30591d6e,T,2,1,38,76658,76657,77157,2,right_hand,0,True,,77282,77782
S04:T:record02:trial040,S04,A04T.mat,15850d81b95fc88cc8b9589eb9b713d49fa071e28adaf32d675b3eaa30591d6e,T,2,1,39,78583,78582,79082,3,feet,0,True,,79207,79707
S04:T:record02:trial041,S04,A04T.mat,15850d81b95fc88cc8b9589eb9b713d49fa071e28adaf32d675b3eaa30591d6e,T,2,1,40,80664,80663,81163,2,right_hand,1,False,organizer_artifact_flag,81288,81788
S04:T:record02:trial042,S04,A04T.mat,15850d81b95fc88cc8b9589eb9b713d49fa071e28adaf32d675b3eaa30591d6e,T,2,1,41,82642,82641,83141,4,tongue,0,True,,83266,83766
S04:T:record02:trial043,S04,A04T.mat,15850d81b95fc88cc8b9589eb9b713d49fa071e28adaf32d675b3eaa30591d6e,T,2,1,42,84632,84631,85131,3,feet,0,True,,85256,85756
S04:T:record02:trial044,S04,A04T.mat,15850d81b95fc88cc8b9589eb9b713d49fa071e28adaf32d675b3eaa30591d6e,T,2,1,43,86751,86750,87250,4,tongue,0,True,,87375,87875
S04:T:record02:trial045,S04,A04T.mat,15850d81b95fc88cc8b9589eb9b713d49fa071e28adaf32d675b3eaa30591d6e,T,2,1,44,88657,88656,89156,4,tongue,0,True,,89281,89781
S04:T:record02:trial046,S04,A04T.mat,15850d81b95fc88cc8b9589eb9b713d49fa071e28adaf32d675b3eaa30591d6e,T,2,1,45,90585,90584,91084,3,feet,0,True,,91209,91709
S04:T:record02:trial047,S04,A04T.mat,15850d81b95fc88cc8b9589eb9b713d49fa071e28adaf32d675b3eaa30591d6e,T,2,1,46,92699,92698,93198,1,left_hand,0,True,,93323,93823
S04:T:record02:trial048,S04,A04T.mat,15850d81b95fc88cc8b9589eb9b713d49fa071e28adaf32d675b3eaa30591d6e,T,2,1,47,94758,94757,95257,3,feet,0,True,,95382,95882
S04:T:record03:trial001,S04,A04T.mat,15850d81b95fc88cc8b9589eb9b713d49fa071e28adaf32d675b3eaa30591d6e,T,3,2,0,251,250,750,1,left_hand,0,True,,875,1375
S04:T:record03:trial002,S04,A04T.mat,15850d81b95fc88cc8b9589eb9b713d49fa071e28adaf32d675b3eaa30591d6e,T,3,2,1,2254,2253,2753,2,right_hand,0,True,,2878,3378
S04:T:record03:trial003,S04,A04T.mat,15850d81b95fc88cc8b9589eb9b713d49fa071e28adaf32d675b3eaa30591d6e,T,3,2,2,4172,4171,4671,2,right_hand,0,True,,4796,5296
S04:T:record03:trial004,S04,A04T.mat,15850d81b95fc88cc8b9589eb9b713d49fa071e28adaf32d675b3eaa30591d6e,T,3,2,3,6124,6123,6623,1,left_hand,0,True,,6748,7248
S04:T:record03:trial005,S04,A04T.mat,15850d81b95fc88cc8b9589eb9b713d49fa071e28adaf32d675b3eaa30591d6e,T,3,2,4,8132,8131,8631,2,right_hand,0,True,,8756,9256
S04:T:record03:trial006,S04,A04T.mat,15850d81b95fc88cc8b9589eb9b713d49fa071e28adaf32d675b3eaa30591d6e,T,3,2,5,10243,10242,10742,1,left_hand,0,True,,10867,11367
S04:T:record03:trial007,S04,A04T.mat,15850d81b95fc88cc8b9589eb9b713d49fa071e28adaf32d675b3eaa30591d6e,T,3,2,6,12160,12159,12659,2,right_hand,0,True,,12784,13284
S04:T:record03:trial008,S04,A04T.mat,15850d81b95fc88cc8b9589eb9b713d49fa071e28adaf32d675b3eaa30591d6e,T,3,2,7,14210,14209,14709,3,feet,0,True,,14834,15334
S04:T:record03:trial009,S04,A04T.mat,15850d81b95fc88cc8b9589eb9b713d49fa071e28adaf32d675b3eaa30591d6e,T,3,2,8,16141,16140,16640,2,right_hand,0,True,,16765,17265
S04:T:record03:trial010,S04,A04T.mat,15850d81b95fc88cc8b9589eb9b713d49fa071e28adaf32d675b3eaa30591d6e,T,3,2,9,18139,18138,18638,4,tongue,0,True,,18763,19263
S04:T:record03:trial011,S04,A04T.mat,15850d81b95fc88cc8b9589eb9b713d49fa071e28adaf32d675b3eaa30591d6e,T,3,2,10,20045,20044,20544,1,left_hand,0,True,,20669,21169
S04:T:record03:trial012,S04,A04T.mat,15850d81b95fc88cc8b9589eb9b713d49fa071e28adaf32d675b3eaa30591d6e,T,3,2,11,21940,21939,22439,3,feet,0,True,,22564,23064
S04:T:record03:trial013,S04,A04T.mat,15850d81b95fc88cc8b9589eb9b713d49fa071e28adaf32d675b3eaa30591d6e,T,3,2,12,23912,23911,24411,2,right_hand,0,True,,24536,25036
S04:T:record03:trial014,S04,A04T.mat,15850d81b95fc88cc8b9589eb9b713d49fa071e28adaf32d675b3eaa30591d6e,T,3,2,13,25856,25855,26355,1,left_hand,0,True,,26480,26980
S04:T:record03:trial015,S04,A04T.mat,15850d81b95fc88cc8b9589eb9b713d49fa071e28adaf32d675b3eaa30591d6e,T,3,2,14,27823,27822,28322,4,tongue,0,True,,28447,28947
S04:T:record03:trial016,S04,A04T.mat,15850d81b95fc88cc8b9589eb9b713d49fa071e28adaf32d675b3eaa30591d6e,T,3,2,15,29943,29942,30442,4,tongue,0,True,,30567,31067
S04:T:record03:trial017,S04,A04T.mat,15850d81b95fc88cc8b9589eb9b713d49fa071e28adaf32d675b3eaa30591d6e,T,3,2,16,31951,31950,32450,4,tongue,0,True,,32575,33075
S04:T:record03:trial018,S04,A04T.mat,15850d81b95fc88cc8b9589eb9b713d49fa071e28adaf32d675b3eaa30591d6e,T,3,2,17,34017,34016,34516,4,tongue,0,True,,34641,35141
S04:T:record03:trial019,S04,A04T.mat,15850d81b95fc88cc8b9589eb9b713d49fa071e28adaf32d675b3eaa30591d6e,T,3,2,18,36053,36052,36552,4,tongue,0,True,,36677,37177
S04:T:record03:trial020,S04,A04T.mat,15850d81b95fc88cc8b9589eb9b713d49fa071e28adaf32d675b3eaa30591d6e,T,3,2,19,38119,38118,38618,1,left_hand,0,True,,38743,39243
S04:T:record03:trial021,S04,A04T.mat,15850d81b95fc88cc8b9589eb9b713d49fa071e28adaf32d675b3eaa30591d6e,T,3,2,20,40189,40188,40688,3,feet,0,True,,40813,41313
S04:T:record03:trial022,S04,A04T.mat,15850d81b95fc88cc8b9589eb9b713d49fa071e28adaf32d675b3eaa30591d6e,T,3,2,21,42269,42268,42768,2,right_hand,0,True,,42893,43393
S04:T:record03:trial023,S04,A04T.mat,15850d81b95fc88cc8b9589eb9b713d49fa071e28adaf32d675b3eaa30591d6e,T,3,2,22,44181,44180,44680,1,left_hand,0,True,,44805,45305
S04:T:record03:trial024,S04,A04T.mat,15850d81b95fc88cc8b9589eb9b713d49fa071e28adaf32d675b3eaa30591d6e,T,3,2,23,46212,46211,46711,1,left_hand,0,True,,46836,47336
S04:T:record03:trial025,S04,A04T.mat,15850d81b95fc88cc8b9589eb9b713d49fa071e28adaf32d675b3eaa30591d6e,T,3,2,24,48165,48164,48664,3,feet,0,True,,48789,49289
S04:T:record03:trial026,S04,A04T.mat,15850d81b95fc88cc8b9589eb9b713d49fa071e28adaf32d675b3eaa30591d6e,T,3,2,25,50126,50125,50625,4,tongue,0,True,,50750,51250
S04:T:record03:trial027,S04,A04T.mat,15850d81b95fc88cc8b9589eb9b713d49fa071e28adaf32d675b3eaa30591d6e,T,3,2,26,52230,52229,52729,1,left_hand,0,True,,52854,53354
S04:T:record03:trial028,S04,A04T.mat,15850d81b95fc88cc8b9589eb9b713d49fa071e28adaf32d675b3eaa30591d6e,T,3,2,27,54234,54233,54733,3,feet,0,True,,54858,55358
S04:T:record03:trial029,S04,A04T.mat,15850d81b95fc88cc8b9589eb9b713d49fa071e28adaf32d675b3eaa30591d6e,T,3,2,28,56209,56208,56708,3,feet,0,True,,56833,57333
S04:T:record03:trial030,S04,A04T.mat,15850d81b95fc88cc8b9589eb9b713d49fa071e28adaf32d675b3eaa30591d6e,T,3,2,29,58235,58234,58734,3,feet,0,True,,58859,59359
S04:T:record03:trial031,S04,A04T.mat,15850d81b95fc88cc8b9589eb9b713d49fa071e28adaf32d675b3eaa30591d6e,T,3,2,30,60306,60305,60805,1,left_hand,0,True,,60930,61430
S04:T:record03:trial032,S04,A04T.mat,15850d81b95fc88cc8b9589eb9b713d49fa071e28adaf32d675b3eaa30591d6e,T,3,2,31,62413,62412,62912,2,right_hand,0,True,,63037,63537
S04:T:record03:trial033,S04,A04T.mat,15850d81b95fc88cc8b9589eb9b713d49fa071e28adaf32d675b3eaa30591d6e,T,3,2,32,64505,64504,65004,1,left_hand,0,True,,65129,65629
S04:T:record03:trial034,S04,A04T.mat,15850d81b95fc88cc8b9589eb9b713d49fa071e28adaf32d675b3eaa30591d6e,T,3,2,33,66596,66595,67095,2,right_hand,0,True,,67220,67720
S04:T:record03:trial035,S04,A04T.mat,15850d81b95fc88cc8b9589eb9b713d49fa071e28adaf32d675b3eaa30591d6e,T,3,2,34,68639,68638,69138,2,right_hand,0,True,,69263,69763
S04:T:record03:trial036,S04,A04T.mat,15850d81b95fc88cc8b9589eb9b713d49fa071e28adaf32d675b3eaa30591d6e,T,3,2,35,70703,70702,71202,1,left_hand,1,False,organizer_artifact_flag,71327,71827
S04:T:record03:trial037,S04,A04T.mat,15850d81b95fc88cc8b9589eb9b713d49fa071e28adaf32d675b3eaa30591d6e,T,3,2,36,72723,72722,73222,2,right_hand,0,True,,73347,73847
S04:T:record03:trial038,S04,A04T.mat,15850d81b95fc88cc8b9589eb9b713d49fa071e28adaf32d675b3eaa30591d6e,T,3,2,37,74695,74694,75194,3,feet,0,True,,75319,75819
S04:T:record03:trial039,S04,A04T.mat,15850d81b95fc88cc8b9589eb9b713d49fa071e28adaf32d675b3eaa30591d6e,T,3,2,38,76658,76657,77157,2,right_hand,0,True,,77282,77782
S04:T:record03:trial040,S04,A04T.mat,15850d81b95fc88cc8b9589eb9b713d49fa071e28adaf32d675b3eaa30591d6e,T,3,2,39,78583,78582,79082,3,feet,0,True,,79207,79707
S04:T:record03:trial041,S04,A04T.mat,15850d81b95fc88cc8b9589eb9b713d49fa071e28adaf32d675b3eaa30591d6e,T,3,2,40,80664,80663,81163,3,feet,1,False,organizer_artifact_flag,81288,81788
S04:T:record03:trial042,S04,A04T.mat,15850d81b95fc88cc8b9589eb9b713d49fa071e28adaf32d675b3eaa30591d6e,T,3,2,41,82642,82641,83141,4,tongue,0,True,,83266,83766
S04:T:record03:trial043,S04,A04T.mat,15850d81b95fc88cc8b9589eb9b713d49fa071e28adaf32d675b3eaa30591d6e,T,3,2,42,84632,84631,85131,3,feet,0,True,,85256,85756
S04:T:record03:trial044,S04,A04T.mat,15850d81b95fc88cc8b9589eb9b713d49fa071e28adaf32d675b3eaa30591d6e,T,3,2,43,86751,86750,87250,3,feet,0,True,,87375,87875
S04:T:record03:trial045,S04,A04T.mat,15850d81b95fc88cc8b9589eb9b713d49fa071e28adaf32d675b3eaa30591d6e,T,3,2,44,88657,88656,89156,4,tongue,0,True,,89281,89781
S04:T:record03:trial046,S04,A04T.mat,15850d81b95fc88cc8b9589eb9b713d49fa071e28adaf32d675b3eaa30591d6e,T,3,2,45,90585,90584,91084,4,tongue,0,True,,91209,91709
S04:T:record03:trial047,S04,A04T.mat,15850d81b95fc88cc8b9589eb9b713d49fa071e28adaf32d675b3eaa30591d6e,T,3,2,46,92699,92698,93198,4,tongue,0,True,,93323,93823
S04:T:record03:trial048,S04,A04T.mat,15850d81b95fc88cc8b9589eb9b713d49fa071e28adaf32d675b3eaa30591d6e,T,3,2,47,94758,94757,95257,4,tongue,0,True,,95382,95882
S04:T:record04:trial001,S04,A04T.mat,15850d81b95fc88cc8b9589eb9b713d49fa071e28adaf32d675b3eaa30591d6e,T,4,3,0,251,250,750,4,tongue,1,False,organizer_artifact_flag,875,1375
S04:T:record04:trial002,S04,A04T.mat,15850d81b95fc88cc8b9589eb9b713d49fa071e28adaf32d675b3eaa30591d6e,T,4,3,1,2254,2253,2753,3,feet,1,False,organizer_artifact_flag,2878,3378
S04:T:record04:trial003,S04,A04T.mat,15850d81b95fc88cc8b9589eb9b713d49fa071e28adaf32d675b3eaa30591d6e,T,4,3,2,4172,4171,4671,2,right_hand,1,False,organizer_artifact_flag,4796,5296
S04:T:record04:trial004,S04,A04T.mat,15850d81b95fc88cc8b9589eb9b713d49fa071e28adaf32d675b3eaa30591d6e,T,4,3,3,6124,6123,6623,1,left_hand,0,True,,6748,7248
S04:T:record04:trial005,S04,A04T.mat,15850d81b95fc88cc8b9589eb9b713d49fa071e28adaf32d675b3eaa30591d6e,T,4,3,4,8132,8131,8631,1,left_hand,0,True,,8756,9256
S04:T:record04:trial006,S04,A04T.mat,15850d81b95fc88cc8b9589eb9b713d49fa071e28adaf32d675b3eaa30591d6e,T,4,3,5,10243,10242,10742,2,right_hand,0,True,,10867,11367
S04:T:record04:trial007,S04,A04T.mat,15850d81b95fc88cc8b9589eb9b713d49fa071e28adaf32d675b3eaa30591d6e,T,4,3,6,12160,12159,12659,3,feet,0,True,,12784,13284
S04:T:record04:trial008,S04,A04T.mat,15850d81b95fc88cc8b9589eb9b713d49fa071e28adaf32d675b3eaa30591d6e,T,4,3,7,14210,14209,14709,4,tongue,0,True,,14834,15334
S04:T:record04:trial009,S04,A04T.mat,15850d81b95fc88cc8b9589eb9b713d49fa071e28adaf32d675b3eaa30591d6e,T,4,3,8,16141,16140,16640,2,right_hand,0,True,,16765,17265
S04:T:record04:trial010,S04,A04T.mat,15850d81b95fc88cc8b9589eb9b713d49fa071e28adaf32d675b3eaa30591d6e,T,4,3,9,18139,18138,18638,3,feet,0,True,,18763,19263
S04:T:record04:trial011,S04,A04T.mat,15850d81b95fc88cc8b9589eb9b713d49fa071e28adaf32d675b3eaa30591d6e,T,4,3,10,20045,20044,20544,1,left_hand,0,True,,20669,21169
S04:T:record04:trial012,S04,A04T.mat,15850d81b95fc88cc8b9589eb9b713d49fa071e28adaf32d675b3eaa30591d6e,T,4,3,11,21940,21939,22439,1,left_hand,1,False,organizer_artifact_flag,22564,23064
S04:T:record04:trial013,S04,A04T.mat,15850d81b95fc88cc8b9589eb9b713d49fa071e28adaf32d675b3eaa30591d6e,T,4,3,12,23912,23911,24411,1,left_hand,1,False,organizer_artifact_flag,24536,25036
S04:T:record04:trial014,S04,A04T.mat,15850d81b95fc88cc8b9589eb9b713d49fa071e28adaf32d675b3eaa30591d6e,T,4,3,13,25856,25855,26355,4,tongue,0,True,,26480,26980
S04:T:record04:trial015,S04,A04T.mat,15850d81b95fc88cc8b9589eb9b713d49fa071e28adaf32d675b3eaa30591d6e,T,4,3,14,27823,27822,28322,2,right_hand,0,True,,28447,28947
S04:T:record04:trial016,S04,A04T.mat,15850d81b95fc88cc8b9589eb9b713d49fa071e28adaf32d675b3eaa30591d6e,T,4,3,15,29943,29942,30442,2,right_hand,0,True,,30567,31067
S04:T:record04:trial017,S04,A04T.mat,15850d81b95fc88cc8b9589eb9b713d49fa071e28adaf32d675b3eaa30591d6e,T,4,3,16,31951,31950,32450,1,left_hand,0,True,,32575,33075
S04:T:record04:trial018,S04,A04T.mat,15850d81b95fc88cc8b9589eb9b713d49fa071e28adaf32d675b3eaa30591d6e,T,4,3,17,34017,34016,34516,1,left_hand,0,True,,34641,35141
S04:T:record04:trial019,S04,A04T.mat,15850d81b95fc88cc8b9589eb9b713d49fa071e28adaf32d675b3eaa30591d6e,T,4,3,18,36053,36052,36552,3,feet,0,True,,36677,37177
S04:T:record04:trial020,S04,A04T.mat,15850d81b95fc88cc8b9589eb9b713d49fa071e28adaf32d675b3eaa30591d6e,T,4,3,19,38119,38118,38618,1,left_hand,0,True,,38743,39243
S04:T:record04:trial021,S04,A04T.mat,15850d81b95fc88cc8b9589eb9b713d49fa071e28adaf32d675b3eaa30591d6e,T,4,3,20,40189,40188,40688,2,right_hand,0,True,,40813,41313
S04:T:record04:trial022,S04,A04T.mat,15850d81b95fc88cc8b9589eb9b713d49fa071e28adaf32d675b3eaa30591d6e,T,4,3,21,42269,42268,42768,4,tongue,0,True,,42893,43393
S04:T:record04:trial023,S04,A04T.mat,15850d81b95fc88cc8b9589eb9b713d49fa071e28adaf32d675b3eaa30591d6e,T,4,3,22,44181,44180,44680,4,tongue,0,True,,44805,45305
S04:T:record04:trial024,S04,A04T.mat,15850d81b95fc88cc8b9589eb9b713d49fa071e28adaf32d675b3eaa30591d6e,T,4,3,23,46212,46211,46711,3,feet,0,True,,46836,47336
S04:T:record04:trial025,S04,A04T.mat,15850d81b95fc88cc8b9589eb9b713d49fa071e28adaf32d675b3eaa30591d6e,T,4,3,24,48165,48164,48664,1,left_hand,0,True,,48789,49289
S04:T:record04:trial026,S04,A04T.mat,15850d81b95fc88cc8b9589eb9b713d49fa071e28adaf32d675b3eaa30591d6e,T,4,3,25,50126,50125,50625,4,tongue,0,True,,50750,51250
S04:T:record04:trial027,S04,A04T.mat,15850d81b95fc88cc8b9589eb9b713d49fa071e28adaf32d675b3eaa30591d6e,T,4,3,26,52230,52229,52729,4,tongue,0,True,,52854,53354
S04:T:record04:trial028,S04,A04T.mat,15850d81b95fc88cc8b9589eb9b713d49fa071e28adaf32d675b3eaa30591d6e,T,4,3,27,54234,54233,54733,2,right_hand,0,True,,54858,55358
S04:T:record04:trial029,S04,A04T.mat,15850d81b95fc88cc8b9589eb9b713d49fa071e28adaf32d675b3eaa30591d6e,T,4,3,28,56209,56208,56708,4,tongue,0,True,,56833,57333
S04:T:record04:trial030,S04,A04T.mat,15850d81b95fc88cc8b9589eb9b713d49fa071e28adaf32d675b3eaa30591d6e,T,4,3,29,58235,58234,58734,4,tongue,0,True,,58859,59359
S04:T:record04:trial031,S04,A04T.mat,15850d81b95fc88cc8b9589eb9b713d49fa071e28adaf32d675b3eaa30591d6e,T,4,3,30,60306,60305,60805,2,right_hand,0,True,,60930,61430
S04:T:record04:trial032,S04,A04T.mat,15850d81b95fc88cc8b9589eb9b713d49fa071e28adaf32d675b3eaa30591d6e,T,4,3,31,62413,62412,62912,1,left_hand,0,True,,63037,63537
S04:T:record04:trial033,S04,A04T.mat,15850d81b95fc88cc8b9589eb9b713d49fa071e28adaf32d675b3eaa30591d6e,T,4,3,32,64505,64504,65004,2,right_hand,0,True,,65129,65629
S04:T:record04:trial034,S04,A04T.mat,15850d81b95fc88cc8b9589eb9b713d49fa071e28adaf32d675b3eaa30591d6e,T,4,3,33,66596,66595,67095,3,feet,0,True,,67220,67720
S04:T:record04:trial035,S04,A04T.mat,15850d81b95fc88cc8b9589eb9b713d49fa071e28adaf32d675b3eaa30591d6e,T,4,3,34,68639,68638,69138,3,feet,0,True,,69263,69763
S04:T:record04:trial036,S04,A04T.mat,15850d81b95fc88cc8b9589eb9b713d49fa071e28adaf32d675b3eaa30591d6e,T,4,3,35,70703,70702,71202,3,feet,1,False,organizer_artifact_flag,71327,71827
S04:T:record04:trial037,S04,A04T.mat,15850d81b95fc88cc8b9589eb9b713d49fa071e28adaf32d675b3eaa30591d6e,T,4,3,36,72723,72722,73222,4,tongue,0,True,,73347,73847
S04:T:record04:trial038,S04,A04T.mat,15850d81b95fc88cc8b9589eb9b713d49fa071e28adaf32d675b3eaa30591d6e,T,4,3,37,74695,74694,75194,3,feet,0,True,,75319,75819
S04:T:record04:trial039,S04,A04T.mat,15850d81b95fc88cc8b9589eb9b713d49fa071e28adaf32d675b3eaa30591d6e,T,4,3,38,76658,76657,77157,1,left_hand,0,True,,77282,77782
S04:T:record04:trial040,S04,A04T.mat,15850d81b95fc88cc8b9589eb9b713d49fa071e28adaf32d675b3eaa30591d6e,T,4,3,39,78583,78582,79082,4,tongue,0,True,,79207,79707
S04:T:record04:trial041,S04,A04T.mat,15850d81b95fc88cc8b9589eb9b713d49fa071e28adaf32d675b3eaa30591d6e,T,4,3,40,80664,80663,81163,2,right_hand,0,True,,81288,81788
S04:T:record04:trial042,S04,A04T.mat,15850d81b95fc88cc8b9589eb9b713d49fa071e28adaf32d675b3eaa30591d6e,T,4,3,41,82642,82641,83141,3,feet,0,True,,83266,83766
S04:T:record04:trial043,S04,A04T.mat,15850d81b95fc88cc8b9589eb9b713d49fa071e28adaf32d675b3eaa30591d6e,T,4,3,42,84632,84631,85131,2,right_hand,0,True,,85256,85756
S04:T:record04:trial044,S04,A04T.mat,15850d81b95fc88cc8b9589eb9b713d49fa071e28adaf32d675b3eaa30591d6e,T,4,3,43,86751,86750,87250,3,feet,0,True,,87375,87875
S04:T:record04:trial045,S04,A04T.mat,15850d81b95fc88cc8b9589eb9b713d49fa071e28adaf32d675b3eaa30591d6e,T,4,3,44,88657,88656,89156,4,tongue,0,True,,89281,89781
S04:T:record04:trial046,S04,A04T.mat,15850d81b95fc88cc8b9589eb9b713d49fa071e28adaf32d675b3eaa30591d6e,T,4,3,45,90585,90584,91084,2,right_hand,0,True,,91209,91709
S04:T:record04:trial047,S04,A04T.mat,15850d81b95fc88cc8b9589eb9b713d49fa071e28adaf32d675b3eaa30591d6e,T,4,3,46,92699,92698,93198,3,feet,0,True,,93323,93823
S04:T:record04:trial048,S04,A04T.mat,15850d81b95fc88cc8b9589eb9b713d49fa071e28adaf32d675b3eaa30591d6e,T,4,3,47,94758,94757,95257,1,left_hand,0,True,,95382,95882
S04:T:record05:trial001,S04,A04T.mat,15850d81b95fc88cc8b9589eb9b713d49fa071e28adaf32d675b3eaa30591d6e,T,5,4,0,251,250,750,1,left_hand,1,False,organizer_artifact_flag,875,1375
S04:T:record05:trial002,S04,A04T.mat,15850d81b95fc88cc8b9589eb9b713d49fa071e28adaf32d675b3eaa30591d6e,T,5,4,1,2254,2253,2753,1,left_hand,0,True,,2878,3378
S04:T:record05:trial003,S04,A04T.mat,15850d81b95fc88cc8b9589eb9b713d49fa071e28adaf32d675b3eaa30591d6e,T,5,4,2,4172,4171,4671,4,tongue,0,True,,4796,5296
S04:T:record05:trial004,S04,A04T.mat,15850d81b95fc88cc8b9589eb9b713d49fa071e28adaf32d675b3eaa30591d6e,T,5,4,3,6124,6123,6623,2,right_hand,0,True,,6748,7248
S04:T:record05:trial005,S04,A04T.mat,15850d81b95fc88cc8b9589eb9b713d49fa071e28adaf32d675b3eaa30591d6e,T,5,4,4,8132,8131,8631,1,left_hand,0,True,,8756,9256
S04:T:record05:trial006,S04,A04T.mat,15850d81b95fc88cc8b9589eb9b713d49fa071e28adaf32d675b3eaa30591d6e,T,5,4,5,10243,10242,10742,3,feet,1,False,organizer_artifact_flag,10867,11367
S04:T:record05:trial007,S04,A04T.mat,15850d81b95fc88cc8b9589eb9b713d49fa071e28adaf32d675b3eaa30591d6e,T,5,4,6,12160,12159,12659,1,left_hand,0,True,,12784,13284
S04:T:record05:trial008,S04,A04T.mat,15850d81b95fc88cc8b9589eb9b713d49fa071e28adaf32d675b3eaa30591d6e,T,5,4,7,14210,14209,14709,3,feet,0,True,,14834,15334
S04:T:record05:trial009,S04,A04T.mat,15850d81b95fc88cc8b9589eb9b713d49fa071e28adaf32d675b3eaa30591d6e,T,5,4,8,16141,16140,16640,2,right_hand,0,True,,16765,17265
S04:T:record05:trial010,S04,A04T.mat,15850d81b95fc88cc8b9589eb9b713d49fa071e28adaf32d675b3eaa30591d6e,T,5,4,9,18139,18138,18638,4,tongue,0,True,,18763,19263
S04:T:record05:trial011,S04,A04T.mat,15850d81b95fc88cc8b9589eb9b713d49fa071e28adaf32d675b3eaa30591d6e,T,5,4,10,20045,20044,20544,1,left_hand,1,False,organizer_artifact_flag,20669,21169
S04:T:record05:trial012,S04,A04T.mat,15850d81b95fc88cc8b9589eb9b713d49fa071e28adaf32d675b3eaa30591d6e,T,5,4,11,21940,21939,22439,3,feet,0,True,,22564,23064
S04:T:record05:trial013,S04,A04T.mat,15850d81b95fc88cc8b9589eb9b713d49fa071e28adaf32d675b3eaa30591d6e,T,5,4,12,23912,23911,24411,3,feet,0,True,,24536,25036
S04:T:record05:trial014,S04,A04T.mat,15850d81b95fc88cc8b9589eb9b713d49fa071e28adaf32d675b3eaa30591d6e,T,5,4,13,25856,25855,26355,1,left_hand,0,True,,26480,26980
S04:T:record05:trial015,S04,A04T.mat,15850d81b95fc88cc8b9589eb9b713d49fa071e28adaf32d675b3eaa30591d6e,T,5,4,14,27823,27822,28322,3,feet,1,False,organizer_artifact_flag,28447,28947
S04:T:record05:trial016,S04,A04T.mat,15850d81b95fc88cc8b9589eb9b713d49fa071e28adaf32d675b3eaa30591d6e,T,5,4,15,29943,29942,30442,2,right_hand,0,True,,30567,31067
S04:T:record05:trial017,S04,A04T.mat,15850d81b95fc88cc8b9589eb9b713d49fa071e28adaf32d675b3eaa30591d6e,T,5,4,16,31951,31950,32450,4,tongue,1,False,organizer_artifact_flag,32575,33075
S04:T:record05:trial018,S04,A04T.mat,15850d81b95fc88cc8b9589eb9b713d49fa071e28adaf32d675b3eaa30591d6e,T,5,4,17,34017,34016,34516,4,tongue,0,True,,34641,35141
S04:T:record05:trial019,S04,A04T.mat,15850d81b95fc88cc8b9589eb9b713d49fa071e28adaf32d675b3eaa30591d6e,T,5,4,18,36053,36052,36552,4,tongue,1,False,organizer_artifact_flag,36677,37177
S04:T:record05:trial020,S04,A04T.mat,15850d81b95fc88cc8b9589eb9b713d49fa071e28adaf32d675b3eaa30591d6e,T,5,4,19,38119,38118,38618,3,feet,0,True,,38743,39243
S04:T:record05:trial021,S04,A04T.mat,15850d81b95fc88cc8b9589eb9b713d49fa071e28adaf32d675b3eaa30591d6e,T,5,4,20,40189,40188,40688,1,left_hand,0,True,,40813,41313
S04:T:record05:trial022,S04,A04T.mat,15850d81b95fc88cc8b9589eb9b713d49fa071e28adaf32d675b3eaa30591d6e,T,5,4,21,42269,42268,42768,4,tongue,1,False,organizer_artifact_flag,42893,43393
S04:T:record05:trial023,S04,A04T.mat,15850d81b95fc88cc8b9589eb9b713d49fa071e28adaf32d675b3eaa30591d6e,T,5,4,22,44181,44180,44680,2,right_hand,0,True,,44805,45305
S04:T:record05:trial024,S04,A04T.mat,15850d81b95fc88cc8b9589eb9b713d49fa071e28adaf32d675b3eaa30591d6e,T,5,4,23,46212,46211,46711,4,tongue,0,True,,46836,47336
S04:T:record05:trial025,S04,A04T.mat,15850d81b95fc88cc8b9589eb9b713d49fa071e28adaf32d675b3eaa30591d6e,T,5,4,24,48165,48164,48664,2,right_hand,1,False,organizer_artifact_flag,48789,49289
S04:T:record05:trial026,S04,A04T.mat,15850d81b95fc88cc8b9589eb9b713d49fa071e28adaf32d675b3eaa30591d6e,T,5,4,25,50126,50125,50625,1,left_hand,1,False,organizer_artifact_flag,50750,51250
S04:T:record05:trial027,S04,A04T.mat,15850d81b95fc88cc8b9589eb9b713d49fa071e28adaf32d675b3eaa30591d6e,T,5,4,26,52230,52229,52729,3,feet,0,True,,52854,53354
S04:T:record05:trial028,S04,A04T.mat,15850d81b95fc88cc8b9589eb9b713d49fa071e28adaf32d675b3eaa30591d6e,T,5,4,27,54234,54233,54733,2,right_hand,0,True,,54858,55358
S04:T:record05:trial029,S04,A04T.mat,15850d81b95fc88cc8b9589eb9b713d49fa071e28adaf32d675b3eaa30591d6e,T,5,4,28,56209,56208,56708,1,left_hand,0,True,,56833,57333
S04:T:record05:trial030,S04,A04T.mat,15850d81b95fc88cc8b9589eb9b713d49fa071e28adaf32d675b3eaa30591d6e,T,5,4,29,58235,58234,58734,3,feet,0,True,,58859,59359
S04:T:record05:trial031,S04,A04T.mat,15850d81b95fc88cc8b9589eb9b713d49fa071e28adaf32d675b3eaa30591d6e,T,5,4,30,60306,60305,60805,3,feet,0,True,,60930,61430
S04:T:record05:trial032,S04,A04T.mat,15850d81b95fc88cc8b9589eb9b713d49fa071e28adaf32d675b3eaa30591d6e,T,5,4,31,62413,62412,62912,1,left_hand,0,True,,63037,63537
S04:T:record05:trial033,S04,A04T.mat,15850d81b95fc88cc8b9589eb9b713d49fa071e28adaf32d675b3eaa30591d6e,T,5,4,32,64505,64504,65004,3,feet,0,True,,65129,65629
S04:T:record05:trial034,S04,A04T.mat,15850d81b95fc88cc8b9589eb9b713d49fa071e28adaf32d675b3eaa30591d6e,T,5,4,33,66596,66595,67095,4,tongue,0,True,,67220,67720
S04:T:record05:trial035,S04,A04T.mat,15850d81b95fc88cc8b9589eb9b713d49fa071e28adaf32d675b3eaa30591d6e,T,5,4,34,68639,68638,69138,4,tongue,0,True,,69263,69763
S04:T:record05:trial036,S04,A04T.mat,15850d81b95fc88cc8b9589eb9b713d49fa071e28adaf32d675b3eaa30591d6e,T,5,4,35,70703,70702,71202,2,right_hand,0,True,,71327,71827
S04:T:record05:trial037,S04,A04T.mat,15850d81b95fc88cc8b9589eb9b713d49fa071e28adaf32d675b3eaa30591d6e,T,5,4,36,72723,72722,73222,1,left_hand,0,True,,73347,73847
S04:T:record05:trial038,S04,A04T.mat,15850d81b95fc88cc8b9589eb9b713d49fa071e28adaf32d675b3eaa30591d6e,T,5,4,37,74695,74694,75194,2,right_hand,0,True,,75319,75819
S04:T:record05:trial039,S04,A04T.mat,15850d81b95fc88cc8b9589eb9b713d49fa071e28adaf32d675b3eaa30591d6e,T,5,4,38,76658,76657,77157,4,tongue,0,True,,77282,77782
S04:T:record05:trial040,S04,A04T.mat,15850d81b95fc88cc8b9589eb9b713d49fa071e28adaf32d675b3eaa30591d6e,T,5,4,39,78583,78582,79082,2,right_hand,0,True,,79207,79707
S04:T:record05:trial041,S04,A04T.mat,15850d81b95fc88cc8b9589eb9b713d49fa071e28adaf32d675b3eaa30591d6e,T,5,4,40,80664,80663,81163,4,tongue,0,True,,81288,81788
S04:T:record05:trial042,S04,A04T.mat,15850d81b95fc88cc8b9589eb9b713d49fa071e28adaf32d675b3eaa30591d6e,T,5,4,41,82642,82641,83141,3,feet,0,True,,83266,83766
S04:T:record05:trial043,S04,A04T.mat,15850d81b95fc88cc8b9589eb9b713d49fa071e28adaf32d675b3eaa30591d6e,T,5,4,42,84632,84631,85131,2,right_hand,0,True,,85256,85756
S04:T:record05:trial044,S04,A04T.mat,15850d81b95fc88cc8b9589eb9b713d49fa071e28adaf32d675b3eaa30591d6e,T,5,4,43,86751,86750,87250,2,right_hand,0,True,,87375,87875
S04:T:record05:trial045,S04,A04T.mat,15850d81b95fc88cc8b9589eb9b713d49fa071e28adaf32d675b3eaa30591d6e,T,5,4,44,88657,88656,89156,2,right_hand,0,True,,89281,89781
S04:T:record05:trial046,S04,A04T.mat,15850d81b95fc88cc8b9589eb9b713d49fa071e28adaf32d675b3eaa30591d6e,T,5,4,45,90585,90584,91084,3,feet,0,True,,91209,91709
S04:T:record05:trial047,S04,A04T.mat,15850d81b95fc88cc8b9589eb9b713d49fa071e28adaf32d675b3eaa30591d6e,T,5,4,46,92699,92698,93198,4,tongue,0,True,,93323,93823
S04:T:record05:trial048,S04,A04T.mat,15850d81b95fc88cc8b9589eb9b713d49fa071e28adaf32d675b3eaa30591d6e,T,5,4,47,94758,94757,95257,1,left_hand,0,True,,95382,95882
S04:T:record06:trial001,S04,A04T.mat,15850d81b95fc88cc8b9589eb9b713d49fa071e28adaf32d675b3eaa30591d6e,T,6,5,0,251,250,750,2,right_hand,0,True,,875,1375
S04:T:record06:trial002,S04,A04T.mat,15850d81b95fc88cc8b9589eb9b713d49fa071e28adaf32d675b3eaa30591d6e,T,6,5,1,2254,2253,2753,4,tongue,0,True,,2878,3378
S04:T:record06:trial003,S04,A04T.mat,15850d81b95fc88cc8b9589eb9b713d49fa071e28adaf32d675b3eaa30591d6e,T,6,5,2,4172,4171,4671,1,left_hand,0,True,,4796,5296
S04:T:record06:trial004,S04,A04T.mat,15850d81b95fc88cc8b9589eb9b713d49fa071e28adaf32d675b3eaa30591d6e,T,6,5,3,6124,6123,6623,3,feet,0,True,,6748,7248
S04:T:record06:trial005,S04,A04T.mat,15850d81b95fc88cc8b9589eb9b713d49fa071e28adaf32d675b3eaa30591d6e,T,6,5,4,8132,8131,8631,3,feet,0,True,,8756,9256
S04:T:record06:trial006,S04,A04T.mat,15850d81b95fc88cc8b9589eb9b713d49fa071e28adaf32d675b3eaa30591d6e,T,6,5,5,10243,10242,10742,4,tongue,1,False,organizer_artifact_flag,10867,11367
S04:T:record06:trial007,S04,A04T.mat,15850d81b95fc88cc8b9589eb9b713d49fa071e28adaf32d675b3eaa30591d6e,T,6,5,6,12160,12159,12659,1,left_hand,0,True,,12784,13284
S04:T:record06:trial008,S04,A04T.mat,15850d81b95fc88cc8b9589eb9b713d49fa071e28adaf32d675b3eaa30591d6e,T,6,5,7,14210,14209,14709,1,left_hand,0,True,,14834,15334
S04:T:record06:trial009,S04,A04T.mat,15850d81b95fc88cc8b9589eb9b713d49fa071e28adaf32d675b3eaa30591d6e,T,6,5,8,16141,16140,16640,3,feet,0,True,,16765,17265
S04:T:record06:trial010,S04,A04T.mat,15850d81b95fc88cc8b9589eb9b713d49fa071e28adaf32d675b3eaa30591d6e,T,6,5,9,18139,18138,18638,2,right_hand,1,False,organizer_artifact_flag,18763,19263
S04:T:record06:trial011,S04,A04T.mat,15850d81b95fc88cc8b9589eb9b713d49fa071e28adaf32d675b3eaa30591d6e,T,6,5,10,20045,20044,20544,4,tongue,0,True,,20669,21169
S04:T:record06:trial012,S04,A04T.mat,15850d81b95fc88cc8b9589eb9b713d49fa071e28adaf32d675b3eaa30591d6e,T,6,5,11,21940,21939,22439,4,tongue,0,True,,22564,23064
S04:T:record06:trial013,S04,A04T.mat,15850d81b95fc88cc8b9589eb9b713d49fa071e28adaf32d675b3eaa30591d6e,T,6,5,12,23912,23911,24411,4,tongue,0,True,,24536,25036
S04:T:record06:trial014,S04,A04T.mat,15850d81b95fc88cc8b9589eb9b713d49fa071e28adaf32d675b3eaa30591d6e,T,6,5,13,25856,25855,26355,2,right_hand,0,True,,26480,26980
S04:T:record06:trial015,S04,A04T.mat,15850d81b95fc88cc8b9589eb9b713d49fa071e28adaf32d675b3eaa30591d6e,T,6,5,14,27823,27822,28322,1,left_hand,1,False,organizer_artifact_flag,28447,28947
S04:T:record06:trial016,S04,A04T.mat,15850d81b95fc88cc8b9589eb9b713d49fa071e28adaf32d675b3eaa30591d6e,T,6,5,15,29943,29942,30442,3,feet,0,True,,30567,31067
S04:T:record06:trial017,S04,A04T.mat,15850d81b95fc88cc8b9589eb9b713d49fa071e28adaf32d675b3eaa30591d6e,T,6,5,16,31951,31950,32450,2,right_hand,0,True,,32575,33075
S04:T:record06:trial018,S04,A04T.mat,15850d81b95fc88cc8b9589eb9b713d49fa071e28adaf32d675b3eaa30591d6e,T,6,5,17,34017,34016,34516,4,tongue,0,True,,34641,35141
S04:T:record06:trial019,S04,A04T.mat,15850d81b95fc88cc8b9589eb9b713d49fa071e28adaf32d675b3eaa30591d6e,T,6,5,18,36053,36052,36552,1,left_hand,0,True,,36677,37177
S04:T:record06:trial020,S04,A04T.mat,15850d81b95fc88cc8b9589eb9b713d49fa071e28adaf32d675b3eaa30591d6e,T,6,5,19,38119,38118,38618,4,tongue,0,True,,38743,39243
S04:T:record06:trial021,S04,A04T.mat,15850d81b95fc88cc8b9589eb9b713d49fa071e28adaf32d675b3eaa30591d6e,T,6,5,20,40189,40188,40688,3,feet,0,True,,40813,41313
S04:T:record06:trial022,S04,A04T.mat,15850d81b95fc88cc8b9589eb9b713d49fa071e28adaf32d675b3eaa30591d6e,T,6,5,21,42269,42268,42768,2,right_hand,0,True,,42893,43393
S04:T:record06:trial023,S04,A04T.mat,15850d81b95fc88cc8b9589eb9b713d49fa071e28adaf32d675b3eaa30591d6e,T,6,5,22,44181,44180,44680,4,tongue,1,False,organizer_artifact_flag,44805,45305
S04:T:record06:trial024,S04,A04T.mat,15850d81b95fc88cc8b9589eb9b713d49fa071e28adaf32d675b3eaa30591d6e,T,6,5,23,46212,46211,46711,4,tongue,0,True,,46836,47336
S04:T:record06:trial025,S04,A04T.mat,15850d81b95fc88cc8b9589eb9b713d49fa071e28adaf32d675b3eaa30591d6e,T,6,5,24,48165,48164,48664,1,left_hand,0,True,,48789,49289
S04:T:record06:trial026,S04,A04T.mat,15850d81b95fc88cc8b9589eb9b713d49fa071e28adaf32d675b3eaa30591d6e,T,6,5,25,50126,50125,50625,2,right_hand,0,True,,50750,51250
S04:T:record06:trial027,S04,A04T.mat,15850d81b95fc88cc8b9589eb9b713d49fa071e28adaf32d675b3eaa30591d6e,T,6,5,26,52230,52229,52729,2,right_hand,1,False,organizer_artifact_flag,52854,53354
S04:T:record06:trial028,S04,A04T.mat,15850d81b95fc88cc8b9589eb9b713d49fa071e28adaf32d675b3eaa30591d6e,T,6,5,27,54234,54233,54733,3,feet,0,True,,54858,55358
S04:T:record06:trial029,S04,A04T.mat,15850d81b95fc88cc8b9589eb9b713d49fa071e28adaf32d675b3eaa30591d6e,T,6,5,28,56209,56208,56708,4,tongue,0,True,,56833,57333
S04:T:record06:trial030,S04,A04T.mat,15850d81b95fc88cc8b9589eb9b713d49fa071e28adaf32d675b3eaa30591d6e,T,6,5,29,58235,58234,58734,2,right_hand,0,True,,58859,59359
S04:T:record06:trial031,S04,A04T.mat,15850d81b95fc88cc8b9589eb9b713d49fa071e28adaf32d675b3eaa30591d6e,T,6,5,30,60306,60305,60805,1,left_hand,0,True,,60930,61430
S04:T:record06:trial032,S04,A04T.mat,15850d81b95fc88cc8b9589eb9b713d49fa071e28adaf32d675b3eaa30591d6e,T,6,5,31,62413,62412,62912,1,left_hand,0,True,,63037,63537
S04:T:record06:trial033,S04,A04T.mat,15850d81b95fc88cc8b9589eb9b713d49fa071e28adaf32d675b3eaa30591d6e,T,6,5,32,64505,64504,65004,4,tongue,0,True,,65129,65629
S04:T:record06:trial034,S04,A04T.mat,15850d81b95fc88cc8b9589eb9b713d49fa071e28adaf32d675b3eaa30591d6e,T,6,5,33,66596,66595,67095,2,right_hand,0,True,,67220,67720
S04:T:record06:trial035,S04,A04T.mat,15850d81b95fc88cc8b9589eb9b713d49fa071e28adaf32d675b3eaa30591d6e,T,6,5,34,68639,68638,69138,1,left_hand,0,True,,69263,69763
S04:T:record06:trial036,S04,A04T.mat,15850d81b95fc88cc8b9589eb9b713d49fa071e28adaf32d675b3eaa30591d6e,T,6,5,35,70703,70702,71202,3,feet,0,True,,71327,71827
S04:T:record06:trial037,S04,A04T.mat,15850d81b95fc88cc8b9589eb9b713d49fa071e28adaf32d675b3eaa30591d6e,T,6,5,36,72723,72722,73222,2,right_hand,0,True,,73347,73847
S04:T:record06:trial038,S04,A04T.mat,15850d81b95fc88cc8b9589eb9b713d49fa071e28adaf32d675b3eaa30591d6e,T,6,5,37,74695,74694,75194,2,right_hand,0,True,,75319,75819
S04:T:record06:trial039,S04,A04T.mat,15850d81b95fc88cc8b9589eb9b713d49fa071e28adaf32d675b3eaa30591d6e,T,6,5,38,76658,76657,77157,3,feet,0,True,,77282,77782
S04:T:record06:trial040,S04,A04T.mat,15850d81b95fc88cc8b9589eb9b713d49fa071e28adaf32d675b3eaa30591d6e,T,6,5,39,78583,78582,79082,1,left_hand,0,True,,79207,79707
S04:T:record06:trial041,S04,A04T.mat,15850d81b95fc88cc8b9589eb9b713d49fa071e28adaf32d675b3eaa30591d6e,T,6,5,40,80664,80663,81163,4,tongue,0,True,,81288,81788
S04:T:record06:trial042,S04,A04T.mat,15850d81b95fc88cc8b9589eb9b713d49fa071e28adaf32d675b3eaa30591d6e,T,6,5,41,82642,82641,83141,3,feet,0,True,,83266,83766
S04:T:record06:trial043,S04,A04T.mat,15850d81b95fc88cc8b9589eb9b713d49fa071e28adaf32d675b3eaa30591d6e,T,6,5,42,84632,84631,85131,3,feet,0,True,,85256,85756
S04:T:record06:trial044,S04,A04T.mat,15850d81b95fc88cc8b9589eb9b713d49fa071e28adaf32d675b3eaa30591d6e,T,6,5,43,86751,86750,87250,3,feet,0,True,,87375,87875
S04:T:record06:trial045,S04,A04T.mat,15850d81b95fc88cc8b9589eb9b713d49fa071e28adaf32d675b3eaa30591d6e,T,6,5,44,88657,88656,89156,3,feet,0,True,,89281,89781
S04:T:record06:trial046,S04,A04T.mat,15850d81b95fc88cc8b9589eb9b713d49fa071e28adaf32d675b3eaa30591d6e,T,6,5,45,90585,90584,91084,1,left_hand,0,True,,91209,91709
S04:T:record06:trial047,S04,A04T.mat,15850d81b95fc88cc8b9589eb9b713d49fa071e28adaf32d675b3eaa30591d6e,T,6,5,46,92699,92698,93198,2,right_hand,0,True,,93323,93823
S04:T:record06:trial048,S04,A04T.mat,15850d81b95fc88cc8b9589eb9b713d49fa071e28adaf32d675b3eaa30591d6e,T,6,5,47,94758,94757,95257,1,left_hand,0,True,,95382,95882
S04:E:record03:trial001,S04,A04E.mat,81916dff2c12997974ba50ffc311da006ea66e525010d010765f0047e771c86a,E,3,0,0,251,250,750,4,tongue,0,True,,875,1375
S04:E:record03:trial002,S04,A04E.mat,81916dff2c12997974ba50ffc311da006ea66e525010d010765f0047e771c86a,E,3,0,1,2254,2253,2753,3,feet,0,True,,2878,3378
S04:E:record03:trial003,S04,A04E.mat,81916dff2c12997974ba50ffc311da006ea66e525010d010765f0047e771c86a,E,3,0,2,4172,4171,4671,2,right_hand,0,True,,4796,5296
S04:E:record03:trial004,S04,A04E.mat,81916dff2c12997974ba50ffc311da006ea66e525010d010765f0047e771c86a,E,3,0,3,6124,6123,6623,1,left_hand,0,True,,6748,7248
S04:E:record03:trial005,S04,A04E.mat,81916dff2c12997974ba50ffc311da006ea66e525010d010765f0047e771c86a,E,3,0,4,8132,8131,8631,1,left_hand,0,True,,8756,9256
S04:E:record03:trial006,S04,A04E.mat,81916dff2c12997974ba50ffc311da006ea66e525010d010765f0047e771c86a,E,3,0,5,10243,10242,10742,2,right_hand,0,True,,10867,11367
S04:E:record03:trial007,S04,A04E.mat,81916dff2c12997974ba50ffc311da006ea66e525010d010765f0047e771c86a,E,3,0,6,12160,12159,12659,3,feet,0,True,,12784,13284
S04:E:record03:trial008,S04,A04E.mat,81916dff2c12997974ba50ffc311da006ea66e525010d010765f0047e771c86a,E,3,0,7,14210,14209,14709,4,tongue,1,False,organizer_artifact_flag,14834,15334
S04:E:record03:trial009,S04,A04E.mat,81916dff2c12997974ba50ffc311da006ea66e525010d010765f0047e771c86a,E,3,0,8,16141,16140,16640,2,right_hand,0,True,,16765,17265
S04:E:record03:trial010,S04,A04E.mat,81916dff2c12997974ba50ffc311da006ea66e525010d010765f0047e771c86a,E,3,0,9,18139,18138,18638,3,feet,1,False,organizer_artifact_flag,18763,19263
S04:E:record03:trial011,S04,A04E.mat,81916dff2c12997974ba50ffc311da006ea66e525010d010765f0047e771c86a,E,3,0,10,20045,20044,20544,1,left_hand,0,True,,20669,21169
S04:E:record03:trial012,S04,A04E.mat,81916dff2c12997974ba50ffc311da006ea66e525010d010765f0047e771c86a,E,3,0,11,21940,21939,22439,1,left_hand,0,True,,22564,23064
S04:E:record03:trial013,S04,A04E.mat,81916dff2c12997974ba50ffc311da006ea66e525010d010765f0047e771c86a,E,3,0,12,23912,23911,24411,1,left_hand,0,True,,24536,25036
S04:E:record03:trial014,S04,A04E.mat,81916dff2c12997974ba50ffc311da006ea66e525010d010765f0047e771c86a,E,3,0,13,25856,25855,26355,4,tongue,1,False,organizer_artifact_flag,26480,26980
S04:E:record03:trial015,S04,A04E.mat,81916dff2c12997974ba50ffc311da006ea66e525010d010765f0047e771c86a,E,3,0,14,27823,27822,28322,2,right_hand,0,True,,28447,28947
S04:E:record03:trial016,S04,A04E.mat,81916dff2c12997974ba50ffc311da006ea66e525010d010765f0047e771c86a,E,3,0,15,29943,29942,30442,2,right_hand,0,True,,30567,31067
S04:E:record03:trial017,S04,A04E.mat,81916dff2c12997974ba50ffc311da006ea66e525010d010765f0047e771c86a,E,3,0,16,31951,31950,32450,1,left_hand,0,True,,32575,33075
S04:E:record03:trial018,S04,A04E.mat,81916dff2c12997974ba50ffc311da006ea66e525010d010765f0047e771c86a,E,3,0,17,34017,34016,34516,1,left_hand,0,True,,34641,35141
S04:E:record03:trial019,S04,A04E.mat,81916dff2c12997974ba50ffc311da006ea66e525010d010765f0047e771c86a,E,3,0,18,36053,36052,36552,3,feet,0,True,,36677,37177
S04:E:record03:trial020,S04,A04E.mat,81916dff2c12997974ba50ffc311da006ea66e525010d010765f0047e771c86a,E,3,0,19,38119,38118,38618,1,left_hand,0,True,,38743,39243
S04:E:record03:trial021,S04,A04E.mat,81916dff2c12997974ba50ffc311da006ea66e525010d010765f0047e771c86a,E,3,0,20,40189,40188,40688,2,right_hand,0,True,,40813,41313
S04:E:record03:trial022,S04,A04E.mat,81916dff2c12997974ba50ffc311da006ea66e525010d010765f0047e771c86a,E,3,0,21,42269,42268,42768,4,tongue,0,True,,42893,43393
S04:E:record03:trial023,S04,A04E.mat,81916dff2c12997974ba50ffc311da006ea66e525010d010765f0047e771c86a,E,3,0,22,44181,44180,44680,4,tongue,0,True,,44805,45305
S04:E:record03:trial024,S04,A04E.mat,81916dff2c12997974ba50ffc311da006ea66e525010d010765f0047e771c86a,E,3,0,23,46212,46211,46711,3,feet,1,False,organizer_artifact_flag,46836,47336
S04:E:record03:trial025,S04,A04E.mat,81916dff2c12997974ba50ffc311da006ea66e525010d010765f0047e771c86a,E,3,0,24,48165,48164,48664,1,left_hand,1,False,organizer_artifact_flag,48789,49289
S04:E:record03:trial026,S04,A04E.mat,81916dff2c12997974ba50ffc311da006ea66e525010d010765f0047e771c86a,E,3,0,25,50126,50125,50625,4,tongue,0,True,,50750,51250
S04:E:record03:trial027,S04,A04E.mat,81916dff2c12997974ba50ffc311da006ea66e525010d010765f0047e771c86a,E,3,0,26,52230,52229,52729,4,tongue,1,False,organizer_artifact_flag,52854,53354
S04:E:record03:trial028,S04,A04E.mat,81916dff2c12997974ba50ffc311da006ea66e525010d010765f0047e771c86a,E,3,0,27,54234,54233,54733,2,right_hand,0,True,,54858,55358
S04:E:record03:trial029,S04,A04E.mat,81916dff2c12997974ba50ffc311da006ea66e525010d010765f0047e771c86a,E,3,0,28,56209,56208,56708,4,tongue,0,True,,56833,57333
S04:E:record03:trial030,S04,A04E.mat,81916dff2c12997974ba50ffc311da006ea66e525010d010765f0047e771c86a,E,3,0,29,58235,58234,58734,4,tongue,1,False,organizer_artifact_flag,58859,59359
S04:E:record03:trial031,S04,A04E.mat,81916dff2c12997974ba50ffc311da006ea66e525010d010765f0047e771c86a,E,3,0,30,60306,60305,60805,2,right_hand,0,True,,60930,61430
S04:E:record03:trial032,S04,A04E.mat,81916dff2c12997974ba50ffc311da006ea66e525010d010765f0047e771c86a,E,3,0,31,62413,62412,62912,1,left_hand,1,False,organizer_artifact_flag,63037,63537
S04:E:record03:trial033,S04,A04E.mat,81916dff2c12997974ba50ffc311da006ea66e525010d010765f0047e771c86a,E,3,0,32,64505,64504,65004,2,right_hand,1,False,organizer_artifact_flag,65129,65629
S04:E:record03:trial034,S04,A04E.mat,81916dff2c12997974ba50ffc311da006ea66e525010d010765f0047e771c86a,E,3,0,33,66596,66595,67095,3,feet,1,False,organizer_artifact_flag,67220,67720
S04:E:record03:trial035,S04,A04E.mat,81916dff2c12997974ba50ffc311da006ea66e525010d010765f0047e771c86a,E,3,0,34,68639,68638,69138,3,feet,0,True,,69263,69763
S04:E:record03:trial036,S04,A04E.mat,81916dff2c12997974ba50ffc311da006ea66e525010d010765f0047e771c86a,E,3,0,35,70703,70702,71202,3,feet,0,True,,71327,71827
S04:E:record03:trial037,S04,A04E.mat,81916dff2c12997974ba50ffc311da006ea66e525010d010765f0047e771c86a,E,3,0,36,72723,72722,73222,4,tongue,1,False,organizer_artifact_flag,73347,73847
S04:E:record03:trial038,S04,A04E.mat,81916dff2c12997974ba50ffc311da006ea66e525010d010765f0047e771c86a,E,3,0,37,74695,74694,75194,3,feet,0,True,,75319,75819
S04:E:record03:trial039,S04,A04E.mat,81916dff2c12997974ba50ffc311da006ea66e525010d010765f0047e771c86a,E,3,0,38,76658,76657,77157,1,left_hand,0,True,,77282,77782
S04:E:record03:trial040,S04,A04E.mat,81916dff2c12997974ba50ffc311da006ea66e525010d010765f0047e771c86a,E,3,0,39,78583,78582,79082,4,tongue,0,True,,79207,79707
S04:E:record03:trial041,S04,A04E.mat,81916dff2c12997974ba50ffc311da006ea66e525010d010765f0047e771c86a,E,3,0,40,80664,80663,81163,2,right_hand,0,True,,81288,81788
S04:E:record03:trial042,S04,A04E.mat,81916dff2c12997974ba50ffc311da006ea66e525010d010765f0047e771c86a,E,3,0,41,82642,82641,83141,3,feet,0,True,,83266,83766
S04:E:record03:trial043,S04,A04E.mat,81916dff2c12997974ba50ffc311da006ea66e525010d010765f0047e771c86a,E,3,0,42,84632,84631,85131,2,right_hand,1,False,organizer_artifact_flag,85256,85756
S04:E:record03:trial044,S04,A04E.mat,81916dff2c12997974ba50ffc311da006ea66e525010d010765f0047e771c86a,E,3,0,43,86751,86750,87250,3,feet,0,True,,87375,87875
S04:E:record03:trial045,S04,A04E.mat,81916dff2c12997974ba50ffc311da006ea66e525010d010765f0047e771c86a,E,3,0,44,88657,88656,89156,4,tongue,1,False,organizer_artifact_flag,89281,89781
S04:E:record03:trial046,S04,A04E.mat,81916dff2c12997974ba50ffc311da006ea66e525010d010765f0047e771c86a,E,3,0,45,90585,90584,91084,2,right_hand,0,True,,91209,91709
S04:E:record03:trial047,S04,A04E.mat,81916dff2c12997974ba50ffc311da006ea66e525010d010765f0047e771c86a,E,3,0,46,92699,92698,93198,3,feet,0,True,,93323,93823
S04:E:record03:trial048,S04,A04E.mat,81916dff2c12997974ba50ffc311da006ea66e525010d010765f0047e771c86a,E,3,0,47,94758,94757,95257,1,left_hand,0,True,,95382,95882
S04:E:record04:trial001,S04,A04E.mat,81916dff2c12997974ba50ffc311da006ea66e525010d010765f0047e771c86a,E,4,1,0,251,250,750,1,left_hand,0,True,,875,1375
S04:E:record04:trial002,S04,A04E.mat,81916dff2c12997974ba50ffc311da006ea66e525010d010765f0047e771c86a,E,4,1,1,2254,2253,2753,1,left_hand,0,True,,2878,3378
S04:E:record04:trial003,S04,A04E.mat,81916dff2c12997974ba50ffc311da006ea66e525010d010765f0047e771c86a,E,4,1,2,4172,4171,4671,4,tongue,0,True,,4796,5296
S04:E:record04:trial004,S04,A04E.mat,81916dff2c12997974ba50ffc311da006ea66e525010d010765f0047e771c86a,E,4,1,3,6124,6123,6623,2,right_hand,0,True,,6748,7248
S04:E:record04:trial005,S04,A04E.mat,81916dff2c12997974ba50ffc311da006ea66e525010d010765f0047e771c86a,E,4,1,4,8132,8131,8631,1,left_hand,0,True,,8756,9256
S04:E:record04:trial006,S04,A04E.mat,81916dff2c12997974ba50ffc311da006ea66e525010d010765f0047e771c86a,E,4,1,5,10243,10242,10742,3,feet,0,True,,10867,11367
S04:E:record04:trial007,S04,A04E.mat,81916dff2c12997974ba50ffc311da006ea66e525010d010765f0047e771c86a,E,4,1,6,12160,12159,12659,1,left_hand,0,True,,12784,13284
S04:E:record04:trial008,S04,A04E.mat,81916dff2c12997974ba50ffc311da006ea66e525010d010765f0047e771c86a,E,4,1,7,14210,14209,14709,3,feet,1,False,organizer_artifact_flag,14834,15334
S04:E:record04:trial009,S04,A04E.mat,81916dff2c12997974ba50ffc311da006ea66e525010d010765f0047e771c86a,E,4,1,8,16141,16140,16640,2,right_hand,0,True,,16765,17265
S04:E:record04:trial010,S04,A04E.mat,81916dff2c12997974ba50ffc311da006ea66e525010d010765f0047e771c86a,E,4,1,9,18139,18138,18638,4,tongue,0,True,,18763,19263
S04:E:record04:trial011,S04,A04E.mat,81916dff2c12997974ba50ffc311da006ea66e525010d010765f0047e771c86a,E,4,1,10,20045,20044,20544,1,left_hand,0,True,,20669,21169
S04:E:record04:trial012,S04,A04E.mat,81916dff2c12997974ba50ffc311da006ea66e525010d010765f0047e771c86a,E,4,1,11,21940,21939,22439,3,feet,0,True,,22564,23064
S04:E:record04:trial013,S04,A04E.mat,81916dff2c12997974ba50ffc311da006ea66e525010d010765f0047e771c86a,E,4,1,12,23912,23911,24411,3,feet,1,False,organizer_artifact_flag,24536,25036
S04:E:record04:trial014,S04,A04E.mat,81916dff2c12997974ba50ffc311da006ea66e525010d010765f0047e771c86a,E,4,1,13,25856,25855,26355,1,left_hand,0,True,,26480,26980
S04:E:record04:trial015,S04,A04E.mat,81916dff2c12997974ba50ffc311da006ea66e525010d010765f0047e771c86a,E,4,1,14,27823,27822,28322,3,feet,0,True,,28447,28947
S04:E:record04:trial016,S04,A04E.mat,81916dff2c12997974ba50ffc311da006ea66e525010d010765f0047e771c86a,E,4,1,15,29943,29942,30442,2,right_hand,1,False,organizer_artifact_flag,30567,31067
S04:E:record04:trial017,S04,A04E.mat,81916dff2c12997974ba50ffc311da006ea66e525010d010765f0047e771c86a,E,4,1,16,31951,31950,32450,4,tongue,0,True,,32575,33075
S04:E:record04:trial018,S04,A04E.mat,81916dff2c12997974ba50ffc311da006ea66e525010d010765f0047e771c86a,E,4,1,17,34017,34016,34516,4,tongue,1,False,organizer_artifact_flag,34641,35141
S04:E:record04:trial019,S04,A04E.mat,81916dff2c12997974ba50ffc311da006ea66e525010d010765f0047e771c86a,E,4,1,18,36053,36052,36552,4,tongue,1,False,organizer_artifact_flag,36677,37177
S04:E:record04:trial020,S04,A04E.mat,81916dff2c12997974ba50ffc311da006ea66e525010d010765f0047e771c86a,E,4,1,19,38119,38118,38618,3,feet,0,True,,38743,39243
S04:E:record04:trial021,S04,A04E.mat,81916dff2c12997974ba50ffc311da006ea66e525010d010765f0047e771c86a,E,4,1,20,40189,40188,40688,1,left_hand,0,True,,40813,41313
S04:E:record04:trial022,S04,A04E.mat,81916dff2c12997974ba50ffc311da006ea66e525010d010765f0047e771c86a,E,4,1,21,42269,42268,42768,4,tongue,0,True,,42893,43393
S04:E:record04:trial023,S04,A04E.mat,81916dff2c12997974ba50ffc311da006ea66e525010d010765f0047e771c86a,E,4,1,22,44181,44180,44680,2,right_hand,0,True,,44805,45305
S04:E:record04:trial024,S04,A04E.mat,81916dff2c12997974ba50ffc311da006ea66e525010d010765f0047e771c86a,E,4,1,23,46212,46211,46711,4,tongue,0,True,,46836,47336
S04:E:record04:trial025,S04,A04E.mat,81916dff2c12997974ba50ffc311da006ea66e525010d010765f0047e771c86a,E,4,1,24,48165,48164,48664,2,right_hand,1,False,organizer_artifact_flag,48789,49289
S04:E:record04:trial026,S04,A04E.mat,81916dff2c12997974ba50ffc311da006ea66e525010d010765f0047e771c86a,E,4,1,25,50126,50125,50625,1,left_hand,0,True,,50750,51250
S04:E:record04:trial027,S04,A04E.mat,81916dff2c12997974ba50ffc311da006ea66e525010d010765f0047e771c86a,E,4,1,26,52230,52229,52729,3,feet,0,True,,52854,53354
S04:E:record04:trial028,S04,A04E.mat,81916dff2c12997974ba50ffc311da006ea66e525010d010765f0047e771c86a,E,4,1,27,54234,54233,54733,2,right_hand,1,False,organizer_artifact_flag,54858,55358
S04:E:record04:trial029,S04,A04E.mat,81916dff2c12997974ba50ffc311da006ea66e525010d010765f0047e771c86a,E,4,1,28,56209,56208,56708,1,left_hand,0,True,,56833,57333
S04:E:record04:trial030,S04,A04E.mat,81916dff2c12997974ba50ffc311da006ea66e525010d010765f0047e771c86a,E,4,1,29,58235,58234,58734,3,feet,0,True,,58859,59359
S04:E:record04:trial031,S04,A04E.mat,81916dff2c12997974ba50ffc311da006ea66e525010d010765f0047e771c86a,E,4,1,30,60306,60305,60805,3,feet,0,True,,60930,61430
S04:E:record04:trial032,S04,A04E.mat,81916dff2c12997974ba50ffc311da006ea66e525010d010765f0047e771c86a,E,4,1,31,62413,62412,62912,1,left_hand,0,True,,63037,63537
S04:E:record04:trial033,S04,A04E.mat,81916dff2c12997974ba50ffc311da006ea66e525010d010765f0047e771c86a,E,4,1,32,64505,64504,65004,3,feet,0,True,,65129,65629
S04:E:record04:trial034,S04,A04E.mat,81916dff2c12997974ba50ffc311da006ea66e525010d010765f0047e771c86a,E,4,1,33,66596,66595,67095,4,tongue,1,False,organizer_artifact_flag,67220,67720
S04:E:record04:trial035,S04,A04E.mat,81916dff2c12997974ba50ffc311da006ea66e525010d010765f0047e771c86a,E,4,1,34,68639,68638,69138,4,tongue,0,True,,69263,69763
S04:E:record04:trial036,S04,A04E.mat,81916dff2c12997974ba50ffc311da006ea66e525010d010765f0047e771c86a,E,4,1,35,70703,70702,71202,2,right_hand,0,True,,71327,71827
S04:E:record04:trial037,S04,A04E.mat,81916dff2c12997974ba50ffc311da006ea66e525010d010765f0047e771c86a,E,4,1,36,72723,72722,73222,1,left_hand,0,True,,73347,73847
S04:E:record04:trial038,S04,A04E.mat,81916dff2c12997974ba50ffc311da006ea66e525010d010765f0047e771c86a,E,4,1,37,74695,74694,75194,2,right_hand,1,False,organizer_artifact_flag,75319,75819
S04:E:record04:trial039,S04,A04E.mat,81916dff2c12997974ba50ffc311da006ea66e525010d010765f0047e771c86a,E,4,1,38,76658,76657,77157,4,tongue,0,True,,77282,77782
S04:E:record04:trial040,S04,A04E.mat,81916dff2c12997974ba50ffc311da006ea66e525010d010765f0047e771c86a,E,4,1,39,78583,78582,79082,2,right_hand,0,True,,79207,79707
S04:E:record04:trial041,S04,A04E.mat,81916dff2c12997974ba50ffc311da006ea66e525010d010765f0047e771c86a,E,4,1,40,80664,80663,81163,4,tongue,0,True,,81288,81788
S04:E:record04:trial042,S04,A04E.mat,81916dff2c12997974ba50ffc311da006ea66e525010d010765f0047e771c86a,E,4,1,41,82642,82641,83141,3,feet,0,True,,83266,83766
S04:E:record04:trial043,S04,A04E.mat,81916dff2c12997974ba50ffc311da006ea66e525010d010765f0047e771c86a,E,4,1,42,84632,84631,85131,2,right_hand,0,True,,85256,85756
S04:E:record04:trial044,S04,A04E.mat,81916dff2c12997974ba50ffc311da006ea66e525010d010765f0047e771c86a,E,4,1,43,86751,86750,87250,2,right_hand,0,True,,87375,87875
S04:E:record04:trial045,S04,A04E.mat,81916dff2c12997974ba50ffc311da006ea66e525010d010765f0047e771c86a,E,4,1,44,88657,88656,89156,2,right_hand,0,True,,89281,89781
S04:E:record04:trial046,S04,A04E.mat,81916dff2c12997974ba50ffc311da006ea66e525010d010765f0047e771c86a,E,4,1,45,90585,90584,91084,3,feet,1,False,organizer_artifact_flag,91209,91709
S04:E:record04:trial047,S04,A04E.mat,81916dff2c12997974ba50ffc311da006ea66e525010d010765f0047e771c86a,E,4,1,46,92699,92698,93198,4,tongue,1,False,organizer_artifact_flag,93323,93823
S04:E:record04:trial048,S04,A04E.mat,81916dff2c12997974ba50ffc311da006ea66e525010d010765f0047e771c86a,E,4,1,47,94758,94757,95257,1,left_hand,0,True,,95382,95882
S04:E:record05:trial001,S04,A04E.mat,81916dff2c12997974ba50ffc311da006ea66e525010d010765f0047e771c86a,E,5,2,0,251,250,750,2,right_hand,0,True,,875,1375
S04:E:record05:trial002,S04,A04E.mat,81916dff2c12997974ba50ffc311da006ea66e525010d010765f0047e771c86a,E,5,2,1,2254,2253,2753,4,tongue,0,True,,2878,3378
S04:E:record05:trial003,S04,A04E.mat,81916dff2c12997974ba50ffc311da006ea66e525010d010765f0047e771c86a,E,5,2,2,4172,4171,4671,1,left_hand,0,True,,4796,5296
S04:E:record05:trial004,S04,A04E.mat,81916dff2c12997974ba50ffc311da006ea66e525010d010765f0047e771c86a,E,5,2,3,6124,6123,6623,3,feet,0,True,,6748,7248
S04:E:record05:trial005,S04,A04E.mat,81916dff2c12997974ba50ffc311da006ea66e525010d010765f0047e771c86a,E,5,2,4,8132,8131,8631,3,feet,0,True,,8756,9256
S04:E:record05:trial006,S04,A04E.mat,81916dff2c12997974ba50ffc311da006ea66e525010d010765f0047e771c86a,E,5,2,5,10243,10242,10742,4,tongue,0,True,,10867,11367
S04:E:record05:trial007,S04,A04E.mat,81916dff2c12997974ba50ffc311da006ea66e525010d010765f0047e771c86a,E,5,2,6,12160,12159,12659,1,left_hand,0,True,,12784,13284
S04:E:record05:trial008,S04,A04E.mat,81916dff2c12997974ba50ffc311da006ea66e525010d010765f0047e771c86a,E,5,2,7,14210,14209,14709,1,left_hand,0,True,,14834,15334
S04:E:record05:trial009,S04,A04E.mat,81916dff2c12997974ba50ffc311da006ea66e525010d010765f0047e771c86a,E,5,2,8,16141,16140,16640,3,feet,0,True,,16765,17265
S04:E:record05:trial010,S04,A04E.mat,81916dff2c12997974ba50ffc311da006ea66e525010d010765f0047e771c86a,E,5,2,9,18139,18138,18638,2,right_hand,1,False,organizer_artifact_flag,18763,19263
S04:E:record05:trial011,S04,A04E.mat,81916dff2c12997974ba50ffc311da006ea66e525010d010765f0047e771c86a,E,5,2,10,20045,20044,20544,4,tongue,0,True,,20669,21169
S04:E:record05:trial012,S04,A04E.mat,81916dff2c12997974ba50ffc311da006ea66e525010d010765f0047e771c86a,E,5,2,11,21940,21939,22439,4,tongue,0,True,,22564,23064
S04:E:record05:trial013,S04,A04E.mat,81916dff2c12997974ba50ffc311da006ea66e525010d010765f0047e771c86a,E,5,2,12,23912,23911,24411,4,tongue,1,False,organizer_artifact_flag,24536,25036
S04:E:record05:trial014,S04,A04E.mat,81916dff2c12997974ba50ffc311da006ea66e525010d010765f0047e771c86a,E,5,2,13,25856,25855,26355,2,right_hand,0,True,,26480,26980
S04:E:record05:trial015,S04,A04E.mat,81916dff2c12997974ba50ffc311da006ea66e525010d010765f0047e771c86a,E,5,2,14,27823,27822,28322,1,left_hand,0,True,,28447,28947
S04:E:record05:trial016,S04,A04E.mat,81916dff2c12997974ba50ffc311da006ea66e525010d010765f0047e771c86a,E,5,2,15,29943,29942,30442,3,feet,0,True,,30567,31067
S04:E:record05:trial017,S04,A04E.mat,81916dff2c12997974ba50ffc311da006ea66e525010d010765f0047e771c86a,E,5,2,16,31951,31950,32450,2,right_hand,0,True,,32575,33075
S04:E:record05:trial018,S04,A04E.mat,81916dff2c12997974ba50ffc311da006ea66e525010d010765f0047e771c86a,E,5,2,17,34017,34016,34516,4,tongue,0,True,,34641,35141
S04:E:record05:trial019,S04,A04E.mat,81916dff2c12997974ba50ffc311da006ea66e525010d010765f0047e771c86a,E,5,2,18,36053,36052,36552,1,left_hand,0,True,,36677,37177
S04:E:record05:trial020,S04,A04E.mat,81916dff2c12997974ba50ffc311da006ea66e525010d010765f0047e771c86a,E,5,2,19,38119,38118,38618,4,tongue,1,False,organizer_artifact_flag,38743,39243
S04:E:record05:trial021,S04,A04E.mat,81916dff2c12997974ba50ffc311da006ea66e525010d010765f0047e771c86a,E,5,2,20,40189,40188,40688,3,feet,1,False,organizer_artifact_flag,40813,41313
S04:E:record05:trial022,S04,A04E.mat,81916dff2c12997974ba50ffc311da006ea66e525010d010765f0047e771c86a,E,5,2,21,42269,42268,42768,2,right_hand,0,True,,42893,43393
S04:E:record05:trial023,S04,A04E.mat,81916dff2c12997974ba50ffc311da006ea66e525010d010765f0047e771c86a,E,5,2,22,44181,44180,44680,4,tongue,0,True,,44805,45305
S04:E:record05:trial024,S04,A04E.mat,81916dff2c12997974ba50ffc311da006ea66e525010d010765f0047e771c86a,E,5,2,23,46212,46211,46711,4,tongue,1,False,organizer_artifact_flag,46836,47336
S04:E:record05:trial025,S04,A04E.mat,81916dff2c12997974ba50ffc311da006ea66e525010d010765f0047e771c86a,E,5,2,24,48165,48164,48664,1,left_hand,0,True,,48789,49289
S04:E:record05:trial026,S04,A04E.mat,81916dff2c12997974ba50ffc311da006ea66e525010d010765f0047e771c86a,E,5,2,25,50126,50125,50625,2,right_hand,0,True,,50750,51250
S04:E:record05:trial027,S04,A04E.mat,81916dff2c12997974ba50ffc311da006ea66e525010d010765f0047e771c86a,E,5,2,26,52230,52229,52729,2,right_hand,0,True,,52854,53354
S04:E:record05:trial028,S04,A04E.mat,81916dff2c12997974ba50ffc311da006ea66e525010d010765f0047e771c86a,E,5,2,27,54234,54233,54733,3,feet,1,False,organizer_artifact_flag,54858,55358
S04:E:record05:trial029,S04,A04E.mat,81916dff2c12997974ba50ffc311da006ea66e525010d010765f0047e771c86a,E,5,2,28,56209,56208,56708,4,tongue,1,False,organizer_artifact_flag,56833,57333
S04:E:record05:trial030,S04,A04E.mat,81916dff2c12997974ba50ffc311da006ea66e525010d010765f0047e771c86a,E,5,2,29,58235,58234,58734,2,right_hand,1,False,organizer_artifact_flag,58859,59359
S04:E:record05:trial031,S04,A04E.mat,81916dff2c12997974ba50ffc311da006ea66e525010d010765f0047e771c86a,E,5,2,30,60306,60305,60805,1,left_hand,0,True,,60930,61430
S04:E:record05:trial032,S04,A04E.mat,81916dff2c12997974ba50ffc311da006ea66e525010d010765f0047e771c86a,E,5,2,31,62413,62412,62912,1,left_hand,0,True,,63037,63537
S04:E:record05:trial033,S04,A04E.mat,81916dff2c12997974ba50ffc311da006ea66e525010d010765f0047e771c86a,E,5,2,32,64505,64504,65004,4,tongue,0,True,,65129,65629
S04:E:record05:trial034,S04,A04E.mat,81916dff2c12997974ba50ffc311da006ea66e525010d010765f0047e771c86a,E,5,2,33,66596,66595,67095,2,right_hand,0,True,,67220,67720
S04:E:record05:trial035,S04,A04E.mat,81916dff2c12997974ba50ffc311da006ea66e525010d010765f0047e771c86a,E,5,2,34,68639,68638,69138,1,left_hand,0,True,,69263,69763
S04:E:record05:trial036,S04,A04E.mat,81916dff2c12997974ba50ffc311da006ea66e525010d010765f0047e771c86a,E,5,2,35,70703,70702,71202,3,feet,1,False,organizer_artifact_flag,71327,71827
S04:E:record05:trial037,S04,A04E.mat,81916dff2c12997974ba50ffc311da006ea66e525010d010765f0047e771c86a,E,5,2,36,72723,72722,73222,2,right_hand,0,True,,73347,73847
S04:E:record05:trial038,S04,A04E.mat,81916dff2c12997974ba50ffc311da006ea66e525010d010765f0047e771c86a,E,5,2,37,74695,74694,75194,2,right_hand,1,False,organizer_artifact_flag,75319,75819
S04:E:record05:trial039,S04,A04E.mat,81916dff2c12997974ba50ffc311da006ea66e525010d010765f0047e771c86a,E,5,2,38,76658,76657,77157,3,feet,0,True,,77282,77782
S04:E:record05:trial040,S04,A04E.mat,81916dff2c12997974ba50ffc311da006ea66e525010d010765f0047e771c86a,E,5,2,39,78583,78582,79082,1,left_hand,1,False,organizer_artifact_flag,79207,79707
S04:E:record05:trial041,S04,A04E.mat,81916dff2c12997974ba50ffc311da006ea66e525010d010765f0047e771c86a,E,5,2,40,80664,80663,81163,4,tongue,0,True,,81288,81788
S04:E:record05:trial042,S04,A04E.mat,81916dff2c12997974ba50ffc311da006ea66e525010d010765f0047e771c86a,E,5,2,41,82642,82641,83141,3,feet,0,True,,83266,83766
S04:E:record05:trial043,S04,A04E.mat,81916dff2c12997974ba50ffc311da006ea66e525010d010765f0047e771c86a,E,5,2,42,84632,84631,85131,3,feet,0,True,,85256,85756
S04:E:record05:trial044,S04,A04E.mat,81916dff2c12997974ba50ffc311da006ea66e525010d010765f0047e771c86a,E,5,2,43,86751,86750,87250,3,feet,0,True,,87375,87875
S04:E:record05:trial045,S04,A04E.mat,81916dff2c12997974ba50ffc311da006ea66e525010d010765f0047e771c86a,E,5,2,44,88657,88656,89156,3,feet,0,True,,89281,89781
S04:E:record05:trial046,S04,A04E.mat,81916dff2c12997974ba50ffc311da006ea66e525010d010765f0047e771c86a,E,5,2,45,90585,90584,91084,1,left_hand,0,True,,91209,91709
S04:E:record05:trial047,S04,A04E.mat,81916dff2c12997974ba50ffc311da006ea66e525010d010765f0047e771c86a,E,5,2,46,92699,92698,93198,2,right_hand,0,True,,93323,93823
S04:E:record05:trial048,S04,A04E.mat,81916dff2c12997974ba50ffc311da006ea66e525010d010765f0047e771c86a,E,5,2,47,94758,94757,95257,1,left_hand,1,False,organizer_artifact_flag,95382,95882
S04:E:record06:trial001,S04,A04E.mat,81916dff2c12997974ba50ffc311da006ea66e525010d010765f0047e771c86a,E,6,3,0,251,250,750,2,right_hand,0,True,,875,1375
S04:E:record06:trial002,S04,A04E.mat,81916dff2c12997974ba50ffc311da006ea66e525010d010765f0047e771c86a,E,6,3,1,2254,2253,2753,1,left_hand,0,True,,2878,3378
S04:E:record06:trial003,S04,A04E.mat,81916dff2c12997974ba50ffc311da006ea66e525010d010765f0047e771c86a,E,6,3,2,4172,4171,4671,1,left_hand,1,False,organizer_artifact_flag,4796,5296
S04:E:record06:trial004,S04,A04E.mat,81916dff2c12997974ba50ffc311da006ea66e525010d010765f0047e771c86a,E,6,3,3,6124,6123,6623,3,feet,0,True,,6748,7248
S04:E:record06:trial005,S04,A04E.mat,81916dff2c12997974ba50ffc311da006ea66e525010d010765f0047e771c86a,E,6,3,4,8132,8131,8631,3,feet,0,True,,8756,9256
S04:E:record06:trial006,S04,A04E.mat,81916dff2c12997974ba50ffc311da006ea66e525010d010765f0047e771c86a,E,6,3,5,10243,10242,10742,2,right_hand,0,True,,10867,11367
S04:E:record06:trial007,S04,A04E.mat,81916dff2c12997974ba50ffc311da006ea66e525010d010765f0047e771c86a,E,6,3,6,12160,12159,12659,3,feet,1,False,organizer_artifact_flag,12784,13284
S04:E:record06:trial008,S04,A04E.mat,81916dff2c12997974ba50ffc311da006ea66e525010d010765f0047e771c86a,E,6,3,7,14210,14209,14709,4,tongue,1,False,organizer_artifact_flag,14834,15334
S04:E:record06:trial009,S04,A04E.mat,81916dff2c12997974ba50ffc311da006ea66e525010d010765f0047e771c86a,E,6,3,8,16141,16140,16640,1,left_hand,0,True,,16765,17265
S04:E:record06:trial010,S04,A04E.mat,81916dff2c12997974ba50ffc311da006ea66e525010d010765f0047e771c86a,E,6,3,9,18139,18138,18638,4,tongue,0,True,,18763,19263
S04:E:record06:trial011,S04,A04E.mat,81916dff2c12997974ba50ffc311da006ea66e525010d010765f0047e771c86a,E,6,3,10,20045,20044,20544,1,left_hand,0,True,,20669,21169
S04:E:record06:trial012,S04,A04E.mat,81916dff2c12997974ba50ffc311da006ea66e525010d010765f0047e771c86a,E,6,3,11,21940,21939,22439,1,left_hand,0,True,,22564,23064
S04:E:record06:trial013,S04,A04E.mat,81916dff2c12997974ba50ffc311da006ea66e525010d010765f0047e771c86a,E,6,3,12,23912,23911,24411,2,right_hand,0,True,,24536,25036
S04:E:record06:trial014,S04,A04E.mat,81916dff2c12997974ba50ffc311da006ea66e525010d010765f0047e771c86a,E,6,3,13,25856,25855,26355,4,tongue,0,True,,26480,26980
S04:E:record06:trial015,S04,A04E.mat,81916dff2c12997974ba50ffc311da006ea66e525010d010765f0047e771c86a,E,6,3,14,27823,27822,28322,3,feet,0,True,,28447,28947
S04:E:record06:trial016,S04,A04E.mat,81916dff2c12997974ba50ffc311da006ea66e525010d010765f0047e771c86a,E,6,3,15,29943,29942,30442,2,right_hand,0,True,,30567,31067
S04:E:record06:trial017,S04,A04E.mat,81916dff2c12997974ba50ffc311da006ea66e525010d010765f0047e771c86a,E,6,3,16,31951,31950,32450,4,tongue,1,False,organizer_artifact_flag,32575,33075
S04:E:record06:trial018,S04,A04E.mat,81916dff2c12997974ba50ffc311da006ea66e525010d010765f0047e771c86a,E,6,3,17,34017,34016,34516,3,feet,0,True,,34641,35141
S04:E:record06:trial019,S04,A04E.mat,81916dff2c12997974ba50ffc311da006ea66e525010d010765f0047e771c86a,E,6,3,18,36053,36052,36552,4,tongue,0,True,,36677,37177
S04:E:record06:trial020,S04,A04E.mat,81916dff2c12997974ba50ffc311da006ea66e525010d010765f0047e771c86a,E,6,3,19,38119,38118,38618,3,feet,0,True,,38743,39243
S04:E:record06:trial021,S04,A04E.mat,81916dff2c12997974ba50ffc311da006ea66e525010d010765f0047e771c86a,E,6,3,20,40189,40188,40688,4,tongue,0,True,,40813,41313
S04:E:record06:trial022,S04,A04E.mat,81916dff2c12997974ba50ffc311da006ea66e525010d010765f0047e771c86a,E,6,3,21,42269,42268,42768,2,right_hand,0,True,,42893,43393
S04:E:record06:trial023,S04,A04E.mat,81916dff2c12997974ba50ffc311da006ea66e525010d010765f0047e771c86a,E,6,3,22,44181,44180,44680,2,right_hand,0,True,,44805,45305
S04:E:record06:trial024,S04,A04E.mat,81916dff2c12997974ba50ffc311da006ea66e525010d010765f0047e771c86a,E,6,3,23,46212,46211,46711,4,tongue,0,True,,46836,47336
S04:E:record06:trial025,S04,A04E.mat,81916dff2c12997974ba50ffc311da006ea66e525010d010765f0047e771c86a,E,6,3,24,48165,48164,48664,1,left_hand,0,True,,48789,49289
S04:E:record06:trial026,S04,A04E.mat,81916dff2c12997974ba50ffc311da006ea66e525010d010765f0047e771c86a,E,6,3,25,50126,50125,50625,2,right_hand,0,True,,50750,51250
S04:E:record06:trial027,S04,A04E.mat,81916dff2c12997974ba50ffc311da006ea66e525010d010765f0047e771c86a,E,6,3,26,52230,52229,52729,2,right_hand,0,True,,52854,53354
S04:E:record06:trial028,S04,A04E.mat,81916dff2c12997974ba50ffc311da006ea66e525010d010765f0047e771c86a,E,6,3,27,54234,54233,54733,2,right_hand,0,True,,54858,55358
S04:E:record06:trial029,S04,A04E.mat,81916dff2c12997974ba50ffc311da006ea66e525010d010765f0047e771c86a,E,6,3,28,56209,56208,56708,3,feet,0,True,,56833,57333
S04:E:record06:trial030,S04,A04E.mat,81916dff2c12997974ba50ffc311da006ea66e525010d010765f0047e771c86a,E,6,3,29,58235,58234,58734,4,tongue,0,True,,58859,59359
S04:E:record06:trial031,S04,A04E.mat,81916dff2c12997974ba50ffc311da006ea66e525010d010765f0047e771c86a,E,6,3,30,60306,60305,60805,1,left_hand,0,True,,60930,61430
S04:E:record06:trial032,S04,A04E.mat,81916dff2c12997974ba50ffc311da006ea66e525010d010765f0047e771c86a,E,6,3,31,62413,62412,62912,4,tongue,0,True,,63037,63537
S04:E:record06:trial033,S04,A04E.mat,81916dff2c12997974ba50ffc311da006ea66e525010d010765f0047e771c86a,E,6,3,32,64505,64504,65004,1,left_hand,0,True,,65129,65629
S04:E:record06:trial034,S04,A04E.mat,81916dff2c12997974ba50ffc311da006ea66e525010d010765f0047e771c86a,E,6,3,33,66596,66595,67095,3,feet,0,True,,67220,67720
S04:E:record06:trial035,S04,A04E.mat,81916dff2c12997974ba50ffc311da006ea66e525010d010765f0047e771c86a,E,6,3,34,68639,68638,69138,1,left_hand,0,True,,69263,69763
S04:E:record06:trial036,S04,A04E.mat,81916dff2c12997974ba50ffc311da006ea66e525010d010765f0047e771c86a,E,6,3,35,70703,70702,71202,4,tongue,1,False,organizer_artifact_flag,71327,71827
S04:E:record06:trial037,S04,A04E.mat,81916dff2c12997974ba50ffc311da006ea66e525010d010765f0047e771c86a,E,6,3,36,72723,72722,73222,1,left_hand,1,False,organizer_artifact_flag,73347,73847
S04:E:record06:trial038,S04,A04E.mat,81916dff2c12997974ba50ffc311da006ea66e525010d010765f0047e771c86a,E,6,3,37,74695,74694,75194,3,feet,0,True,,75319,75819
S04:E:record06:trial039,S04,A04E.mat,81916dff2c12997974ba50ffc311da006ea66e525010d010765f0047e771c86a,E,6,3,38,76658,76657,77157,1,left_hand,0,True,,77282,77782
S04:E:record06:trial040,S04,A04E.mat,81916dff2c12997974ba50ffc311da006ea66e525010d010765f0047e771c86a,E,6,3,39,78583,78582,79082,2,right_hand,0,True,,79207,79707
S04:E:record06:trial041,S04,A04E.mat,81916dff2c12997974ba50ffc311da006ea66e525010d010765f0047e771c86a,E,6,3,40,80664,80663,81163,3,feet,1,False,organizer_artifact_flag,81288,81788
S04:E:record06:trial042,S04,A04E.mat,81916dff2c12997974ba50ffc311da006ea66e525010d010765f0047e771c86a,E,6,3,41,82642,82641,83141,3,feet,0,True,,83266,83766
S04:E:record06:trial043,S04,A04E.mat,81916dff2c12997974ba50ffc311da006ea66e525010d010765f0047e771c86a,E,6,3,42,84632,84631,85131,4,tongue,0,True,,85256,85756
S04:E:record06:trial044,S04,A04E.mat,81916dff2c12997974ba50ffc311da006ea66e525010d010765f0047e771c86a,E,6,3,43,86751,86750,87250,1,left_hand,1,False,organizer_artifact_flag,87375,87875
S04:E:record06:trial045,S04,A04E.mat,81916dff2c12997974ba50ffc311da006ea66e525010d010765f0047e771c86a,E,6,3,44,88657,88656,89156,2,right_hand,0,True,,89281,89781
S04:E:record06:trial046,S04,A04E.mat,81916dff2c12997974ba50ffc311da006ea66e525010d010765f0047e771c86a,E,6,3,45,90585,90584,91084,4,tongue,0,True,,91209,91709
S04:E:record06:trial047,S04,A04E.mat,81916dff2c12997974ba50ffc311da006ea66e525010d010765f0047e771c86a,E,6,3,46,92699,92698,93198,2,right_hand,0,True,,93323,93823
S04:E:record06:trial048,S04,A04E.mat,81916dff2c12997974ba50ffc311da006ea66e525010d010765f0047e771c86a,E,6,3,47,94758,94757,95257,3,feet,0,True,,95382,95882
S04:E:record07:trial001,S04,A04E.mat,81916dff2c12997974ba50ffc311da006ea66e525010d010765f0047e771c86a,E,7,4,0,251,250,750,3,feet,0,True,,875,1375
S04:E:record07:trial002,S04,A04E.mat,81916dff2c12997974ba50ffc311da006ea66e525010d010765f0047e771c86a,E,7,4,1,2254,2253,2753,1,left_hand,0,True,,2878,3378
S04:E:record07:trial003,S04,A04E.mat,81916dff2c12997974ba50ffc311da006ea66e525010d010765f0047e771c86a,E,7,4,2,4172,4171,4671,4,tongue,0,True,,4796,5296
S04:E:record07:trial004,S04,A04E.mat,81916dff2c12997974ba50ffc311da006ea66e525010d010765f0047e771c86a,E,7,4,3,6124,6123,6623,2,right_hand,0,True,,6748,7248
S04:E:record07:trial005,S04,A04E.mat,81916dff2c12997974ba50ffc311da006ea66e525010d010765f0047e771c86a,E,7,4,4,8132,8131,8631,4,tongue,0,True,,8756,9256
S04:E:record07:trial006,S04,A04E.mat,81916dff2c12997974ba50ffc311da006ea66e525010d010765f0047e771c86a,E,7,4,5,10243,10242,10742,1,left_hand,0,True,,10867,11367
S04:E:record07:trial007,S04,A04E.mat,81916dff2c12997974ba50ffc311da006ea66e525010d010765f0047e771c86a,E,7,4,6,12160,12159,12659,1,left_hand,1,False,organizer_artifact_flag,12784,13284
S04:E:record07:trial008,S04,A04E.mat,81916dff2c12997974ba50ffc311da006ea66e525010d010765f0047e771c86a,E,7,4,7,14210,14209,14709,3,feet,0,True,,14834,15334
S04:E:record07:trial009,S04,A04E.mat,81916dff2c12997974ba50ffc311da006ea66e525010d010765f0047e771c86a,E,7,4,8,16141,16140,16640,3,feet,0,True,,16765,17265
S04:E:record07:trial010,S04,A04E.mat,81916dff2c12997974ba50ffc311da006ea66e525010d010765f0047e771c86a,E,7,4,9,18139,18138,18638,2,right_hand,1,False,organizer_artifact_flag,18763,19263
S04:E:record07:trial011,S04,A04E.mat,81916dff2c12997974ba50ffc311da006ea66e525010d010765f0047e771c86a,E,7,4,10,20045,20044,20544,4,tongue,0,True,,20669,21169
S04:E:record07:trial012,S04,A04E.mat,81916dff2c12997974ba50ffc311da006ea66e525010d010765f0047e771c86a,E,7,4,11,21940,21939,22439,2,right_hand,0,True,,22564,23064
S04:E:record07:trial013,S04,A04E.mat,81916dff2c12997974ba50ffc311da006ea66e525010d010765f0047e771c86a,E,7,4,12,23912,23911,24411,2,right_hand,1,False,organizer_artifact_flag,24536,25036
S04:E:record07:trial014,S04,A04E.mat,81916dff2c12997974ba50ffc311da006ea66e525010d010765f0047e771c86a,E,7,4,13,25856,25855,26355,1,left_hand,1,False,organizer_artifact_flag,26480,26980
S04:E:record07:trial015,S04,A04E.mat,81916dff2c12997974ba50ffc311da006ea66e525010d010765f0047e771c86a,E,7,4,14,27823,27822,28322,2,right_hand,1,False,organizer_artifact_flag,28447,28947
S04:E:record07:trial016,S04,A04E.mat,81916dff2c12997974ba50ffc311da006ea66e525010d010765f0047e771c86a,E,7,4,15,29943,29942,30442,4,tongue,1,False,organizer_artifact_flag,30567,31067
S04:E:record07:trial017,S04,A04E.mat,81916dff2c12997974ba50ffc311da006ea66e525010d010765f0047e771c86a,E,7,4,16,31951,31950,32450,4,tongue,0,True,,32575,33075
S04:E:record07:trial018,S04,A04E.mat,81916dff2c12997974ba50ffc311da006ea66e525010d010765f0047e771c86a,E,7,4,17,34017,34016,34516,2,right_hand,0,True,,34641,35141
S04:E:record07:trial019,S04,A04E.mat,81916dff2c12997974ba50ffc311da006ea66e525010d010765f0047e771c86a,E,7,4,18,36053,36052,36552,2,right_hand,1,False,organizer_artifact_flag,36677,37177
S04:E:record07:trial020,S04,A04E.mat,81916dff2c12997974ba50ffc311da006ea66e525010d010765f0047e771c86a,E,7,4,19,38119,38118,38618,2,right_hand,0,True,,38743,39243
S04:E:record07:trial021,S04,A04E.mat,81916dff2c12997974ba50ffc311da006ea66e525010d010765f0047e771c86a,E,7,4,20,40189,40188,40688,2,right_hand,0,True,,40813,41313
S04:E:record07:trial022,S04,A04E.mat,81916dff2c12997974ba50ffc311da006ea66e525010d010765f0047e771c86a,E,7,4,21,42269,42268,42768,4,tongue,0,True,,42893,43393
S04:E:record07:trial023,S04,A04E.mat,81916dff2c12997974ba50ffc311da006ea66e525010d010765f0047e771c86a,E,7,4,22,44181,44180,44680,4,tongue,0,True,,44805,45305
S04:E:record07:trial024,S04,A04E.mat,81916dff2c12997974ba50ffc311da006ea66e525010d010765f0047e771c86a,E,7,4,23,46212,46211,46711,3,feet,0,True,,46836,47336
S04:E:record07:trial025,S04,A04E.mat,81916dff2c12997974ba50ffc311da006ea66e525010d010765f0047e771c86a,E,7,4,24,48165,48164,48664,4,tongue,0,True,,48789,49289
S04:E:record07:trial026,S04,A04E.mat,81916dff2c12997974ba50ffc311da006ea66e525010d010765f0047e771c86a,E,7,4,25,50126,50125,50625,1,left_hand,0,True,,50750,51250
S04:E:record07:trial027,S04,A04E.mat,81916dff2c12997974ba50ffc311da006ea66e525010d010765f0047e771c86a,E,7,4,26,52230,52229,52729,2,right_hand,0,True,,52854,53354
S04:E:record07:trial028,S04,A04E.mat,81916dff2c12997974ba50ffc311da006ea66e525010d010765f0047e771c86a,E,7,4,27,54234,54233,54733,3,feet,0,True,,54858,55358
S04:E:record07:trial029,S04,A04E.mat,81916dff2c12997974ba50ffc311da006ea66e525010d010765f0047e771c86a,E,7,4,28,56209,56208,56708,2,right_hand,0,True,,56833,57333
S04:E:record07:trial030,S04,A04E.mat,81916dff2c12997974ba50ffc311da006ea66e525010d010765f0047e771c86a,E,7,4,29,58235,58234,58734,1,left_hand,0,True,,58859,59359
S04:E:record07:trial031,S04,A04E.mat,81916dff2c12997974ba50ffc311da006ea66e525010d010765f0047e771c86a,E,7,4,30,60306,60305,60805,4,tongue,0,True,,60930,61430
S04:E:record07:trial032,S04,A04E.mat,81916dff2c12997974ba50ffc311da006ea66e525010d010765f0047e771c86a,E,7,4,31,62413,62412,62912,1,left_hand,0,True,,63037,63537
S04:E:record07:trial033,S04,A04E.mat,81916dff2c12997974ba50ffc311da006ea66e525010d010765f0047e771c86a,E,7,4,32,64505,64504,65004,4,tongue,1,False,organizer_artifact_flag,65129,65629
S04:E:record07:trial034,S04,A04E.mat,81916dff2c12997974ba50ffc311da006ea66e525010d010765f0047e771c86a,E,7,4,33,66596,66595,67095,1,left_hand,1,False,organizer_artifact_flag,67220,67720
S04:E:record07:trial035,S04,A04E.mat,81916dff2c12997974ba50ffc311da006ea66e525010d010765f0047e771c86a,E,7,4,34,68639,68638,69138,1,left_hand,1,False,organizer_artifact_flag,69263,69763
S04:E:record07:trial036,S04,A04E.mat,81916dff2c12997974ba50ffc311da006ea66e525010d010765f0047e771c86a,E,7,4,35,70703,70702,71202,1,left_hand,0,True,,71327,71827
S04:E:record07:trial037,S04,A04E.mat,81916dff2c12997974ba50ffc311da006ea66e525010d010765f0047e771c86a,E,7,4,36,72723,72722,73222,1,left_hand,1,False,organizer_artifact_flag,73347,73847
S04:E:record07:trial038,S04,A04E.mat,81916dff2c12997974ba50ffc311da006ea66e525010d010765f0047e771c86a,E,7,4,37,74695,74694,75194,3,feet,0,True,,75319,75819
S04:E:record07:trial039,S04,A04E.mat,81916dff2c12997974ba50ffc311da006ea66e525010d010765f0047e771c86a,E,7,4,38,76658,76657,77157,3,feet,1,False,organizer_artifact_flag,77282,77782
S04:E:record07:trial040,S04,A04E.mat,81916dff2c12997974ba50ffc311da006ea66e525010d010765f0047e771c86a,E,7,4,39,78583,78582,79082,4,tongue,0,True,,79207,79707
S04:E:record07:trial041,S04,A04E.mat,81916dff2c12997974ba50ffc311da006ea66e525010d010765f0047e771c86a,E,7,4,40,80664,80663,81163,2,right_hand,0,True,,81288,81788
S04:E:record07:trial042,S04,A04E.mat,81916dff2c12997974ba50ffc311da006ea66e525010d010765f0047e771c86a,E,7,4,41,82642,82641,83141,3,feet,0,True,,83266,83766
S04:E:record07:trial043,S04,A04E.mat,81916dff2c12997974ba50ffc311da006ea66e525010d010765f0047e771c86a,E,7,4,42,84632,84631,85131,3,feet,0,True,,85256,85756
S04:E:record07:trial044,S04,A04E.mat,81916dff2c12997974ba50ffc311da006ea66e525010d010765f0047e771c86a,E,7,4,43,86751,86750,87250,3,feet,0,True,,87375,87875
S04:E:record07:trial045,S04,A04E.mat,81916dff2c12997974ba50ffc311da006ea66e525010d010765f0047e771c86a,E,7,4,44,88657,88656,89156,4,tongue,0,True,,89281,89781
S04:E:record07:trial046,S04,A04E.mat,81916dff2c12997974ba50ffc311da006ea66e525010d010765f0047e771c86a,E,7,4,45,90585,90584,91084,3,feet,0,True,,91209,91709
S04:E:record07:trial047,S04,A04E.mat,81916dff2c12997974ba50ffc311da006ea66e525010d010765f0047e771c86a,E,7,4,46,92699,92698,93198,1,left_hand,0,True,,93323,93823
S04:E:record07:trial048,S04,A04E.mat,81916dff2c12997974ba50ffc311da006ea66e525010d010765f0047e771c86a,E,7,4,47,94758,94757,95257,3,feet,0,True,,95382,95882
S04:E:record08:trial001,S04,A04E.mat,81916dff2c12997974ba50ffc311da006ea66e525010d010765f0047e771c86a,E,8,5,0,251,250,750,1,left_hand,0,True,,875,1375
S04:E:record08:trial002,S04,A04E.mat,81916dff2c12997974ba50ffc311da006ea66e525010d010765f0047e771c86a,E,8,5,1,2254,2253,2753,4,tongue,0,True,,2878,3378
S04:E:record08:trial003,S04,A04E.mat,81916dff2c12997974ba50ffc311da006ea66e525010d010765f0047e771c86a,E,8,5,2,4172,4171,4671,2,right_hand,1,False,organizer_artifact_flag,4796,5296
S04:E:record08:trial004,S04,A04E.mat,81916dff2c12997974ba50ffc311da006ea66e525010d010765f0047e771c86a,E,8,5,3,6124,6123,6623,4,tongue,0,True,,6748,7248
S04:E:record08:trial005,S04,A04E.mat,81916dff2c12997974ba50ffc311da006ea66e525010d010765f0047e771c86a,E,8,5,4,8132,8131,8631,4,tongue,0,True,,8756,9256
S04:E:record08:trial006,S04,A04E.mat,81916dff2c12997974ba50ffc311da006ea66e525010d010765f0047e771c86a,E,8,5,5,10243,10242,10742,3,feet,0,True,,10867,11367
S04:E:record08:trial007,S04,A04E.mat,81916dff2c12997974ba50ffc311da006ea66e525010d010765f0047e771c86a,E,8,5,6,12160,12159,12659,4,tongue,0,True,,12784,13284
S04:E:record08:trial008,S04,A04E.mat,81916dff2c12997974ba50ffc311da006ea66e525010d010765f0047e771c86a,E,8,5,7,14210,14209,14709,4,tongue,0,True,,14834,15334
S04:E:record08:trial009,S04,A04E.mat,81916dff2c12997974ba50ffc311da006ea66e525010d010765f0047e771c86a,E,8,5,8,16141,16140,16640,3,feet,0,True,,16765,17265
S04:E:record08:trial010,S04,A04E.mat,81916dff2c12997974ba50ffc311da006ea66e525010d010765f0047e771c86a,E,8,5,9,18139,18138,18638,2,right_hand,0,True,,18763,19263
S04:E:record08:trial011,S04,A04E.mat,81916dff2c12997974ba50ffc311da006ea66e525010d010765f0047e771c86a,E,8,5,10,20045,20044,20544,4,tongue,0,True,,20669,21169
S04:E:record08:trial012,S04,A04E.mat,81916dff2c12997974ba50ffc311da006ea66e525010d010765f0047e771c86a,E,8,5,11,21940,21939,22439,3,feet,1,False,organizer_artifact_flag,22564,23064
S04:E:record08:trial013,S04,A04E.mat,81916dff2c12997974ba50ffc311da006ea66e525010d010765f0047e771c86a,E,8,5,12,23912,23911,24411,1,left_hand,0,True,,24536,25036
S04:E:record08:trial014,S04,A04E.mat,81916dff2c12997974ba50ffc311da006ea66e525010d010765f0047e771c86a,E,8,5,13,25856,25855,26355,2,right_hand,0,True,,26480,26980
S04:E:record08:trial015,S04,A04E.mat,81916dff2c12997974ba50ffc311da006ea66e525010d010765f0047e771c86a,E,8,5,14,27823,27822,28322,2,right_hand,0,True,,28447,28947
S04:E:record08:trial016,S04,A04E.mat,81916dff2c12997974ba50ffc311da006ea66e525010d010765f0047e771c86a,E,8,5,15,29943,29942,30442,2,right_hand,0,True,,30567,31067
S04:E:record08:trial017,S04,A04E.mat,81916dff2c12997974ba50ffc311da006ea66e525010d010765f0047e771c86a,E,8,5,16,31951,31950,32450,3,feet,0,True,,32575,33075
S04:E:record08:trial018,S04,A04E.mat,81916dff2c12997974ba50ffc311da006ea66e525010d010765f0047e771c86a,E,8,5,17,34017,34016,34516,2,right_hand,1,False,organizer_artifact_flag,34641,35141
S04:E:record08:trial019,S04,A04E.mat,81916dff2c12997974ba50ffc311da006ea66e525010d010765f0047e771c86a,E,8,5,18,36053,36052,36552,4,tongue,0,True,,36677,37177
S04:E:record08:trial020,S04,A04E.mat,81916dff2c12997974ba50ffc311da006ea66e525010d010765f0047e771c86a,E,8,5,19,38119,38118,38618,3,feet,0,True,,38743,39243
S04:E:record08:trial021,S04,A04E.mat,81916dff2c12997974ba50ffc311da006ea66e525010d010765f0047e771c86a,E,8,5,20,40189,40188,40688,4,tongue,0,True,,40813,41313
S04:E:record08:trial022,S04,A04E.mat,81916dff2c12997974ba50ffc311da006ea66e525010d010765f0047e771c86a,E,8,5,21,42269,42268,42768,2,right_hand,0,True,,42893,43393
S04:E:record08:trial023,S04,A04E.mat,81916dff2c12997974ba50ffc311da006ea66e525010d010765f0047e771c86a,E,8,5,22,44181,44180,44680,3,feet,0,True,,44805,45305
S04:E:record08:trial024,S04,A04E.mat,81916dff2c12997974ba50ffc311da006ea66e525010d010765f0047e771c86a,E,8,5,23,46212,46211,46711,1,left_hand,0,True,,46836,47336
S04:E:record08:trial025,S04,A04E.mat,81916dff2c12997974ba50ffc311da006ea66e525010d010765f0047e771c86a,E,8,5,24,48165,48164,48664,4,tongue,0,True,,48789,49289
S04:E:record08:trial026,S04,A04E.mat,81916dff2c12997974ba50ffc311da006ea66e525010d010765f0047e771c86a,E,8,5,25,50126,50125,50625,1,left_hand,0,True,,50750,51250
S04:E:record08:trial027,S04,A04E.mat,81916dff2c12997974ba50ffc311da006ea66e525010d010765f0047e771c86a,E,8,5,26,52230,52229,52729,3,feet,0,True,,52854,53354
S04:E:record08:trial028,S04,A04E.mat,81916dff2c12997974ba50ffc311da006ea66e525010d010765f0047e771c86a,E,8,5,27,54234,54233,54733,4,tongue,0,True,,54858,55358
S04:E:record08:trial029,S04,A04E.mat,81916dff2c12997974ba50ffc311da006ea66e525010d010765f0047e771c86a,E,8,5,28,56209,56208,56708,1,left_hand,0,True,,56833,57333
S04:E:record08:trial030,S04,A04E.mat,81916dff2c12997974ba50ffc311da006ea66e525010d010765f0047e771c86a,E,8,5,29,58235,58234,58734,3,feet,0,True,,58859,59359
S04:E:record08:trial031,S04,A04E.mat,81916dff2c12997974ba50ffc311da006ea66e525010d010765f0047e771c86a,E,8,5,30,60306,60305,60805,1,left_hand,0,True,,60930,61430
S04:E:record08:trial032,S04,A04E.mat,81916dff2c12997974ba50ffc311da006ea66e525010d010765f0047e771c86a,E,8,5,31,62413,62412,62912,2,right_hand,0,True,,63037,63537
S04:E:record08:trial033,S04,A04E.mat,81916dff2c12997974ba50ffc311da006ea66e525010d010765f0047e771c86a,E,8,5,32,64505,64504,65004,2,right_hand,0,True,,65129,65629
S04:E:record08:trial034,S04,A04E.mat,81916dff2c12997974ba50ffc311da006ea66e525010d010765f0047e771c86a,E,8,5,33,66596,66595,67095,1,left_hand,0,True,,67220,67720
S04:E:record08:trial035,S04,A04E.mat,81916dff2c12997974ba50ffc311da006ea66e525010d010765f0047e771c86a,E,8,5,34,68639,68638,69138,4,tongue,0,True,,69263,69763
S04:E:record08:trial036,S04,A04E.mat,81916dff2c12997974ba50ffc311da006ea66e525010d010765f0047e771c86a,E,8,5,35,70703,70702,71202,1,left_hand,0,True,,71327,71827
S04:E:record08:trial037,S04,A04E.mat,81916dff2c12997974ba50ffc311da006ea66e525010d010765f0047e771c86a,E,8,5,36,72723,72722,73222,4,tongue,0,True,,73347,73847
S04:E:record08:trial038,S04,A04E.mat,81916dff2c12997974ba50ffc311da006ea66e525010d010765f0047e771c86a,E,8,5,37,74695,74694,75194,3,feet,0,True,,75319,75819
S04:E:record08:trial039,S04,A04E.mat,81916dff2c12997974ba50ffc311da006ea66e525010d010765f0047e771c86a,E,8,5,38,76658,76657,77157,3,feet,0,True,,77282,77782
S04:E:record08:trial040,S04,A04E.mat,81916dff2c12997974ba50ffc311da006ea66e525010d010765f0047e771c86a,E,8,5,39,78583,78582,79082,1,left_hand,1,False,organizer_artifact_flag,79207,79707
S04:E:record08:trial041,S04,A04E.mat,81916dff2c12997974ba50ffc311da006ea66e525010d010765f0047e771c86a,E,8,5,40,80664,80663,81163,3,feet,0,True,,81288,81788
S04:E:record08:trial042,S04,A04E.mat,81916dff2c12997974ba50ffc311da006ea66e525010d010765f0047e771c86a,E,8,5,41,82642,82641,83141,2,right_hand,0,True,,83266,83766
S04:E:record08:trial043,S04,A04E.mat,81916dff2c12997974ba50ffc311da006ea66e525010d010765f0047e771c86a,E,8,5,42,84632,84631,85131,2,right_hand,0,True,,85256,85756
S04:E:record08:trial044,S04,A04E.mat,81916dff2c12997974ba50ffc311da006ea66e525010d010765f0047e771c86a,E,8,5,43,86751,86750,87250,1,left_hand,0,True,,87375,87875
S04:E:record08:trial045,S04,A04E.mat,81916dff2c12997974ba50ffc311da006ea66e525010d010765f0047e771c86a,E,8,5,44,88657,88656,89156,3,feet,0,True,,89281,89781
S04:E:record08:trial046,S04,A04E.mat,81916dff2c12997974ba50ffc311da006ea66e525010d010765f0047e771c86a,E,8,5,45,90585,90584,91084,1,left_hand,0,True,,91209,91709
S04:E:record08:trial047,S04,A04E.mat,81916dff2c12997974ba50ffc311da006ea66e525010d010765f0047e771c86a,E,8,5,46,92699,92698,93198,2,right_hand,0,True,,93323,93823
S04:E:record08:trial048,S04,A04E.mat,81916dff2c12997974ba50ffc311da006ea66e525010d010765f0047e771c86a,E,8,5,47,94758,94757,95257,1,left_hand,0,True,,95382,95882
S05:T:record03:trial001,S05,A05T.mat,77387d3b669f4ed9a7c1dac4dcba4c2c40c8910bae20fb961bb7cf5a94912950,T,3,0,0,251,250,750,1,left_hand,1,False,organizer_artifact_flag,875,1375
S05:T:record03:trial002,S05,A05T.mat,77387d3b669f4ed9a7c1dac4dcba4c2c40c8910bae20fb961bb7cf5a94912950,T,3,0,1,2254,2253,2753,2,right_hand,0,True,,2878,3378
S05:T:record03:trial003,S05,A05T.mat,77387d3b669f4ed9a7c1dac4dcba4c2c40c8910bae20fb961bb7cf5a94912950,T,3,0,2,4172,4171,4671,2,right_hand,0,True,,4796,5296
S05:T:record03:trial004,S05,A05T.mat,77387d3b669f4ed9a7c1dac4dcba4c2c40c8910bae20fb961bb7cf5a94912950,T,3,0,3,6124,6123,6623,1,left_hand,0,True,,6748,7248
S05:T:record03:trial005,S05,A05T.mat,77387d3b669f4ed9a7c1dac4dcba4c2c40c8910bae20fb961bb7cf5a94912950,T,3,0,4,8132,8131,8631,2,right_hand,0,True,,8756,9256
S05:T:record03:trial006,S05,A05T.mat,77387d3b669f4ed9a7c1dac4dcba4c2c40c8910bae20fb961bb7cf5a94912950,T,3,0,5,10243,10242,10742,1,left_hand,0,True,,10867,11367
S05:T:record03:trial007,S05,A05T.mat,77387d3b669f4ed9a7c1dac4dcba4c2c40c8910bae20fb961bb7cf5a94912950,T,3,0,6,12160,12159,12659,2,right_hand,1,False,organizer_artifact_flag,12784,13284
S05:T:record03:trial008,S05,A05T.mat,77387d3b669f4ed9a7c1dac4dcba4c2c40c8910bae20fb961bb7cf5a94912950,T,3,0,7,14210,14209,14709,3,feet,0,True,,14834,15334
S05:T:record03:trial009,S05,A05T.mat,77387d3b669f4ed9a7c1dac4dcba4c2c40c8910bae20fb961bb7cf5a94912950,T,3,0,8,16141,16140,16640,2,right_hand,0,True,,16765,17265
S05:T:record03:trial010,S05,A05T.mat,77387d3b669f4ed9a7c1dac4dcba4c2c40c8910bae20fb961bb7cf5a94912950,T,3,0,9,18139,18138,18638,4,tongue,0,True,,18763,19263
S05:T:record03:trial011,S05,A05T.mat,77387d3b669f4ed9a7c1dac4dcba4c2c40c8910bae20fb961bb7cf5a94912950,T,3,0,10,20045,20044,20544,1,left_hand,0,True,,20669,21169
S05:T:record03:trial012,S05,A05T.mat,77387d3b669f4ed9a7c1dac4dcba4c2c40c8910bae20fb961bb7cf5a94912950,T,3,0,11,21940,21939,22439,3,feet,1,False,organizer_artifact_flag,22564,23064
S05:T:record03:trial013,S05,A05T.mat,77387d3b669f4ed9a7c1dac4dcba4c2c40c8910bae20fb961bb7cf5a94912950,T,3,0,12,23912,23911,24411,2,right_hand,0,True,,24536,25036
S05:T:record03:trial014,S05,A05T.mat,77387d3b669f4ed9a7c1dac4dcba4c2c40c8910bae20fb961bb7cf5a94912950,T,3,0,13,25856,25855,26355,1,left_hand,0,True,,26480,26980
S05:T:record03:trial015,S05,A05T.mat,77387d3b669f4ed9a7c1dac4dcba4c2c40c8910bae20fb961bb7cf5a94912950,T,3,0,14,27823,27822,28322,4,tongue,1,False,organizer_artifact_flag,28447,28947
S05:T:record03:trial016,S05,A05T.mat,77387d3b669f4ed9a7c1dac4dcba4c2c40c8910bae20fb961bb7cf5a94912950,T,3,0,15,29943,29942,30442,4,tongue,0,True,,30567,31067
S05:T:record03:trial017,S05,A05T.mat,77387d3b669f4ed9a7c1dac4dcba4c2c40c8910bae20fb961bb7cf5a94912950,T,3,0,16,31951,31950,32450,4,tongue,0,True,,32575,33075
S05:T:record03:trial018,S05,A05T.mat,77387d3b669f4ed9a7c1dac4dcba4c2c40c8910bae20fb961bb7cf5a94912950,T,3,0,17,34017,34016,34516,4,tongue,0,True,,34641,35141
S05:T:record03:trial019,S05,A05T.mat,77387d3b669f4ed9a7c1dac4dcba4c2c40c8910bae20fb961bb7cf5a94912950,T,3,0,18,36053,36052,36552,4,tongue,0,True,,36677,37177
S05:T:record03:trial020,S05,A05T.mat,77387d3b669f4ed9a7c1dac4dcba4c2c40c8910bae20fb961bb7cf5a94912950,T,3,0,19,38119,38118,38618,1,left_hand,0,True,,38743,39243
S05:T:record03:trial021,S05,A05T.mat,77387d3b669f4ed9a7c1dac4dcba4c2c40c8910bae20fb961bb7cf5a94912950,T,3,0,20,40189,40188,40688,3,feet,0,True,,40813,41313
S05:T:record03:trial022,S05,A05T.mat,77387d3b669f4ed9a7c1dac4dcba4c2c40c8910bae20fb961bb7cf5a94912950,T,3,0,21,42269,42268,42768,2,right_hand,0,True,,42893,43393
S05:T:record03:trial023,S05,A05T.mat,77387d3b669f4ed9a7c1dac4dcba4c2c40c8910bae20fb961bb7cf5a94912950,T,3,0,22,44181,44180,44680,1,left_hand,0,True,,44805,45305
S05:T:record03:trial024,S05,A05T.mat,77387d3b669f4ed9a7c1dac4dcba4c2c40c8910bae20fb961bb7cf5a94912950,T,3,0,23,46212,46211,46711,1,left_hand,1,False,organizer_artifact_flag,46836,47336
S05:T:record03:trial025,S05,A05T.mat,77387d3b669f4ed9a7c1dac4dcba4c2c40c8910bae20fb961bb7cf5a94912950,T,3,0,24,48165,48164,48664,3,feet,0,True,,48789,49289
S05:T:record03:trial026,S05,A05T.mat,77387d3b669f4ed9a7c1dac4dcba4c2c40c8910bae20fb961bb7cf5a94912950,T,3,0,25,50126,50125,50625,4,tongue,0,True,,50750,51250
S05:T:record03:trial027,S05,A05T.mat,77387d3b669f4ed9a7c1dac4dcba4c2c40c8910bae20fb961bb7cf5a94912950,T,3,0,26,52230,52229,52729,1,left_hand,0,True,,52854,53354
S05:T:record03:trial028,S05,A05T.mat,77387d3b669f4ed9a7c1dac4dcba4c2c40c8910bae20fb961bb7cf5a94912950,T,3,0,27,54234,54233,54733,3,feet,0,True,,54858,55358
S05:T:record03:trial029,S05,A05T.mat,77387d3b669f4ed9a7c1dac4dcba4c2c40c8910bae20fb961bb7cf5a94912950,T,3,0,28,56209,56208,56708,3,feet,1,False,organizer_artifact_flag,56833,57333
S05:T:record03:trial030,S05,A05T.mat,77387d3b669f4ed9a7c1dac4dcba4c2c40c8910bae20fb961bb7cf5a94912950,T,3,0,29,58235,58234,58734,3,feet,0,True,,58859,59359
S05:T:record03:trial031,S05,A05T.mat,77387d3b669f4ed9a7c1dac4dcba4c2c40c8910bae20fb961bb7cf5a94912950,T,3,0,30,60306,60305,60805,1,left_hand,0,True,,60930,61430
S05:T:record03:trial032,S05,A05T.mat,77387d3b669f4ed9a7c1dac4dcba4c2c40c8910bae20fb961bb7cf5a94912950,T,3,0,31,62413,62412,62912,2,right_hand,0,True,,63037,63537
S05:T:record03:trial033,S05,A05T.mat,77387d3b669f4ed9a7c1dac4dcba4c2c40c8910bae20fb961bb7cf5a94912950,T,3,0,32,64505,64504,65004,1,left_hand,0,True,,65129,65629
S05:T:record03:trial034,S05,A05T.mat,77387d3b669f4ed9a7c1dac4dcba4c2c40c8910bae20fb961bb7cf5a94912950,T,3,0,33,66596,66595,67095,2,right_hand,1,False,organizer_artifact_flag,67220,67720
S05:T:record03:trial035,S05,A05T.mat,77387d3b669f4ed9a7c1dac4dcba4c2c40c8910bae20fb961bb7cf5a94912950,T,3,0,34,68639,68638,69138,2,right_hand,0,True,,69263,69763
S05:T:record03:trial036,S05,A05T.mat,77387d3b669f4ed9a7c1dac4dcba4c2c40c8910bae20fb961bb7cf5a94912950,T,3,0,35,70703,70702,71202,1,left_hand,0,True,,71327,71827
S05:T:record03:trial037,S05,A05T.mat,77387d3b669f4ed9a7c1dac4dcba4c2c40c8910bae20fb961bb7cf5a94912950,T,3,0,36,72723,72722,73222,2,right_hand,0,True,,73347,73847
S05:T:record03:trial038,S05,A05T.mat,77387d3b669f4ed9a7c1dac4dcba4c2c40c8910bae20fb961bb7cf5a94912950,T,3,0,37,74695,74694,75194,3,feet,0,True,,75319,75819
S05:T:record03:trial039,S05,A05T.mat,77387d3b669f4ed9a7c1dac4dcba4c2c40c8910bae20fb961bb7cf5a94912950,T,3,0,38,76658,76657,77157,2,right_hand,0,True,,77282,77782
S05:T:record03:trial040,S05,A05T.mat,77387d3b669f4ed9a7c1dac4dcba4c2c40c8910bae20fb961bb7cf5a94912950,T,3,0,39,78583,78582,79082,3,feet,0,True,,79207,79707
S05:T:record03:trial041,S05,A05T.mat,77387d3b669f4ed9a7c1dac4dcba4c2c40c8910bae20fb961bb7cf5a94912950,T,3,0,40,80664,80663,81163,3,feet,0,True,,81288,81788
S05:T:record03:trial042,S05,A05T.mat,77387d3b669f4ed9a7c1dac4dcba4c2c40c8910bae20fb961bb7cf5a94912950,T,3,0,41,82642,82641,83141,4,tongue,0,True,,83266,83766
S05:T:record03:trial043,S05,A05T.mat,77387d3b669f4ed9a7c1dac4dcba4c2c40c8910bae20fb961bb7cf5a94912950,T,3,0,42,84632,84631,85131,3,feet,0,True,,85256,85756
S05:T:record03:trial044,S05,A05T.mat,77387d3b669f4ed9a7c1dac4dcba4c2c40c8910bae20fb961bb7cf5a94912950,T,3,0,43,86751,86750,87250,3,feet,0,True,,87375,87875
S05:T:record03:trial045,S05,A05T.mat,77387d3b669f4ed9a7c1dac4dcba4c2c40c8910bae20fb961bb7cf5a94912950,T,3,0,44,88657,88656,89156,4,tongue,0,True,,89281,89781
S05:T:record03:trial046,S05,A05T.mat,77387d3b669f4ed9a7c1dac4dcba4c2c40c8910bae20fb961bb7cf5a94912950,T,3,0,45,90585,90584,91084,4,tongue,0,True,,91209,91709
S05:T:record03:trial047,S05,A05T.mat,77387d3b669f4ed9a7c1dac4dcba4c2c40c8910bae20fb961bb7cf5a94912950,T,3,0,46,92699,92698,93198,4,tongue,0,True,,93323,93823
S05:T:record03:trial048,S05,A05T.mat,77387d3b669f4ed9a7c1dac4dcba4c2c40c8910bae20fb961bb7cf5a94912950,T,3,0,47,94758,94757,95257,4,tongue,0,True,,95382,95882
S05:T:record04:trial001,S05,A05T.mat,77387d3b669f4ed9a7c1dac4dcba4c2c40c8910bae20fb961bb7cf5a94912950,T,4,1,0,251,250,750,4,tongue,0,True,,875,1375
S05:T:record04:trial002,S05,A05T.mat,77387d3b669f4ed9a7c1dac4dcba4c2c40c8910bae20fb961bb7cf5a94912950,T,4,1,1,2254,2253,2753,3,feet,0,True,,2878,3378
S05:T:record04:trial003,S05,A05T.mat,77387d3b669f4ed9a7c1dac4dcba4c2c40c8910bae20fb961bb7cf5a94912950,T,4,1,2,4172,4171,4671,2,right_hand,0,True,,4796,5296
S05:T:record04:trial004,S05,A05T.mat,77387d3b669f4ed9a7c1dac4dcba4c2c40c8910bae20fb961bb7cf5a94912950,T,4,1,3,6124,6123,6623,1,left_hand,0,True,,6748,7248
S05:T:record04:trial005,S05,A05T.mat,77387d3b669f4ed9a7c1dac4dcba4c2c40c8910bae20fb961bb7cf5a94912950,T,4,1,4,8132,8131,8631,1,left_hand,0,True,,8756,9256
S05:T:record04:trial006,S05,A05T.mat,77387d3b669f4ed9a7c1dac4dcba4c2c40c8910bae20fb961bb7cf5a94912950,T,4,1,5,10243,10242,10742,2,right_hand,0,True,,10867,11367
S05:T:record04:trial007,S05,A05T.mat,77387d3b669f4ed9a7c1dac4dcba4c2c40c8910bae20fb961bb7cf5a94912950,T,4,1,6,12160,12159,12659,3,feet,0,True,,12784,13284
S05:T:record04:trial008,S05,A05T.mat,77387d3b669f4ed9a7c1dac4dcba4c2c40c8910bae20fb961bb7cf5a94912950,T,4,1,7,14210,14209,14709,4,tongue,0,True,,14834,15334
S05:T:record04:trial009,S05,A05T.mat,77387d3b669f4ed9a7c1dac4dcba4c2c40c8910bae20fb961bb7cf5a94912950,T,4,1,8,16141,16140,16640,2,right_hand,0,True,,16765,17265
S05:T:record04:trial010,S05,A05T.mat,77387d3b669f4ed9a7c1dac4dcba4c2c40c8910bae20fb961bb7cf5a94912950,T,4,1,9,18139,18138,18638,3,feet,1,False,organizer_artifact_flag,18763,19263
S05:T:record04:trial011,S05,A05T.mat,77387d3b669f4ed9a7c1dac4dcba4c2c40c8910bae20fb961bb7cf5a94912950,T,4,1,10,20045,20044,20544,1,left_hand,0,True,,20669,21169
S05:T:record04:trial012,S05,A05T.mat,77387d3b669f4ed9a7c1dac4dcba4c2c40c8910bae20fb961bb7cf5a94912950,T,4,1,11,21940,21939,22439,1,left_hand,0,True,,22564,23064
S05:T:record04:trial013,S05,A05T.mat,77387d3b669f4ed9a7c1dac4dcba4c2c40c8910bae20fb961bb7cf5a94912950,T,4,1,12,23912,23911,24411,1,left_hand,0,True,,24536,25036
S05:T:record04:trial014,S05,A05T.mat,77387d3b669f4ed9a7c1dac4dcba4c2c40c8910bae20fb961bb7cf5a94912950,T,4,1,13,25856,25855,26355,4,tongue,0,True,,26480,26980
S05:T:record04:trial015,S05,A05T.mat,77387d3b669f4ed9a7c1dac4dcba4c2c40c8910bae20fb961bb7cf5a94912950,T,4,1,14,27823,27822,28322,2,right_hand,0,True,,28447,28947
S05:T:record04:trial016,S05,A05T.mat,77387d3b669f4ed9a7c1dac4dcba4c2c40c8910bae20fb961bb7cf5a94912950,T,4,1,15,29943,29942,30442,2,right_hand,0,True,,30567,31067
S05:T:record04:trial017,S05,A05T.mat,77387d3b669f4ed9a7c1dac4dcba4c2c40c8910bae20fb961bb7cf5a94912950,T,4,1,16,31951,31950,32450,1,left_hand,0,True,,32575,33075
S05:T:record04:trial018,S05,A05T.mat,77387d3b669f4ed9a7c1dac4dcba4c2c40c8910bae20fb961bb7cf5a94912950,T,4,1,17,34017,34016,34516,1,left_hand,0,True,,34641,35141
S05:T:record04:trial019,S05,A05T.mat,77387d3b669f4ed9a7c1dac4dcba4c2c40c8910bae20fb961bb7cf5a94912950,T,4,1,18,36053,36052,36552,3,feet,0,True,,36677,37177
S05:T:record04:trial020,S05,A05T.mat,77387d3b669f4ed9a7c1dac4dcba4c2c40c8910bae20fb961bb7cf5a94912950,T,4,1,19,38119,38118,38618,1,left_hand,1,False,organizer_artifact_flag,38743,39243
S05:T:record04:trial021,S05,A05T.mat,77387d3b669f4ed9a7c1dac4dcba4c2c40c8910bae20fb961bb7cf5a94912950,T,4,1,20,40189,40188,40688,2,right_hand,0,True,,40813,41313
S05:T:record04:trial022,S05,A05T.mat,77387d3b669f4ed9a7c1dac4dcba4c2c40c8910bae20fb961bb7cf5a94912950,T,4,1,21,42269,42268,42768,4,tongue,0,True,,42893,43393
S05:T:record04:trial023,S05,A05T.mat,77387d3b669f4ed9a7c1dac4dcba4c2c40c8910bae20fb961bb7cf5a94912950,T,4,1,22,44181,44180,44680,4,tongue,0,True,,44805,45305
S05:T:record04:trial024,S05,A05T.mat,77387d3b669f4ed9a7c1dac4dcba4c2c40c8910bae20fb961bb7cf5a94912950,T,4,1,23,46212,46211,46711,3,feet,0,True,,46836,47336
S05:T:record04:trial025,S05,A05T.mat,77387d3b669f4ed9a7c1dac4dcba4c2c40c8910bae20fb961bb7cf5a94912950,T,4,1,24,48165,48164,48664,1,left_hand,0,True,,48789,49289
S05:T:record04:trial026,S05,A05T.mat,77387d3b669f4ed9a7c1dac4dcba4c2c40c8910bae20fb961bb7cf5a94912950,T,4,1,25,50126,50125,50625,4,tongue,0,True,,50750,51250
S05:T:record04:trial027,S05,A05T.mat,77387d3b669f4ed9a7c1dac4dcba4c2c40c8910bae20fb961bb7cf5a94912950,T,4,1,26,52230,52229,52729,4,tongue,0,True,,52854,53354
S05:T:record04:trial028,S05,A05T.mat,77387d3b669f4ed9a7c1dac4dcba4c2c40c8910bae20fb961bb7cf5a94912950,T,4,1,27,54234,54233,54733,2,right_hand,0,True,,54858,55358
S05:T:record04:trial029,S05,A05T.mat,77387d3b669f4ed9a7c1dac4dcba4c2c40c8910bae20fb961bb7cf5a94912950,T,4,1,28,56209,56208,56708,4,tongue,0,True,,56833,57333
S05:T:record04:trial030,S05,A05T.mat,77387d3b669f4ed9a7c1dac4dcba4c2c40c8910bae20fb961bb7cf5a94912950,T,4,1,29,58235,58234,58734,4,tongue,0,True,,58859,59359
S05:T:record04:trial031,S05,A05T.mat,77387d3b669f4ed9a7c1dac4dcba4c2c40c8910bae20fb961bb7cf5a94912950,T,4,1,30,60306,60305,60805,2,right_hand,0,True,,60930,61430
S05:T:record04:trial032,S05,A05T.mat,77387d3b669f4ed9a7c1dac4dcba4c2c40c8910bae20fb961bb7cf5a94912950,T,4,1,31,62413,62412,62912,1,left_hand,0,True,,63037,63537
S05:T:record04:trial033,S05,A05T.mat,77387d3b669f4ed9a7c1dac4dcba4c2c40c8910bae20fb961bb7cf5a94912950,T,4,1,32,64505,64504,65004,2,right_hand,0,True,,65129,65629
S05:T:record04:trial034,S05,A05T.mat,77387d3b669f4ed9a7c1dac4dcba4c2c40c8910bae20fb961bb7cf5a94912950,T,4,1,33,66596,66595,67095,3,feet,0,True,,67220,67720
S05:T:record04:trial035,S05,A05T.mat,77387d3b669f4ed9a7c1dac4dcba4c2c40c8910bae20fb961bb7cf5a94912950,T,4,1,34,68639,68638,69138,3,feet,0,True,,69263,69763
S05:T:record04:trial036,S05,A05T.mat,77387d3b669f4ed9a7c1dac4dcba4c2c40c8910bae20fb961bb7cf5a94912950,T,4,1,35,70703,70702,71202,3,feet,0,True,,71327,71827
S05:T:record04:trial037,S05,A05T.mat,77387d3b669f4ed9a7c1dac4dcba4c2c40c8910bae20fb961bb7cf5a94912950,T,4,1,36,72723,72722,73222,4,tongue,0,True,,73347,73847
S05:T:record04:trial038,S05,A05T.mat,77387d3b669f4ed9a7c1dac4dcba4c2c40c8910bae20fb961bb7cf5a94912950,T,4,1,37,74695,74694,75194,3,feet,0,True,,75319,75819
S05:T:record04:trial039,S05,A05T.mat,77387d3b669f4ed9a7c1dac4dcba4c2c40c8910bae20fb961bb7cf5a94912950,T,4,1,38,76658,76657,77157,1,left_hand,0,True,,77282,77782
S05:T:record04:trial040,S05,A05T.mat,77387d3b669f4ed9a7c1dac4dcba4c2c40c8910bae20fb961bb7cf5a94912950,T,4,1,39,78583,78582,79082,4,tongue,0,True,,79207,79707
S05:T:record04:trial041,S05,A05T.mat,77387d3b669f4ed9a7c1dac4dcba4c2c40c8910bae20fb961bb7cf5a94912950,T,4,1,40,80664,80663,81163,2,right_hand,0,True,,81288,81788
S05:T:record04:trial042,S05,A05T.mat,77387d3b669f4ed9a7c1dac4dcba4c2c40c8910bae20fb961bb7cf5a94912950,T,4,1,41,82642,82641,83141,3,feet,0,True,,83266,83766
S05:T:record04:trial043,S05,A05T.mat,77387d3b669f4ed9a7c1dac4dcba4c2c40c8910bae20fb961bb7cf5a94912950,T,4,1,42,84632,84631,85131,2,right_hand,0,True,,85256,85756
S05:T:record04:trial044,S05,A05T.mat,77387d3b669f4ed9a7c1dac4dcba4c2c40c8910bae20fb961bb7cf5a94912950,T,4,1,43,86751,86750,87250,3,feet,0,True,,87375,87875
S05:T:record04:trial045,S05,A05T.mat,77387d3b669f4ed9a7c1dac4dcba4c2c40c8910bae20fb961bb7cf5a94912950,T,4,1,44,88657,88656,89156,4,tongue,0,True,,89281,89781
S05:T:record04:trial046,S05,A05T.mat,77387d3b669f4ed9a7c1dac4dcba4c2c40c8910bae20fb961bb7cf5a94912950,T,4,1,45,90585,90584,91084,2,right_hand,0,True,,91209,91709
S05:T:record04:trial047,S05,A05T.mat,77387d3b669f4ed9a7c1dac4dcba4c2c40c8910bae20fb961bb7cf5a94912950,T,4,1,46,92699,92698,93198,3,feet,0,True,,93323,93823
S05:T:record04:trial048,S05,A05T.mat,77387d3b669f4ed9a7c1dac4dcba4c2c40c8910bae20fb961bb7cf5a94912950,T,4,1,47,94758,94757,95257,1,left_hand,0,True,,95382,95882
S05:T:record05:trial001,S05,A05T.mat,77387d3b669f4ed9a7c1dac4dcba4c2c40c8910bae20fb961bb7cf5a94912950,T,5,2,0,251,250,750,1,left_hand,0,True,,875,1375
S05:T:record05:trial002,S05,A05T.mat,77387d3b669f4ed9a7c1dac4dcba4c2c40c8910bae20fb961bb7cf5a94912950,T,5,2,1,2254,2253,2753,1,left_hand,0,True,,2878,3378
S05:T:record05:trial003,S05,A05T.mat,77387d3b669f4ed9a7c1dac4dcba4c2c40c8910bae20fb961bb7cf5a94912950,T,5,2,2,4172,4171,4671,4,tongue,0,True,,4796,5296
S05:T:record05:trial004,S05,A05T.mat,77387d3b669f4ed9a7c1dac4dcba4c2c40c8910bae20fb961bb7cf5a94912950,T,5,2,3,6124,6123,6623,2,right_hand,0,True,,6748,7248
S05:T:record05:trial005,S05,A05T.mat,77387d3b669f4ed9a7c1dac4dcba4c2c40c8910bae20fb961bb7cf5a94912950,T,5,2,4,8132,8131,8631,1,left_hand,0,True,,8756,9256
S05:T:record05:trial006,S05,A05T.mat,77387d3b669f4ed9a7c1dac4dcba4c2c40c8910bae20fb961bb7cf5a94912950,T,5,2,5,10243,10242,10742,3,feet,0,True,,10867,11367
S05:T:record05:trial007,S05,A05T.mat,77387d3b669f4ed9a7c1dac4dcba4c2c40c8910bae20fb961bb7cf5a94912950,T,5,2,6,12160,12159,12659,1,left_hand,0,True,,12784,13284
S05:T:record05:trial008,S05,A05T.mat,77387d3b669f4ed9a7c1dac4dcba4c2c40c8910bae20fb961bb7cf5a94912950,T,5,2,7,14210,14209,14709,3,feet,0,True,,14834,15334
S05:T:record05:trial009,S05,A05T.mat,77387d3b669f4ed9a7c1dac4dcba4c2c40c8910bae20fb961bb7cf5a94912950,T,5,2,8,16141,16140,16640,2,right_hand,0,True,,16765,17265
S05:T:record05:trial010,S05,A05T.mat,77387d3b669f4ed9a7c1dac4dcba4c2c40c8910bae20fb961bb7cf5a94912950,T,5,2,9,18139,18138,18638,4,tongue,0,True,,18763,19263
S05:T:record05:trial011,S05,A05T.mat,77387d3b669f4ed9a7c1dac4dcba4c2c40c8910bae20fb961bb7cf5a94912950,T,5,2,10,20045,20044,20544,1,left_hand,0,True,,20669,21169
S05:T:record05:trial012,S05,A05T.mat,77387d3b669f4ed9a7c1dac4dcba4c2c40c8910bae20fb961bb7cf5a94912950,T,5,2,11,21940,21939,22439,3,feet,0,True,,22564,23064
S05:T:record05:trial013,S05,A05T.mat,77387d3b669f4ed9a7c1dac4dcba4c2c40c8910bae20fb961bb7cf5a94912950,T,5,2,12,23912,23911,24411,3,feet,0,True,,24536,25036
S05:T:record05:trial014,S05,A05T.mat,77387d3b669f4ed9a7c1dac4dcba4c2c40c8910bae20fb961bb7cf5a94912950,T,5,2,13,25856,25855,26355,1,left_hand,0,True,,26480,26980
S05:T:record05:trial015,S05,A05T.mat,77387d3b669f4ed9a7c1dac4dcba4c2c40c8910bae20fb961bb7cf5a94912950,T,5,2,14,27823,27822,28322,3,feet,0,True,,28447,28947
S05:T:record05:trial016,S05,A05T.mat,77387d3b669f4ed9a7c1dac4dcba4c2c40c8910bae20fb961bb7cf5a94912950,T,5,2,15,29943,29942,30442,2,right_hand,0,True,,30567,31067
S05:T:record05:trial017,S05,A05T.mat,77387d3b669f4ed9a7c1dac4dcba4c2c40c8910bae20fb961bb7cf5a94912950,T,5,2,16,31951,31950,32450,4,tongue,0,True,,32575,33075
S05:T:record05:trial018,S05,A05T.mat,77387d3b669f4ed9a7c1dac4dcba4c2c40c8910bae20fb961bb7cf5a94912950,T,5,2,17,34017,34016,34516,4,tongue,0,True,,34641,35141
S05:T:record05:trial019,S05,A05T.mat,77387d3b669f4ed9a7c1dac4dcba4c2c40c8910bae20fb961bb7cf5a94912950,T,5,2,18,36053,36052,36552,4,tongue,0,True,,36677,37177
S05:T:record05:trial020,S05,A05T.mat,77387d3b669f4ed9a7c1dac4dcba4c2c40c8910bae20fb961bb7cf5a94912950,T,5,2,19,38119,38118,38618,3,feet,0,True,,38743,39243
S05:T:record05:trial021,S05,A05T.mat,77387d3b669f4ed9a7c1dac4dcba4c2c40c8910bae20fb961bb7cf5a94912950,T,5,2,20,40189,40188,40688,1,left_hand,0,True,,40813,41313
S05:T:record05:trial022,S05,A05T.mat,77387d3b669f4ed9a7c1dac4dcba4c2c40c8910bae20fb961bb7cf5a94912950,T,5,2,21,42269,42268,42768,4,tongue,0,True,,42893,43393
S05:T:record05:trial023,S05,A05T.mat,77387d3b669f4ed9a7c1dac4dcba4c2c40c8910bae20fb961bb7cf5a94912950,T,5,2,22,44181,44180,44680,2,right_hand,0,True,,44805,45305
S05:T:record05:trial024,S05,A05T.mat,77387d3b669f4ed9a7c1dac4dcba4c2c40c8910bae20fb961bb7cf5a94912950,T,5,2,23,46212,46211,46711,4,tongue,0,True,,46836,47336
S05:T:record05:trial025,S05,A05T.mat,77387d3b669f4ed9a7c1dac4dcba4c2c40c8910bae20fb961bb7cf5a94912950,T,5,2,24,48165,48164,48664,2,right_hand,0,True,,48789,49289
S05:T:record05:trial026,S05,A05T.mat,77387d3b669f4ed9a7c1dac4dcba4c2c40c8910bae20fb961bb7cf5a94912950,T,5,2,25,50126,50125,50625,1,left_hand,0,True,,50750,51250
S05:T:record05:trial027,S05,A05T.mat,77387d3b669f4ed9a7c1dac4dcba4c2c40c8910bae20fb961bb7cf5a94912950,T,5,2,26,52230,52229,52729,3,feet,0,True,,52854,53354
S05:T:record05:trial028,S05,A05T.mat,77387d3b669f4ed9a7c1dac4dcba4c2c40c8910bae20fb961bb7cf5a94912950,T,5,2,27,54234,54233,54733,2,right_hand,0,True,,54858,55358
S05:T:record05:trial029,S05,A05T.mat,77387d3b669f4ed9a7c1dac4dcba4c2c40c8910bae20fb961bb7cf5a94912950,T,5,2,28,56209,56208,56708,1,left_hand,0,True,,56833,57333
S05:T:record05:trial030,S05,A05T.mat,77387d3b669f4ed9a7c1dac4dcba4c2c40c8910bae20fb961bb7cf5a94912950,T,5,2,29,58235,58234,58734,3,feet,0,True,,58859,59359
S05:T:record05:trial031,S05,A05T.mat,77387d3b669f4ed9a7c1dac4dcba4c2c40c8910bae20fb961bb7cf5a94912950,T,5,2,30,60306,60305,60805,3,feet,0,True,,60930,61430
S05:T:record05:trial032,S05,A05T.mat,77387d3b669f4ed9a7c1dac4dcba4c2c40c8910bae20fb961bb7cf5a94912950,T,5,2,31,62413,62412,62912,1,left_hand,0,True,,63037,63537
S05:T:record05:trial033,S05,A05T.mat,77387d3b669f4ed9a7c1dac4dcba4c2c40c8910bae20fb961bb7cf5a94912950,T,5,2,32,64505,64504,65004,3,feet,0,True,,65129,65629
S05:T:record05:trial034,S05,A05T.mat,77387d3b669f4ed9a7c1dac4dcba4c2c40c8910bae20fb961bb7cf5a94912950,T,5,2,33,66596,66595,67095,4,tongue,0,True,,67220,67720
S05:T:record05:trial035,S05,A05T.mat,77387d3b669f4ed9a7c1dac4dcba4c2c40c8910bae20fb961bb7cf5a94912950,T,5,2,34,68639,68638,69138,4,tongue,0,True,,69263,69763
S05:T:record05:trial036,S05,A05T.mat,77387d3b669f4ed9a7c1dac4dcba4c2c40c8910bae20fb961bb7cf5a94912950,T,5,2,35,70703,70702,71202,2,right_hand,0,True,,71327,71827
S05:T:record05:trial037,S05,A05T.mat,77387d3b669f4ed9a7c1dac4dcba4c2c40c8910bae20fb961bb7cf5a94912950,T,5,2,36,72723,72722,73222,1,left_hand,0,True,,73347,73847
S05:T:record05:trial038,S05,A05T.mat,77387d3b669f4ed9a7c1dac4dcba4c2c40c8910bae20fb961bb7cf5a94912950,T,5,2,37,74695,74694,75194,2,right_hand,0,True,,75319,75819
S05:T:record05:trial039,S05,A05T.mat,77387d3b669f4ed9a7c1dac4dcba4c2c40c8910bae20fb961bb7cf5a94912950,T,5,2,38,76658,76657,77157,4,tongue,0,True,,77282,77782
S05:T:record05:trial040,S05,A05T.mat,77387d3b669f4ed9a7c1dac4dcba4c2c40c8910bae20fb961bb7cf5a94912950,T,5,2,39,78583,78582,79082,2,right_hand,1,False,organizer_artifact_flag,79207,79707
S05:T:record05:trial041,S05,A05T.mat,77387d3b669f4ed9a7c1dac4dcba4c2c40c8910bae20fb961bb7cf5a94912950,T,5,2,40,80664,80663,81163,4,tongue,0,True,,81288,81788
S05:T:record05:trial042,S05,A05T.mat,77387d3b669f4ed9a7c1dac4dcba4c2c40c8910bae20fb961bb7cf5a94912950,T,5,2,41,82642,82641,83141,3,feet,0,True,,83266,83766
S05:T:record05:trial043,S05,A05T.mat,77387d3b669f4ed9a7c1dac4dcba4c2c40c8910bae20fb961bb7cf5a94912950,T,5,2,42,84632,84631,85131,2,right_hand,0,True,,85256,85756
S05:T:record05:trial044,S05,A05T.mat,77387d3b669f4ed9a7c1dac4dcba4c2c40c8910bae20fb961bb7cf5a94912950,T,5,2,43,86751,86750,87250,2,right_hand,0,True,,87375,87875
S05:T:record05:trial045,S05,A05T.mat,77387d3b669f4ed9a7c1dac4dcba4c2c40c8910bae20fb961bb7cf5a94912950,T,5,2,44,88657,88656,89156,2,right_hand,0,True,,89281,89781
S05:T:record05:trial046,S05,A05T.mat,77387d3b669f4ed9a7c1dac4dcba4c2c40c8910bae20fb961bb7cf5a94912950,T,5,2,45,90585,90584,91084,3,feet,0,True,,91209,91709
S05:T:record05:trial047,S05,A05T.mat,77387d3b669f4ed9a7c1dac4dcba4c2c40c8910bae20fb961bb7cf5a94912950,T,5,2,46,92699,92698,93198,4,tongue,0,True,,93323,93823
S05:T:record05:trial048,S05,A05T.mat,77387d3b669f4ed9a7c1dac4dcba4c2c40c8910bae20fb961bb7cf5a94912950,T,5,2,47,94758,94757,95257,1,left_hand,1,False,organizer_artifact_flag,95382,95882
S05:T:record06:trial001,S05,A05T.mat,77387d3b669f4ed9a7c1dac4dcba4c2c40c8910bae20fb961bb7cf5a94912950,T,6,3,0,251,250,750,2,right_hand,1,False,organizer_artifact_flag,875,1375
S05:T:record06:trial002,S05,A05T.mat,77387d3b669f4ed9a7c1dac4dcba4c2c40c8910bae20fb961bb7cf5a94912950,T,6,3,1,2254,2253,2753,4,tongue,1,False,organizer_artifact_flag,2878,3378
S05:T:record06:trial003,S05,A05T.mat,77387d3b669f4ed9a7c1dac4dcba4c2c40c8910bae20fb961bb7cf5a94912950,T,6,3,2,4172,4171,4671,1,left_hand,1,False,organizer_artifact_flag,4796,5296
S05:T:record06:trial004,S05,A05T.mat,77387d3b669f4ed9a7c1dac4dcba4c2c40c8910bae20fb961bb7cf5a94912950,T,6,3,3,6124,6123,6623,3,feet,0,True,,6748,7248
S05:T:record06:trial005,S05,A05T.mat,77387d3b669f4ed9a7c1dac4dcba4c2c40c8910bae20fb961bb7cf5a94912950,T,6,3,4,8132,8131,8631,3,feet,0,True,,8756,9256
S05:T:record06:trial006,S05,A05T.mat,77387d3b669f4ed9a7c1dac4dcba4c2c40c8910bae20fb961bb7cf5a94912950,T,6,3,5,10243,10242,10742,4,tongue,0,True,,10867,11367
S05:T:record06:trial007,S05,A05T.mat,77387d3b669f4ed9a7c1dac4dcba4c2c40c8910bae20fb961bb7cf5a94912950,T,6,3,6,12160,12159,12659,1,left_hand,0,True,,12784,13284
S05:T:record06:trial008,S05,A05T.mat,77387d3b669f4ed9a7c1dac4dcba4c2c40c8910bae20fb961bb7cf5a94912950,T,6,3,7,14210,14209,14709,1,left_hand,0,True,,14834,15334
S05:T:record06:trial009,S05,A05T.mat,77387d3b669f4ed9a7c1dac4dcba4c2c40c8910bae20fb961bb7cf5a94912950,T,6,3,8,16141,16140,16640,3,feet,0,True,,16765,17265
S05:T:record06:trial010,S05,A05T.mat,77387d3b669f4ed9a7c1dac4dcba4c2c40c8910bae20fb961bb7cf5a94912950,T,6,3,9,18139,18138,18638,2,right_hand,0,True,,18763,19263
S05:T:record06:trial011,S05,A05T.mat,77387d3b669f4ed9a7c1dac4dcba4c2c40c8910bae20fb961bb7cf5a94912950,T,6,3,10,20045,20044,20544,4,tongue,0,True,,20669,21169
S05:T:record06:trial012,S05,A05T.mat,77387d3b669f4ed9a7c1dac4dcba4c2c40c8910bae20fb961bb7cf5a94912950,T,6,3,11,21940,21939,22439,4,tongue,0,True,,22564,23064
S05:T:record06:trial013,S05,A05T.mat,77387d3b669f4ed9a7c1dac4dcba4c2c40c8910bae20fb961bb7cf5a94912950,T,6,3,12,23912,23911,24411,4,tongue,0,True,,24536,25036
S05:T:record06:trial014,S05,A05T.mat,77387d3b669f4ed9a7c1dac4dcba4c2c40c8910bae20fb961bb7cf5a94912950,T,6,3,13,25856,25855,26355,2,right_hand,0,True,,26480,26980
S05:T:record06:trial015,S05,A05T.mat,77387d3b669f4ed9a7c1dac4dcba4c2c40c8910bae20fb961bb7cf5a94912950,T,6,3,14,27823,27822,28322,1,left_hand,0,True,,28447,28947
S05:T:record06:trial016,S05,A05T.mat,77387d3b669f4ed9a7c1dac4dcba4c2c40c8910bae20fb961bb7cf5a94912950,T,6,3,15,29943,29942,30442,3,feet,0,True,,30567,31067
S05:T:record06:trial017,S05,A05T.mat,77387d3b669f4ed9a7c1dac4dcba4c2c40c8910bae20fb961bb7cf5a94912950,T,6,3,16,31951,31950,32450,2,right_hand,0,True,,32575,33075
S05:T:record06:trial018,S05,A05T.mat,77387d3b669f4ed9a7c1dac4dcba4c2c40c8910bae20fb961bb7cf5a94912950,T,6,3,17,34017,34016,34516,4,tongue,1,False,organizer_artifact_flag,34641,35141
S05:T:record06:trial019,S05,A05T.mat,77387d3b669f4ed9a7c1dac4dcba4c2c40c8910bae20fb961bb7cf5a94912950,T,6,3,18,36053,36052,36552,1,left_hand,0,True,,36677,37177
S05:T:record06:trial020,S05,A05T.mat,77387d3b669f4ed9a7c1dac4dcba4c2c40c8910bae20fb961bb7cf5a94912950,T,6,3,19,38119,38118,38618,4,tongue,1,False,organizer_artifact_flag,38743,39243
S05:T:record06:trial021,S05,A05T.mat,77387d3b669f4ed9a7c1dac4dcba4c2c40c8910bae20fb961bb7cf5a94912950,T,6,3,20,40189,40188,40688,3,feet,0,True,,40813,41313
S05:T:record06:trial022,S05,A05T.mat,77387d3b669f4ed9a7c1dac4dcba4c2c40c8910bae20fb961bb7cf5a94912950,T,6,3,21,42269,42268,42768,2,right_hand,0,True,,42893,43393
S05:T:record06:trial023,S05,A05T.mat,77387d3b669f4ed9a7c1dac4dcba4c2c40c8910bae20fb961bb7cf5a94912950,T,6,3,22,44181,44180,44680,4,tongue,0,True,,44805,45305
S05:T:record06:trial024,S05,A05T.mat,77387d3b669f4ed9a7c1dac4dcba4c2c40c8910bae20fb961bb7cf5a94912950,T,6,3,23,46212,46211,46711,4,tongue,0,True,,46836,47336
S05:T:record06:trial025,S05,A05T.mat,77387d3b669f4ed9a7c1dac4dcba4c2c40c8910bae20fb961bb7cf5a94912950,T,6,3,24,48165,48164,48664,1,left_hand,0,True,,48789,49289
S05:T:record06:trial026,S05,A05T.mat,77387d3b669f4ed9a7c1dac4dcba4c2c40c8910bae20fb961bb7cf5a94912950,T,6,3,25,50126,50125,50625,2,right_hand,0,True,,50750,51250
S05:T:record06:trial027,S05,A05T.mat,77387d3b669f4ed9a7c1dac4dcba4c2c40c8910bae20fb961bb7cf5a94912950,T,6,3,26,52230,52229,52729,2,right_hand,0,True,,52854,53354
S05:T:record06:trial028,S05,A05T.mat,77387d3b669f4ed9a7c1dac4dcba4c2c40c8910bae20fb961bb7cf5a94912950,T,6,3,27,54234,54233,54733,3,feet,0,True,,54858,55358
S05:T:record06:trial029,S05,A05T.mat,77387d3b669f4ed9a7c1dac4dcba4c2c40c8910bae20fb961bb7cf5a94912950,T,6,3,28,56209,56208,56708,4,tongue,0,True,,56833,57333
S05:T:record06:trial030,S05,A05T.mat,77387d3b669f4ed9a7c1dac4dcba4c2c40c8910bae20fb961bb7cf5a94912950,T,6,3,29,58235,58234,58734,2,right_hand,1,False,organizer_artifact_flag,58859,59359
S05:T:record06:trial031,S05,A05T.mat,77387d3b669f4ed9a7c1dac4dcba4c2c40c8910bae20fb961bb7cf5a94912950,T,6,3,30,60306,60305,60805,1,left_hand,1,False,organizer_artifact_flag,60930,61430
S05:T:record06:trial032,S05,A05T.mat,77387d3b669f4ed9a7c1dac4dcba4c2c40c8910bae20fb961bb7cf5a94912950,T,6,3,31,62413,62412,62912,1,left_hand,0,True,,63037,63537
S05:T:record06:trial033,S05,A05T.mat,77387d3b669f4ed9a7c1dac4dcba4c2c40c8910bae20fb961bb7cf5a94912950,T,6,3,32,64505,64504,65004,4,tongue,0,True,,65129,65629
S05:T:record06:trial034,S05,A05T.mat,77387d3b669f4ed9a7c1dac4dcba4c2c40c8910bae20fb961bb7cf5a94912950,T,6,3,33,66596,66595,67095,2,right_hand,0,True,,67220,67720
S05:T:record06:trial035,S05,A05T.mat,77387d3b669f4ed9a7c1dac4dcba4c2c40c8910bae20fb961bb7cf5a94912950,T,6,3,34,68639,68638,69138,1,left_hand,0,True,,69263,69763
S05:T:record06:trial036,S05,A05T.mat,77387d3b669f4ed9a7c1dac4dcba4c2c40c8910bae20fb961bb7cf5a94912950,T,6,3,35,70703,70702,71202,3,feet,0,True,,71327,71827
S05:T:record06:trial037,S05,A05T.mat,77387d3b669f4ed9a7c1dac4dcba4c2c40c8910bae20fb961bb7cf5a94912950,T,6,3,36,72723,72722,73222,2,right_hand,0,True,,73347,73847
S05:T:record06:trial038,S05,A05T.mat,77387d3b669f4ed9a7c1dac4dcba4c2c40c8910bae20fb961bb7cf5a94912950,T,6,3,37,74695,74694,75194,2,right_hand,0,True,,75319,75819
S05:T:record06:trial039,S05,A05T.mat,77387d3b669f4ed9a7c1dac4dcba4c2c40c8910bae20fb961bb7cf5a94912950,T,6,3,38,76658,76657,77157,3,feet,0,True,,77282,77782
S05:T:record06:trial040,S05,A05T.mat,77387d3b669f4ed9a7c1dac4dcba4c2c40c8910bae20fb961bb7cf5a94912950,T,6,3,39,78583,78582,79082,1,left_hand,0,True,,79207,79707
S05:T:record06:trial041,S05,A05T.mat,77387d3b669f4ed9a7c1dac4dcba4c2c40c8910bae20fb961bb7cf5a94912950,T,6,3,40,80664,80663,81163,4,tongue,0,True,,81288,81788
S05:T:record06:trial042,S05,A05T.mat,77387d3b669f4ed9a7c1dac4dcba4c2c40c8910bae20fb961bb7cf5a94912950,T,6,3,41,82642,82641,83141,3,feet,0,True,,83266,83766
S05:T:record06:trial043,S05,A05T.mat,77387d3b669f4ed9a7c1dac4dcba4c2c40c8910bae20fb961bb7cf5a94912950,T,6,3,42,84632,84631,85131,3,feet,0,True,,85256,85756
S05:T:record06:trial044,S05,A05T.mat,77387d3b669f4ed9a7c1dac4dcba4c2c40c8910bae20fb961bb7cf5a94912950,T,6,3,43,86751,86750,87250,3,feet,0,True,,87375,87875
S05:T:record06:trial045,S05,A05T.mat,77387d3b669f4ed9a7c1dac4dcba4c2c40c8910bae20fb961bb7cf5a94912950,T,6,3,44,88657,88656,89156,3,feet,0,True,,89281,89781
S05:T:record06:trial046,S05,A05T.mat,77387d3b669f4ed9a7c1dac4dcba4c2c40c8910bae20fb961bb7cf5a94912950,T,6,3,45,90585,90584,91084,1,left_hand,0,True,,91209,91709
S05:T:record06:trial047,S05,A05T.mat,77387d3b669f4ed9a7c1dac4dcba4c2c40c8910bae20fb961bb7cf5a94912950,T,6,3,46,92699,92698,93198,2,right_hand,0,True,,93323,93823
S05:T:record06:trial048,S05,A05T.mat,77387d3b669f4ed9a7c1dac4dcba4c2c40c8910bae20fb961bb7cf5a94912950,T,6,3,47,94758,94757,95257,1,left_hand,0,True,,95382,95882
S05:T:record07:trial001,S05,A05T.mat,77387d3b669f4ed9a7c1dac4dcba4c2c40c8910bae20fb961bb7cf5a94912950,T,7,4,0,251,250,750,2,right_hand,1,False,organizer_artifact_flag,875,1375
S05:T:record07:trial002,S05,A05T.mat,77387d3b669f4ed9a7c1dac4dcba4c2c40c8910bae20fb961bb7cf5a94912950,T,7,4,1,2254,2253,2753,1,left_hand,1,False,organizer_artifact_flag,2878,3378
S05:T:record07:trial003,S05,A05T.mat,77387d3b669f4ed9a7c1dac4dcba4c2c40c8910bae20fb961bb7cf5a94912950,T,7,4,2,4172,4171,4671,1,left_hand,1,False,organizer_artifact_flag,4796,5296
S05:T:record07:trial004,S05,A05T.mat,77387d3b669f4ed9a7c1dac4dcba4c2c40c8910bae20fb961bb7cf5a94912950,T,7,4,3,6124,6123,6623,3,feet,0,True,,6748,7248
S05:T:record07:trial005,S05,A05T.mat,77387d3b669f4ed9a7c1dac4dcba4c2c40c8910bae20fb961bb7cf5a94912950,T,7,4,4,8132,8131,8631,3,feet,0,True,,8756,9256
S05:T:record07:trial006,S05,A05T.mat,77387d3b669f4ed9a7c1dac4dcba4c2c40c8910bae20fb961bb7cf5a94912950,T,7,4,5,10243,10242,10742,2,right_hand,0,True,,10867,11367
S05:T:record07:trial007,S05,A05T.mat,77387d3b669f4ed9a7c1dac4dcba4c2c40c8910bae20fb961bb7cf5a94912950,T,7,4,6,12160,12159,12659,3,feet,0,True,,12784,13284
S05:T:record07:trial008,S05,A05T.mat,77387d3b669f4ed9a7c1dac4dcba4c2c40c8910bae20fb961bb7cf5a94912950,T,7,4,7,14210,14209,14709,4,tongue,0,True,,14834,15334
S05:T:record07:trial009,S05,A05T.mat,77387d3b669f4ed9a7c1dac4dcba4c2c40c8910bae20fb961bb7cf5a94912950,T,7,4,8,16141,16140,16640,1,left_hand,0,True,,16765,17265
S05:T:record07:trial010,S05,A05T.mat,77387d3b669f4ed9a7c1dac4dcba4c2c40c8910bae20fb961bb7cf5a94912950,T,7,4,9,18139,18138,18638,4,tongue,0,True,,18763,19263
S05:T:record07:trial011,S05,A05T.mat,77387d3b669f4ed9a7c1dac4dcba4c2c40c8910bae20fb961bb7cf5a94912950,T,7,4,10,20045,20044,20544,1,left_hand,1,False,organizer_artifact_flag,20669,21169
S05:T:record07:trial012,S05,A05T.mat,77387d3b669f4ed9a7c1dac4dcba4c2c40c8910bae20fb961bb7cf5a94912950,T,7,4,11,21940,21939,22439,1,left_hand,0,True,,22564,23064
S05:T:record07:trial013,S05,A05T.mat,77387d3b669f4ed9a7c1dac4dcba4c2c40c8910bae20fb961bb7cf5a94912950,T,7,4,12,23912,23911,24411,2,right_hand,0,True,,24536,25036
S05:T:record07:trial014,S05,A05T.mat,77387d3b669f4ed9a7c1dac4dcba4c2c40c8910bae20fb961bb7cf5a94912950,T,7,4,13,25856,25855,26355,4,tongue,0,True,,26480,26980
S05:T:record07:trial015,S05,A05T.mat,77387d3b669f4ed9a7c1dac4dcba4c2c40c8910bae20fb961bb7cf5a94912950,T,7,4,14,27823,27822,28322,3,feet,0,True,,28447,28947
S05:T:record07:trial016,S05,A05T.mat,77387d3b669f4ed9a7c1dac4dcba4c2c40c8910bae20fb961bb7cf5a94912950,T,7,4,15,29943,29942,30442,2,right_hand,0,True,,30567,31067
S05:T:record07:trial017,S05,A05T.mat,77387d3b669f4ed9a7c1dac4dcba4c2c40c8910bae20fb961bb7cf5a94912950,T,7,4,16,31951,31950,32450,4,tongue,0,True,,32575,33075
S05:T:record07:trial018,S05,A05T.mat,77387d3b669f4ed9a7c1dac4dcba4c2c40c8910bae20fb961bb7cf5a94912950,T,7,4,17,34017,34016,34516,3,feet,0,True,,34641,35141
S05:T:record07:trial019,S05,A05T.mat,77387d3b669f4ed9a7c1dac4dcba4c2c40c8910bae20fb961bb7cf5a94912950,T,7,4,18,36053,36052,36552,4,tongue,0,True,,36677,37177
S05:T:record07:trial020,S05,A05T.mat,77387d3b669f4ed9a7c1dac4dcba4c2c40c8910bae20fb961bb7cf5a94912950,T,7,4,19,38119,38118,38618,3,feet,0,True,,38743,39243
S05:T:record07:trial021,S05,A05T.mat,77387d3b669f4ed9a7c1dac4dcba4c2c40c8910bae20fb961bb7cf5a94912950,T,7,4,20,40189,40188,40688,4,tongue,0,True,,40813,41313
S05:T:record07:trial022,S05,A05T.mat,77387d3b669f4ed9a7c1dac4dcba4c2c40c8910bae20fb961bb7cf5a94912950,T,7,4,21,42269,42268,42768,2,right_hand,0,True,,42893,43393
S05:T:record07:trial023,S05,A05T.mat,77387d3b669f4ed9a7c1dac4dcba4c2c40c8910bae20fb961bb7cf5a94912950,T,7,4,22,44181,44180,44680,2,right_hand,0,True,,44805,45305
S05:T:record07:trial024,S05,A05T.mat,77387d3b669f4ed9a7c1dac4dcba4c2c40c8910bae20fb961bb7cf5a94912950,T,7,4,23,46212,46211,46711,4,tongue,0,True,,46836,47336
S05:T:record07:trial025,S05,A05T.mat,77387d3b669f4ed9a7c1dac4dcba4c2c40c8910bae20fb961bb7cf5a94912950,T,7,4,24,48165,48164,48664,1,left_hand,0,True,,48789,49289
S05:T:record07:trial026,S05,A05T.mat,77387d3b669f4ed9a7c1dac4dcba4c2c40c8910bae20fb961bb7cf5a94912950,T,7,4,25,50126,50125,50625,2,right_hand,0,True,,50750,51250
S05:T:record07:trial027,S05,A05T.mat,77387d3b669f4ed9a7c1dac4dcba4c2c40c8910bae20fb961bb7cf5a94912950,T,7,4,26,52230,52229,52729,2,right_hand,0,True,,52854,53354
S05:T:record07:trial028,S05,A05T.mat,77387d3b669f4ed9a7c1dac4dcba4c2c40c8910bae20fb961bb7cf5a94912950,T,7,4,27,54234,54233,54733,2,right_hand,0,True,,54858,55358
S05:T:record07:trial029,S05,A05T.mat,77387d3b669f4ed9a7c1dac4dcba4c2c40c8910bae20fb961bb7cf5a94912950,T,7,4,28,56209,56208,56708,3,feet,1,False,organizer_artifact_flag,56833,57333
S05:T:record07:trial030,S05,A05T.mat,77387d3b669f4ed9a7c1dac4dcba4c2c40c8910bae20fb961bb7cf5a94912950,T,7,4,29,58235,58234,58734,4,tongue,0,True,,58859,59359
S05:T:record07:trial031,S05,A05T.mat,77387d3b669f4ed9a7c1dac4dcba4c2c40c8910bae20fb961bb7cf5a94912950,T,7,4,30,60306,60305,60805,1,left_hand,0,True,,60930,61430
S05:T:record07:trial032,S05,A05T.mat,77387d3b669f4ed9a7c1dac4dcba4c2c40c8910bae20fb961bb7cf5a94912950,T,7,4,31,62413,62412,62912,4,tongue,1,False,organizer_artifact_flag,63037,63537
S05:T:record07:trial033,S05,A05T.mat,77387d3b669f4ed9a7c1dac4dcba4c2c40c8910bae20fb961bb7cf5a94912950,T,7,4,32,64505,64504,65004,1,left_hand,0,True,,65129,65629
S05:T:record07:trial034,S05,A05T.mat,77387d3b669f4ed9a7c1dac4dcba4c2c40c8910bae20fb961bb7cf5a94912950,T,7,4,33,66596,66595,67095,3,feet,0,True,,67220,67720
S05:T:record07:trial035,S05,A05T.mat,77387d3b669f4ed9a7c1dac4dcba4c2c40c8910bae20fb961bb7cf5a94912950,T,7,4,34,68639,68638,69138,1,left_hand,0,True,,69263,69763
S05:T:record07:trial036,S05,A05T.mat,77387d3b669f4ed9a7c1dac4dcba4c2c40c8910bae20fb961bb7cf5a94912950,T,7,4,35,70703,70702,71202,4,tongue,0,True,,71327,71827
S05:T:record07:trial037,S05,A05T.mat,77387d3b669f4ed9a7c1dac4dcba4c2c40c8910bae20fb961bb7cf5a94912950,T,7,4,36,72723,72722,73222,1,left_hand,0,True,,73347,73847
S05:T:record07:trial038,S05,A05T.mat,77387d3b669f4ed9a7c1dac4dcba4c2c40c8910bae20fb961bb7cf5a94912950,T,7,4,37,74695,74694,75194,3,feet,0,True,,75319,75819
S05:T:record07:trial039,S05,A05T.mat,77387d3b669f4ed9a7c1dac4dcba4c2c40c8910bae20fb961bb7cf5a94912950,T,7,4,38,76658,76657,77157,1,left_hand,0,True,,77282,77782
S05:T:record07:trial040,S05,A05T.mat,77387d3b669f4ed9a7c1dac4dcba4c2c40c8910bae20fb961bb7cf5a94912950,T,7,4,39,78583,78582,79082,2,right_hand,0,True,,79207,79707
S05:T:record07:trial041,S05,A05T.mat,77387d3b669f4ed9a7c1dac4dcba4c2c40c8910bae20fb961bb7cf5a94912950,T,7,4,40,80664,80663,81163,3,feet,0,True,,81288,81788
S05:T:record07:trial042,S05,A05T.mat,77387d3b669f4ed9a7c1dac4dcba4c2c40c8910bae20fb961bb7cf5a94912950,T,7,4,41,82642,82641,83141,3,feet,0,True,,83266,83766
S05:T:record07:trial043,S05,A05T.mat,77387d3b669f4ed9a7c1dac4dcba4c2c40c8910bae20fb961bb7cf5a94912950,T,7,4,42,84632,84631,85131,4,tongue,0,True,,85256,85756
S05:T:record07:trial044,S05,A05T.mat,77387d3b669f4ed9a7c1dac4dcba4c2c40c8910bae20fb961bb7cf5a94912950,T,7,4,43,86751,86750,87250,1,left_hand,0,True,,87375,87875
S05:T:record07:trial045,S05,A05T.mat,77387d3b669f4ed9a7c1dac4dcba4c2c40c8910bae20fb961bb7cf5a94912950,T,7,4,44,88657,88656,89156,2,right_hand,0,True,,89281,89781
S05:T:record07:trial046,S05,A05T.mat,77387d3b669f4ed9a7c1dac4dcba4c2c40c8910bae20fb961bb7cf5a94912950,T,7,4,45,90585,90584,91084,4,tongue,0,True,,91209,91709
S05:T:record07:trial047,S05,A05T.mat,77387d3b669f4ed9a7c1dac4dcba4c2c40c8910bae20fb961bb7cf5a94912950,T,7,4,46,92699,92698,93198,2,right_hand,0,True,,93323,93823
S05:T:record07:trial048,S05,A05T.mat,77387d3b669f4ed9a7c1dac4dcba4c2c40c8910bae20fb961bb7cf5a94912950,T,7,4,47,94758,94757,95257,3,feet,0,True,,95382,95882
S05:T:record08:trial001,S05,A05T.mat,77387d3b669f4ed9a7c1dac4dcba4c2c40c8910bae20fb961bb7cf5a94912950,T,8,5,0,251,250,750,3,feet,1,False,organizer_artifact_flag,875,1375
S05:T:record08:trial002,S05,A05T.mat,77387d3b669f4ed9a7c1dac4dcba4c2c40c8910bae20fb961bb7cf5a94912950,T,8,5,1,2254,2253,2753,1,left_hand,0,True,,2878,3378
S05:T:record08:trial003,S05,A05T.mat,77387d3b669f4ed9a7c1dac4dcba4c2c40c8910bae20fb961bb7cf5a94912950,T,8,5,2,4172,4171,4671,4,tongue,0,True,,4796,5296
S05:T:record08:trial004,S05,A05T.mat,77387d3b669f4ed9a7c1dac4dcba4c2c40c8910bae20fb961bb7cf5a94912950,T,8,5,3,6124,6123,6623,2,right_hand,0,True,,6748,7248
S05:T:record08:trial005,S05,A05T.mat,77387d3b669f4ed9a7c1dac4dcba4c2c40c8910bae20fb961bb7cf5a94912950,T,8,5,4,8132,8131,8631,4,tongue,0,True,,8756,9256
S05:T:record08:trial006,S05,A05T.mat,77387d3b669f4ed9a7c1dac4dcba4c2c40c8910bae20fb961bb7cf5a94912950,T,8,5,5,10243,10242,10742,1,left_hand,0,True,,10867,11367
S05:T:record08:trial007,S05,A05T.mat,77387d3b669f4ed9a7c1dac4dcba4c2c40c8910bae20fb961bb7cf5a94912950,T,8,5,6,12160,12159,12659,1,left_hand,0,True,,12784,13284
S05:T:record08:trial008,S05,A05T.mat,77387d3b669f4ed9a7c1dac4dcba4c2c40c8910bae20fb961bb7cf5a94912950,T,8,5,7,14210,14209,14709,3,feet,0,True,,14834,15334
S05:T:record08:trial009,S05,A05T.mat,77387d3b669f4ed9a7c1dac4dcba4c2c40c8910bae20fb961bb7cf5a94912950,T,8,5,8,16141,16140,16640,3,feet,0,True,,16765,17265
S05:T:record08:trial010,S05,A05T.mat,77387d3b669f4ed9a7c1dac4dcba4c2c40c8910bae20fb961bb7cf5a94912950,T,8,5,9,18139,18138,18638,2,right_hand,0,True,,18763,19263
S05:T:record08:trial011,S05,A05T.mat,77387d3b669f4ed9a7c1dac4dcba4c2c40c8910bae20fb961bb7cf5a94912950,T,8,5,10,20045,20044,20544,4,tongue,0,True,,20669,21169
S05:T:record08:trial012,S05,A05T.mat,77387d3b669f4ed9a7c1dac4dcba4c2c40c8910bae20fb961bb7cf5a94912950,T,8,5,11,21940,21939,22439,2,right_hand,0,True,,22564,23064
S05:T:record08:trial013,S05,A05T.mat,77387d3b669f4ed9a7c1dac4dcba4c2c40c8910bae20fb961bb7cf5a94912950,T,8,5,12,23912,23911,24411,2,right_hand,0,True,,24536,25036
S05:T:record08:trial014,S05,A05T.mat,77387d3b669f4ed9a7c1dac4dcba4c2c40c8910bae20fb961bb7cf5a94912950,T,8,5,13,25856,25855,26355,1,left_hand,0,True,,26480,26980
S05:T:record08:trial015,S05,A05T.mat,77387d3b669f4ed9a7c1dac4dcba4c2c40c8910bae20fb961bb7cf5a94912950,T,8,5,14,27823,27822,28322,2,right_hand,0,True,,28447,28947
S05:T:record08:trial016,S05,A05T.mat,77387d3b669f4ed9a7c1dac4dcba4c2c40c8910bae20fb961bb7cf5a94912950,T,8,5,15,29943,29942,30442,4,tongue,0,True,,30567,31067
S05:T:record08:trial017,S05,A05T.mat,77387d3b669f4ed9a7c1dac4dcba4c2c40c8910bae20fb961bb7cf5a94912950,T,8,5,16,31951,31950,32450,4,tongue,0,True,,32575,33075
S05:T:record08:trial018,S05,A05T.mat,77387d3b669f4ed9a7c1dac4dcba4c2c40c8910bae20fb961bb7cf5a94912950,T,8,5,17,34017,34016,34516,2,right_hand,0,True,,34641,35141
S05:T:record08:trial019,S05,A05T.mat,77387d3b669f4ed9a7c1dac4dcba4c2c40c8910bae20fb961bb7cf5a94912950,T,8,5,18,36053,36052,36552,2,right_hand,0,True,,36677,37177
S05:T:record08:trial020,S05,A05T.mat,77387d3b669f4ed9a7c1dac4dcba4c2c40c8910bae20fb961bb7cf5a94912950,T,8,5,19,38119,38118,38618,2,right_hand,0,True,,38743,39243
S05:T:record08:trial021,S05,A05T.mat,77387d3b669f4ed9a7c1dac4dcba4c2c40c8910bae20fb961bb7cf5a94912950,T,8,5,20,40189,40188,40688,2,right_hand,0,True,,40813,41313
S05:T:record08:trial022,S05,A05T.mat,77387d3b669f4ed9a7c1dac4dcba4c2c40c8910bae20fb961bb7cf5a94912950,T,8,5,21,42269,42268,42768,4,tongue,0,True,,42893,43393
S05:T:record08:trial023,S05,A05T.mat,77387d3b669f4ed9a7c1dac4dcba4c2c40c8910bae20fb961bb7cf5a94912950,T,8,5,22,44181,44180,44680,4,tongue,0,True,,44805,45305
S05:T:record08:trial024,S05,A05T.mat,77387d3b669f4ed9a7c1dac4dcba4c2c40c8910bae20fb961bb7cf5a94912950,T,8,5,23,46212,46211,46711,3,feet,0,True,,46836,47336
S05:T:record08:trial025,S05,A05T.mat,77387d3b669f4ed9a7c1dac4dcba4c2c40c8910bae20fb961bb7cf5a94912950,T,8,5,24,48165,48164,48664,4,tongue,0,True,,48789,49289
S05:T:record08:trial026,S05,A05T.mat,77387d3b669f4ed9a7c1dac4dcba4c2c40c8910bae20fb961bb7cf5a94912950,T,8,5,25,50126,50125,50625,1,left_hand,0,True,,50750,51250
S05:T:record08:trial027,S05,A05T.mat,77387d3b669f4ed9a7c1dac4dcba4c2c40c8910bae20fb961bb7cf5a94912950,T,8,5,26,52230,52229,52729,2,right_hand,0,True,,52854,53354
S05:T:record08:trial028,S05,A05T.mat,77387d3b669f4ed9a7c1dac4dcba4c2c40c8910bae20fb961bb7cf5a94912950,T,8,5,27,54234,54233,54733,3,feet,1,False,organizer_artifact_flag,54858,55358
S05:T:record08:trial029,S05,A05T.mat,77387d3b669f4ed9a7c1dac4dcba4c2c40c8910bae20fb961bb7cf5a94912950,T,8,5,28,56209,56208,56708,2,right_hand,0,True,,56833,57333
S05:T:record08:trial030,S05,A05T.mat,77387d3b669f4ed9a7c1dac4dcba4c2c40c8910bae20fb961bb7cf5a94912950,T,8,5,29,58235,58234,58734,1,left_hand,0,True,,58859,59359
S05:T:record08:trial031,S05,A05T.mat,77387d3b669f4ed9a7c1dac4dcba4c2c40c8910bae20fb961bb7cf5a94912950,T,8,5,30,60306,60305,60805,4,tongue,0,True,,60930,61430
S05:T:record08:trial032,S05,A05T.mat,77387d3b669f4ed9a7c1dac4dcba4c2c40c8910bae20fb961bb7cf5a94912950,T,8,5,31,62413,62412,62912,1,left_hand,0,True,,63037,63537
S05:T:record08:trial033,S05,A05T.mat,77387d3b669f4ed9a7c1dac4dcba4c2c40c8910bae20fb961bb7cf5a94912950,T,8,5,32,64505,64504,65004,4,tongue,0,True,,65129,65629
S05:T:record08:trial034,S05,A05T.mat,77387d3b669f4ed9a7c1dac4dcba4c2c40c8910bae20fb961bb7cf5a94912950,T,8,5,33,66596,66595,67095,1,left_hand,0,True,,67220,67720
S05:T:record08:trial035,S05,A05T.mat,77387d3b669f4ed9a7c1dac4dcba4c2c40c8910bae20fb961bb7cf5a94912950,T,8,5,34,68639,68638,69138,1,left_hand,0,True,,69263,69763
S05:T:record08:trial036,S05,A05T.mat,77387d3b669f4ed9a7c1dac4dcba4c2c40c8910bae20fb961bb7cf5a94912950,T,8,5,35,70703,70702,71202,1,left_hand,0,True,,71327,71827
S05:T:record08:trial037,S05,A05T.mat,77387d3b669f4ed9a7c1dac4dcba4c2c40c8910bae20fb961bb7cf5a94912950,T,8,5,36,72723,72722,73222,1,left_hand,0,True,,73347,73847
S05:T:record08:trial038,S05,A05T.mat,77387d3b669f4ed9a7c1dac4dcba4c2c40c8910bae20fb961bb7cf5a94912950,T,8,5,37,74695,74694,75194,3,feet,0,True,,75319,75819
S05:T:record08:trial039,S05,A05T.mat,77387d3b669f4ed9a7c1dac4dcba4c2c40c8910bae20fb961bb7cf5a94912950,T,8,5,38,76658,76657,77157,3,feet,0,True,,77282,77782
S05:T:record08:trial040,S05,A05T.mat,77387d3b669f4ed9a7c1dac4dcba4c2c40c8910bae20fb961bb7cf5a94912950,T,8,5,39,78583,78582,79082,4,tongue,0,True,,79207,79707
S05:T:record08:trial041,S05,A05T.mat,77387d3b669f4ed9a7c1dac4dcba4c2c40c8910bae20fb961bb7cf5a94912950,T,8,5,40,80664,80663,81163,2,right_hand,0,True,,81288,81788
S05:T:record08:trial042,S05,A05T.mat,77387d3b669f4ed9a7c1dac4dcba4c2c40c8910bae20fb961bb7cf5a94912950,T,8,5,41,82642,82641,83141,3,feet,0,True,,83266,83766
S05:T:record08:trial043,S05,A05T.mat,77387d3b669f4ed9a7c1dac4dcba4c2c40c8910bae20fb961bb7cf5a94912950,T,8,5,42,84632,84631,85131,3,feet,0,True,,85256,85756
S05:T:record08:trial044,S05,A05T.mat,77387d3b669f4ed9a7c1dac4dcba4c2c40c8910bae20fb961bb7cf5a94912950,T,8,5,43,86751,86750,87250,3,feet,0,True,,87375,87875
S05:T:record08:trial045,S05,A05T.mat,77387d3b669f4ed9a7c1dac4dcba4c2c40c8910bae20fb961bb7cf5a94912950,T,8,5,44,88657,88656,89156,4,tongue,0,True,,89281,89781
S05:T:record08:trial046,S05,A05T.mat,77387d3b669f4ed9a7c1dac4dcba4c2c40c8910bae20fb961bb7cf5a94912950,T,8,5,45,90585,90584,91084,3,feet,0,True,,91209,91709
S05:T:record08:trial047,S05,A05T.mat,77387d3b669f4ed9a7c1dac4dcba4c2c40c8910bae20fb961bb7cf5a94912950,T,8,5,46,92699,92698,93198,1,left_hand,0,True,,93323,93823
S05:T:record08:trial048,S05,A05T.mat,77387d3b669f4ed9a7c1dac4dcba4c2c40c8910bae20fb961bb7cf5a94912950,T,8,5,47,94758,94757,95257,3,feet,0,True,,95382,95882
S05:E:record03:trial001,S05,A05E.mat,8b357470865610c28b2f1d351beac247a56a856f02b2859d650736eb2ef77808,E,3,0,0,251,250,750,1,left_hand,0,True,,875,1375
S05:E:record03:trial002,S05,A05E.mat,8b357470865610c28b2f1d351beac247a56a856f02b2859d650736eb2ef77808,E,3,0,1,2254,2253,2753,2,right_hand,0,True,,2878,3378
S05:E:record03:trial003,S05,A05E.mat,8b357470865610c28b2f1d351beac247a56a856f02b2859d650736eb2ef77808,E,3,0,2,4172,4171,4671,2,right_hand,0,True,,4796,5296
S05:E:record03:trial004,S05,A05E.mat,8b357470865610c28b2f1d351beac247a56a856f02b2859d650736eb2ef77808,E,3,0,3,6124,6123,6623,1,left_hand,0,True,,6748,7248
S05:E:record03:trial005,S05,A05E.mat,8b357470865610c28b2f1d351beac247a56a856f02b2859d650736eb2ef77808,E,3,0,4,8132,8131,8631,2,right_hand,1,False,organizer_artifact_flag,8756,9256
S05:E:record03:trial006,S05,A05E.mat,8b357470865610c28b2f1d351beac247a56a856f02b2859d650736eb2ef77808,E,3,0,5,10243,10242,10742,1,left_hand,0,True,,10867,11367
S05:E:record03:trial007,S05,A05E.mat,8b357470865610c28b2f1d351beac247a56a856f02b2859d650736eb2ef77808,E,3,0,6,12160,12159,12659,2,right_hand,1,False,organizer_artifact_flag,12784,13284
S05:E:record03:trial008,S05,A05E.mat,8b357470865610c28b2f1d351beac247a56a856f02b2859d650736eb2ef77808,E,3,0,7,14210,14209,14709,3,feet,0,True,,14834,15334
S05:E:record03:trial009,S05,A05E.mat,8b357470865610c28b2f1d351beac247a56a856f02b2859d650736eb2ef77808,E,3,0,8,16141,16140,16640,2,right_hand,0,True,,16765,17265
S05:E:record03:trial010,S05,A05E.mat,8b357470865610c28b2f1d351beac247a56a856f02b2859d650736eb2ef77808,E,3,0,9,18139,18138,18638,4,tongue,0,True,,18763,19263
S05:E:record03:trial011,S05,A05E.mat,8b357470865610c28b2f1d351beac247a56a856f02b2859d650736eb2ef77808,E,3,0,10,20045,20044,20544,1,left_hand,0,True,,20669,21169
S05:E:record03:trial012,S05,A05E.mat,8b357470865610c28b2f1d351beac247a56a856f02b2859d650736eb2ef77808,E,3,0,11,21940,21939,22439,3,feet,0,True,,22564,23064
S05:E:record03:trial013,S05,A05E.mat,8b357470865610c28b2f1d351beac247a56a856f02b2859d650736eb2ef77808,E,3,0,12,23912,23911,24411,2,right_hand,0,True,,24536,25036
S05:E:record03:trial014,S05,A05E.mat,8b357470865610c28b2f1d351beac247a56a856f02b2859d650736eb2ef77808,E,3,0,13,25856,25855,26355,1,left_hand,1,False,organizer_artifact_flag,26480,26980
S05:E:record03:trial015,S05,A05E.mat,8b357470865610c28b2f1d351beac247a56a856f02b2859d650736eb2ef77808,E,3,0,14,27823,27822,28322,4,tongue,1,False,organizer_artifact_flag,28447,28947
S05:E:record03:trial016,S05,A05E.mat,8b357470865610c28b2f1d351beac247a56a856f02b2859d650736eb2ef77808,E,3,0,15,29943,29942,30442,4,tongue,0,True,,30567,31067
S05:E:record03:trial017,S05,A05E.mat,8b357470865610c28b2f1d351beac247a56a856f02b2859d650736eb2ef77808,E,3,0,16,31951,31950,32450,4,tongue,0,True,,32575,33075
S05:E:record03:trial018,S05,A05E.mat,8b357470865610c28b2f1d351beac247a56a856f02b2859d650736eb2ef77808,E,3,0,17,34017,34016,34516,4,tongue,1,False,organizer_artifact_flag,34641,35141
S05:E:record03:trial019,S05,A05E.mat,8b357470865610c28b2f1d351beac247a56a856f02b2859d650736eb2ef77808,E,3,0,18,36053,36052,36552,4,tongue,0,True,,36677,37177
S05:E:record03:trial020,S05,A05E.mat,8b357470865610c28b2f1d351beac247a56a856f02b2859d650736eb2ef77808,E,3,0,19,38119,38118,38618,1,left_hand,0,True,,38743,39243
S05:E:record03:trial021,S05,A05E.mat,8b357470865610c28b2f1d351beac247a56a856f02b2859d650736eb2ef77808,E,3,0,20,40189,40188,40688,3,feet,0,True,,40813,41313
S05:E:record03:trial022,S05,A05E.mat,8b357470865610c28b2f1d351beac247a56a856f02b2859d650736eb2ef77808,E,3,0,21,42269,42268,42768,2,right_hand,1,False,organizer_artifact_flag,42893,43393
S05:E:record03:trial023,S05,A05E.mat,8b357470865610c28b2f1d351beac247a56a856f02b2859d650736eb2ef77808,E,3,0,22,44181,44180,44680,1,left_hand,0,True,,44805,45305
S05:E:record03:trial024,S05,A05E.mat,8b357470865610c28b2f1d351beac247a56a856f02b2859d650736eb2ef77808,E,3,0,23,46212,46211,46711,1,left_hand,0,True,,46836,47336
S05:E:record03:trial025,S05,A05E.mat,8b357470865610c28b2f1d351beac247a56a856f02b2859d650736eb2ef77808,E,3,0,24,48165,48164,48664,3,feet,0,True,,48789,49289
S05:E:record03:trial026,S05,A05E.mat,8b357470865610c28b2f1d351beac247a56a856f02b2859d650736eb2ef77808,E,3,0,25,50126,50125,50625,4,tongue,0,True,,50750,51250
S05:E:record03:trial027,S05,A05E.mat,8b357470865610c28b2f1d351beac247a56a856f02b2859d650736eb2ef77808,E,3,0,26,52230,52229,52729,1,left_hand,0,True,,52854,53354
S05:E:record03:trial028,S05,A05E.mat,8b357470865610c28b2f1d351beac247a56a856f02b2859d650736eb2ef77808,E,3,0,27,54234,54233,54733,3,feet,0,True,,54858,55358
S05:E:record03:trial029,S05,A05E.mat,8b357470865610c28b2f1d351beac247a56a856f02b2859d650736eb2ef77808,E,3,0,28,56209,56208,56708,3,feet,0,True,,56833,57333
S05:E:record03:trial030,S05,A05E.mat,8b357470865610c28b2f1d351beac247a56a856f02b2859d650736eb2ef77808,E,3,0,29,58235,58234,58734,3,feet,0,True,,58859,59359
S05:E:record03:trial031,S05,A05E.mat,8b357470865610c28b2f1d351beac247a56a856f02b2859d650736eb2ef77808,E,3,0,30,60306,60305,60805,1,left_hand,0,True,,60930,61430
S05:E:record03:trial032,S05,A05E.mat,8b357470865610c28b2f1d351beac247a56a856f02b2859d650736eb2ef77808,E,3,0,31,62413,62412,62912,2,right_hand,0,True,,63037,63537
S05:E:record03:trial033,S05,A05E.mat,8b357470865610c28b2f1d351beac247a56a856f02b2859d650736eb2ef77808,E,3,0,32,64505,64504,65004,1,left_hand,0,True,,65129,65629
S05:E:record03:trial034,S05,A05E.mat,8b357470865610c28b2f1d351beac247a56a856f02b2859d650736eb2ef77808,E,3,0,33,66596,66595,67095,2,right_hand,0,True,,67220,67720
S05:E:record03:trial035,S05,A05E.mat,8b357470865610c28b2f1d351beac247a56a856f02b2859d650736eb2ef77808,E,3,0,34,68639,68638,69138,2,right_hand,0,True,,69263,69763
S05:E:record03:trial036,S05,A05E.mat,8b357470865610c28b2f1d351beac247a56a856f02b2859d650736eb2ef77808,E,3,0,35,70703,70702,71202,1,left_hand,0,True,,71327,71827
S05:E:record03:trial037,S05,A05E.mat,8b357470865610c28b2f1d351beac247a56a856f02b2859d650736eb2ef77808,E,3,0,36,72723,72722,73222,2,right_hand,0,True,,73347,73847
S05:E:record03:trial038,S05,A05E.mat,8b357470865610c28b2f1d351beac247a56a856f02b2859d650736eb2ef77808,E,3,0,37,74695,74694,75194,3,feet,0,True,,75319,75819
S05:E:record03:trial039,S05,A05E.mat,8b357470865610c28b2f1d351beac247a56a856f02b2859d650736eb2ef77808,E,3,0,38,76658,76657,77157,2,right_hand,0,True,,77282,77782
S05:E:record03:trial040,S05,A05E.mat,8b357470865610c28b2f1d351beac247a56a856f02b2859d650736eb2ef77808,E,3,0,39,78583,78582,79082,3,feet,0,True,,79207,79707
S05:E:record03:trial041,S05,A05E.mat,8b357470865610c28b2f1d351beac247a56a856f02b2859d650736eb2ef77808,E,3,0,40,80664,80663,81163,3,feet,0,True,,81288,81788
S05:E:record03:trial042,S05,A05E.mat,8b357470865610c28b2f1d351beac247a56a856f02b2859d650736eb2ef77808,E,3,0,41,82642,82641,83141,4,tongue,0,True,,83266,83766
S05:E:record03:trial043,S05,A05E.mat,8b357470865610c28b2f1d351beac247a56a856f02b2859d650736eb2ef77808,E,3,0,42,84632,84631,85131,3,feet,0,True,,85256,85756
S05:E:record03:trial044,S05,A05E.mat,8b357470865610c28b2f1d351beac247a56a856f02b2859d650736eb2ef77808,E,3,0,43,86751,86750,87250,3,feet,0,True,,87375,87875
S05:E:record03:trial045,S05,A05E.mat,8b357470865610c28b2f1d351beac247a56a856f02b2859d650736eb2ef77808,E,3,0,44,88657,88656,89156,4,tongue,0,True,,89281,89781
S05:E:record03:trial046,S05,A05E.mat,8b357470865610c28b2f1d351beac247a56a856f02b2859d650736eb2ef77808,E,3,0,45,90585,90584,91084,4,tongue,0,True,,91209,91709
S05:E:record03:trial047,S05,A05E.mat,8b357470865610c28b2f1d351beac247a56a856f02b2859d650736eb2ef77808,E,3,0,46,92699,92698,93198,4,tongue,0,True,,93323,93823
S05:E:record03:trial048,S05,A05E.mat,8b357470865610c28b2f1d351beac247a56a856f02b2859d650736eb2ef77808,E,3,0,47,94758,94757,95257,4,tongue,0,True,,95382,95882
S05:E:record04:trial001,S05,A05E.mat,8b357470865610c28b2f1d351beac247a56a856f02b2859d650736eb2ef77808,E,4,1,0,251,250,750,4,tongue,0,True,,875,1375
S05:E:record04:trial002,S05,A05E.mat,8b357470865610c28b2f1d351beac247a56a856f02b2859d650736eb2ef77808,E,4,1,1,2254,2253,2753,3,feet,0,True,,2878,3378
S05:E:record04:trial003,S05,A05E.mat,8b357470865610c28b2f1d351beac247a56a856f02b2859d650736eb2ef77808,E,4,1,2,4172,4171,4671,2,right_hand,1,False,organizer_artifact_flag,4796,5296
S05:E:record04:trial004,S05,A05E.mat,8b357470865610c28b2f1d351beac247a56a856f02b2859d650736eb2ef77808,E,4,1,3,6124,6123,6623,1,left_hand,0,True,,6748,7248
S05:E:record04:trial005,S05,A05E.mat,8b357470865610c28b2f1d351beac247a56a856f02b2859d650736eb2ef77808,E,4,1,4,8132,8131,8631,1,left_hand,0,True,,8756,9256
S05:E:record04:trial006,S05,A05E.mat,8b357470865610c28b2f1d351beac247a56a856f02b2859d650736eb2ef77808,E,4,1,5,10243,10242,10742,2,right_hand,0,True,,10867,11367
S05:E:record04:trial007,S05,A05E.mat,8b357470865610c28b2f1d351beac247a56a856f02b2859d650736eb2ef77808,E,4,1,6,12160,12159,12659,3,feet,0,True,,12784,13284
S05:E:record04:trial008,S05,A05E.mat,8b357470865610c28b2f1d351beac247a56a856f02b2859d650736eb2ef77808,E,4,1,7,14210,14209,14709,4,tongue,0,True,,14834,15334
S05:E:record04:trial009,S05,A05E.mat,8b357470865610c28b2f1d351beac247a56a856f02b2859d650736eb2ef77808,E,4,1,8,16141,16140,16640,2,right_hand,0,True,,16765,17265
S05:E:record04:trial010,S05,A05E.mat,8b357470865610c28b2f1d351beac247a56a856f02b2859d650736eb2ef77808,E,4,1,9,18139,18138,18638,3,feet,0,True,,18763,19263
S05:E:record04:trial011,S05,A05E.mat,8b357470865610c28b2f1d351beac247a56a856f02b2859d650736eb2ef77808,E,4,1,10,20045,20044,20544,1,left_hand,0,True,,20669,21169
S05:E:record04:trial012,S05,A05E.mat,8b357470865610c28b2f1d351beac247a56a856f02b2859d650736eb2ef77808,E,4,1,11,21940,21939,22439,1,left_hand,0,True,,22564,23064
S05:E:record04:trial013,S05,A05E.mat,8b357470865610c28b2f1d351beac247a56a856f02b2859d650736eb2ef77808,E,4,1,12,23912,23911,24411,1,left_hand,0,True,,24536,25036
S05:E:record04:trial014,S05,A05E.mat,8b357470865610c28b2f1d351beac247a56a856f02b2859d650736eb2ef77808,E,4,1,13,25856,25855,26355,4,tongue,0,True,,26480,26980
S05:E:record04:trial015,S05,A05E.mat,8b357470865610c28b2f1d351beac247a56a856f02b2859d650736eb2ef77808,E,4,1,14,27823,27822,28322,2,right_hand,0,True,,28447,28947
S05:E:record04:trial016,S05,A05E.mat,8b357470865610c28b2f1d351beac247a56a856f02b2859d650736eb2ef77808,E,4,1,15,29943,29942,30442,2,right_hand,0,True,,30567,31067
S05:E:record04:trial017,S05,A05E.mat,8b357470865610c28b2f1d351beac247a56a856f02b2859d650736eb2ef77808,E,4,1,16,31951,31950,32450,1,left_hand,0,True,,32575,33075
S05:E:record04:trial018,S05,A05E.mat,8b357470865610c28b2f1d351beac247a56a856f02b2859d650736eb2ef77808,E,4,1,17,34017,34016,34516,1,left_hand,0,True,,34641,35141
S05:E:record04:trial019,S05,A05E.mat,8b357470865610c28b2f1d351beac247a56a856f02b2859d650736eb2ef77808,E,4,1,18,36053,36052,36552,3,feet,0,True,,36677,37177
S05:E:record04:trial020,S05,A05E.mat,8b357470865610c28b2f1d351beac247a56a856f02b2859d650736eb2ef77808,E,4,1,19,38119,38118,38618,1,left_hand,0,True,,38743,39243
S05:E:record04:trial021,S05,A05E.mat,8b357470865610c28b2f1d351beac247a56a856f02b2859d650736eb2ef77808,E,4,1,20,40189,40188,40688,2,right_hand,0,True,,40813,41313
S05:E:record04:trial022,S05,A05E.mat,8b357470865610c28b2f1d351beac247a56a856f02b2859d650736eb2ef77808,E,4,1,21,42269,42268,42768,4,tongue,0,True,,42893,43393
S05:E:record04:trial023,S05,A05E.mat,8b357470865610c28b2f1d351beac247a56a856f02b2859d650736eb2ef77808,E,4,1,22,44181,44180,44680,4,tongue,0,True,,44805,45305
S05:E:record04:trial024,S05,A05E.mat,8b357470865610c28b2f1d351beac247a56a856f02b2859d650736eb2ef77808,E,4,1,23,46212,46211,46711,3,feet,0,True,,46836,47336
S05:E:record04:trial025,S05,A05E.mat,8b357470865610c28b2f1d351beac247a56a856f02b2859d650736eb2ef77808,E,4,1,24,48165,48164,48664,1,left_hand,1,False,organizer_artifact_flag,48789,49289
S05:E:record04:trial026,S05,A05E.mat,8b357470865610c28b2f1d351beac247a56a856f02b2859d650736eb2ef77808,E,4,1,25,50126,50125,50625,4,tongue,0,True,,50750,51250
S05:E:record04:trial027,S05,A05E.mat,8b357470865610c28b2f1d351beac247a56a856f02b2859d650736eb2ef77808,E,4,1,26,52230,52229,52729,4,tongue,0,True,,52854,53354
S05:E:record04:trial028,S05,A05E.mat,8b357470865610c28b2f1d351beac247a56a856f02b2859d650736eb2ef77808,E,4,1,27,54234,54233,54733,2,right_hand,0,True,,54858,55358
S05:E:record04:trial029,S05,A05E.mat,8b357470865610c28b2f1d351beac247a56a856f02b2859d650736eb2ef77808,E,4,1,28,56209,56208,56708,4,tongue,0,True,,56833,57333
S05:E:record04:trial030,S05,A05E.mat,8b357470865610c28b2f1d351beac247a56a856f02b2859d650736eb2ef77808,E,4,1,29,58235,58234,58734,4,tongue,0,True,,58859,59359
S05:E:record04:trial031,S05,A05E.mat,8b357470865610c28b2f1d351beac247a56a856f02b2859d650736eb2ef77808,E,4,1,30,60306,60305,60805,2,right_hand,1,False,organizer_artifact_flag,60930,61430
S05:E:record04:trial032,S05,A05E.mat,8b357470865610c28b2f1d351beac247a56a856f02b2859d650736eb2ef77808,E,4,1,31,62413,62412,62912,1,left_hand,0,True,,63037,63537
S05:E:record04:trial033,S05,A05E.mat,8b357470865610c28b2f1d351beac247a56a856f02b2859d650736eb2ef77808,E,4,1,32,64505,64504,65004,2,right_hand,0,True,,65129,65629
S05:E:record04:trial034,S05,A05E.mat,8b357470865610c28b2f1d351beac247a56a856f02b2859d650736eb2ef77808,E,4,1,33,66596,66595,67095,3,feet,0,True,,67220,67720
S05:E:record04:trial035,S05,A05E.mat,8b357470865610c28b2f1d351beac247a56a856f02b2859d650736eb2ef77808,E,4,1,34,68639,68638,69138,3,feet,0,True,,69263,69763
S05:E:record04:trial036,S05,A05E.mat,8b357470865610c28b2f1d351beac247a56a856f02b2859d650736eb2ef77808,E,4,1,35,70703,70702,71202,3,feet,0,True,,71327,71827
S05:E:record04:trial037,S05,A05E.mat,8b357470865610c28b2f1d351beac247a56a856f02b2859d650736eb2ef77808,E,4,1,36,72723,72722,73222,4,tongue,0,True,,73347,73847
S05:E:record04:trial038,S05,A05E.mat,8b357470865610c28b2f1d351beac247a56a856f02b2859d650736eb2ef77808,E,4,1,37,74695,74694,75194,3,feet,0,True,,75319,75819
S05:E:record04:trial039,S05,A05E.mat,8b357470865610c28b2f1d351beac247a56a856f02b2859d650736eb2ef77808,E,4,1,38,76658,76657,77157,1,left_hand,0,True,,77282,77782
S05:E:record04:trial040,S05,A05E.mat,8b357470865610c28b2f1d351beac247a56a856f02b2859d650736eb2ef77808,E,4,1,39,78583,78582,79082,4,tongue,0,True,,79207,79707
S05:E:record04:trial041,S05,A05E.mat,8b357470865610c28b2f1d351beac247a56a856f02b2859d650736eb2ef77808,E,4,1,40,80664,80663,81163,2,right_hand,0,True,,81288,81788
S05:E:record04:trial042,S05,A05E.mat,8b357470865610c28b2f1d351beac247a56a856f02b2859d650736eb2ef77808,E,4,1,41,82642,82641,83141,3,feet,0,True,,83266,83766
S05:E:record04:trial043,S05,A05E.mat,8b357470865610c28b2f1d351beac247a56a856f02b2859d650736eb2ef77808,E,4,1,42,84632,84631,85131,2,right_hand,0,True,,85256,85756
S05:E:record04:trial044,S05,A05E.mat,8b357470865610c28b2f1d351beac247a56a856f02b2859d650736eb2ef77808,E,4,1,43,86751,86750,87250,3,feet,0,True,,87375,87875
S05:E:record04:trial045,S05,A05E.mat,8b357470865610c28b2f1d351beac247a56a856f02b2859d650736eb2ef77808,E,4,1,44,88657,88656,89156,4,tongue,0,True,,89281,89781
S05:E:record04:trial046,S05,A05E.mat,8b357470865610c28b2f1d351beac247a56a856f02b2859d650736eb2ef77808,E,4,1,45,90585,90584,91084,2,right_hand,0,True,,91209,91709
S05:E:record04:trial047,S05,A05E.mat,8b357470865610c28b2f1d351beac247a56a856f02b2859d650736eb2ef77808,E,4,1,46,92699,92698,93198,3,feet,0,True,,93323,93823
S05:E:record04:trial048,S05,A05E.mat,8b357470865610c28b2f1d351beac247a56a856f02b2859d650736eb2ef77808,E,4,1,47,94758,94757,95257,1,left_hand,0,True,,95382,95882
S05:E:record05:trial001,S05,A05E.mat,8b357470865610c28b2f1d351beac247a56a856f02b2859d650736eb2ef77808,E,5,2,0,251,250,750,1,left_hand,0,True,,875,1375
S05:E:record05:trial002,S05,A05E.mat,8b357470865610c28b2f1d351beac247a56a856f02b2859d650736eb2ef77808,E,5,2,1,2254,2253,2753,1,left_hand,0,True,,2878,3378
S05:E:record05:trial003,S05,A05E.mat,8b357470865610c28b2f1d351beac247a56a856f02b2859d650736eb2ef77808,E,5,2,2,4172,4171,4671,4,tongue,0,True,,4796,5296
S05:E:record05:trial004,S05,A05E.mat,8b357470865610c28b2f1d351beac247a56a856f02b2859d650736eb2ef77808,E,5,2,3,6124,6123,6623,2,right_hand,0,True,,6748,7248
S05:E:record05:trial005,S05,A05E.mat,8b357470865610c28b2f1d351beac247a56a856f02b2859d650736eb2ef77808,E,5,2,4,8132,8131,8631,1,left_hand,0,True,,8756,9256
S05:E:record05:trial006,S05,A05E.mat,8b357470865610c28b2f1d351beac247a56a856f02b2859d650736eb2ef77808,E,5,2,5,10243,10242,10742,3,feet,0,True,,10867,11367
S05:E:record05:trial007,S05,A05E.mat,8b357470865610c28b2f1d351beac247a56a856f02b2859d650736eb2ef77808,E,5,2,6,12160,12159,12659,1,left_hand,0,True,,12784,13284
S05:E:record05:trial008,S05,A05E.mat,8b357470865610c28b2f1d351beac247a56a856f02b2859d650736eb2ef77808,E,5,2,7,14210,14209,14709,3,feet,0,True,,14834,15334
S05:E:record05:trial009,S05,A05E.mat,8b357470865610c28b2f1d351beac247a56a856f02b2859d650736eb2ef77808,E,5,2,8,16141,16140,16640,2,right_hand,0,True,,16765,17265
S05:E:record05:trial010,S05,A05E.mat,8b357470865610c28b2f1d351beac247a56a856f02b2859d650736eb2ef77808,E,5,2,9,18139,18138,18638,4,tongue,0,True,,18763,19263
S05:E:record05:trial011,S05,A05E.mat,8b357470865610c28b2f1d351beac247a56a856f02b2859d650736eb2ef77808,E,5,2,10,20045,20044,20544,1,left_hand,0,True,,20669,21169
S05:E:record05:trial012,S05,A05E.mat,8b357470865610c28b2f1d351beac247a56a856f02b2859d650736eb2ef77808,E,5,2,11,21940,21939,22439,3,feet,0,True,,22564,23064
S05:E:record05:trial013,S05,A05E.mat,8b357470865610c28b2f1d351beac247a56a856f02b2859d650736eb2ef77808,E,5,2,12,23912,23911,24411,3,feet,0,True,,24536,25036
S05:E:record05:trial014,S05,A05E.mat,8b357470865610c28b2f1d351beac247a56a856f02b2859d650736eb2ef77808,E,5,2,13,25856,25855,26355,1,left_hand,0,True,,26480,26980
S05:E:record05:trial015,S05,A05E.mat,8b357470865610c28b2f1d351beac247a56a856f02b2859d650736eb2ef77808,E,5,2,14,27823,27822,28322,3,feet,0,True,,28447,28947
S05:E:record05:trial016,S05,A05E.mat,8b357470865610c28b2f1d351beac247a56a856f02b2859d650736eb2ef77808,E,5,2,15,29943,29942,30442,2,right_hand,0,True,,30567,31067
S05:E:record05:trial017,S05,A05E.mat,8b357470865610c28b2f1d351beac247a56a856f02b2859d650736eb2ef77808,E,5,2,16,31951,31950,32450,4,tongue,0,True,,32575,33075
S05:E:record05:trial018,S05,A05E.mat,8b357470865610c28b2f1d351beac247a56a856f02b2859d650736eb2ef77808,E,5,2,17,34017,34016,34516,4,tongue,0,True,,34641,35141
S05:E:record05:trial019,S05,A05E.mat,8b357470865610c28b2f1d351beac247a56a856f02b2859d650736eb2ef77808,E,5,2,18,36053,36052,36552,4,tongue,0,True,,36677,37177
S05:E:record05:trial020,S05,A05E.mat,8b357470865610c28b2f1d351beac247a56a856f02b2859d650736eb2ef77808,E,5,2,19,38119,38118,38618,3,feet,0,True,,38743,39243
S05:E:record05:trial021,S05,A05E.mat,8b357470865610c28b2f1d351beac247a56a856f02b2859d650736eb2ef77808,E,5,2,20,40189,40188,40688,1,left_hand,0,True,,40813,41313
S05:E:record05:trial022,S05,A05E.mat,8b357470865610c28b2f1d351beac247a56a856f02b2859d650736eb2ef77808,E,5,2,21,42269,42268,42768,4,tongue,0,True,,42893,43393
S05:E:record05:trial023,S05,A05E.mat,8b357470865610c28b2f1d351beac247a56a856f02b2859d650736eb2ef77808,E,5,2,22,44181,44180,44680,2,right_hand,0,True,,44805,45305
S05:E:record05:trial024,S05,A05E.mat,8b357470865610c28b2f1d351beac247a56a856f02b2859d650736eb2ef77808,E,5,2,23,46212,46211,46711,4,tongue,0,True,,46836,47336
S05:E:record05:trial025,S05,A05E.mat,8b357470865610c28b2f1d351beac247a56a856f02b2859d650736eb2ef77808,E,5,2,24,48165,48164,48664,2,right_hand,0,True,,48789,49289
S05:E:record05:trial026,S05,A05E.mat,8b357470865610c28b2f1d351beac247a56a856f02b2859d650736eb2ef77808,E,5,2,25,50126,50125,50625,1,left_hand,0,True,,50750,51250
S05:E:record05:trial027,S05,A05E.mat,8b357470865610c28b2f1d351beac247a56a856f02b2859d650736eb2ef77808,E,5,2,26,52230,52229,52729,3,feet,0,True,,52854,53354
S05:E:record05:trial028,S05,A05E.mat,8b357470865610c28b2f1d351beac247a56a856f02b2859d650736eb2ef77808,E,5,2,27,54234,54233,54733,2,right_hand,1,False,organizer_artifact_flag,54858,55358
S05:E:record05:trial029,S05,A05E.mat,8b357470865610c28b2f1d351beac247a56a856f02b2859d650736eb2ef77808,E,5,2,28,56209,56208,56708,1,left_hand,0,True,,56833,57333
S05:E:record05:trial030,S05,A05E.mat,8b357470865610c28b2f1d351beac247a56a856f02b2859d650736eb2ef77808,E,5,2,29,58235,58234,58734,3,feet,0,True,,58859,59359
S05:E:record05:trial031,S05,A05E.mat,8b357470865610c28b2f1d351beac247a56a856f02b2859d650736eb2ef77808,E,5,2,30,60306,60305,60805,3,feet,0,True,,60930,61430
S05:E:record05:trial032,S05,A05E.mat,8b357470865610c28b2f1d351beac247a56a856f02b2859d650736eb2ef77808,E,5,2,31,62413,62412,62912,1,left_hand,0,True,,63037,63537
S05:E:record05:trial033,S05,A05E.mat,8b357470865610c28b2f1d351beac247a56a856f02b2859d650736eb2ef77808,E,5,2,32,64505,64504,65004,3,feet,0,True,,65129,65629
S05:E:record05:trial034,S05,A05E.mat,8b357470865610c28b2f1d351beac247a56a856f02b2859d650736eb2ef77808,E,5,2,33,66596,66595,67095,4,tongue,0,True,,67220,67720
S05:E:record05:trial035,S05,A05E.mat,8b357470865610c28b2f1d351beac247a56a856f02b2859d650736eb2ef77808,E,5,2,34,68639,68638,69138,4,tongue,0,True,,69263,69763
S05:E:record05:trial036,S05,A05E.mat,8b357470865610c28b2f1d351beac247a56a856f02b2859d650736eb2ef77808,E,5,2,35,70703,70702,71202,2,right_hand,0,True,,71327,71827
S05:E:record05:trial037,S05,A05E.mat,8b357470865610c28b2f1d351beac247a56a856f02b2859d650736eb2ef77808,E,5,2,36,72723,72722,73222,1,left_hand,0,True,,73347,73847
S05:E:record05:trial038,S05,A05E.mat,8b357470865610c28b2f1d351beac247a56a856f02b2859d650736eb2ef77808,E,5,2,37,74695,74694,75194,2,right_hand,0,True,,75319,75819
S05:E:record05:trial039,S05,A05E.mat,8b357470865610c28b2f1d351beac247a56a856f02b2859d650736eb2ef77808,E,5,2,38,76658,76657,77157,4,tongue,0,True,,77282,77782
S05:E:record05:trial040,S05,A05E.mat,8b357470865610c28b2f1d351beac247a56a856f02b2859d650736eb2ef77808,E,5,2,39,78583,78582,79082,2,right_hand,0,True,,79207,79707
S05:E:record05:trial041,S05,A05E.mat,8b357470865610c28b2f1d351beac247a56a856f02b2859d650736eb2ef77808,E,5,2,40,80664,80663,81163,4,tongue,0,True,,81288,81788
S05:E:record05:trial042,S05,A05E.mat,8b357470865610c28b2f1d351beac247a56a856f02b2859d650736eb2ef77808,E,5,2,41,82642,82641,83141,3,feet,0,True,,83266,83766
S05:E:record05:trial043,S05,A05E.mat,8b357470865610c28b2f1d351beac247a56a856f02b2859d650736eb2ef77808,E,5,2,42,84632,84631,85131,2,right_hand,0,True,,85256,85756
S05:E:record05:trial044,S05,A05E.mat,8b357470865610c28b2f1d351beac247a56a856f02b2859d650736eb2ef77808,E,5,2,43,86751,86750,87250,2,right_hand,0,True,,87375,87875
S05:E:record05:trial045,S05,A05E.mat,8b357470865610c28b2f1d351beac247a56a856f02b2859d650736eb2ef77808,E,5,2,44,88657,88656,89156,2,right_hand,0,True,,89281,89781
S05:E:record05:trial046,S05,A05E.mat,8b357470865610c28b2f1d351beac247a56a856f02b2859d650736eb2ef77808,E,5,2,45,90585,90584,91084,3,feet,0,True,,91209,91709
S05:E:record05:trial047,S05,A05E.mat,8b357470865610c28b2f1d351beac247a56a856f02b2859d650736eb2ef77808,E,5,2,46,92699,92698,93198,4,tongue,0,True,,93323,93823
S05:E:record05:trial048,S05,A05E.mat,8b357470865610c28b2f1d351beac247a56a856f02b2859d650736eb2ef77808,E,5,2,47,94758,94757,95257,1,left_hand,0,True,,95382,95882
S05:E:record06:trial001,S05,A05E.mat,8b357470865610c28b2f1d351beac247a56a856f02b2859d650736eb2ef77808,E,6,3,0,251,250,750,2,right_hand,0,True,,875,1375
S05:E:record06:trial002,S05,A05E.mat,8b357470865610c28b2f1d351beac247a56a856f02b2859d650736eb2ef77808,E,6,3,1,2254,2253,2753,4,tongue,0,True,,2878,3378
S05:E:record06:trial003,S05,A05E.mat,8b357470865610c28b2f1d351beac247a56a856f02b2859d650736eb2ef77808,E,6,3,2,4172,4171,4671,1,left_hand,0,True,,4796,5296
S05:E:record06:trial004,S05,A05E.mat,8b357470865610c28b2f1d351beac247a56a856f02b2859d650736eb2ef77808,E,6,3,3,6124,6123,6623,3,feet,0,True,,6748,7248
S05:E:record06:trial005,S05,A05E.mat,8b357470865610c28b2f1d351beac247a56a856f02b2859d650736eb2ef77808,E,6,3,4,8132,8131,8631,3,feet,0,True,,8756,9256
S05:E:record06:trial006,S05,A05E.mat,8b357470865610c28b2f1d351beac247a56a856f02b2859d650736eb2ef77808,E,6,3,5,10243,10242,10742,4,tongue,0,True,,10867,11367
S05:E:record06:trial007,S05,A05E.mat,8b357470865610c28b2f1d351beac247a56a856f02b2859d650736eb2ef77808,E,6,3,6,12160,12159,12659,1,left_hand,0,True,,12784,13284
S05:E:record06:trial008,S05,A05E.mat,8b357470865610c28b2f1d351beac247a56a856f02b2859d650736eb2ef77808,E,6,3,7,14210,14209,14709,1,left_hand,0,True,,14834,15334
S05:E:record06:trial009,S05,A05E.mat,8b357470865610c28b2f1d351beac247a56a856f02b2859d650736eb2ef77808,E,6,3,8,16141,16140,16640,3,feet,0,True,,16765,17265
S05:E:record06:trial010,S05,A05E.mat,8b357470865610c28b2f1d351beac247a56a856f02b2859d650736eb2ef77808,E,6,3,9,18139,18138,18638,2,right_hand,0,True,,18763,19263
S05:E:record06:trial011,S05,A05E.mat,8b357470865610c28b2f1d351beac247a56a856f02b2859d650736eb2ef77808,E,6,3,10,20045,20044,20544,4,tongue,0,True,,20669,21169
S05:E:record06:trial012,S05,A05E.mat,8b357470865610c28b2f1d351beac247a56a856f02b2859d650736eb2ef77808,E,6,3,11,21940,21939,22439,4,tongue,0,True,,22564,23064
S05:E:record06:trial013,S05,A05E.mat,8b357470865610c28b2f1d351beac247a56a856f02b2859d650736eb2ef77808,E,6,3,12,23912,23911,24411,4,tongue,0,True,,24536,25036
S05:E:record06:trial014,S05,A05E.mat,8b357470865610c28b2f1d351beac247a56a856f02b2859d650736eb2ef77808,E,6,3,13,25856,25855,26355,2,right_hand,0,True,,26480,26980
S05:E:record06:trial015,S05,A05E.mat,8b357470865610c28b2f1d351beac247a56a856f02b2859d650736eb2ef77808,E,6,3,14,27823,27822,28322,1,left_hand,0,True,,28447,28947
S05:E:record06:trial016,S05,A05E.mat,8b357470865610c28b2f1d351beac247a56a856f02b2859d650736eb2ef77808,E,6,3,15,29943,29942,30442,3,feet,0,True,,30567,31067
S05:E:record06:trial017,S05,A05E.mat,8b357470865610c28b2f1d351beac247a56a856f02b2859d650736eb2ef77808,E,6,3,16,31951,31950,32450,2,right_hand,0,True,,32575,33075
S05:E:record06:trial018,S05,A05E.mat,8b357470865610c28b2f1d351beac247a56a856f02b2859d650736eb2ef77808,E,6,3,17,34017,34016,34516,4,tongue,0,True,,34641,35141
S05:E:record06:trial019,S05,A05E.mat,8b357470865610c28b2f1d351beac247a56a856f02b2859d650736eb2ef77808,E,6,3,18,36053,36052,36552,1,left_hand,0,True,,36677,37177
S05:E:record06:trial020,S05,A05E.mat,8b357470865610c28b2f1d351beac247a56a856f02b2859d650736eb2ef77808,E,6,3,19,38119,38118,38618,4,tongue,0,True,,38743,39243
S05:E:record06:trial021,S05,A05E.mat,8b357470865610c28b2f1d351beac247a56a856f02b2859d650736eb2ef77808,E,6,3,20,40189,40188,40688,3,feet,0,True,,40813,41313
S05:E:record06:trial022,S05,A05E.mat,8b357470865610c28b2f1d351beac247a56a856f02b2859d650736eb2ef77808,E,6,3,21,42269,42268,42768,2,right_hand,0,True,,42893,43393
S05:E:record06:trial023,S05,A05E.mat,8b357470865610c28b2f1d351beac247a56a856f02b2859d650736eb2ef77808,E,6,3,22,44181,44180,44680,4,tongue,0,True,,44805,45305
S05:E:record06:trial024,S05,A05E.mat,8b357470865610c28b2f1d351beac247a56a856f02b2859d650736eb2ef77808,E,6,3,23,46212,46211,46711,4,tongue,0,True,,46836,47336
S05:E:record06:trial025,S05,A05E.mat,8b357470865610c28b2f1d351beac247a56a856f02b2859d650736eb2ef77808,E,6,3,24,48165,48164,48664,1,left_hand,0,True,,48789,49289
S05:E:record06:trial026,S05,A05E.mat,8b357470865610c28b2f1d351beac247a56a856f02b2859d650736eb2ef77808,E,6,3,25,50126,50125,50625,2,right_hand,0,True,,50750,51250
S05:E:record06:trial027,S05,A05E.mat,8b357470865610c28b2f1d351beac247a56a856f02b2859d650736eb2ef77808,E,6,3,26,52230,52229,52729,2,right_hand,0,True,,52854,53354
S05:E:record06:trial028,S05,A05E.mat,8b357470865610c28b2f1d351beac247a56a856f02b2859d650736eb2ef77808,E,6,3,27,54234,54233,54733,3,feet,0,True,,54858,55358
S05:E:record06:trial029,S05,A05E.mat,8b357470865610c28b2f1d351beac247a56a856f02b2859d650736eb2ef77808,E,6,3,28,56209,56208,56708,4,tongue,0,True,,56833,57333
S05:E:record06:trial030,S05,A05E.mat,8b357470865610c28b2f1d351beac247a56a856f02b2859d650736eb2ef77808,E,6,3,29,58235,58234,58734,2,right_hand,0,True,,58859,59359
S05:E:record06:trial031,S05,A05E.mat,8b357470865610c28b2f1d351beac247a56a856f02b2859d650736eb2ef77808,E,6,3,30,60306,60305,60805,1,left_hand,0,True,,60930,61430
S05:E:record06:trial032,S05,A05E.mat,8b357470865610c28b2f1d351beac247a56a856f02b2859d650736eb2ef77808,E,6,3,31,62413,62412,62912,1,left_hand,0,True,,63037,63537
S05:E:record06:trial033,S05,A05E.mat,8b357470865610c28b2f1d351beac247a56a856f02b2859d650736eb2ef77808,E,6,3,32,64505,64504,65004,4,tongue,0,True,,65129,65629
S05:E:record06:trial034,S05,A05E.mat,8b357470865610c28b2f1d351beac247a56a856f02b2859d650736eb2ef77808,E,6,3,33,66596,66595,67095,2,right_hand,0,True,,67220,67720
S05:E:record06:trial035,S05,A05E.mat,8b357470865610c28b2f1d351beac247a56a856f02b2859d650736eb2ef77808,E,6,3,34,68639,68638,69138,1,left_hand,0,True,,69263,69763
S05:E:record06:trial036,S05,A05E.mat,8b357470865610c28b2f1d351beac247a56a856f02b2859d650736eb2ef77808,E,6,3,35,70703,70702,71202,3,feet,0,True,,71327,71827
S05:E:record06:trial037,S05,A05E.mat,8b357470865610c28b2f1d351beac247a56a856f02b2859d650736eb2ef77808,E,6,3,36,72723,72722,73222,2,right_hand,0,True,,73347,73847
S05:E:record06:trial038,S05,A05E.mat,8b357470865610c28b2f1d351beac247a56a856f02b2859d650736eb2ef77808,E,6,3,37,74695,74694,75194,2,right_hand,0,True,,75319,75819
S05:E:record06:trial039,S05,A05E.mat,8b357470865610c28b2f1d351beac247a56a856f02b2859d650736eb2ef77808,E,6,3,38,76658,76657,77157,3,feet,0,True,,77282,77782
S05:E:record06:trial040,S05,A05E.mat,8b357470865610c28b2f1d351beac247a56a856f02b2859d650736eb2ef77808,E,6,3,39,78583,78582,79082,1,left_hand,0,True,,79207,79707
S05:E:record06:trial041,S05,A05E.mat,8b357470865610c28b2f1d351beac247a56a856f02b2859d650736eb2ef77808,E,6,3,40,80664,80663,81163,4,tongue,0,True,,81288,81788
S05:E:record06:trial042,S05,A05E.mat,8b357470865610c28b2f1d351beac247a56a856f02b2859d650736eb2ef77808,E,6,3,41,82642,82641,83141,3,feet,0,True,,83266,83766
S05:E:record06:trial043,S05,A05E.mat,8b357470865610c28b2f1d351beac247a56a856f02b2859d650736eb2ef77808,E,6,3,42,84632,84631,85131,3,feet,0,True,,85256,85756
S05:E:record06:trial044,S05,A05E.mat,8b357470865610c28b2f1d351beac247a56a856f02b2859d650736eb2ef77808,E,6,3,43,86751,86750,87250,3,feet,0,True,,87375,87875
S05:E:record06:trial045,S05,A05E.mat,8b357470865610c28b2f1d351beac247a56a856f02b2859d650736eb2ef77808,E,6,3,44,88657,88656,89156,3,feet,0,True,,89281,89781
S05:E:record06:trial046,S05,A05E.mat,8b357470865610c28b2f1d351beac247a56a856f02b2859d650736eb2ef77808,E,6,3,45,90585,90584,91084,1,left_hand,0,True,,91209,91709
S05:E:record06:trial047,S05,A05E.mat,8b357470865610c28b2f1d351beac247a56a856f02b2859d650736eb2ef77808,E,6,3,46,92699,92698,93198,2,right_hand,0,True,,93323,93823
S05:E:record06:trial048,S05,A05E.mat,8b357470865610c28b2f1d351beac247a56a856f02b2859d650736eb2ef77808,E,6,3,47,94758,94757,95257,1,left_hand,0,True,,95382,95882
S05:E:record07:trial001,S05,A05E.mat,8b357470865610c28b2f1d351beac247a56a856f02b2859d650736eb2ef77808,E,7,4,0,251,250,750,2,right_hand,1,False,organizer_artifact_flag,875,1375
S05:E:record07:trial002,S05,A05E.mat,8b357470865610c28b2f1d351beac247a56a856f02b2859d650736eb2ef77808,E,7,4,1,2254,2253,2753,1,left_hand,0,True,,2878,3378
S05:E:record07:trial003,S05,A05E.mat,8b357470865610c28b2f1d351beac247a56a856f02b2859d650736eb2ef77808,E,7,4,2,4172,4171,4671,1,left_hand,0,True,,4796,5296
S05:E:record07:trial004,S05,A05E.mat,8b357470865610c28b2f1d351beac247a56a856f02b2859d650736eb2ef77808,E,7,4,3,6124,6123,6623,3,feet,0,True,,6748,7248
S05:E:record07:trial005,S05,A05E.mat,8b357470865610c28b2f1d351beac247a56a856f02b2859d650736eb2ef77808,E,7,4,4,8132,8131,8631,3,feet,0,True,,8756,9256
S05:E:record07:trial006,S05,A05E.mat,8b357470865610c28b2f1d351beac247a56a856f02b2859d650736eb2ef77808,E,7,4,5,10243,10242,10742,2,right_hand,0,True,,10867,11367
S05:E:record07:trial007,S05,A05E.mat,8b357470865610c28b2f1d351beac247a56a856f02b2859d650736eb2ef77808,E,7,4,6,12160,12159,12659,3,feet,0,True,,12784,13284
S05:E:record07:trial008,S05,A05E.mat,8b357470865610c28b2f1d351beac247a56a856f02b2859d650736eb2ef77808,E,7,4,7,14210,14209,14709,4,tongue,0,True,,14834,15334
S05:E:record07:trial009,S05,A05E.mat,8b357470865610c28b2f1d351beac247a56a856f02b2859d650736eb2ef77808,E,7,4,8,16141,16140,16640,1,left_hand,0,True,,16765,17265
S05:E:record07:trial010,S05,A05E.mat,8b357470865610c28b2f1d351beac247a56a856f02b2859d650736eb2ef77808,E,7,4,9,18139,18138,18638,4,tongue,0,True,,18763,19263
S05:E:record07:trial011,S05,A05E.mat,8b357470865610c28b2f1d351beac247a56a856f02b2859d650736eb2ef77808,E,7,4,10,20045,20044,20544,1,left_hand,0,True,,20669,21169
S05:E:record07:trial012,S05,A05E.mat,8b357470865610c28b2f1d351beac247a56a856f02b2859d650736eb2ef77808,E,7,4,11,21940,21939,22439,1,left_hand,0,True,,22564,23064
S05:E:record07:trial013,S05,A05E.mat,8b357470865610c28b2f1d351beac247a56a856f02b2859d650736eb2ef77808,E,7,4,12,23912,23911,24411,2,right_hand,0,True,,24536,25036
S05:E:record07:trial014,S05,A05E.mat,8b357470865610c28b2f1d351beac247a56a856f02b2859d650736eb2ef77808,E,7,4,13,25856,25855,26355,4,tongue,0,True,,26480,26980
S05:E:record07:trial015,S05,A05E.mat,8b357470865610c28b2f1d351beac247a56a856f02b2859d650736eb2ef77808,E,7,4,14,27823,27822,28322,3,feet,0,True,,28447,28947
S05:E:record07:trial016,S05,A05E.mat,8b357470865610c28b2f1d351beac247a56a856f02b2859d650736eb2ef77808,E,7,4,15,29943,29942,30442,2,right_hand,0,True,,30567,31067
S05:E:record07:trial017,S05,A05E.mat,8b357470865610c28b2f1d351beac247a56a856f02b2859d650736eb2ef77808,E,7,4,16,31951,31950,32450,4,tongue,1,False,organizer_artifact_flag,32575,33075
S05:E:record07:trial018,S05,A05E.mat,8b357470865610c28b2f1d351beac247a56a856f02b2859d650736eb2ef77808,E,7,4,17,34017,34016,34516,3,feet,0,True,,34641,35141
S05:E:record07:trial019,S05,A05E.mat,8b357470865610c28b2f1d351beac247a56a856f02b2859d650736eb2ef77808,E,7,4,18,36053,36052,36552,4,tongue,0,True,,36677,37177
S05:E:record07:trial020,S05,A05E.mat,8b357470865610c28b2f1d351beac247a56a856f02b2859d650736eb2ef77808,E,7,4,19,38119,38118,38618,3,feet,0,True,,38743,39243
S05:E:record07:trial021,S05,A05E.mat,8b357470865610c28b2f1d351beac247a56a856f02b2859d650736eb2ef77808,E,7,4,20,40189,40188,40688,4,tongue,0,True,,40813,41313
S05:E:record07:trial022,S05,A05E.mat,8b357470865610c28b2f1d351beac247a56a856f02b2859d650736eb2ef77808,E,7,4,21,42269,42268,42768,2,right_hand,0,True,,42893,43393
S05:E:record07:trial023,S05,A05E.mat,8b357470865610c28b2f1d351beac247a56a856f02b2859d650736eb2ef77808,E,7,4,22,44181,44180,44680,2,right_hand,0,True,,44805,45305
S05:E:record07:trial024,S05,A05E.mat,8b357470865610c28b2f1d351beac247a56a856f02b2859d650736eb2ef77808,E,7,4,23,46212,46211,46711,4,tongue,0,True,,46836,47336
S05:E:record07:trial025,S05,A05E.mat,8b357470865610c28b2f1d351beac247a56a856f02b2859d650736eb2ef77808,E,7,4,24,48165,48164,48664,1,left_hand,0,True,,48789,49289
S05:E:record07:trial026,S05,A05E.mat,8b357470865610c28b2f1d351beac247a56a856f02b2859d650736eb2ef77808,E,7,4,25,50126,50125,50625,2,right_hand,0,True,,50750,51250
S05:E:record07:trial027,S05,A05E.mat,8b357470865610c28b2f1d351beac247a56a856f02b2859d650736eb2ef77808,E,7,4,26,52230,52229,52729,2,right_hand,0,True,,52854,53354
S05:E:record07:trial028,S05,A05E.mat,8b357470865610c28b2f1d351beac247a56a856f02b2859d650736eb2ef77808,E,7,4,27,54234,54233,54733,2,right_hand,0,True,,54858,55358
S05:E:record07:trial029,S05,A05E.mat,8b357470865610c28b2f1d351beac247a56a856f02b2859d650736eb2ef77808,E,7,4,28,56209,56208,56708,3,feet,0,True,,56833,57333
S05:E:record07:trial030,S05,A05E.mat,8b357470865610c28b2f1d351beac247a56a856f02b2859d650736eb2ef77808,E,7,4,29,58235,58234,58734,4,tongue,0,True,,58859,59359
S05:E:record07:trial031,S05,A05E.mat,8b357470865610c28b2f1d351beac247a56a856f02b2859d650736eb2ef77808,E,7,4,30,60306,60305,60805,1,left_hand,0,True,,60930,61430
S05:E:record07:trial032,S05,A05E.mat,8b357470865610c28b2f1d351beac247a56a856f02b2859d650736eb2ef77808,E,7,4,31,62413,62412,62912,4,tongue,0,True,,63037,63537
S05:E:record07:trial033,S05,A05E.mat,8b357470865610c28b2f1d351beac247a56a856f02b2859d650736eb2ef77808,E,7,4,32,64505,64504,65004,1,left_hand,0,True,,65129,65629
S05:E:record07:trial034,S05,A05E.mat,8b357470865610c28b2f1d351beac247a56a856f02b2859d650736eb2ef77808,E,7,4,33,66596,66595,67095,3,feet,0,True,,67220,67720
S05:E:record07:trial035,S05,A05E.mat,8b357470865610c28b2f1d351beac247a56a856f02b2859d650736eb2ef77808,E,7,4,34,68639,68638,69138,1,left_hand,0,True,,69263,69763
S05:E:record07:trial036,S05,A05E.mat,8b357470865610c28b2f1d351beac247a56a856f02b2859d650736eb2ef77808,E,7,4,35,70703,70702,71202,4,tongue,0,True,,71327,71827
S05:E:record07:trial037,S05,A05E.mat,8b357470865610c28b2f1d351beac247a56a856f02b2859d650736eb2ef77808,E,7,4,36,72723,72722,73222,1,left_hand,0,True,,73347,73847
S05:E:record07:trial038,S05,A05E.mat,8b357470865610c28b2f1d351beac247a56a856f02b2859d650736eb2ef77808,E,7,4,37,74695,74694,75194,3,feet,0,True,,75319,75819
S05:E:record07:trial039,S05,A05E.mat,8b357470865610c28b2f1d351beac247a56a856f02b2859d650736eb2ef77808,E,7,4,38,76658,76657,77157,1,left_hand,0,True,,77282,77782
S05:E:record07:trial040,S05,A05E.mat,8b357470865610c28b2f1d351beac247a56a856f02b2859d650736eb2ef77808,E,7,4,39,78583,78582,79082,2,right_hand,0,True,,79207,79707
S05:E:record07:trial041,S05,A05E.mat,8b357470865610c28b2f1d351beac247a56a856f02b2859d650736eb2ef77808,E,7,4,40,80664,80663,81163,3,feet,0,True,,81288,81788
S05:E:record07:trial042,S05,A05E.mat,8b357470865610c28b2f1d351beac247a56a856f02b2859d650736eb2ef77808,E,7,4,41,82642,82641,83141,3,feet,0,True,,83266,83766
S05:E:record07:trial043,S05,A05E.mat,8b357470865610c28b2f1d351beac247a56a856f02b2859d650736eb2ef77808,E,7,4,42,84632,84631,85131,4,tongue,0,True,,85256,85756
S05:E:record07:trial044,S05,A05E.mat,8b357470865610c28b2f1d351beac247a56a856f02b2859d650736eb2ef77808,E,7,4,43,86751,86750,87250,1,left_hand,0,True,,87375,87875
S05:E:record07:trial045,S05,A05E.mat,8b357470865610c28b2f1d351beac247a56a856f02b2859d650736eb2ef77808,E,7,4,44,88657,88656,89156,2,right_hand,0,True,,89281,89781
S05:E:record07:trial046,S05,A05E.mat,8b357470865610c28b2f1d351beac247a56a856f02b2859d650736eb2ef77808,E,7,4,45,90585,90584,91084,4,tongue,0,True,,91209,91709
S05:E:record07:trial047,S05,A05E.mat,8b357470865610c28b2f1d351beac247a56a856f02b2859d650736eb2ef77808,E,7,4,46,92699,92698,93198,2,right_hand,0,True,,93323,93823
S05:E:record07:trial048,S05,A05E.mat,8b357470865610c28b2f1d351beac247a56a856f02b2859d650736eb2ef77808,E,7,4,47,94758,94757,95257,3,feet,0,True,,95382,95882
S05:E:record08:trial001,S05,A05E.mat,8b357470865610c28b2f1d351beac247a56a856f02b2859d650736eb2ef77808,E,8,5,0,251,250,750,3,feet,0,True,,875,1375
S05:E:record08:trial002,S05,A05E.mat,8b357470865610c28b2f1d351beac247a56a856f02b2859d650736eb2ef77808,E,8,5,1,2254,2253,2753,1,left_hand,0,True,,2878,3378
S05:E:record08:trial003,S05,A05E.mat,8b357470865610c28b2f1d351beac247a56a856f02b2859d650736eb2ef77808,E,8,5,2,4172,4171,4671,4,tongue,0,True,,4796,5296
S05:E:record08:trial004,S05,A05E.mat,8b357470865610c28b2f1d351beac247a56a856f02b2859d650736eb2ef77808,E,8,5,3,6124,6123,6623,2,right_hand,0,True,,6748,7248
S05:E:record08:trial005,S05,A05E.mat,8b357470865610c28b2f1d351beac247a56a856f02b2859d650736eb2ef77808,E,8,5,4,8132,8131,8631,4,tongue,0,True,,8756,9256
S05:E:record08:trial006,S05,A05E.mat,8b357470865610c28b2f1d351beac247a56a856f02b2859d650736eb2ef77808,E,8,5,5,10243,10242,10742,1,left_hand,0,True,,10867,11367
S05:E:record08:trial007,S05,A05E.mat,8b357470865610c28b2f1d351beac247a56a856f02b2859d650736eb2ef77808,E,8,5,6,12160,12159,12659,1,left_hand,0,True,,12784,13284
S05:E:record08:trial008,S05,A05E.mat,8b357470865610c28b2f1d351beac247a56a856f02b2859d650736eb2ef77808,E,8,5,7,14210,14209,14709,3,feet,0,True,,14834,15334
S05:E:record08:trial009,S05,A05E.mat,8b357470865610c28b2f1d351beac247a56a856f02b2859d650736eb2ef77808,E,8,5,8,16141,16140,16640,3,feet,0,True,,16765,17265
S05:E:record08:trial010,S05,A05E.mat,8b357470865610c28b2f1d351beac247a56a856f02b2859d650736eb2ef77808,E,8,5,9,18139,18138,18638,2,right_hand,0,True,,18763,19263
S05:E:record08:trial011,S05,A05E.mat,8b357470865610c28b2f1d351beac247a56a856f02b2859d650736eb2ef77808,E,8,5,10,20045,20044,20544,4,tongue,0,True,,20669,21169
S05:E:record08:trial012,S05,A05E.mat,8b357470865610c28b2f1d351beac247a56a856f02b2859d650736eb2ef77808,E,8,5,11,21940,21939,22439,2,right_hand,0,True,,22564,23064
S05:E:record08:trial013,S05,A05E.mat,8b357470865610c28b2f1d351beac247a56a856f02b2859d650736eb2ef77808,E,8,5,12,23912,23911,24411,2,right_hand,0,True,,24536,25036
S05:E:record08:trial014,S05,A05E.mat,8b357470865610c28b2f1d351beac247a56a856f02b2859d650736eb2ef77808,E,8,5,13,25856,25855,26355,1,left_hand,0,True,,26480,26980
S05:E:record08:trial015,S05,A05E.mat,8b357470865610c28b2f1d351beac247a56a856f02b2859d650736eb2ef77808,E,8,5,14,27823,27822,28322,2,right_hand,0,True,,28447,28947
S05:E:record08:trial016,S05,A05E.mat,8b357470865610c28b2f1d351beac247a56a856f02b2859d650736eb2ef77808,E,8,5,15,29943,29942,30442,4,tongue,0,True,,30567,31067
S05:E:record08:trial017,S05,A05E.mat,8b357470865610c28b2f1d351beac247a56a856f02b2859d650736eb2ef77808,E,8,5,16,31951,31950,32450,4,tongue,0,True,,32575,33075
S05:E:record08:trial018,S05,A05E.mat,8b357470865610c28b2f1d351beac247a56a856f02b2859d650736eb2ef77808,E,8,5,17,34017,34016,34516,2,right_hand,0,True,,34641,35141
S05:E:record08:trial019,S05,A05E.mat,8b357470865610c28b2f1d351beac247a56a856f02b2859d650736eb2ef77808,E,8,5,18,36053,36052,36552,2,right_hand,0,True,,36677,37177
S05:E:record08:trial020,S05,A05E.mat,8b357470865610c28b2f1d351beac247a56a856f02b2859d650736eb2ef77808,E,8,5,19,38119,38118,38618,2,right_hand,0,True,,38743,39243
S05:E:record08:trial021,S05,A05E.mat,8b357470865610c28b2f1d351beac247a56a856f02b2859d650736eb2ef77808,E,8,5,20,40189,40188,40688,2,right_hand,0,True,,40813,41313
S05:E:record08:trial022,S05,A05E.mat,8b357470865610c28b2f1d351beac247a56a856f02b2859d650736eb2ef77808,E,8,5,21,42269,42268,42768,4,tongue,0,True,,42893,43393
S05:E:record08:trial023,S05,A05E.mat,8b357470865610c28b2f1d351beac247a56a856f02b2859d650736eb2ef77808,E,8,5,22,44181,44180,44680,4,tongue,0,True,,44805,45305
S05:E:record08:trial024,S05,A05E.mat,8b357470865610c28b2f1d351beac247a56a856f02b2859d650736eb2ef77808,E,8,5,23,46212,46211,46711,3,feet,0,True,,46836,47336
S05:E:record08:trial025,S05,A05E.mat,8b357470865610c28b2f1d351beac247a56a856f02b2859d650736eb2ef77808,E,8,5,24,48165,48164,48664,4,tongue,0,True,,48789,49289
S05:E:record08:trial026,S05,A05E.mat,8b357470865610c28b2f1d351beac247a56a856f02b2859d650736eb2ef77808,E,8,5,25,50126,50125,50625,1,left_hand,0,True,,50750,51250
S05:E:record08:trial027,S05,A05E.mat,8b357470865610c28b2f1d351beac247a56a856f02b2859d650736eb2ef77808,E,8,5,26,52230,52229,52729,2,right_hand,0,True,,52854,53354
S05:E:record08:trial028,S05,A05E.mat,8b357470865610c28b2f1d351beac247a56a856f02b2859d650736eb2ef77808,E,8,5,27,54234,54233,54733,3,feet,0,True,,54858,55358
S05:E:record08:trial029,S05,A05E.mat,8b357470865610c28b2f1d351beac247a56a856f02b2859d650736eb2ef77808,E,8,5,28,56209,56208,56708,2,right_hand,0,True,,56833,57333
S05:E:record08:trial030,S05,A05E.mat,8b357470865610c28b2f1d351beac247a56a856f02b2859d650736eb2ef77808,E,8,5,29,58235,58234,58734,1,left_hand,0,True,,58859,59359
S05:E:record08:trial031,S05,A05E.mat,8b357470865610c28b2f1d351beac247a56a856f02b2859d650736eb2ef77808,E,8,5,30,60306,60305,60805,4,tongue,0,True,,60930,61430
S05:E:record08:trial032,S05,A05E.mat,8b357470865610c28b2f1d351beac247a56a856f02b2859d650736eb2ef77808,E,8,5,31,62413,62412,62912,1,left_hand,0,True,,63037,63537
S05:E:record08:trial033,S05,A05E.mat,8b357470865610c28b2f1d351beac247a56a856f02b2859d650736eb2ef77808,E,8,5,32,64505,64504,65004,4,tongue,0,True,,65129,65629
S05:E:record08:trial034,S05,A05E.mat,8b357470865610c28b2f1d351beac247a56a856f02b2859d650736eb2ef77808,E,8,5,33,66596,66595,67095,1,left_hand,0,True,,67220,67720
S05:E:record08:trial035,S05,A05E.mat,8b357470865610c28b2f1d351beac247a56a856f02b2859d650736eb2ef77808,E,8,5,34,68639,68638,69138,1,left_hand,0,True,,69263,69763
S05:E:record08:trial036,S05,A05E.mat,8b357470865610c28b2f1d351beac247a56a856f02b2859d650736eb2ef77808,E,8,5,35,70703,70702,71202,1,left_hand,0,True,,71327,71827
S05:E:record08:trial037,S05,A05E.mat,8b357470865610c28b2f1d351beac247a56a856f02b2859d650736eb2ef77808,E,8,5,36,72723,72722,73222,1,left_hand,0,True,,73347,73847
S05:E:record08:trial038,S05,A05E.mat,8b357470865610c28b2f1d351beac247a56a856f02b2859d650736eb2ef77808,E,8,5,37,74695,74694,75194,3,feet,0,True,,75319,75819
S05:E:record08:trial039,S05,A05E.mat,8b357470865610c28b2f1d351beac247a56a856f02b2859d650736eb2ef77808,E,8,5,38,76658,76657,77157,3,feet,0,True,,77282,77782
S05:E:record08:trial040,S05,A05E.mat,8b357470865610c28b2f1d351beac247a56a856f02b2859d650736eb2ef77808,E,8,5,39,78583,78582,79082,4,tongue,0,True,,79207,79707
S05:E:record08:trial041,S05,A05E.mat,8b357470865610c28b2f1d351beac247a56a856f02b2859d650736eb2ef77808,E,8,5,40,80664,80663,81163,2,right_hand,0,True,,81288,81788
S05:E:record08:trial042,S05,A05E.mat,8b357470865610c28b2f1d351beac247a56a856f02b2859d650736eb2ef77808,E,8,5,41,82642,82641,83141,3,feet,0,True,,83266,83766
S05:E:record08:trial043,S05,A05E.mat,8b357470865610c28b2f1d351beac247a56a856f02b2859d650736eb2ef77808,E,8,5,42,84632,84631,85131,3,feet,0,True,,85256,85756
S05:E:record08:trial044,S05,A05E.mat,8b357470865610c28b2f1d351beac247a56a856f02b2859d650736eb2ef77808,E,8,5,43,86751,86750,87250,3,feet,0,True,,87375,87875
S05:E:record08:trial045,S05,A05E.mat,8b357470865610c28b2f1d351beac247a56a856f02b2859d650736eb2ef77808,E,8,5,44,88657,88656,89156,4,tongue,0,True,,89281,89781
S05:E:record08:trial046,S05,A05E.mat,8b357470865610c28b2f1d351beac247a56a856f02b2859d650736eb2ef77808,E,8,5,45,90585,90584,91084,3,feet,0,True,,91209,91709
S05:E:record08:trial047,S05,A05E.mat,8b357470865610c28b2f1d351beac247a56a856f02b2859d650736eb2ef77808,E,8,5,46,92699,92698,93198,1,left_hand,0,True,,93323,93823
S05:E:record08:trial048,S05,A05E.mat,8b357470865610c28b2f1d351beac247a56a856f02b2859d650736eb2ef77808,E,8,5,47,94758,94757,95257,3,feet,0,True,,95382,95882
S06:T:record03:trial001,S06,A06T.mat,4dc3be1b0d60279134d1220323c73c68cf73799339a7fb224087a3c560a9a7e2,T,3,0,0,251,250,750,4,tongue,0,True,,875,1375
S06:T:record03:trial002,S06,A06T.mat,4dc3be1b0d60279134d1220323c73c68cf73799339a7fb224087a3c560a9a7e2,T,3,0,1,2254,2253,2753,2,right_hand,0,True,,2878,3378
S06:T:record03:trial003,S06,A06T.mat,4dc3be1b0d60279134d1220323c73c68cf73799339a7fb224087a3c560a9a7e2,T,3,0,2,4172,4171,4671,2,right_hand,0,True,,4796,5296
S06:T:record03:trial004,S06,A06T.mat,4dc3be1b0d60279134d1220323c73c68cf73799339a7fb224087a3c560a9a7e2,T,3,0,3,6124,6123,6623,1,left_hand,0,True,,6748,7248
S06:T:record03:trial005,S06,A06T.mat,4dc3be1b0d60279134d1220323c73c68cf73799339a7fb224087a3c560a9a7e2,T,3,0,4,8132,8131,8631,4,tongue,0,True,,8756,9256
S06:T:record03:trial006,S06,A06T.mat,4dc3be1b0d60279134d1220323c73c68cf73799339a7fb224087a3c560a9a7e2,T,3,0,5,10243,10242,10742,4,tongue,0,True,,10867,11367
S06:T:record03:trial007,S06,A06T.mat,4dc3be1b0d60279134d1220323c73c68cf73799339a7fb224087a3c560a9a7e2,T,3,0,6,12160,12159,12659,3,feet,0,True,,12784,13284
S06:T:record03:trial008,S06,A06T.mat,4dc3be1b0d60279134d1220323c73c68cf73799339a7fb224087a3c560a9a7e2,T,3,0,7,14210,14209,14709,2,right_hand,0,True,,14834,15334
S06:T:record03:trial009,S06,A06T.mat,4dc3be1b0d60279134d1220323c73c68cf73799339a7fb224087a3c560a9a7e2,T,3,0,8,16141,16140,16640,3,feet,0,True,,16765,17265
S06:T:record03:trial010,S06,A06T.mat,4dc3be1b0d60279134d1220323c73c68cf73799339a7fb224087a3c560a9a7e2,T,3,0,9,18139,18138,18638,1,left_hand,0,True,,18763,19263
S06:T:record03:trial011,S06,A06T.mat,4dc3be1b0d60279134d1220323c73c68cf73799339a7fb224087a3c560a9a7e2,T,3,0,10,20045,20044,20544,1,left_hand,0,True,,20669,21169
S06:T:record03:trial012,S06,A06T.mat,4dc3be1b0d60279134d1220323c73c68cf73799339a7fb224087a3c560a9a7e2,T,3,0,11,21940,21939,22439,2,right_hand,0,True,,22564,23064
S06:T:record03:trial013,S06,A06T.mat,4dc3be1b0d60279134d1220323c73c68cf73799339a7fb224087a3c560a9a7e2,T,3,0,12,23912,23911,24411,4,tongue,0,True,,24536,25036
S06:T:record03:trial014,S06,A06T.mat,4dc3be1b0d60279134d1220323c73c68cf73799339a7fb224087a3c560a9a7e2,T,3,0,13,25856,25855,26355,4,tongue,0,True,,26480,26980
S06:T:record03:trial015,S06,A06T.mat,4dc3be1b0d60279134d1220323c73c68cf73799339a7fb224087a3c560a9a7e2,T,3,0,14,27823,27822,28322,2,right_hand,0,True,,28447,28947
S06:T:record03:trial016,S06,A06T.mat,4dc3be1b0d60279134d1220323c73c68cf73799339a7fb224087a3c560a9a7e2,T,3,0,15,29943,29942,30442,4,tongue,0,True,,30567,31067
S06:T:record03:trial017,S06,A06T.mat,4dc3be1b0d60279134d1220323c73c68cf73799339a7fb224087a3c560a9a7e2,T,3,0,16,31951,31950,32450,3,feet,0,True,,32575,33075
S06:T:record03:trial018,S06,A06T.mat,4dc3be1b0d60279134d1220323c73c68cf73799339a7fb224087a3c560a9a7e2,T,3,0,17,34017,34016,34516,3,feet,0,True,,34641,35141
S06:T:record03:trial019,S06,A06T.mat,4dc3be1b0d60279134d1220323c73c68cf73799339a7fb224087a3c560a9a7e2,T,3,0,18,36053,36052,36552,3,feet,0,True,,36677,37177
S06:T:record03:trial020,S06,A06T.mat,4dc3be1b0d60279134d1220323c73c68cf73799339a7fb224087a3c560a9a7e2,T,3,0,19,38119,38118,38618,1,left_hand,0,True,,38743,39243
S06:T:record03:trial021,S06,A06T.mat,4dc3be1b0d60279134d1220323c73c68cf73799339a7fb224087a3c560a9a7e2,T,3,0,20,40189,40188,40688,3,feet,0,True,,40813,41313
S06:T:record03:trial022,S06,A06T.mat,4dc3be1b0d60279134d1220323c73c68cf73799339a7fb224087a3c560a9a7e2,T,3,0,21,42269,42268,42768,1,left_hand,0,True,,42893,43393
S06:T:record03:trial023,S06,A06T.mat,4dc3be1b0d60279134d1220323c73c68cf73799339a7fb224087a3c560a9a7e2,T,3,0,22,44181,44180,44680,3,feet,0,True,,44805,45305
S06:T:record03:trial024,S06,A06T.mat,4dc3be1b0d60279134d1220323c73c68cf73799339a7fb224087a3c560a9a7e2,T,3,0,23,46212,46211,46711,3,feet,0,True,,46836,47336
S06:T:record03:trial025,S06,A06T.mat,4dc3be1b0d60279134d1220323c73c68cf73799339a7fb224087a3c560a9a7e2,T,3,0,24,48165,48164,48664,1,left_hand,0,True,,48789,49289
S06:T:record03:trial026,S06,A06T.mat,4dc3be1b0d60279134d1220323c73c68cf73799339a7fb224087a3c560a9a7e2,T,3,0,25,50126,50125,50625,1,left_hand,0,True,,50750,51250
S06:T:record03:trial027,S06,A06T.mat,4dc3be1b0d60279134d1220323c73c68cf73799339a7fb224087a3c560a9a7e2,T,3,0,26,52230,52229,52729,2,right_hand,0,True,,52854,53354
S06:T:record03:trial028,S06,A06T.mat,4dc3be1b0d60279134d1220323c73c68cf73799339a7fb224087a3c560a9a7e2,T,3,0,27,54234,54233,54733,2,right_hand,0,True,,54858,55358
S06:T:record03:trial029,S06,A06T.mat,4dc3be1b0d60279134d1220323c73c68cf73799339a7fb224087a3c560a9a7e2,T,3,0,28,56209,56208,56708,1,left_hand,0,True,,56833,57333
S06:T:record03:trial030,S06,A06T.mat,4dc3be1b0d60279134d1220323c73c68cf73799339a7fb224087a3c560a9a7e2,T,3,0,29,58235,58234,58734,3,feet,0,True,,58859,59359
S06:T:record03:trial031,S06,A06T.mat,4dc3be1b0d60279134d1220323c73c68cf73799339a7fb224087a3c560a9a7e2,T,3,0,30,60306,60305,60805,2,right_hand,0,True,,60930,61430
S06:T:record03:trial032,S06,A06T.mat,4dc3be1b0d60279134d1220323c73c68cf73799339a7fb224087a3c560a9a7e2,T,3,0,31,62413,62412,62912,4,tongue,0,True,,63037,63537
S06:T:record03:trial033,S06,A06T.mat,4dc3be1b0d60279134d1220323c73c68cf73799339a7fb224087a3c560a9a7e2,T,3,0,32,64505,64504,65004,4,tongue,0,True,,65129,65629
S06:T:record03:trial034,S06,A06T.mat,4dc3be1b0d60279134d1220323c73c68cf73799339a7fb224087a3c560a9a7e2,T,3,0,33,66596,66595,67095,1,left_hand,0,True,,67220,67720
S06:T:record03:trial035,S06,A06T.mat,4dc3be1b0d60279134d1220323c73c68cf73799339a7fb224087a3c560a9a7e2,T,3,0,34,68639,68638,69138,4,tongue,1,False,organizer_artifact_flag,69263,69763
S06:T:record03:trial036,S06,A06T.mat,4dc3be1b0d60279134d1220323c73c68cf73799339a7fb224087a3c560a9a7e2,T,3,0,35,70703,70702,71202,1,left_hand,0,True,,71327,71827
S06:T:record03:trial037,S06,A06T.mat,4dc3be1b0d60279134d1220323c73c68cf73799339a7fb224087a3c560a9a7e2,T,3,0,36,72723,72722,73222,4,tongue,0,True,,73347,73847
S06:T:record03:trial038,S06,A06T.mat,4dc3be1b0d60279134d1220323c73c68cf73799339a7fb224087a3c560a9a7e2,T,3,0,37,74695,74694,75194,2,right_hand,1,False,organizer_artifact_flag,75319,75819
S06:T:record03:trial039,S06,A06T.mat,4dc3be1b0d60279134d1220323c73c68cf73799339a7fb224087a3c560a9a7e2,T,3,0,38,76658,76657,77157,3,feet,1,False,organizer_artifact_flag,77282,77782
S06:T:record03:trial040,S06,A06T.mat,4dc3be1b0d60279134d1220323c73c68cf73799339a7fb224087a3c560a9a7e2,T,3,0,39,78583,78582,79082,4,tongue,0,True,,79207,79707
S06:T:record03:trial041,S06,A06T.mat,4dc3be1b0d60279134d1220323c73c68cf73799339a7fb224087a3c560a9a7e2,T,3,0,40,80664,80663,81163,2,right_hand,0,True,,81288,81788
S06:T:record03:trial042,S06,A06T.mat,4dc3be1b0d60279134d1220323c73c68cf73799339a7fb224087a3c560a9a7e2,T,3,0,41,82642,82641,83141,3,feet,0,True,,83266,83766
S06:T:record03:trial043,S06,A06T.mat,4dc3be1b0d60279134d1220323c73c68cf73799339a7fb224087a3c560a9a7e2,T,3,0,42,84632,84631,85131,2,right_hand,0,True,,85256,85756
S06:T:record03:trial044,S06,A06T.mat,4dc3be1b0d60279134d1220323c73c68cf73799339a7fb224087a3c560a9a7e2,T,3,0,43,86751,86750,87250,3,feet,0,True,,87375,87875
S06:T:record03:trial045,S06,A06T.mat,4dc3be1b0d60279134d1220323c73c68cf73799339a7fb224087a3c560a9a7e2,T,3,0,44,88657,88656,89156,1,left_hand,0,True,,89281,89781
S06:T:record03:trial046,S06,A06T.mat,4dc3be1b0d60279134d1220323c73c68cf73799339a7fb224087a3c560a9a7e2,T,3,0,45,90585,90584,91084,2,right_hand,1,False,organizer_artifact_flag,91209,91709
S06:T:record03:trial047,S06,A06T.mat,4dc3be1b0d60279134d1220323c73c68cf73799339a7fb224087a3c560a9a7e2,T,3,0,46,92699,92698,93198,4,tongue,1,False,organizer_artifact_flag,93323,93823
S06:T:record03:trial048,S06,A06T.mat,4dc3be1b0d60279134d1220323c73c68cf73799339a7fb224087a3c560a9a7e2,T,3,0,47,94758,94757,95257,1,left_hand,0,True,,95382,95882
S06:T:record04:trial001,S06,A06T.mat,4dc3be1b0d60279134d1220323c73c68cf73799339a7fb224087a3c560a9a7e2,T,4,1,0,251,250,750,3,feet,1,False,organizer_artifact_flag,875,1375
S06:T:record04:trial002,S06,A06T.mat,4dc3be1b0d60279134d1220323c73c68cf73799339a7fb224087a3c560a9a7e2,T,4,1,1,2254,2253,2753,1,left_hand,0,True,,2878,3378
S06:T:record04:trial003,S06,A06T.mat,4dc3be1b0d60279134d1220323c73c68cf73799339a7fb224087a3c560a9a7e2,T,4,1,2,4172,4171,4671,1,left_hand,1,False,organizer_artifact_flag,4796,5296
S06:T:record04:trial004,S06,A06T.mat,4dc3be1b0d60279134d1220323c73c68cf73799339a7fb224087a3c560a9a7e2,T,4,1,3,6124,6123,6623,4,tongue,0,True,,6748,7248
S06:T:record04:trial005,S06,A06T.mat,4dc3be1b0d60279134d1220323c73c68cf73799339a7fb224087a3c560a9a7e2,T,4,1,4,8132,8131,8631,1,left_hand,0,True,,8756,9256
S06:T:record04:trial006,S06,A06T.mat,4dc3be1b0d60279134d1220323c73c68cf73799339a7fb224087a3c560a9a7e2,T,4,1,5,10243,10242,10742,4,tongue,0,True,,10867,11367
S06:T:record04:trial007,S06,A06T.mat,4dc3be1b0d60279134d1220323c73c68cf73799339a7fb224087a3c560a9a7e2,T,4,1,6,12160,12159,12659,4,tongue,0,True,,12784,13284
S06:T:record04:trial008,S06,A06T.mat,4dc3be1b0d60279134d1220323c73c68cf73799339a7fb224087a3c560a9a7e2,T,4,1,7,14210,14209,14709,2,right_hand,0,True,,14834,15334
S06:T:record04:trial009,S06,A06T.mat,4dc3be1b0d60279134d1220323c73c68cf73799339a7fb224087a3c560a9a7e2,T,4,1,8,16141,16140,16640,4,tongue,0,True,,16765,17265
S06:T:record04:trial010,S06,A06T.mat,4dc3be1b0d60279134d1220323c73c68cf73799339a7fb224087a3c560a9a7e2,T,4,1,9,18139,18138,18638,2,right_hand,1,False,organizer_artifact_flag,18763,19263
S06:T:record04:trial011,S06,A06T.mat,4dc3be1b0d60279134d1220323c73c68cf73799339a7fb224087a3c560a9a7e2,T,4,1,10,20045,20044,20544,4,tongue,0,True,,20669,21169
S06:T:record04:trial012,S06,A06T.mat,4dc3be1b0d60279134d1220323c73c68cf73799339a7fb224087a3c560a9a7e2,T,4,1,11,21940,21939,22439,3,feet,0,True,,22564,23064
S06:T:record04:trial013,S06,A06T.mat,4dc3be1b0d60279134d1220323c73c68cf73799339a7fb224087a3c560a9a7e2,T,4,1,12,23912,23911,24411,1,left_hand,0,True,,24536,25036
S06:T:record04:trial014,S06,A06T.mat,4dc3be1b0d60279134d1220323c73c68cf73799339a7fb224087a3c560a9a7e2,T,4,1,13,25856,25855,26355,2,right_hand,0,True,,26480,26980
S06:T:record04:trial015,S06,A06T.mat,4dc3be1b0d60279134d1220323c73c68cf73799339a7fb224087a3c560a9a7e2,T,4,1,14,27823,27822,28322,3,feet,0,True,,28447,28947
S06:T:record04:trial016,S06,A06T.mat,4dc3be1b0d60279134d1220323c73c68cf73799339a7fb224087a3c560a9a7e2,T,4,1,15,29943,29942,30442,1,left_hand,0,True,,30567,31067
S06:T:record04:trial017,S06,A06T.mat,4dc3be1b0d60279134d1220323c73c68cf73799339a7fb224087a3c560a9a7e2,T,4,1,16,31951,31950,32450,1,left_hand,0,True,,32575,33075
S06:T:record04:trial018,S06,A06T.mat,4dc3be1b0d60279134d1220323c73c68cf73799339a7fb224087a3c560a9a7e2,T,4,1,17,34017,34016,34516,4,tongue,1,False,organizer_artifact_flag,34641,35141
S06:T:record04:trial019,S06,A06T.mat,4dc3be1b0d60279134d1220323c73c68cf73799339a7fb224087a3c560a9a7e2,T,4,1,18,36053,36052,36552,4,tongue,0,True,,36677,37177
S06:T:record04:trial020,S06,A06T.mat,4dc3be1b0d60279134d1220323c73c68cf73799339a7fb224087a3c560a9a7e2,T,4,1,19,38119,38118,38618,2,right_hand,0,True,,38743,39243
S06:T:record04:trial021,S06,A06T.mat,4dc3be1b0d60279134d1220323c73c68cf73799339a7fb224087a3c560a9a7e2,T,4,1,20,40189,40188,40688,1,left_hand,0,True,,40813,41313
S06:T:record04:trial022,S06,A06T.mat,4dc3be1b0d60279134d1220323c73c68cf73799339a7fb224087a3c560a9a7e2,T,4,1,21,42269,42268,42768,3,feet,0,True,,42893,43393
S06:T:record04:trial023,S06,A06T.mat,4dc3be1b0d60279134d1220323c73c68cf73799339a7fb224087a3c560a9a7e2,T,4,1,22,44181,44180,44680,4,tongue,0,True,,44805,45305
S06:T:record04:trial024,S06,A06T.mat,4dc3be1b0d60279134d1220323c73c68cf73799339a7fb224087a3c560a9a7e2,T,4,1,23,46212,46211,46711,4,tongue,0,True,,46836,47336
S06:T:record04:trial025,S06,A06T.mat,4dc3be1b0d60279134d1220323c73c68cf73799339a7fb224087a3c560a9a7e2,T,4,1,24,48165,48164,48664,4,tongue,0,True,,48789,49289
S06:T:record04:trial026,S06,A06T.mat,4dc3be1b0d60279134d1220323c73c68cf73799339a7fb224087a3c560a9a7e2,T,4,1,25,50126,50125,50625,3,feet,0,True,,50750,51250
S06:T:record04:trial027,S06,A06T.mat,4dc3be1b0d60279134d1220323c73c68cf73799339a7fb224087a3c560a9a7e2,T,4,1,26,52230,52229,52729,3,feet,1,False,organizer_artifact_flag,52854,53354
S06:T:record04:trial028,S06,A06T.mat,4dc3be1b0d60279134d1220323c73c68cf73799339a7fb224087a3c560a9a7e2,T,4,1,27,54234,54233,54733,3,feet,1,False,organizer_artifact_flag,54858,55358
S06:T:record04:trial029,S06,A06T.mat,4dc3be1b0d60279134d1220323c73c68cf73799339a7fb224087a3c560a9a7e2,T,4,1,28,56209,56208,56708,1,left_hand,0,True,,56833,57333
S06:T:record04:trial030,S06,A06T.mat,4dc3be1b0d60279134d1220323c73c68cf73799339a7fb224087a3c560a9a7e2,T,4,1,29,58235,58234,58734,2,right_hand,1,False,organizer_artifact_flag,58859,59359
S06:T:record04:trial031,S06,A06T.mat,4dc3be1b0d60279134d1220323c73c68cf73799339a7fb224087a3c560a9a7e2,T,4,1,30,60306,60305,60805,2,right_hand,0,True,,60930,61430
S06:T:record04:trial032,S06,A06T.mat,4dc3be1b0d60279134d1220323c73c68cf73799339a7fb224087a3c560a9a7e2,T,4,1,31,62413,62412,62912,2,right_hand,0,True,,63037,63537
S06:T:record04:trial033,S06,A06T.mat,4dc3be1b0d60279134d1220323c73c68cf73799339a7fb224087a3c560a9a7e2,T,4,1,32,64505,64504,65004,3,feet,0,True,,65129,65629
S06:T:record04:trial034,S06,A06T.mat,4dc3be1b0d60279134d1220323c73c68cf73799339a7fb224087a3c560a9a7e2,T,4,1,33,66596,66595,67095,3,feet,1,False,organizer_artifact_flag,67220,67720
S06:T:record04:trial035,S06,A06T.mat,4dc3be1b0d60279134d1220323c73c68cf73799339a7fb224087a3c560a9a7e2,T,4,1,34,68639,68638,69138,2,right_hand,0,True,,69263,69763
S06:T:record04:trial036,S06,A06T.mat,4dc3be1b0d60279134d1220323c73c68cf73799339a7fb224087a3c560a9a7e2,T,4,1,35,70703,70702,71202,3,feet,1,False,organizer_artifact_flag,71327,71827
S06:T:record04:trial037,S06,A06T.mat,4dc3be1b0d60279134d1220323c73c68cf73799339a7fb224087a3c560a9a7e2,T,4,1,36,72723,72722,73222,1,left_hand,0,True,,73347,73847
S06:T:record04:trial038,S06,A06T.mat,4dc3be1b0d60279134d1220323c73c68cf73799339a7fb224087a3c560a9a7e2,T,4,1,37,74695,74694,75194,3,feet,0,True,,75319,75819
S06:T:record04:trial039,S06,A06T.mat,4dc3be1b0d60279134d1220323c73c68cf73799339a7fb224087a3c560a9a7e2,T,4,1,38,76658,76657,77157,3,feet,1,False,organizer_artifact_flag,77282,77782
S06:T:record04:trial040,S06,A06T.mat,4dc3be1b0d60279134d1220323c73c68cf73799339a7fb224087a3c560a9a7e2,T,4,1,39,78583,78582,79082,2,right_hand,0,True,,79207,79707
S06:T:record04:trial041,S06,A06T.mat,4dc3be1b0d60279134d1220323c73c68cf73799339a7fb224087a3c560a9a7e2,T,4,1,40,80664,80663,81163,2,right_hand,0,True,,81288,81788
S06:T:record04:trial042,S06,A06T.mat,4dc3be1b0d60279134d1220323c73c68cf73799339a7fb224087a3c560a9a7e2,T,4,1,41,82642,82641,83141,1,left_hand,1,False,organizer_artifact_flag,83266,83766
S06:T:record04:trial043,S06,A06T.mat,4dc3be1b0d60279134d1220323c73c68cf73799339a7fb224087a3c560a9a7e2,T,4,1,42,84632,84631,85131,2,right_hand,0,True,,85256,85756
S06:T:record04:trial044,S06,A06T.mat,4dc3be1b0d60279134d1220323c73c68cf73799339a7fb224087a3c560a9a7e2,T,4,1,43,86751,86750,87250,1,left_hand,1,False,organizer_artifact_flag,87375,87875
S06:T:record04:trial045,S06,A06T.mat,4dc3be1b0d60279134d1220323c73c68cf73799339a7fb224087a3c560a9a7e2,T,4,1,44,88657,88656,89156,1,left_hand,1,False,organizer_artifact_flag,89281,89781
S06:T:record04:trial046,S06,A06T.mat,4dc3be1b0d60279134d1220323c73c68cf73799339a7fb224087a3c560a9a7e2,T,4,1,45,90585,90584,91084,4,tongue,1,False,organizer_artifact_flag,91209,91709
S06:T:record04:trial047,S06,A06T.mat,4dc3be1b0d60279134d1220323c73c68cf73799339a7fb224087a3c560a9a7e2,T,4,1,46,92699,92698,93198,4,tongue,0,True,,93323,93823
S06:T:record04:trial048,S06,A06T.mat,4dc3be1b0d60279134d1220323c73c68cf73799339a7fb224087a3c560a9a7e2,T,4,1,47,94758,94757,95257,2,right_hand,1,False,organizer_artifact_flag,95382,95882
S06:T:record05:trial001,S06,A06T.mat,4dc3be1b0d60279134d1220323c73c68cf73799339a7fb224087a3c560a9a7e2,T,5,2,0,251,250,750,2,right_hand,1,False,organizer_artifact_flag,875,1375
S06:T:record05:trial002,S06,A06T.mat,4dc3be1b0d60279134d1220323c73c68cf73799339a7fb224087a3c560a9a7e2,T,5,2,1,2254,2253,2753,4,tongue,1,False,organizer_artifact_flag,2878,3378
S06:T:record05:trial003,S06,A06T.mat,4dc3be1b0d60279134d1220323c73c68cf73799339a7fb224087a3c560a9a7e2,T,5,2,2,4172,4171,4671,1,left_hand,0,True,,4796,5296
S06:T:record05:trial004,S06,A06T.mat,4dc3be1b0d60279134d1220323c73c68cf73799339a7fb224087a3c560a9a7e2,T,5,2,3,6124,6123,6623,4,tongue,0,True,,6748,7248
S06:T:record05:trial005,S06,A06T.mat,4dc3be1b0d60279134d1220323c73c68cf73799339a7fb224087a3c560a9a7e2,T,5,2,4,8132,8131,8631,2,right_hand,0,True,,8756,9256
S06:T:record05:trial006,S06,A06T.mat,4dc3be1b0d60279134d1220323c73c68cf73799339a7fb224087a3c560a9a7e2,T,5,2,5,10243,10242,10742,4,tongue,0,True,,10867,11367
S06:T:record05:trial007,S06,A06T.mat,4dc3be1b0d60279134d1220323c73c68cf73799339a7fb224087a3c560a9a7e2,T,5,2,6,12160,12159,12659,1,left_hand,0,True,,12784,13284
S06:T:record05:trial008,S06,A06T.mat,4dc3be1b0d60279134d1220323c73c68cf73799339a7fb224087a3c560a9a7e2,T,5,2,7,14210,14209,14709,2,right_hand,0,True,,14834,15334
S06:T:record05:trial009,S06,A06T.mat,4dc3be1b0d60279134d1220323c73c68cf73799339a7fb224087a3c560a9a7e2,T,5,2,8,16141,16140,16640,4,tongue,0,True,,16765,17265
S06:T:record05:trial010,S06,A06T.mat,4dc3be1b0d60279134d1220323c73c68cf73799339a7fb224087a3c560a9a7e2,T,5,2,9,18139,18138,18638,4,tongue,1,False,organizer_artifact_flag,18763,19263
S06:T:record05:trial011,S06,A06T.mat,4dc3be1b0d60279134d1220323c73c68cf73799339a7fb224087a3c560a9a7e2,T,5,2,10,20045,20044,20544,2,right_hand,0,True,,20669,21169
S06:T:record05:trial012,S06,A06T.mat,4dc3be1b0d60279134d1220323c73c68cf73799339a7fb224087a3c560a9a7e2,T,5,2,11,21940,21939,22439,3,feet,0,True,,22564,23064
S06:T:record05:trial013,S06,A06T.mat,4dc3be1b0d60279134d1220323c73c68cf73799339a7fb224087a3c560a9a7e2,T,5,2,12,23912,23911,24411,2,right_hand,0,True,,24536,25036
S06:T:record05:trial014,S06,A06T.mat,4dc3be1b0d60279134d1220323c73c68cf73799339a7fb224087a3c560a9a7e2,T,5,2,13,25856,25855,26355,1,left_hand,0,True,,26480,26980
S06:T:record05:trial015,S06,A06T.mat,4dc3be1b0d60279134d1220323c73c68cf73799339a7fb224087a3c560a9a7e2,T,5,2,14,27823,27822,28322,1,left_hand,0,True,,28447,28947
S06:T:record05:trial016,S06,A06T.mat,4dc3be1b0d60279134d1220323c73c68cf73799339a7fb224087a3c560a9a7e2,T,5,2,15,29943,29942,30442,2,right_hand,0,True,,30567,31067
S06:T:record05:trial017,S06,A06T.mat,4dc3be1b0d60279134d1220323c73c68cf73799339a7fb224087a3c560a9a7e2,T,5,2,16,31951,31950,32450,4,tongue,0,True,,32575,33075
S06:T:record05:trial018,S06,A06T.mat,4dc3be1b0d60279134d1220323c73c68cf73799339a7fb224087a3c560a9a7e2,T,5,2,17,34017,34016,34516,1,left_hand,0,True,,34641,35141
S06:T:record05:trial019,S06,A06T.mat,4dc3be1b0d60279134d1220323c73c68cf73799339a7fb224087a3c560a9a7e2,T,5,2,18,36053,36052,36552,4,tongue,0,True,,36677,37177
S06:T:record05:trial020,S06,A06T.mat,4dc3be1b0d60279134d1220323c73c68cf73799339a7fb224087a3c560a9a7e2,T,5,2,19,38119,38118,38618,2,right_hand,0,True,,38743,39243
S06:T:record05:trial021,S06,A06T.mat,4dc3be1b0d60279134d1220323c73c68cf73799339a7fb224087a3c560a9a7e2,T,5,2,20,40189,40188,40688,1,left_hand,0,True,,40813,41313
S06:T:record05:trial022,S06,A06T.mat,4dc3be1b0d60279134d1220323c73c68cf73799339a7fb224087a3c560a9a7e2,T,5,2,21,42269,42268,42768,3,feet,0,True,,42893,43393
S06:T:record05:trial023,S06,A06T.mat,4dc3be1b0d60279134d1220323c73c68cf73799339a7fb224087a3c560a9a7e2,T,5,2,22,44181,44180,44680,3,feet,0,True,,44805,45305
S06:T:record05:trial024,S06,A06T.mat,4dc3be1b0d60279134d1220323c73c68cf73799339a7fb224087a3c560a9a7e2,T,5,2,23,46212,46211,46711,1,left_hand,0,True,,46836,47336
S06:T:record05:trial025,S06,A06T.mat,4dc3be1b0d60279134d1220323c73c68cf73799339a7fb224087a3c560a9a7e2,T,5,2,24,48165,48164,48664,2,right_hand,0,True,,48789,49289
S06:T:record05:trial026,S06,A06T.mat,4dc3be1b0d60279134d1220323c73c68cf73799339a7fb224087a3c560a9a7e2,T,5,2,25,50126,50125,50625,4,tongue,1,False,organizer_artifact_flag,50750,51250
S06:T:record05:trial027,S06,A06T.mat,4dc3be1b0d60279134d1220323c73c68cf73799339a7fb224087a3c560a9a7e2,T,5,2,26,52230,52229,52729,3,feet,0,True,,52854,53354
S06:T:record05:trial028,S06,A06T.mat,4dc3be1b0d60279134d1220323c73c68cf73799339a7fb224087a3c560a9a7e2,T,5,2,27,54234,54233,54733,3,feet,0,True,,54858,55358
S06:T:record05:trial029,S06,A06T.mat,4dc3be1b0d60279134d1220323c73c68cf73799339a7fb224087a3c560a9a7e2,T,5,2,28,56209,56208,56708,3,feet,1,False,organizer_artifact_flag,56833,57333
S06:T:record05:trial030,S06,A06T.mat,4dc3be1b0d60279134d1220323c73c68cf73799339a7fb224087a3c560a9a7e2,T,5,2,29,58235,58234,58734,3,feet,0,True,,58859,59359
S06:T:record05:trial031,S06,A06T.mat,4dc3be1b0d60279134d1220323c73c68cf73799339a7fb224087a3c560a9a7e2,T,5,2,30,60306,60305,60805,1,left_hand,0,True,,60930,61430
S06:T:record05:trial032,S06,A06T.mat,4dc3be1b0d60279134d1220323c73c68cf73799339a7fb224087a3c560a9a7e2,T,5,2,31,62413,62412,62912,3,feet,1,False,organizer_artifact_flag,63037,63537
S06:T:record05:trial033,S06,A06T.mat,4dc3be1b0d60279134d1220323c73c68cf73799339a7fb224087a3c560a9a7e2,T,5,2,32,64505,64504,65004,4,tongue,1,False,organizer_artifact_flag,65129,65629
S06:T:record05:trial034,S06,A06T.mat,4dc3be1b0d60279134d1220323c73c68cf73799339a7fb224087a3c560a9a7e2,T,5,2,33,66596,66595,67095,3,feet,0,True,,67220,67720
S06:T:record05:trial035,S06,A06T.mat,4dc3be1b0d60279134d1220323c73c68cf73799339a7fb224087a3c560a9a7e2,T,5,2,34,68639,68638,69138,1,left_hand,0,True,,69263,69763
S06:T:record05:trial036,S06,A06T.mat,4dc3be1b0d60279134d1220323c73c68cf73799339a7fb224087a3c560a9a7e2,T,5,2,35,70703,70702,71202,3,feet,1,False,organizer_artifact_flag,71327,71827
S06:T:record05:trial037,S06,A06T.mat,4dc3be1b0d60279134d1220323c73c68cf73799339a7fb224087a3c560a9a7e2,T,5,2,36,72723,72722,73222,1,left_hand,0,True,,73347,73847
S06:T:record05:trial038,S06,A06T.mat,4dc3be1b0d60279134d1220323c73c68cf73799339a7fb224087a3c560a9a7e2,T,5,2,37,74695,74694,75194,4,tongue,0,True,,75319,75819
S06:T:record05:trial039,S06,A06T.mat,4dc3be1b0d60279134d1220323c73c68cf73799339a7fb224087a3c560a9a7e2,T,5,2,38,76658,76657,77157,1,left_hand,0,True,,77282,77782
S06:T:record05:trial040,S06,A06T.mat,4dc3be1b0d60279134d1220323c73c68cf73799339a7fb224087a3c560a9a7e2,T,5,2,39,78583,78582,79082,2,right_hand,1,False,organizer_artifact_flag,79207,79707
S06:T:record05:trial041,S06,A06T.mat,4dc3be1b0d60279134d1220323c73c68cf73799339a7fb224087a3c560a9a7e2,T,5,2,40,80664,80663,81163,3,feet,1,False,organizer_artifact_flag,81288,81788
S06:T:record05:trial042,S06,A06T.mat,4dc3be1b0d60279134d1220323c73c68cf73799339a7fb224087a3c560a9a7e2,T,5,2,41,82642,82641,83141,2,right_hand,0,True,,83266,83766
S06:T:record05:trial043,S06,A06T.mat,4dc3be1b0d60279134d1220323c73c68cf73799339a7fb224087a3c560a9a7e2,T,5,2,42,84632,84631,85131,1,left_hand,1,False,organizer_artifact_flag,85256,85756
S06:T:record05:trial044,S06,A06T.mat,4dc3be1b0d60279134d1220323c73c68cf73799339a7fb224087a3c560a9a7e2,T,5,2,43,86751,86750,87250,2,right_hand,0,True,,87375,87875
S06:T:record05:trial045,S06,A06T.mat,4dc3be1b0d60279134d1220323c73c68cf73799339a7fb224087a3c560a9a7e2,T,5,2,44,88657,88656,89156,2,right_hand,1,False,organizer_artifact_flag,89281,89781
S06:T:record05:trial046,S06,A06T.mat,4dc3be1b0d60279134d1220323c73c68cf73799339a7fb224087a3c560a9a7e2,T,5,2,45,90585,90584,91084,4,tongue,1,False,organizer_artifact_flag,91209,91709
S06:T:record05:trial047,S06,A06T.mat,4dc3be1b0d60279134d1220323c73c68cf73799339a7fb224087a3c560a9a7e2,T,5,2,46,92699,92698,93198,3,feet,0,True,,93323,93823
S06:T:record05:trial048,S06,A06T.mat,4dc3be1b0d60279134d1220323c73c68cf73799339a7fb224087a3c560a9a7e2,T,5,2,47,94758,94757,95257,4,tongue,0,True,,95382,95882
S06:T:record06:trial001,S06,A06T.mat,4dc3be1b0d60279134d1220323c73c68cf73799339a7fb224087a3c560a9a7e2,T,6,3,0,251,250,750,1,left_hand,1,False,organizer_artifact_flag,875,1375
S06:T:record06:trial002,S06,A06T.mat,4dc3be1b0d60279134d1220323c73c68cf73799339a7fb224087a3c560a9a7e2,T,6,3,1,2254,2253,2753,1,left_hand,0,True,,2878,3378
S06:T:record06:trial003,S06,A06T.mat,4dc3be1b0d60279134d1220323c73c68cf73799339a7fb224087a3c560a9a7e2,T,6,3,2,4172,4171,4671,2,right_hand,0,True,,4796,5296
S06:T:record06:trial004,S06,A06T.mat,4dc3be1b0d60279134d1220323c73c68cf73799339a7fb224087a3c560a9a7e2,T,6,3,3,6124,6123,6623,4,tongue,0,True,,6748,7248
S06:T:record06:trial005,S06,A06T.mat,4dc3be1b0d60279134d1220323c73c68cf73799339a7fb224087a3c560a9a7e2,T,6,3,4,8132,8131,8631,1,left_hand,1,False,organizer_artifact_flag,8756,9256
S06:T:record06:trial006,S06,A06T.mat,4dc3be1b0d60279134d1220323c73c68cf73799339a7fb224087a3c560a9a7e2,T,6,3,5,10243,10242,10742,4,tongue,0,True,,10867,11367
S06:T:record06:trial007,S06,A06T.mat,4dc3be1b0d60279134d1220323c73c68cf73799339a7fb224087a3c560a9a7e2,T,6,3,6,12160,12159,12659,4,tongue,0,True,,12784,13284
S06:T:record06:trial008,S06,A06T.mat,4dc3be1b0d60279134d1220323c73c68cf73799339a7fb224087a3c560a9a7e2,T,6,3,7,14210,14209,14709,4,tongue,0,True,,14834,15334
S06:T:record06:trial009,S06,A06T.mat,4dc3be1b0d60279134d1220323c73c68cf73799339a7fb224087a3c560a9a7e2,T,6,3,8,16141,16140,16640,1,left_hand,0,True,,16765,17265
S06:T:record06:trial010,S06,A06T.mat,4dc3be1b0d60279134d1220323c73c68cf73799339a7fb224087a3c560a9a7e2,T,6,3,9,18139,18138,18638,3,feet,0,True,,18763,19263
S06:T:record06:trial011,S06,A06T.mat,4dc3be1b0d60279134d1220323c73c68cf73799339a7fb224087a3c560a9a7e2,T,6,3,10,20045,20044,20544,4,tongue,1,False,organizer_artifact_flag,20669,21169
S06:T:record06:trial012,S06,A06T.mat,4dc3be1b0d60279134d1220323c73c68cf73799339a7fb224087a3c560a9a7e2,T,6,3,11,21940,21939,22439,4,tongue,0,True,,22564,23064
S06:T:record06:trial013,S06,A06T.mat,4dc3be1b0d60279134d1220323c73c68cf73799339a7fb224087a3c560a9a7e2,T,6,3,12,23912,23911,24411,2,right_hand,0,True,,24536,25036
S06:T:record06:trial014,S06,A06T.mat,4dc3be1b0d60279134d1220323c73c68cf73799339a7fb224087a3c560a9a7e2,T,6,3,13,25856,25855,26355,2,right_hand,1,False,organizer_artifact_flag,26480,26980
S06:T:record06:trial015,S06,A06T.mat,4dc3be1b0d60279134d1220323c73c68cf73799339a7fb224087a3c560a9a7e2,T,6,3,14,27823,27822,28322,4,tongue,0,True,,28447,28947
S06:T:record06:trial016,S06,A06T.mat,4dc3be1b0d60279134d1220323c73c68cf73799339a7fb224087a3c560a9a7e2,T,6,3,15,29943,29942,30442,1,left_hand,1,False,organizer_artifact_flag,30567,31067
S06:T:record06:trial017,S06,A06T.mat,4dc3be1b0d60279134d1220323c73c68cf73799339a7fb224087a3c560a9a7e2,T,6,3,16,31951,31950,32450,4,tongue,0,True,,32575,33075
S06:T:record06:trial018,S06,A06T.mat,4dc3be1b0d60279134d1220323c73c68cf73799339a7fb224087a3c560a9a7e2,T,6,3,17,34017,34016,34516,3,feet,0,True,,34641,35141
S06:T:record06:trial019,S06,A06T.mat,4dc3be1b0d60279134d1220323c73c68cf73799339a7fb224087a3c560a9a7e2,T,6,3,18,36053,36052,36552,2,right_hand,1,False,organizer_artifact_flag,36677,37177
S06:T:record06:trial020,S06,A06T.mat,4dc3be1b0d60279134d1220323c73c68cf73799339a7fb224087a3c560a9a7e2,T,6,3,19,38119,38118,38618,3,feet,1,False,organizer_artifact_flag,38743,39243
S06:T:record06:trial021,S06,A06T.mat,4dc3be1b0d60279134d1220323c73c68cf73799339a7fb224087a3c560a9a7e2,T,6,3,20,40189,40188,40688,2,right_hand,0,True,,40813,41313
S06:T:record06:trial022,S06,A06T.mat,4dc3be1b0d60279134d1220323c73c68cf73799339a7fb224087a3c560a9a7e2,T,6,3,21,42269,42268,42768,4,tongue,0,True,,42893,43393
S06:T:record06:trial023,S06,A06T.mat,4dc3be1b0d60279134d1220323c73c68cf73799339a7fb224087a3c560a9a7e2,T,6,3,22,44181,44180,44680,1,left_hand,0,True,,44805,45305
S06:T:record06:trial024,S06,A06T.mat,4dc3be1b0d60279134d1220323c73c68cf73799339a7fb224087a3c560a9a7e2,T,6,3,23,46212,46211,46711,1,left_hand,0,True,,46836,47336
S06:T:record06:trial025,S06,A06T.mat,4dc3be1b0d60279134d1220323c73c68cf73799339a7fb224087a3c560a9a7e2,T,6,3,24,48165,48164,48664,2,right_hand,0,True,,48789,49289
S06:T:record06:trial026,S06,A06T.mat,4dc3be1b0d60279134d1220323c73c68cf73799339a7fb224087a3c560a9a7e2,T,6,3,25,50126,50125,50625,3,feet,0,True,,50750,51250
S06:T:record06:trial027,S06,A06T.mat,4dc3be1b0d60279134d1220323c73c68cf73799339a7fb224087a3c560a9a7e2,T,6,3,26,52230,52229,52729,1,left_hand,0,True,,52854,53354
S06:T:record06:trial028,S06,A06T.mat,4dc3be1b0d60279134d1220323c73c68cf73799339a7fb224087a3c560a9a7e2,T,6,3,27,54234,54233,54733,4,tongue,0,True,,54858,55358
S06:T:record06:trial029,S06,A06T.mat,4dc3be1b0d60279134d1220323c73c68cf73799339a7fb224087a3c560a9a7e2,T,6,3,28,56209,56208,56708,1,left_hand,0,True,,56833,57333
S06:T:record06:trial030,S06,A06T.mat,4dc3be1b0d60279134d1220323c73c68cf73799339a7fb224087a3c560a9a7e2,T,6,3,29,58235,58234,58734,3,feet,0,True,,58859,59359
S06:T:record06:trial031,S06,A06T.mat,4dc3be1b0d60279134d1220323c73c68cf73799339a7fb224087a3c560a9a7e2,T,6,3,30,60306,60305,60805,3,feet,0,True,,60930,61430
S06:T:record06:trial032,S06,A06T.mat,4dc3be1b0d60279134d1220323c73c68cf73799339a7fb224087a3c560a9a7e2,T,6,3,31,62413,62412,62912,3,feet,0,True,,63037,63537
S06:T:record06:trial033,S06,A06T.mat,4dc3be1b0d60279134d1220323c73c68cf73799339a7fb224087a3c560a9a7e2,T,6,3,32,64505,64504,65004,2,right_hand,0,True,,65129,65629
S06:T:record06:trial034,S06,A06T.mat,4dc3be1b0d60279134d1220323c73c68cf73799339a7fb224087a3c560a9a7e2,T,6,3,33,66596,66595,67095,2,right_hand,0,True,,67220,67720
S06:T:record06:trial035,S06,A06T.mat,4dc3be1b0d60279134d1220323c73c68cf73799339a7fb224087a3c560a9a7e2,T,6,3,34,68639,68638,69138,2,right_hand,0,True,,69263,69763
S06:T:record06:trial036,S06,A06T.mat,4dc3be1b0d60279134d1220323c73c68cf73799339a7fb224087a3c560a9a7e2,T,6,3,35,70703,70702,71202,3,feet,0,True,,71327,71827
S06:T:record06:trial037,S06,A06T.mat,4dc3be1b0d60279134d1220323c73c68cf73799339a7fb224087a3c560a9a7e2,T,6,3,36,72723,72722,73222,1,left_hand,0,True,,73347,73847
S06:T:record06:trial038,S06,A06T.mat,4dc3be1b0d60279134d1220323c73c68cf73799339a7fb224087a3c560a9a7e2,T,6,3,37,74695,74694,75194,2,right_hand,1,False,organizer_artifact_flag,75319,75819
S06:T:record06:trial039,S06,A06T.mat,4dc3be1b0d60279134d1220323c73c68cf73799339a7fb224087a3c560a9a7e2,T,6,3,38,76658,76657,77157,1,left_hand,0,True,,77282,77782
S06:T:record06:trial040,S06,A06T.mat,4dc3be1b0d60279134d1220323c73c68cf73799339a7fb224087a3c560a9a7e2,T,6,3,39,78583,78582,79082,4,tongue,0,True,,79207,79707
S06:T:record06:trial041,S06,A06T.mat,4dc3be1b0d60279134d1220323c73c68cf73799339a7fb224087a3c560a9a7e2,T,6,3,40,80664,80663,81163,4,tongue,0,True,,81288,81788
S06:T:record06:trial042,S06,A06T.mat,4dc3be1b0d60279134d1220323c73c68cf73799339a7fb224087a3c560a9a7e2,T,6,3,41,82642,82641,83141,3,feet,0,True,,83266,83766
S06:T:record06:trial043,S06,A06T.mat,4dc3be1b0d60279134d1220323c73c68cf73799339a7fb224087a3c560a9a7e2,T,6,3,42,84632,84631,85131,3,feet,1,False,organizer_artifact_flag,85256,85756
S06:T:record06:trial044,S06,A06T.mat,4dc3be1b0d60279134d1220323c73c68cf73799339a7fb224087a3c560a9a7e2,T,6,3,43,86751,86750,87250,2,right_hand,0,True,,87375,87875
S06:T:record06:trial045,S06,A06T.mat,4dc3be1b0d60279134d1220323c73c68cf73799339a7fb224087a3c560a9a7e2,T,6,3,44,88657,88656,89156,2,right_hand,0,True,,89281,89781
S06:T:record06:trial046,S06,A06T.mat,4dc3be1b0d60279134d1220323c73c68cf73799339a7fb224087a3c560a9a7e2,T,6,3,45,90585,90584,91084,1,left_hand,0,True,,91209,91709
S06:T:record06:trial047,S06,A06T.mat,4dc3be1b0d60279134d1220323c73c68cf73799339a7fb224087a3c560a9a7e2,T,6,3,46,92699,92698,93198,3,feet,0,True,,93323,93823
S06:T:record06:trial048,S06,A06T.mat,4dc3be1b0d60279134d1220323c73c68cf73799339a7fb224087a3c560a9a7e2,T,6,3,47,94758,94757,95257,3,feet,1,False,organizer_artifact_flag,95382,95882
S06:T:record07:trial001,S06,A06T.mat,4dc3be1b0d60279134d1220323c73c68cf73799339a7fb224087a3c560a9a7e2,T,7,4,0,251,250,750,4,tongue,0,True,,875,1375
S06:T:record07:trial002,S06,A06T.mat,4dc3be1b0d60279134d1220323c73c68cf73799339a7fb224087a3c560a9a7e2,T,7,4,1,2254,2253,2753,1,left_hand,0,True,,2878,3378
S06:T:record07:trial003,S06,A06T.mat,4dc3be1b0d60279134d1220323c73c68cf73799339a7fb224087a3c560a9a7e2,T,7,4,2,4172,4171,4671,3,feet,1,False,organizer_artifact_flag,4796,5296
S06:T:record07:trial004,S06,A06T.mat,4dc3be1b0d60279134d1220323c73c68cf73799339a7fb224087a3c560a9a7e2,T,7,4,3,6124,6123,6623,4,tongue,0,True,,6748,7248
S06:T:record07:trial005,S06,A06T.mat,4dc3be1b0d60279134d1220323c73c68cf73799339a7fb224087a3c560a9a7e2,T,7,4,4,8132,8131,8631,2,right_hand,0,True,,8756,9256
S06:T:record07:trial006,S06,A06T.mat,4dc3be1b0d60279134d1220323c73c68cf73799339a7fb224087a3c560a9a7e2,T,7,4,5,10243,10242,10742,2,right_hand,0,True,,10867,11367
S06:T:record07:trial007,S06,A06T.mat,4dc3be1b0d60279134d1220323c73c68cf73799339a7fb224087a3c560a9a7e2,T,7,4,6,12160,12159,12659,3,feet,0,True,,12784,13284
S06:T:record07:trial008,S06,A06T.mat,4dc3be1b0d60279134d1220323c73c68cf73799339a7fb224087a3c560a9a7e2,T,7,4,7,14210,14209,14709,3,feet,1,False,organizer_artifact_flag,14834,15334
S06:T:record07:trial009,S06,A06T.mat,4dc3be1b0d60279134d1220323c73c68cf73799339a7fb224087a3c560a9a7e2,T,7,4,8,16141,16140,16640,1,left_hand,0,True,,16765,17265
S06:T:record07:trial010,S06,A06T.mat,4dc3be1b0d60279134d1220323c73c68cf73799339a7fb224087a3c560a9a7e2,T,7,4,9,18139,18138,18638,1,left_hand,0,True,,18763,19263
S06:T:record07:trial011,S06,A06T.mat,4dc3be1b0d60279134d1220323c73c68cf73799339a7fb224087a3c560a9a7e2,T,7,4,10,20045,20044,20544,2,right_hand,0,True,,20669,21169
S06:T:record07:trial012,S06,A06T.mat,4dc3be1b0d60279134d1220323c73c68cf73799339a7fb224087a3c560a9a7e2,T,7,4,11,21940,21939,22439,2,right_hand,0,True,,22564,23064
S06:T:record07:trial013,S06,A06T.mat,4dc3be1b0d60279134d1220323c73c68cf73799339a7fb224087a3c560a9a7e2,T,7,4,12,23912,23911,24411,1,left_hand,0,True,,24536,25036
S06:T:record07:trial014,S06,A06T.mat,4dc3be1b0d60279134d1220323c73c68cf73799339a7fb224087a3c560a9a7e2,T,7,4,13,25856,25855,26355,4,tongue,0,True,,26480,26980
S06:T:record07:trial015,S06,A06T.mat,4dc3be1b0d60279134d1220323c73c68cf73799339a7fb224087a3c560a9a7e2,T,7,4,14,27823,27822,28322,1,left_hand,1,False,organizer_artifact_flag,28447,28947
S06:T:record07:trial016,S06,A06T.mat,4dc3be1b0d60279134d1220323c73c68cf73799339a7fb224087a3c560a9a7e2,T,7,4,15,29943,29942,30442,2,right_hand,0,True,,30567,31067
S06:T:record07:trial017,S06,A06T.mat,4dc3be1b0d60279134d1220323c73c68cf73799339a7fb224087a3c560a9a7e2,T,7,4,16,31951,31950,32450,3,feet,0,True,,32575,33075
S06:T:record07:trial018,S06,A06T.mat,4dc3be1b0d60279134d1220323c73c68cf73799339a7fb224087a3c560a9a7e2,T,7,4,17,34017,34016,34516,1,left_hand,1,False,organizer_artifact_flag,34641,35141
S06:T:record07:trial019,S06,A06T.mat,4dc3be1b0d60279134d1220323c73c68cf73799339a7fb224087a3c560a9a7e2,T,7,4,18,36053,36052,36552,4,tongue,0,True,,36677,37177
S06:T:record07:trial020,S06,A06T.mat,4dc3be1b0d60279134d1220323c73c68cf73799339a7fb224087a3c560a9a7e2,T,7,4,19,38119,38118,38618,2,right_hand,0,True,,38743,39243
S06:T:record07:trial021,S06,A06T.mat,4dc3be1b0d60279134d1220323c73c68cf73799339a7fb224087a3c560a9a7e2,T,7,4,20,40189,40188,40688,2,right_hand,0,True,,40813,41313
S06:T:record07:trial022,S06,A06T.mat,4dc3be1b0d60279134d1220323c73c68cf73799339a7fb224087a3c560a9a7e2,T,7,4,21,42269,42268,42768,2,right_hand,0,True,,42893,43393
S06:T:record07:trial023,S06,A06T.mat,4dc3be1b0d60279134d1220323c73c68cf73799339a7fb224087a3c560a9a7e2,T,7,4,22,44181,44180,44680,1,left_hand,0,True,,44805,45305
S06:T:record07:trial024,S06,A06T.mat,4dc3be1b0d60279134d1220323c73c68cf73799339a7fb224087a3c560a9a7e2,T,7,4,23,46212,46211,46711,2,right_hand,0,True,,46836,47336
S06:T:record07:trial025,S06,A06T.mat,4dc3be1b0d60279134d1220323c73c68cf73799339a7fb224087a3c560a9a7e2,T,7,4,24,48165,48164,48664,2,right_hand,0,True,,48789,49289
S06:T:record07:trial026,S06,A06T.mat,4dc3be1b0d60279134d1220323c73c68cf73799339a7fb224087a3c560a9a7e2,T,7,4,25,50126,50125,50625,1,left_hand,0,True,,50750,51250
S06:T:record07:trial027,S06,A06T.mat,4dc3be1b0d60279134d1220323c73c68cf73799339a7fb224087a3c560a9a7e2,T,7,4,26,52230,52229,52729,4,tongue,0,True,,52854,53354
S06:T:record07:trial028,S06,A06T.mat,4dc3be1b0d60279134d1220323c73c68cf73799339a7fb224087a3c560a9a7e2,T,7,4,27,54234,54233,54733,4,tongue,0,True,,54858,55358
S06:T:record07:trial029,S06,A06T.mat,4dc3be1b0d60279134d1220323c73c68cf73799339a7fb224087a3c560a9a7e2,T,7,4,28,56209,56208,56708,4,tongue,0,True,,56833,57333
S06:T:record07:trial030,S06,A06T.mat,4dc3be1b0d60279134d1220323c73c68cf73799339a7fb224087a3c560a9a7e2,T,7,4,29,58235,58234,58734,1,left_hand,1,False,organizer_artifact_flag,58859,59359
S06:T:record07:trial031,S06,A06T.mat,4dc3be1b0d60279134d1220323c73c68cf73799339a7fb224087a3c560a9a7e2,T,7,4,30,60306,60305,60805,1,left_hand,0,True,,60930,61430
S06:T:record07:trial032,S06,A06T.mat,4dc3be1b0d60279134d1220323c73c68cf73799339a7fb224087a3c560a9a7e2,T,7,4,31,62413,62412,62912,3,feet,0,True,,63037,63537
S06:T:record07:trial033,S06,A06T.mat,4dc3be1b0d60279134d1220323c73c68cf73799339a7fb224087a3c560a9a7e2,T,7,4,32,64505,64504,65004,4,tongue,0,True,,65129,65629
S06:T:record07:trial034,S06,A06T.mat,4dc3be1b0d60279134d1220323c73c68cf73799339a7fb224087a3c560a9a7e2,T,7,4,33,66596,66595,67095,4,tongue,0,True,,67220,67720
S06:T:record07:trial035,S06,A06T.mat,4dc3be1b0d60279134d1220323c73c68cf73799339a7fb224087a3c560a9a7e2,T,7,4,34,68639,68638,69138,3,feet,0,True,,69263,69763
S06:T:record07:trial036,S06,A06T.mat,4dc3be1b0d60279134d1220323c73c68cf73799339a7fb224087a3c560a9a7e2,T,7,4,35,70703,70702,71202,2,right_hand,0,True,,71327,71827
S06:T:record07:trial037,S06,A06T.mat,4dc3be1b0d60279134d1220323c73c68cf73799339a7fb224087a3c560a9a7e2,T,7,4,36,72723,72722,73222,3,feet,0,True,,73347,73847
S06:T:record07:trial038,S06,A06T.mat,4dc3be1b0d60279134d1220323c73c68cf73799339a7fb224087a3c560a9a7e2,T,7,4,37,74695,74694,75194,4,tongue,0,True,,75319,75819
S06:T:record07:trial039,S06,A06T.mat,4dc3be1b0d60279134d1220323c73c68cf73799339a7fb224087a3c560a9a7e2,T,7,4,38,76658,76657,77157,4,tongue,1,False,organizer_artifact_flag,77282,77782
S06:T:record07:trial040,S06,A06T.mat,4dc3be1b0d60279134d1220323c73c68cf73799339a7fb224087a3c560a9a7e2,T,7,4,39,78583,78582,79082,1,left_hand,0,True,,79207,79707
S06:T:record07:trial041,S06,A06T.mat,4dc3be1b0d60279134d1220323c73c68cf73799339a7fb224087a3c560a9a7e2,T,7,4,40,80664,80663,81163,3,feet,0,True,,81288,81788
S06:T:record07:trial042,S06,A06T.mat,4dc3be1b0d60279134d1220323c73c68cf73799339a7fb224087a3c560a9a7e2,T,7,4,41,82642,82641,83141,3,feet,0,True,,83266,83766
S06:T:record07:trial043,S06,A06T.mat,4dc3be1b0d60279134d1220323c73c68cf73799339a7fb224087a3c560a9a7e2,T,7,4,42,84632,84631,85131,3,feet,0,True,,85256,85756
S06:T:record07:trial044,S06,A06T.mat,4dc3be1b0d60279134d1220323c73c68cf73799339a7fb224087a3c560a9a7e2,T,7,4,43,86751,86750,87250,3,feet,0,True,,87375,87875
S06:T:record07:trial045,S06,A06T.mat,4dc3be1b0d60279134d1220323c73c68cf73799339a7fb224087a3c560a9a7e2,T,7,4,44,88657,88656,89156,1,left_hand,0,True,,89281,89781
S06:T:record07:trial046,S06,A06T.mat,4dc3be1b0d60279134d1220323c73c68cf73799339a7fb224087a3c560a9a7e2,T,7,4,45,90585,90584,91084,3,feet,0,True,,91209,91709
S06:T:record07:trial047,S06,A06T.mat,4dc3be1b0d60279134d1220323c73c68cf73799339a7fb224087a3c560a9a7e2,T,7,4,46,92699,92698,93198,2,right_hand,0,True,,93323,93823
S06:T:record07:trial048,S06,A06T.mat,4dc3be1b0d60279134d1220323c73c68cf73799339a7fb224087a3c560a9a7e2,T,7,4,47,94758,94757,95257,4,tongue,1,False,organizer_artifact_flag,95382,95882
S06:T:record08:trial001,S06,A06T.mat,4dc3be1b0d60279134d1220323c73c68cf73799339a7fb224087a3c560a9a7e2,T,8,5,0,251,250,750,1,left_hand,0,True,,875,1375
S06:T:record08:trial002,S06,A06T.mat,4dc3be1b0d60279134d1220323c73c68cf73799339a7fb224087a3c560a9a7e2,T,8,5,1,2254,2253,2753,1,left_hand,0,True,,2878,3378
S06:T:record08:trial003,S06,A06T.mat,4dc3be1b0d60279134d1220323c73c68cf73799339a7fb224087a3c560a9a7e2,T,8,5,2,4172,4171,4671,3,feet,0,True,,4796,5296
S06:T:record08:trial004,S06,A06T.mat,4dc3be1b0d60279134d1220323c73c68cf73799339a7fb224087a3c560a9a7e2,T,8,5,3,6124,6123,6623,3,feet,0,True,,6748,7248
S06:T:record08:trial005,S06,A06T.mat,4dc3be1b0d60279134d1220323c73c68cf73799339a7fb224087a3c560a9a7e2,T,8,5,4,8132,8131,8631,1,left_hand,0,True,,8756,9256
S06:T:record08:trial006,S06,A06T.mat,4dc3be1b0d60279134d1220323c73c68cf73799339a7fb224087a3c560a9a7e2,T,8,5,5,10243,10242,10742,3,feet,0,True,,10867,11367
S06:T:record08:trial007,S06,A06T.mat,4dc3be1b0d60279134d1220323c73c68cf73799339a7fb224087a3c560a9a7e2,T,8,5,6,12160,12159,12659,3,feet,0,True,,12784,13284
S06:T:record08:trial008,S06,A06T.mat,4dc3be1b0d60279134d1220323c73c68cf73799339a7fb224087a3c560a9a7e2,T,8,5,7,14210,14209,14709,4,tongue,0,True,,14834,15334
S06:T:record08:trial009,S06,A06T.mat,4dc3be1b0d60279134d1220323c73c68cf73799339a7fb224087a3c560a9a7e2,T,8,5,8,16141,16140,16640,2,right_hand,0,True,,16765,17265
S06:T:record08:trial010,S06,A06T.mat,4dc3be1b0d60279134d1220323c73c68cf73799339a7fb224087a3c560a9a7e2,T,8,5,9,18139,18138,18638,2,right_hand,0,True,,18763,19263
S06:T:record08:trial011,S06,A06T.mat,4dc3be1b0d60279134d1220323c73c68cf73799339a7fb224087a3c560a9a7e2,T,8,5,10,20045,20044,20544,4,tongue,0,True,,20669,21169
S06:T:record08:trial012,S06,A06T.mat,4dc3be1b0d60279134d1220323c73c68cf73799339a7fb224087a3c560a9a7e2,T,8,5,11,21940,21939,22439,2,right_hand,0,True,,22564,23064
S06:T:record08:trial013,S06,A06T.mat,4dc3be1b0d60279134d1220323c73c68cf73799339a7fb224087a3c560a9a7e2,T,8,5,12,23912,23911,24411,3,feet,1,False,organizer_artifact_flag,24536,25036
S06:T:record08:trial014,S06,A06T.mat,4dc3be1b0d60279134d1220323c73c68cf73799339a7fb224087a3c560a9a7e2,T,8,5,13,25856,25855,26355,4,tongue,0,True,,26480,26980
S06:T:record08:trial015,S06,A06T.mat,4dc3be1b0d60279134d1220323c73c68cf73799339a7fb224087a3c560a9a7e2,T,8,5,14,27823,27822,28322,3,feet,0,True,,28447,28947
S06:T:record08:trial016,S06,A06T.mat,4dc3be1b0d60279134d1220323c73c68cf73799339a7fb224087a3c560a9a7e2,T,8,5,15,29943,29942,30442,2,right_hand,0,True,,30567,31067
S06:T:record08:trial017,S06,A06T.mat,4dc3be1b0d60279134d1220323c73c68cf73799339a7fb224087a3c560a9a7e2,T,8,5,16,31951,31950,32450,1,left_hand,1,False,organizer_artifact_flag,32575,33075
S06:T:record08:trial018,S06,A06T.mat,4dc3be1b0d60279134d1220323c73c68cf73799339a7fb224087a3c560a9a7e2,T,8,5,17,34017,34016,34516,2,right_hand,0,True,,34641,35141
S06:T:record08:trial019,S06,A06T.mat,4dc3be1b0d60279134d1220323c73c68cf73799339a7fb224087a3c560a9a7e2,T,8,5,18,36053,36052,36552,4,tongue,0,True,,36677,37177
S06:T:record08:trial020,S06,A06T.mat,4dc3be1b0d60279134d1220323c73c68cf73799339a7fb224087a3c560a9a7e2,T,8,5,19,38119,38118,38618,1,left_hand,0,True,,38743,39243
S06:T:record08:trial021,S06,A06T.mat,4dc3be1b0d60279134d1220323c73c68cf73799339a7fb224087a3c560a9a7e2,T,8,5,20,40189,40188,40688,3,feet,1,False,organizer_artifact_flag,40813,41313
S06:T:record08:trial022,S06,A06T.mat,4dc3be1b0d60279134d1220323c73c68cf73799339a7fb224087a3c560a9a7e2,T,8,5,21,42269,42268,42768,2,right_hand,1,False,organizer_artifact_flag,42893,43393
S06:T:record08:trial023,S06,A06T.mat,4dc3be1b0d60279134d1220323c73c68cf73799339a7fb224087a3c560a9a7e2,T,8,5,22,44181,44180,44680,3,feet,1,False,organizer_artifact_flag,44805,45305
S06:T:record08:trial024,S06,A06T.mat,4dc3be1b0d60279134d1220323c73c68cf73799339a7fb224087a3c560a9a7e2,T,8,5,23,46212,46211,46711,4,tongue,1,False,organizer_artifact_flag,46836,47336
S06:T:record08:trial025,S06,A06T.mat,4dc3be1b0d60279134d1220323c73c68cf73799339a7fb224087a3c560a9a7e2,T,8,5,24,48165,48164,48664,1,left_hand,1,False,organizer_artifact_flag,48789,49289
S06:T:record08:trial026,S06,A06T.mat,4dc3be1b0d60279134d1220323c73c68cf73799339a7fb224087a3c560a9a7e2,T,8,5,25,50126,50125,50625,1,left_hand,0,True,,50750,51250
S06:T:record08:trial027,S06,A06T.mat,4dc3be1b0d60279134d1220323c73c68cf73799339a7fb224087a3c560a9a7e2,T,8,5,26,52230,52229,52729,2,right_hand,1,False,organizer_artifact_flag,52854,53354
S06:T:record08:trial028,S06,A06T.mat,4dc3be1b0d60279134d1220323c73c68cf73799339a7fb224087a3c560a9a7e2,T,8,5,27,54234,54233,54733,4,tongue,1,False,organizer_artifact_flag,54858,55358
S06:T:record08:trial029,S06,A06T.mat,4dc3be1b0d60279134d1220323c73c68cf73799339a7fb224087a3c560a9a7e2,T,8,5,28,56209,56208,56708,1,left_hand,0,True,,56833,57333
S06:T:record08:trial030,S06,A06T.mat,4dc3be1b0d60279134d1220323c73c68cf73799339a7fb224087a3c560a9a7e2,T,8,5,29,58235,58234,58734,4,tongue,0,True,,58859,59359
S06:T:record08:trial031,S06,A06T.mat,4dc3be1b0d60279134d1220323c73c68cf73799339a7fb224087a3c560a9a7e2,T,8,5,30,60306,60305,60805,2,right_hand,1,False,organizer_artifact_flag,60930,61430
S06:T:record08:trial032,S06,A06T.mat,4dc3be1b0d60279134d1220323c73c68cf73799339a7fb224087a3c560a9a7e2,T,8,5,31,62413,62412,62912,2,right_hand,0,True,,63037,63537
S06:T:record08:trial033,S06,A06T.mat,4dc3be1b0d60279134d1220323c73c68cf73799339a7fb224087a3c560a9a7e2,T,8,5,32,64505,64504,65004,3,feet,1,False,organizer_artifact_flag,65129,65629
S06:T:record08:trial034,S06,A06T.mat,4dc3be1b0d60279134d1220323c73c68cf73799339a7fb224087a3c560a9a7e2,T,8,5,33,66596,66595,67095,3,feet,1,False,organizer_artifact_flag,67220,67720
S06:T:record08:trial035,S06,A06T.mat,4dc3be1b0d60279134d1220323c73c68cf73799339a7fb224087a3c560a9a7e2,T,8,5,34,68639,68638,69138,4,tongue,0,True,,69263,69763
S06:T:record08:trial036,S06,A06T.mat,4dc3be1b0d60279134d1220323c73c68cf73799339a7fb224087a3c560a9a7e2,T,8,5,35,70703,70702,71202,4,tongue,0,True,,71327,71827
S06:T:record08:trial037,S06,A06T.mat,4dc3be1b0d60279134d1220323c73c68cf73799339a7fb224087a3c560a9a7e2,T,8,5,36,72723,72722,73222,3,feet,1,False,organizer_artifact_flag,73347,73847
S06:T:record08:trial038,S06,A06T.mat,4dc3be1b0d60279134d1220323c73c68cf73799339a7fb224087a3c560a9a7e2,T,8,5,37,74695,74694,75194,1,left_hand,1,False,organizer_artifact_flag,75319,75819
S06:T:record08:trial039,S06,A06T.mat,4dc3be1b0d60279134d1220323c73c68cf73799339a7fb224087a3c560a9a7e2,T,8,5,38,76658,76657,77157,1,left_hand,0,True,,77282,77782
S06:T:record08:trial040,S06,A06T.mat,4dc3be1b0d60279134d1220323c73c68cf73799339a7fb224087a3c560a9a7e2,T,8,5,39,78583,78582,79082,2,right_hand,0,True,,79207,79707
S06:T:record08:trial041,S06,A06T.mat,4dc3be1b0d60279134d1220323c73c68cf73799339a7fb224087a3c560a9a7e2,T,8,5,40,80664,80663,81163,1,left_hand,1,False,organizer_artifact_flag,81288,81788
S06:T:record08:trial042,S06,A06T.mat,4dc3be1b0d60279134d1220323c73c68cf73799339a7fb224087a3c560a9a7e2,T,8,5,41,82642,82641,83141,4,tongue,0,True,,83266,83766
S06:T:record08:trial043,S06,A06T.mat,4dc3be1b0d60279134d1220323c73c68cf73799339a7fb224087a3c560a9a7e2,T,8,5,42,84632,84631,85131,2,right_hand,0,True,,85256,85756
S06:T:record08:trial044,S06,A06T.mat,4dc3be1b0d60279134d1220323c73c68cf73799339a7fb224087a3c560a9a7e2,T,8,5,43,86751,86750,87250,4,tongue,1,False,organizer_artifact_flag,87375,87875
S06:T:record08:trial045,S06,A06T.mat,4dc3be1b0d60279134d1220323c73c68cf73799339a7fb224087a3c560a9a7e2,T,8,5,44,88657,88656,89156,4,tongue,0,True,,89281,89781
S06:T:record08:trial046,S06,A06T.mat,4dc3be1b0d60279134d1220323c73c68cf73799339a7fb224087a3c560a9a7e2,T,8,5,45,90585,90584,91084,1,left_hand,1,False,organizer_artifact_flag,91209,91709
S06:T:record08:trial047,S06,A06T.mat,4dc3be1b0d60279134d1220323c73c68cf73799339a7fb224087a3c560a9a7e2,T,8,5,46,92699,92698,93198,2,right_hand,1,False,organizer_artifact_flag,93323,93823
S06:T:record08:trial048,S06,A06T.mat,4dc3be1b0d60279134d1220323c73c68cf73799339a7fb224087a3c560a9a7e2,T,8,5,47,94758,94757,95257,3,feet,1,False,organizer_artifact_flag,95382,95882
S06:E:record03:trial001,S06,A06E.mat,bf67a40621b74b6af7a986c2f6edfff7fc2bbbca237aadd07b575893032998d1,E,3,0,0,251,250,750,1,left_hand,0,True,,875,1375
S06:E:record03:trial002,S06,A06E.mat,bf67a40621b74b6af7a986c2f6edfff7fc2bbbca237aadd07b575893032998d1,E,3,0,1,2254,2253,2753,2,right_hand,0,True,,2878,3378
S06:E:record03:trial003,S06,A06E.mat,bf67a40621b74b6af7a986c2f6edfff7fc2bbbca237aadd07b575893032998d1,E,3,0,2,4172,4171,4671,2,right_hand,0,True,,4796,5296
S06:E:record03:trial004,S06,A06E.mat,bf67a40621b74b6af7a986c2f6edfff7fc2bbbca237aadd07b575893032998d1,E,3,0,3,6124,6123,6623,1,left_hand,0,True,,6748,7248
S06:E:record03:trial005,S06,A06E.mat,bf67a40621b74b6af7a986c2f6edfff7fc2bbbca237aadd07b575893032998d1,E,3,0,4,8132,8131,8631,2,right_hand,1,False,organizer_artifact_flag,8756,9256
S06:E:record03:trial006,S06,A06E.mat,bf67a40621b74b6af7a986c2f6edfff7fc2bbbca237aadd07b575893032998d1,E,3,0,5,10243,10242,10742,1,left_hand,0,True,,10867,11367
S06:E:record03:trial007,S06,A06E.mat,bf67a40621b74b6af7a986c2f6edfff7fc2bbbca237aadd07b575893032998d1,E,3,0,6,12160,12159,12659,2,right_hand,0,True,,12784,13284
S06:E:record03:trial008,S06,A06E.mat,bf67a40621b74b6af7a986c2f6edfff7fc2bbbca237aadd07b575893032998d1,E,3,0,7,14210,14209,14709,3,feet,0,True,,14834,15334
S06:E:record03:trial009,S06,A06E.mat,bf67a40621b74b6af7a986c2f6edfff7fc2bbbca237aadd07b575893032998d1,E,3,0,8,16141,16140,16640,2,right_hand,0,True,,16765,17265
S06:E:record03:trial010,S06,A06E.mat,bf67a40621b74b6af7a986c2f6edfff7fc2bbbca237aadd07b575893032998d1,E,3,0,9,18139,18138,18638,4,tongue,0,True,,18763,19263
S06:E:record03:trial011,S06,A06E.mat,bf67a40621b74b6af7a986c2f6edfff7fc2bbbca237aadd07b575893032998d1,E,3,0,10,20045,20044,20544,1,left_hand,0,True,,20669,21169
S06:E:record03:trial012,S06,A06E.mat,bf67a40621b74b6af7a986c2f6edfff7fc2bbbca237aadd07b575893032998d1,E,3,0,11,21940,21939,22439,3,feet,0,True,,22564,23064
S06:E:record03:trial013,S06,A06E.mat,bf67a40621b74b6af7a986c2f6edfff7fc2bbbca237aadd07b575893032998d1,E,3,0,12,23912,23911,24411,2,right_hand,0,True,,24536,25036
S06:E:record03:trial014,S06,A06E.mat,bf67a40621b74b6af7a986c2f6edfff7fc2bbbca237aadd07b575893032998d1,E,3,0,13,25856,25855,26355,1,left_hand,0,True,,26480,26980
S06:E:record03:trial015,S06,A06E.mat,bf67a40621b74b6af7a986c2f6edfff7fc2bbbca237aadd07b575893032998d1,E,3,0,14,27823,27822,28322,4,tongue,0,True,,28447,28947
S06:E:record03:trial016,S06,A06E.mat,bf67a40621b74b6af7a986c2f6edfff7fc2bbbca237aadd07b575893032998d1,E,3,0,15,29943,29942,30442,4,tongue,0,True,,30567,31067
S06:E:record03:trial017,S06,A06E.mat,bf67a40621b74b6af7a986c2f6edfff7fc2bbbca237aadd07b575893032998d1,E,3,0,16,31951,31950,32450,4,tongue,0,True,,32575,33075
S06:E:record03:trial018,S06,A06E.mat,bf67a40621b74b6af7a986c2f6edfff7fc2bbbca237aadd07b575893032998d1,E,3,0,17,34017,34016,34516,4,tongue,0,True,,34641,35141
S06:E:record03:trial019,S06,A06E.mat,bf67a40621b74b6af7a986c2f6edfff7fc2bbbca237aadd07b575893032998d1,E,3,0,18,36053,36052,36552,4,tongue,0,True,,36677,37177
S06:E:record03:trial020,S06,A06E.mat,bf67a40621b74b6af7a986c2f6edfff7fc2bbbca237aadd07b575893032998d1,E,3,0,19,38119,38118,38618,1,left_hand,1,False,organizer_artifact_flag,38743,39243
S06:E:record03:trial021,S06,A06E.mat,bf67a40621b74b6af7a986c2f6edfff7fc2bbbca237aadd07b575893032998d1,E,3,0,20,40189,40188,40688,3,feet,0,True,,40813,41313
S06:E:record03:trial022,S06,A06E.mat,bf67a40621b74b6af7a986c2f6edfff7fc2bbbca237aadd07b575893032998d1,E,3,0,21,42269,42268,42768,2,right_hand,0,True,,42893,43393
S06:E:record03:trial023,S06,A06E.mat,bf67a40621b74b6af7a986c2f6edfff7fc2bbbca237aadd07b575893032998d1,E,3,0,22,44181,44180,44680,1,left_hand,0,True,,44805,45305
S06:E:record03:trial024,S06,A06E.mat,bf67a40621b74b6af7a986c2f6edfff7fc2bbbca237aadd07b575893032998d1,E,3,0,23,46212,46211,46711,1,left_hand,0,True,,46836,47336
S06:E:record03:trial025,S06,A06E.mat,bf67a40621b74b6af7a986c2f6edfff7fc2bbbca237aadd07b575893032998d1,E,3,0,24,48165,48164,48664,3,feet,0,True,,48789,49289
S06:E:record03:trial026,S06,A06E.mat,bf67a40621b74b6af7a986c2f6edfff7fc2bbbca237aadd07b575893032998d1,E,3,0,25,50126,50125,50625,4,tongue,0,True,,50750,51250
S06:E:record03:trial027,S06,A06E.mat,bf67a40621b74b6af7a986c2f6edfff7fc2bbbca237aadd07b575893032998d1,E,3,0,26,52230,52229,52729,1,left_hand,0,True,,52854,53354
S06:E:record03:trial028,S06,A06E.mat,bf67a40621b74b6af7a986c2f6edfff7fc2bbbca237aadd07b575893032998d1,E,3,0,27,54234,54233,54733,3,feet,0,True,,54858,55358
S06:E:record03:trial029,S06,A06E.mat,bf67a40621b74b6af7a986c2f6edfff7fc2bbbca237aadd07b575893032998d1,E,3,0,28,56209,56208,56708,3,feet,0,True,,56833,57333
S06:E:record03:trial030,S06,A06E.mat,bf67a40621b74b6af7a986c2f6edfff7fc2bbbca237aadd07b575893032998d1,E,3,0,29,58235,58234,58734,3,feet,0,True,,58859,59359
S06:E:record03:trial031,S06,A06E.mat,bf67a40621b74b6af7a986c2f6edfff7fc2bbbca237aadd07b575893032998d1,E,3,0,30,60306,60305,60805,1,left_hand,0,True,,60930,61430
S06:E:record03:trial032,S06,A06E.mat,bf67a40621b74b6af7a986c2f6edfff7fc2bbbca237aadd07b575893032998d1,E,3,0,31,62413,62412,62912,2,right_hand,1,False,organizer_artifact_flag,63037,63537
S06:E:record03:trial033,S06,A06E.mat,bf67a40621b74b6af7a986c2f6edfff7fc2bbbca237aadd07b575893032998d1,E,3,0,32,64505,64504,65004,1,left_hand,0,True,,65129,65629
S06:E:record03:trial034,S06,A06E.mat,bf67a40621b74b6af7a986c2f6edfff7fc2bbbca237aadd07b575893032998d1,E,3,0,33,66596,66595,67095,2,right_hand,0,True,,67220,67720
S06:E:record03:trial035,S06,A06E.mat,bf67a40621b74b6af7a986c2f6edfff7fc2bbbca237aadd07b575893032998d1,E,3,0,34,68639,68638,69138,2,right_hand,0,True,,69263,69763
S06:E:record03:trial036,S06,A06E.mat,bf67a40621b74b6af7a986c2f6edfff7fc2bbbca237aadd07b575893032998d1,E,3,0,35,70703,70702,71202,1,left_hand,0,True,,71327,71827
S06:E:record03:trial037,S06,A06E.mat,bf67a40621b74b6af7a986c2f6edfff7fc2bbbca237aadd07b575893032998d1,E,3,0,36,72723,72722,73222,2,right_hand,0,True,,73347,73847
S06:E:record03:trial038,S06,A06E.mat,bf67a40621b74b6af7a986c2f6edfff7fc2bbbca237aadd07b575893032998d1,E,3,0,37,74695,74694,75194,3,feet,0,True,,75319,75819
S06:E:record03:trial039,S06,A06E.mat,bf67a40621b74b6af7a986c2f6edfff7fc2bbbca237aadd07b575893032998d1,E,3,0,38,76658,76657,77157,2,right_hand,0,True,,77282,77782
S06:E:record03:trial040,S06,A06E.mat,bf67a40621b74b6af7a986c2f6edfff7fc2bbbca237aadd07b575893032998d1,E,3,0,39,78583,78582,79082,3,feet,0,True,,79207,79707
S06:E:record03:trial041,S06,A06E.mat,bf67a40621b74b6af7a986c2f6edfff7fc2bbbca237aadd07b575893032998d1,E,3,0,40,80664,80663,81163,3,feet,0,True,,81288,81788
S06:E:record03:trial042,S06,A06E.mat,bf67a40621b74b6af7a986c2f6edfff7fc2bbbca237aadd07b575893032998d1,E,3,0,41,82642,82641,83141,4,tongue,1,False,organizer_artifact_flag,83266,83766
S06:E:record03:trial043,S06,A06E.mat,bf67a40621b74b6af7a986c2f6edfff7fc2bbbca237aadd07b575893032998d1,E,3,0,42,84632,84631,85131,3,feet,1,False,organizer_artifact_flag,85256,85756
S06:E:record03:trial044,S06,A06E.mat,bf67a40621b74b6af7a986c2f6edfff7fc2bbbca237aadd07b575893032998d1,E,3,0,43,86751,86750,87250,3,feet,1,False,organizer_artifact_flag,87375,87875
S06:E:record03:trial045,S06,A06E.mat,bf67a40621b74b6af7a986c2f6edfff7fc2bbbca237aadd07b575893032998d1,E,3,0,44,88657,88656,89156,4,tongue,0,True,,89281,89781
S06:E:record03:trial046,S06,A06E.mat,bf67a40621b74b6af7a986c2f6edfff7fc2bbbca237aadd07b575893032998d1,E,3,0,45,90585,90584,91084,4,tongue,1,False,organizer_artifact_flag,91209,91709
S06:E:record03:trial047,S06,A06E.mat,bf67a40621b74b6af7a986c2f6edfff7fc2bbbca237aadd07b575893032998d1,E,3,0,46,92699,92698,93198,4,tongue,0,True,,93323,93823
S06:E:record03:trial048,S06,A06E.mat,bf67a40621b74b6af7a986c2f6edfff7fc2bbbca237aadd07b575893032998d1,E,3,0,47,94758,94757,95257,4,tongue,1,False,organizer_artifact_flag,95382,95882
S06:E:record04:trial001,S06,A06E.mat,bf67a40621b74b6af7a986c2f6edfff7fc2bbbca237aadd07b575893032998d1,E,4,1,0,251,250,750,4,tongue,1,False,organizer_artifact_flag,875,1375
S06:E:record04:trial002,S06,A06E.mat,bf67a40621b74b6af7a986c2f6edfff7fc2bbbca237aadd07b575893032998d1,E,4,1,1,2254,2253,2753,3,feet,0,True,,2878,3378
S06:E:record04:trial003,S06,A06E.mat,bf67a40621b74b6af7a986c2f6edfff7fc2bbbca237aadd07b575893032998d1,E,4,1,2,4172,4171,4671,2,right_hand,0,True,,4796,5296
S06:E:record04:trial004,S06,A06E.mat,bf67a40621b74b6af7a986c2f6edfff7fc2bbbca237aadd07b575893032998d1,E,4,1,3,6124,6123,6623,1,left_hand,0,True,,6748,7248
S06:E:record04:trial005,S06,A06E.mat,bf67a40621b74b6af7a986c2f6edfff7fc2bbbca237aadd07b575893032998d1,E,4,1,4,8132,8131,8631,1,left_hand,0,True,,8756,9256
S06:E:record04:trial006,S06,A06E.mat,bf67a40621b74b6af7a986c2f6edfff7fc2bbbca237aadd07b575893032998d1,E,4,1,5,10243,10242,10742,2,right_hand,1,False,organizer_artifact_flag,10867,11367
S06:E:record04:trial007,S06,A06E.mat,bf67a40621b74b6af7a986c2f6edfff7fc2bbbca237aadd07b575893032998d1,E,4,1,6,12160,12159,12659,3,feet,1,False,organizer_artifact_flag,12784,13284
S06:E:record04:trial008,S06,A06E.mat,bf67a40621b74b6af7a986c2f6edfff7fc2bbbca237aadd07b575893032998d1,E,4,1,7,14210,14209,14709,4,tongue,0,True,,14834,15334
S06:E:record04:trial009,S06,A06E.mat,bf67a40621b74b6af7a986c2f6edfff7fc2bbbca237aadd07b575893032998d1,E,4,1,8,16141,16140,16640,2,right_hand,0,True,,16765,17265
S06:E:record04:trial010,S06,A06E.mat,bf67a40621b74b6af7a986c2f6edfff7fc2bbbca237aadd07b575893032998d1,E,4,1,9,18139,18138,18638,3,feet,0,True,,18763,19263
S06:E:record04:trial011,S06,A06E.mat,bf67a40621b74b6af7a986c2f6edfff7fc2bbbca237aadd07b575893032998d1,E,4,1,10,20045,20044,20544,1,left_hand,0,True,,20669,21169
S06:E:record04:trial012,S06,A06E.mat,bf67a40621b74b6af7a986c2f6edfff7fc2bbbca237aadd07b575893032998d1,E,4,1,11,21940,21939,22439,1,left_hand,0,True,,22564,23064
S06:E:record04:trial013,S06,A06E.mat,bf67a40621b74b6af7a986c2f6edfff7fc2bbbca237aadd07b575893032998d1,E,4,1,12,23912,23911,24411,1,left_hand,0,True,,24536,25036
S06:E:record04:trial014,S06,A06E.mat,bf67a40621b74b6af7a986c2f6edfff7fc2bbbca237aadd07b575893032998d1,E,4,1,13,25856,25855,26355,4,tongue,0,True,,26480,26980
S06:E:record04:trial015,S06,A06E.mat,bf67a40621b74b6af7a986c2f6edfff7fc2bbbca237aadd07b575893032998d1,E,4,1,14,27823,27822,28322,2,right_hand,0,True,,28447,28947
S06:E:record04:trial016,S06,A06E.mat,bf67a40621b74b6af7a986c2f6edfff7fc2bbbca237aadd07b575893032998d1,E,4,1,15,29943,29942,30442,2,right_hand,0,True,,30567,31067
S06:E:record04:trial017,S06,A06E.mat,bf67a40621b74b6af7a986c2f6edfff7fc2bbbca237aadd07b575893032998d1,E,4,1,16,31951,31950,32450,1,left_hand,0,True,,32575,33075
S06:E:record04:trial018,S06,A06E.mat,bf67a40621b74b6af7a986c2f6edfff7fc2bbbca237aadd07b575893032998d1,E,4,1,17,34017,34016,34516,1,left_hand,1,False,organizer_artifact_flag,34641,35141
S06:E:record04:trial019,S06,A06E.mat,bf67a40621b74b6af7a986c2f6edfff7fc2bbbca237aadd07b575893032998d1,E,4,1,18,36053,36052,36552,3,feet,0,True,,36677,37177
S06:E:record04:trial020,S06,A06E.mat,bf67a40621b74b6af7a986c2f6edfff7fc2bbbca237aadd07b575893032998d1,E,4,1,19,38119,38118,38618,1,left_hand,1,False,organizer_artifact_flag,38743,39243
S06:E:record04:trial021,S06,A06E.mat,bf67a40621b74b6af7a986c2f6edfff7fc2bbbca237aadd07b575893032998d1,E,4,1,20,40189,40188,40688,2,right_hand,0,True,,40813,41313
S06:E:record04:trial022,S06,A06E.mat,bf67a40621b74b6af7a986c2f6edfff7fc2bbbca237aadd07b575893032998d1,E,4,1,21,42269,42268,42768,4,tongue,1,False,organizer_artifact_flag,42893,43393
S06:E:record04:trial023,S06,A06E.mat,bf67a40621b74b6af7a986c2f6edfff7fc2bbbca237aadd07b575893032998d1,E,4,1,22,44181,44180,44680,4,tongue,0,True,,44805,45305
S06:E:record04:trial024,S06,A06E.mat,bf67a40621b74b6af7a986c2f6edfff7fc2bbbca237aadd07b575893032998d1,E,4,1,23,46212,46211,46711,3,feet,0,True,,46836,47336
S06:E:record04:trial025,S06,A06E.mat,bf67a40621b74b6af7a986c2f6edfff7fc2bbbca237aadd07b575893032998d1,E,4,1,24,48165,48164,48664,1,left_hand,0,True,,48789,49289
S06:E:record04:trial026,S06,A06E.mat,bf67a40621b74b6af7a986c2f6edfff7fc2bbbca237aadd07b575893032998d1,E,4,1,25,50126,50125,50625,4,tongue,0,True,,50750,51250
S06:E:record04:trial027,S06,A06E.mat,bf67a40621b74b6af7a986c2f6edfff7fc2bbbca237aadd07b575893032998d1,E,4,1,26,52230,52229,52729,4,tongue,0,True,,52854,53354
S06:E:record04:trial028,S06,A06E.mat,bf67a40621b74b6af7a986c2f6edfff7fc2bbbca237aadd07b575893032998d1,E,4,1,27,54234,54233,54733,2,right_hand,1,False,organizer_artifact_flag,54858,55358
S06:E:record04:trial029,S06,A06E.mat,bf67a40621b74b6af7a986c2f6edfff7fc2bbbca237aadd07b575893032998d1,E,4,1,28,56209,56208,56708,4,tongue,1,False,organizer_artifact_flag,56833,57333
S06:E:record04:trial030,S06,A06E.mat,bf67a40621b74b6af7a986c2f6edfff7fc2bbbca237aadd07b575893032998d1,E,4,1,29,58235,58234,58734,4,tongue,1,False,organizer_artifact_flag,58859,59359
S06:E:record04:trial031,S06,A06E.mat,bf67a40621b74b6af7a986c2f6edfff7fc2bbbca237aadd07b575893032998d1,E,4,1,30,60306,60305,60805,2,right_hand,0,True,,60930,61430
S06:E:record04:trial032,S06,A06E.mat,bf67a40621b74b6af7a986c2f6edfff7fc2bbbca237aadd07b575893032998d1,E,4,1,31,62413,62412,62912,1,left_hand,0,True,,63037,63537
S06:E:record04:trial033,S06,A06E.mat,bf67a40621b74b6af7a986c2f6edfff7fc2bbbca237aadd07b575893032998d1,E,4,1,32,64505,64504,65004,2,right_hand,1,False,organizer_artifact_flag,65129,65629
S06:E:record04:trial034,S06,A06E.mat,bf67a40621b74b6af7a986c2f6edfff7fc2bbbca237aadd07b575893032998d1,E,4,1,33,66596,66595,67095,3,feet,1,False,organizer_artifact_flag,67220,67720
S06:E:record04:trial035,S06,A06E.mat,bf67a40621b74b6af7a986c2f6edfff7fc2bbbca237aadd07b575893032998d1,E,4,1,34,68639,68638,69138,3,feet,1,False,organizer_artifact_flag,69263,69763
S06:E:record04:trial036,S06,A06E.mat,bf67a40621b74b6af7a986c2f6edfff7fc2bbbca237aadd07b575893032998d1,E,4,1,35,70703,70702,71202,3,feet,0,True,,71327,71827
S06:E:record04:trial037,S06,A06E.mat,bf67a40621b74b6af7a986c2f6edfff7fc2bbbca237aadd07b575893032998d1,E,4,1,36,72723,72722,73222,4,tongue,0,True,,73347,73847
S06:E:record04:trial038,S06,A06E.mat,bf67a40621b74b6af7a986c2f6edfff7fc2bbbca237aadd07b575893032998d1,E,4,1,37,74695,74694,75194,3,feet,1,False,organizer_artifact_flag,75319,75819
S06:E:record04:trial039,S06,A06E.mat,bf67a40621b74b6af7a986c2f6edfff7fc2bbbca237aadd07b575893032998d1,E,4,1,38,76658,76657,77157,1,left_hand,1,False,organizer_artifact_flag,77282,77782
S06:E:record04:trial040,S06,A06E.mat,bf67a40621b74b6af7a986c2f6edfff7fc2bbbca237aadd07b575893032998d1,E,4,1,39,78583,78582,79082,4,tongue,1,False,organizer_artifact_flag,79207,79707
S06:E:record04:trial041,S06,A06E.mat,bf67a40621b74b6af7a986c2f6edfff7fc2bbbca237aadd07b575893032998d1,E,4,1,40,80664,80663,81163,2,right_hand,0,True,,81288,81788
S06:E:record04:trial042,S06,A06E.mat,bf67a40621b74b6af7a986c2f6edfff7fc2bbbca237aadd07b575893032998d1,E,4,1,41,82642,82641,83141,3,feet,0,True,,83266,83766
S06:E:record04:trial043,S06,A06E.mat,bf67a40621b74b6af7a986c2f6edfff7fc2bbbca237aadd07b575893032998d1,E,4,1,42,84632,84631,85131,2,right_hand,1,False,organizer_artifact_flag,85256,85756
S06:E:record04:trial044,S06,A06E.mat,bf67a40621b74b6af7a986c2f6edfff7fc2bbbca237aadd07b575893032998d1,E,4,1,43,86751,86750,87250,3,feet,0,True,,87375,87875
S06:E:record04:trial045,S06,A06E.mat,bf67a40621b74b6af7a986c2f6edfff7fc2bbbca237aadd07b575893032998d1,E,4,1,44,88657,88656,89156,4,tongue,1,False,organizer_artifact_flag,89281,89781
S06:E:record04:trial046,S06,A06E.mat,bf67a40621b74b6af7a986c2f6edfff7fc2bbbca237aadd07b575893032998d1,E,4,1,45,90585,90584,91084,2,right_hand,1,False,organizer_artifact_flag,91209,91709
S06:E:record04:trial047,S06,A06E.mat,bf67a40621b74b6af7a986c2f6edfff7fc2bbbca237aadd07b575893032998d1,E,4,1,46,92699,92698,93198,3,feet,1,False,organizer_artifact_flag,93323,93823
S06:E:record04:trial048,S06,A06E.mat,bf67a40621b74b6af7a986c2f6edfff7fc2bbbca237aadd07b575893032998d1,E,4,1,47,94758,94757,95257,1,left_hand,1,False,organizer_artifact_flag,95382,95882
S06:E:record05:trial001,S06,A06E.mat,bf67a40621b74b6af7a986c2f6edfff7fc2bbbca237aadd07b575893032998d1,E,5,2,0,251,250,750,1,left_hand,1,False,organizer_artifact_flag,875,1375
S06:E:record05:trial002,S06,A06E.mat,bf67a40621b74b6af7a986c2f6edfff7fc2bbbca237aadd07b575893032998d1,E,5,2,1,2254,2253,2753,1,left_hand,0,True,,2878,3378
S06:E:record05:trial003,S06,A06E.mat,bf67a40621b74b6af7a986c2f6edfff7fc2bbbca237aadd07b575893032998d1,E,5,2,2,4172,4171,4671,4,tongue,0,True,,4796,5296
S06:E:record05:trial004,S06,A06E.mat,bf67a40621b74b6af7a986c2f6edfff7fc2bbbca237aadd07b575893032998d1,E,5,2,3,6124,6123,6623,2,right_hand,0,True,,6748,7248
S06:E:record05:trial005,S06,A06E.mat,bf67a40621b74b6af7a986c2f6edfff7fc2bbbca237aadd07b575893032998d1,E,5,2,4,8132,8131,8631,1,left_hand,0,True,,8756,9256
S06:E:record05:trial006,S06,A06E.mat,bf67a40621b74b6af7a986c2f6edfff7fc2bbbca237aadd07b575893032998d1,E,5,2,5,10243,10242,10742,3,feet,0,True,,10867,11367
S06:E:record05:trial007,S06,A06E.mat,bf67a40621b74b6af7a986c2f6edfff7fc2bbbca237aadd07b575893032998d1,E,5,2,6,12160,12159,12659,1,left_hand,0,True,,12784,13284
S06:E:record05:trial008,S06,A06E.mat,bf67a40621b74b6af7a986c2f6edfff7fc2bbbca237aadd07b575893032998d1,E,5,2,7,14210,14209,14709,3,feet,0,True,,14834,15334
S06:E:record05:trial009,S06,A06E.mat,bf67a40621b74b6af7a986c2f6edfff7fc2bbbca237aadd07b575893032998d1,E,5,2,8,16141,16140,16640,2,right_hand,1,False,organizer_artifact_flag,16765,17265
S06:E:record05:trial010,S06,A06E.mat,bf67a40621b74b6af7a986c2f6edfff7fc2bbbca237aadd07b575893032998d1,E,5,2,9,18139,18138,18638,4,tongue,1,False,organizer_artifact_flag,18763,19263
S06:E:record05:trial011,S06,A06E.mat,bf67a40621b74b6af7a986c2f6edfff7fc2bbbca237aadd07b575893032998d1,E,5,2,10,20045,20044,20544,1,left_hand,1,False,organizer_artifact_flag,20669,21169
S06:E:record05:trial012,S06,A06E.mat,bf67a40621b74b6af7a986c2f6edfff7fc2bbbca237aadd07b575893032998d1,E,5,2,11,21940,21939,22439,3,feet,1,False,organizer_artifact_flag,22564,23064
S06:E:record05:trial013,S06,A06E.mat,bf67a40621b74b6af7a986c2f6edfff7fc2bbbca237aadd07b575893032998d1,E,5,2,12,23912,23911,24411,3,feet,1,False,organizer_artifact_flag,24536,25036
S06:E:record05:trial014,S06,A06E.mat,bf67a40621b74b6af7a986c2f6edfff7fc2bbbca237aadd07b575893032998d1,E,5,2,13,25856,25855,26355,1,left_hand,0,True,,26480,26980
S06:E:record05:trial015,S06,A06E.mat,bf67a40621b74b6af7a986c2f6edfff7fc2bbbca237aadd07b575893032998d1,E,5,2,14,27823,27822,28322,3,feet,0,True,,28447,28947
S06:E:record05:trial016,S06,A06E.mat,bf67a40621b74b6af7a986c2f6edfff7fc2bbbca237aadd07b575893032998d1,E,5,2,15,29943,29942,30442,2,right_hand,0,True,,30567,31067
S06:E:record05:trial017,S06,A06E.mat,bf67a40621b74b6af7a986c2f6edfff7fc2bbbca237aadd07b575893032998d1,E,5,2,16,31951,31950,32450,4,tongue,1,False,organizer_artifact_flag,32575,33075
S06:E:record05:trial018,S06,A06E.mat,bf67a40621b74b6af7a986c2f6edfff7fc2bbbca237aadd07b575893032998d1,E,5,2,17,34017,34016,34516,4,tongue,1,False,organizer_artifact_flag,34641,35141
S06:E:record05:trial019,S06,A06E.mat,bf67a40621b74b6af7a986c2f6edfff7fc2bbbca237aadd07b575893032998d1,E,5,2,18,36053,36052,36552,4,tongue,1,False,organizer_artifact_flag,36677,37177
S06:E:record05:trial020,S06,A06E.mat,bf67a40621b74b6af7a986c2f6edfff7fc2bbbca237aadd07b575893032998d1,E,5,2,19,38119,38118,38618,3,feet,1,False,organizer_artifact_flag,38743,39243
S06:E:record05:trial021,S06,A06E.mat,bf67a40621b74b6af7a986c2f6edfff7fc2bbbca237aadd07b575893032998d1,E,5,2,20,40189,40188,40688,1,left_hand,0,True,,40813,41313
S06:E:record05:trial022,S06,A06E.mat,bf67a40621b74b6af7a986c2f6edfff7fc2bbbca237aadd07b575893032998d1,E,5,2,21,42269,42268,42768,4,tongue,0,True,,42893,43393
S06:E:record05:trial023,S06,A06E.mat,bf67a40621b74b6af7a986c2f6edfff7fc2bbbca237aadd07b575893032998d1,E,5,2,22,44181,44180,44680,2,right_hand,0,True,,44805,45305
S06:E:record05:trial024,S06,A06E.mat,bf67a40621b74b6af7a986c2f6edfff7fc2bbbca237aadd07b575893032998d1,E,5,2,23,46212,46211,46711,4,tongue,0,True,,46836,47336
S06:E:record05:trial025,S06,A06E.mat,bf67a40621b74b6af7a986c2f6edfff7fc2bbbca237aadd07b575893032998d1,E,5,2,24,48165,48164,48664,2,right_hand,1,False,organizer_artifact_flag,48789,49289
S06:E:record05:trial026,S06,A06E.mat,bf67a40621b74b6af7a986c2f6edfff7fc2bbbca237aadd07b575893032998d1,E,5,2,25,50126,50125,50625,1,left_hand,1,False,organizer_artifact_flag,50750,51250
S06:E:record05:trial027,S06,A06E.mat,bf67a40621b74b6af7a986c2f6edfff7fc2bbbca237aadd07b575893032998d1,E,5,2,26,52230,52229,52729,3,feet,0,True,,52854,53354
S06:E:record05:trial028,S06,A06E.mat,bf67a40621b74b6af7a986c2f6edfff7fc2bbbca237aadd07b575893032998d1,E,5,2,27,54234,54233,54733,2,right_hand,0,True,,54858,55358
S06:E:record05:trial029,S06,A06E.mat,bf67a40621b74b6af7a986c2f6edfff7fc2bbbca237aadd07b575893032998d1,E,5,2,28,56209,56208,56708,1,left_hand,1,False,organizer_artifact_flag,56833,57333
S06:E:record05:trial030,S06,A06E.mat,bf67a40621b74b6af7a986c2f6edfff7fc2bbbca237aadd07b575893032998d1,E,5,2,29,58235,58234,58734,3,feet,1,False,organizer_artifact_flag,58859,59359
S06:E:record05:trial031,S06,A06E.mat,bf67a40621b74b6af7a986c2f6edfff7fc2bbbca237aadd07b575893032998d1,E,5,2,30,60306,60305,60805,3,feet,0,True,,60930,61430
S06:E:record05:trial032,S06,A06E.mat,bf67a40621b74b6af7a986c2f6edfff7fc2bbbca237aadd07b575893032998d1,E,5,2,31,62413,62412,62912,1,left_hand,1,False,organizer_artifact_flag,63037,63537
S06:E:record05:trial033,S06,A06E.mat,bf67a40621b74b6af7a986c2f6edfff7fc2bbbca237aadd07b575893032998d1,E,5,2,32,64505,64504,65004,3,feet,1,False,organizer_artifact_flag,65129,65629
S06:E:record05:trial034,S06,A06E.mat,bf67a40621b74b6af7a986c2f6edfff7fc2bbbca237aadd07b575893032998d1,E,5,2,33,66596,66595,67095,4,tongue,0,True,,67220,67720
S06:E:record05:trial035,S06,A06E.mat,bf67a40621b74b6af7a986c2f6edfff7fc2bbbca237aadd07b575893032998d1,E,5,2,34,68639,68638,69138,4,tongue,1,False,organizer_artifact_flag,69263,69763
S06:E:record05:trial036,S06,A06E.mat,bf67a40621b74b6af7a986c2f6edfff7fc2bbbca237aadd07b575893032998d1,E,5,2,35,70703,70702,71202,2,right_hand,1,False,organizer_artifact_flag,71327,71827
S06:E:record05:trial037,S06,A06E.mat,bf67a40621b74b6af7a986c2f6edfff7fc2bbbca237aadd07b575893032998d1,E,5,2,36,72723,72722,73222,1,left_hand,0,True,,73347,73847
S06:E:record05:trial038,S06,A06E.mat,bf67a40621b74b6af7a986c2f6edfff7fc2bbbca237aadd07b575893032998d1,E,5,2,37,74695,74694,75194,2,right_hand,0,True,,75319,75819
S06:E:record05:trial039,S06,A06E.mat,bf67a40621b74b6af7a986c2f6edfff7fc2bbbca237aadd07b575893032998d1,E,5,2,38,76658,76657,77157,4,tongue,0,True,,77282,77782
S06:E:record05:trial040,S06,A06E.mat,bf67a40621b74b6af7a986c2f6edfff7fc2bbbca237aadd07b575893032998d1,E,5,2,39,78583,78582,79082,2,right_hand,1,False,organizer_artifact_flag,79207,79707
S06:E:record05:trial041,S06,A06E.mat,bf67a40621b74b6af7a986c2f6edfff7fc2bbbca237aadd07b575893032998d1,E,5,2,40,80664,80663,81163,4,tongue,1,False,organizer_artifact_flag,81288,81788
S06:E:record05:trial042,S06,A06E.mat,bf67a40621b74b6af7a986c2f6edfff7fc2bbbca237aadd07b575893032998d1,E,5,2,41,82642,82641,83141,3,feet,0,True,,83266,83766
S06:E:record05:trial043,S06,A06E.mat,bf67a40621b74b6af7a986c2f6edfff7fc2bbbca237aadd07b575893032998d1,E,5,2,42,84632,84631,85131,2,right_hand,1,False,organizer_artifact_flag,85256,85756
S06:E:record05:trial044,S06,A06E.mat,bf67a40621b74b6af7a986c2f6edfff7fc2bbbca237aadd07b575893032998d1,E,5,2,43,86751,86750,87250,2,right_hand,0,True,,87375,87875
S06:E:record05:trial045,S06,A06E.mat,bf67a40621b74b6af7a986c2f6edfff7fc2bbbca237aadd07b575893032998d1,E,5,2,44,88657,88656,89156,2,right_hand,0,True,,89281,89781
S06:E:record05:trial046,S06,A06E.mat,bf67a40621b74b6af7a986c2f6edfff7fc2bbbca237aadd07b575893032998d1,E,5,2,45,90585,90584,91084,3,feet,1,False,organizer_artifact_flag,91209,91709
S06:E:record05:trial047,S06,A06E.mat,bf67a40621b74b6af7a986c2f6edfff7fc2bbbca237aadd07b575893032998d1,E,5,2,46,92699,92698,93198,4,tongue,0,True,,93323,93823
S06:E:record05:trial048,S06,A06E.mat,bf67a40621b74b6af7a986c2f6edfff7fc2bbbca237aadd07b575893032998d1,E,5,2,47,94758,94757,95257,1,left_hand,0,True,,95382,95882
S06:E:record06:trial001,S06,A06E.mat,bf67a40621b74b6af7a986c2f6edfff7fc2bbbca237aadd07b575893032998d1,E,6,3,0,251,250,750,2,right_hand,1,False,organizer_artifact_flag,875,1375
S06:E:record06:trial002,S06,A06E.mat,bf67a40621b74b6af7a986c2f6edfff7fc2bbbca237aadd07b575893032998d1,E,6,3,1,2254,2253,2753,4,tongue,0,True,,2878,3378
S06:E:record06:trial003,S06,A06E.mat,bf67a40621b74b6af7a986c2f6edfff7fc2bbbca237aadd07b575893032998d1,E,6,3,2,4172,4171,4671,1,left_hand,0,True,,4796,5296
S06:E:record06:trial004,S06,A06E.mat,bf67a40621b74b6af7a986c2f6edfff7fc2bbbca237aadd07b575893032998d1,E,6,3,3,6124,6123,6623,3,feet,0,True,,6748,7248
S06:E:record06:trial005,S06,A06E.mat,bf67a40621b74b6af7a986c2f6edfff7fc2bbbca237aadd07b575893032998d1,E,6,3,4,8132,8131,8631,3,feet,1,False,organizer_artifact_flag,8756,9256
S06:E:record06:trial006,S06,A06E.mat,bf67a40621b74b6af7a986c2f6edfff7fc2bbbca237aadd07b575893032998d1,E,6,3,5,10243,10242,10742,4,tongue,0,True,,10867,11367
S06:E:record06:trial007,S06,A06E.mat,bf67a40621b74b6af7a986c2f6edfff7fc2bbbca237aadd07b575893032998d1,E,6,3,6,12160,12159,12659,1,left_hand,0,True,,12784,13284
S06:E:record06:trial008,S06,A06E.mat,bf67a40621b74b6af7a986c2f6edfff7fc2bbbca237aadd07b575893032998d1,E,6,3,7,14210,14209,14709,1,left_hand,0,True,,14834,15334
S06:E:record06:trial009,S06,A06E.mat,bf67a40621b74b6af7a986c2f6edfff7fc2bbbca237aadd07b575893032998d1,E,6,3,8,16141,16140,16640,3,feet,0,True,,16765,17265
S06:E:record06:trial010,S06,A06E.mat,bf67a40621b74b6af7a986c2f6edfff7fc2bbbca237aadd07b575893032998d1,E,6,3,9,18139,18138,18638,2,right_hand,0,True,,18763,19263
S06:E:record06:trial011,S06,A06E.mat,bf67a40621b74b6af7a986c2f6edfff7fc2bbbca237aadd07b575893032998d1,E,6,3,10,20045,20044,20544,4,tongue,0,True,,20669,21169
S06:E:record06:trial012,S06,A06E.mat,bf67a40621b74b6af7a986c2f6edfff7fc2bbbca237aadd07b575893032998d1,E,6,3,11,21940,21939,22439,4,tongue,0,True,,22564,23064
S06:E:record06:trial013,S06,A06E.mat,bf67a40621b74b6af7a986c2f6edfff7fc2bbbca237aadd07b575893032998d1,E,6,3,12,23912,23911,24411,4,tongue,0,True,,24536,25036
S06:E:record06:trial014,S06,A06E.mat,bf67a40621b74b6af7a986c2f6edfff7fc2bbbca237aadd07b575893032998d1,E,6,3,13,25856,25855,26355,2,right_hand,0,True,,26480,26980
S06:E:record06:trial015,S06,A06E.mat,bf67a40621b74b6af7a986c2f6edfff7fc2bbbca237aadd07b575893032998d1,E,6,3,14,27823,27822,28322,1,left_hand,0,True,,28447,28947
S06:E:record06:trial016,S06,A06E.mat,bf67a40621b74b6af7a986c2f6edfff7fc2bbbca237aadd07b575893032998d1,E,6,3,15,29943,29942,30442,3,feet,0,True,,30567,31067
S06:E:record06:trial017,S06,A06E.mat,bf67a40621b74b6af7a986c2f6edfff7fc2bbbca237aadd07b575893032998d1,E,6,3,16,31951,31950,32450,2,right_hand,0,True,,32575,33075
S06:E:record06:trial018,S06,A06E.mat,bf67a40621b74b6af7a986c2f6edfff7fc2bbbca237aadd07b575893032998d1,E,6,3,17,34017,34016,34516,4,tongue,0,True,,34641,35141
S06:E:record06:trial019,S06,A06E.mat,bf67a40621b74b6af7a986c2f6edfff7fc2bbbca237aadd07b575893032998d1,E,6,3,18,36053,36052,36552,1,left_hand,0,True,,36677,37177
S06:E:record06:trial020,S06,A06E.mat,bf67a40621b74b6af7a986c2f6edfff7fc2bbbca237aadd07b575893032998d1,E,6,3,19,38119,38118,38618,4,tongue,0,True,,38743,39243
S06:E:record06:trial021,S06,A06E.mat,bf67a40621b74b6af7a986c2f6edfff7fc2bbbca237aadd07b575893032998d1,E,6,3,20,40189,40188,40688,3,feet,0,True,,40813,41313
S06:E:record06:trial022,S06,A06E.mat,bf67a40621b74b6af7a986c2f6edfff7fc2bbbca237aadd07b575893032998d1,E,6,3,21,42269,42268,42768,2,right_hand,0,True,,42893,43393
S06:E:record06:trial023,S06,A06E.mat,bf67a40621b74b6af7a986c2f6edfff7fc2bbbca237aadd07b575893032998d1,E,6,3,22,44181,44180,44680,4,tongue,0,True,,44805,45305
S06:E:record06:trial024,S06,A06E.mat,bf67a40621b74b6af7a986c2f6edfff7fc2bbbca237aadd07b575893032998d1,E,6,3,23,46212,46211,46711,4,tongue,0,True,,46836,47336
S06:E:record06:trial025,S06,A06E.mat,bf67a40621b74b6af7a986c2f6edfff7fc2bbbca237aadd07b575893032998d1,E,6,3,24,48165,48164,48664,1,left_hand,0,True,,48789,49289
S06:E:record06:trial026,S06,A06E.mat,bf67a40621b74b6af7a986c2f6edfff7fc2bbbca237aadd07b575893032998d1,E,6,3,25,50126,50125,50625,2,right_hand,0,True,,50750,51250
S06:E:record06:trial027,S06,A06E.mat,bf67a40621b74b6af7a986c2f6edfff7fc2bbbca237aadd07b575893032998d1,E,6,3,26,52230,52229,52729,2,right_hand,0,True,,52854,53354
S06:E:record06:trial028,S06,A06E.mat,bf67a40621b74b6af7a986c2f6edfff7fc2bbbca237aadd07b575893032998d1,E,6,3,27,54234,54233,54733,3,feet,0,True,,54858,55358
S06:E:record06:trial029,S06,A06E.mat,bf67a40621b74b6af7a986c2f6edfff7fc2bbbca237aadd07b575893032998d1,E,6,3,28,56209,56208,56708,4,tongue,0,True,,56833,57333
S06:E:record06:trial030,S06,A06E.mat,bf67a40621b74b6af7a986c2f6edfff7fc2bbbca237aadd07b575893032998d1,E,6,3,29,58235,58234,58734,2,right_hand,0,True,,58859,59359
S06:E:record06:trial031,S06,A06E.mat,bf67a40621b74b6af7a986c2f6edfff7fc2bbbca237aadd07b575893032998d1,E,6,3,30,60306,60305,60805,1,left_hand,0,True,,60930,61430
S06:E:record06:trial032,S06,A06E.mat,bf67a40621b74b6af7a986c2f6edfff7fc2bbbca237aadd07b575893032998d1,E,6,3,31,62413,62412,62912,1,left_hand,0,True,,63037,63537
S06:E:record06:trial033,S06,A06E.mat,bf67a40621b74b6af7a986c2f6edfff7fc2bbbca237aadd07b575893032998d1,E,6,3,32,64505,64504,65004,4,tongue,0,True,,65129,65629
S06:E:record06:trial034,S06,A06E.mat,bf67a40621b74b6af7a986c2f6edfff7fc2bbbca237aadd07b575893032998d1,E,6,3,33,66596,66595,67095,2,right_hand,0,True,,67220,67720
S06:E:record06:trial035,S06,A06E.mat,bf67a40621b74b6af7a986c2f6edfff7fc2bbbca237aadd07b575893032998d1,E,6,3,34,68639,68638,69138,1,left_hand,0,True,,69263,69763
S06:E:record06:trial036,S06,A06E.mat,bf67a40621b74b6af7a986c2f6edfff7fc2bbbca237aadd07b575893032998d1,E,6,3,35,70703,70702,71202,3,feet,0,True,,71327,71827
S06:E:record06:trial037,S06,A06E.mat,bf67a40621b74b6af7a986c2f6edfff7fc2bbbca237aadd07b575893032998d1,E,6,3,36,72723,72722,73222,2,right_hand,1,False,organizer_artifact_flag,73347,73847
S06:E:record06:trial038,S06,A06E.mat,bf67a40621b74b6af7a986c2f6edfff7fc2bbbca237aadd07b575893032998d1,E,6,3,37,74695,74694,75194,2,right_hand,0,True,,75319,75819
S06:E:record06:trial039,S06,A06E.mat,bf67a40621b74b6af7a986c2f6edfff7fc2bbbca237aadd07b575893032998d1,E,6,3,38,76658,76657,77157,3,feet,0,True,,77282,77782
S06:E:record06:trial040,S06,A06E.mat,bf67a40621b74b6af7a986c2f6edfff7fc2bbbca237aadd07b575893032998d1,E,6,3,39,78583,78582,79082,1,left_hand,0,True,,79207,79707
S06:E:record06:trial041,S06,A06E.mat,bf67a40621b74b6af7a986c2f6edfff7fc2bbbca237aadd07b575893032998d1,E,6,3,40,80664,80663,81163,4,tongue,0,True,,81288,81788
S06:E:record06:trial042,S06,A06E.mat,bf67a40621b74b6af7a986c2f6edfff7fc2bbbca237aadd07b575893032998d1,E,6,3,41,82642,82641,83141,3,feet,0,True,,83266,83766
S06:E:record06:trial043,S06,A06E.mat,bf67a40621b74b6af7a986c2f6edfff7fc2bbbca237aadd07b575893032998d1,E,6,3,42,84632,84631,85131,3,feet,0,True,,85256,85756
S06:E:record06:trial044,S06,A06E.mat,bf67a40621b74b6af7a986c2f6edfff7fc2bbbca237aadd07b575893032998d1,E,6,3,43,86751,86750,87250,3,feet,0,True,,87375,87875
S06:E:record06:trial045,S06,A06E.mat,bf67a40621b74b6af7a986c2f6edfff7fc2bbbca237aadd07b575893032998d1,E,6,3,44,88657,88656,89156,3,feet,0,True,,89281,89781
S06:E:record06:trial046,S06,A06E.mat,bf67a40621b74b6af7a986c2f6edfff7fc2bbbca237aadd07b575893032998d1,E,6,3,45,90585,90584,91084,1,left_hand,1,False,organizer_artifact_flag,91209,91709
S06:E:record06:trial047,S06,A06E.mat,bf67a40621b74b6af7a986c2f6edfff7fc2bbbca237aadd07b575893032998d1,E,6,3,46,92699,92698,93198,2,right_hand,0,True,,93323,93823
S06:E:record06:trial048,S06,A06E.mat,bf67a40621b74b6af7a986c2f6edfff7fc2bbbca237aadd07b575893032998d1,E,6,3,47,94758,94757,95257,1,left_hand,1,False,organizer_artifact_flag,95382,95882
S06:E:record07:trial001,S06,A06E.mat,bf67a40621b74b6af7a986c2f6edfff7fc2bbbca237aadd07b575893032998d1,E,7,4,0,251,250,750,2,right_hand,1,False,organizer_artifact_flag,875,1375
S06:E:record07:trial002,S06,A06E.mat,bf67a40621b74b6af7a986c2f6edfff7fc2bbbca237aadd07b575893032998d1,E,7,4,1,2254,2253,2753,1,left_hand,1,False,organizer_artifact_flag,2878,3378
S06:E:record07:trial003,S06,A06E.mat,bf67a40621b74b6af7a986c2f6edfff7fc2bbbca237aadd07b575893032998d1,E,7,4,2,4172,4171,4671,1,left_hand,1,False,organizer_artifact_flag,4796,5296
S06:E:record07:trial004,S06,A06E.mat,bf67a40621b74b6af7a986c2f6edfff7fc2bbbca237aadd07b575893032998d1,E,7,4,3,6124,6123,6623,3,feet,0,True,,6748,7248
S06:E:record07:trial005,S06,A06E.mat,bf67a40621b74b6af7a986c2f6edfff7fc2bbbca237aadd07b575893032998d1,E,7,4,4,8132,8131,8631,3,feet,0,True,,8756,9256
S06:E:record07:trial006,S06,A06E.mat,bf67a40621b74b6af7a986c2f6edfff7fc2bbbca237aadd07b575893032998d1,E,7,4,5,10243,10242,10742,2,right_hand,0,True,,10867,11367
S06:E:record07:trial007,S06,A06E.mat,bf67a40621b74b6af7a986c2f6edfff7fc2bbbca237aadd07b575893032998d1,E,7,4,6,12160,12159,12659,3,feet,0,True,,12784,13284
S06:E:record07:trial008,S06,A06E.mat,bf67a40621b74b6af7a986c2f6edfff7fc2bbbca237aadd07b575893032998d1,E,7,4,7,14210,14209,14709,4,tongue,0,True,,14834,15334
S06:E:record07:trial009,S06,A06E.mat,bf67a40621b74b6af7a986c2f6edfff7fc2bbbca237aadd07b575893032998d1,E,7,4,8,16141,16140,16640,1,left_hand,1,False,organizer_artifact_flag,16765,17265
S06:E:record07:trial010,S06,A06E.mat,bf67a40621b74b6af7a986c2f6edfff7fc2bbbca237aadd07b575893032998d1,E,7,4,9,18139,18138,18638,4,tongue,0,True,,18763,19263
S06:E:record07:trial011,S06,A06E.mat,bf67a40621b74b6af7a986c2f6edfff7fc2bbbca237aadd07b575893032998d1,E,7,4,10,20045,20044,20544,1,left_hand,0,True,,20669,21169
S06:E:record07:trial012,S06,A06E.mat,bf67a40621b74b6af7a986c2f6edfff7fc2bbbca237aadd07b575893032998d1,E,7,4,11,21940,21939,22439,1,left_hand,0,True,,22564,23064
S06:E:record07:trial013,S06,A06E.mat,bf67a40621b74b6af7a986c2f6edfff7fc2bbbca237aadd07b575893032998d1,E,7,4,12,23912,23911,24411,2,right_hand,0,True,,24536,25036
S06:E:record07:trial014,S06,A06E.mat,bf67a40621b74b6af7a986c2f6edfff7fc2bbbca237aadd07b575893032998d1,E,7,4,13,25856,25855,26355,4,tongue,0,True,,26480,26980
S06:E:record07:trial015,S06,A06E.mat,bf67a40621b74b6af7a986c2f6edfff7fc2bbbca237aadd07b575893032998d1,E,7,4,14,27823,27822,28322,3,feet,0,True,,28447,28947
S06:E:record07:trial016,S06,A06E.mat,bf67a40621b74b6af7a986c2f6edfff7fc2bbbca237aadd07b575893032998d1,E,7,4,15,29943,29942,30442,2,right_hand,0,True,,30567,31067
S06:E:record07:trial017,S06,A06E.mat,bf67a40621b74b6af7a986c2f6edfff7fc2bbbca237aadd07b575893032998d1,E,7,4,16,31951,31950,32450,4,tongue,0,True,,32575,33075
S06:E:record07:trial018,S06,A06E.mat,bf67a40621b74b6af7a986c2f6edfff7fc2bbbca237aadd07b575893032998d1,E,7,4,17,34017,34016,34516,3,feet,0,True,,34641,35141
S06:E:record07:trial019,S06,A06E.mat,bf67a40621b74b6af7a986c2f6edfff7fc2bbbca237aadd07b575893032998d1,E,7,4,18,36053,36052,36552,4,tongue,1,False,organizer_artifact_flag,36677,37177
S06:E:record07:trial020,S06,A06E.mat,bf67a40621b74b6af7a986c2f6edfff7fc2bbbca237aadd07b575893032998d1,E,7,4,19,38119,38118,38618,3,feet,0,True,,38743,39243
S06:E:record07:trial021,S06,A06E.mat,bf67a40621b74b6af7a986c2f6edfff7fc2bbbca237aadd07b575893032998d1,E,7,4,20,40189,40188,40688,4,tongue,1,False,organizer_artifact_flag,40813,41313
S06:E:record07:trial022,S06,A06E.mat,bf67a40621b74b6af7a986c2f6edfff7fc2bbbca237aadd07b575893032998d1,E,7,4,21,42269,42268,42768,2,right_hand,0,True,,42893,43393
S06:E:record07:trial023,S06,A06E.mat,bf67a40621b74b6af7a986c2f6edfff7fc2bbbca237aadd07b575893032998d1,E,7,4,22,44181,44180,44680,2,right_hand,0,True,,44805,45305
S06:E:record07:trial024,S06,A06E.mat,bf67a40621b74b6af7a986c2f6edfff7fc2bbbca237aadd07b575893032998d1,E,7,4,23,46212,46211,46711,4,tongue,0,True,,46836,47336
S06:E:record07:trial025,S06,A06E.mat,bf67a40621b74b6af7a986c2f6edfff7fc2bbbca237aadd07b575893032998d1,E,7,4,24,48165,48164,48664,1,left_hand,0,True,,48789,49289
S06:E:record07:trial026,S06,A06E.mat,bf67a40621b74b6af7a986c2f6edfff7fc2bbbca237aadd07b575893032998d1,E,7,4,25,50126,50125,50625,2,right_hand,0,True,,50750,51250
S06:E:record07:trial027,S06,A06E.mat,bf67a40621b74b6af7a986c2f6edfff7fc2bbbca237aadd07b575893032998d1,E,7,4,26,52230,52229,52729,2,right_hand,0,True,,52854,53354
S06:E:record07:trial028,S06,A06E.mat,bf67a40621b74b6af7a986c2f6edfff7fc2bbbca237aadd07b575893032998d1,E,7,4,27,54234,54233,54733,2,right_hand,0,True,,54858,55358
S06:E:record07:trial029,S06,A06E.mat,bf67a40621b74b6af7a986c2f6edfff7fc2bbbca237aadd07b575893032998d1,E,7,4,28,56209,56208,56708,3,feet,0,True,,56833,57333
S06:E:record07:trial030,S06,A06E.mat,bf67a40621b74b6af7a986c2f6edfff7fc2bbbca237aadd07b575893032998d1,E,7,4,29,58235,58234,58734,4,tongue,0,True,,58859,59359
S06:E:record07:trial031,S06,A06E.mat,bf67a40621b74b6af7a986c2f6edfff7fc2bbbca237aadd07b575893032998d1,E,7,4,30,60306,60305,60805,1,left_hand,0,True,,60930,61430
S06:E:record07:trial032,S06,A06E.mat,bf67a40621b74b6af7a986c2f6edfff7fc2bbbca237aadd07b575893032998d1,E,7,4,31,62413,62412,62912,4,tongue,0,True,,63037,63537
S06:E:record07:trial033,S06,A06E.mat,bf67a40621b74b6af7a986c2f6edfff7fc2bbbca237aadd07b575893032998d1,E,7,4,32,64505,64504,65004,1,left_hand,0,True,,65129,65629
S06:E:record07:trial034,S06,A06E.mat,bf67a40621b74b6af7a986c2f6edfff7fc2bbbca237aadd07b575893032998d1,E,7,4,33,66596,66595,67095,3,feet,1,False,organizer_artifact_flag,67220,67720
S06:E:record07:trial035,S06,A06E.mat,bf67a40621b74b6af7a986c2f6edfff7fc2bbbca237aadd07b575893032998d1,E,7,4,34,68639,68638,69138,1,left_hand,1,False,organizer_artifact_flag,69263,69763
S06:E:record07:trial036,S06,A06E.mat,bf67a40621b74b6af7a986c2f6edfff7fc2bbbca237aadd07b575893032998d1,E,7,4,35,70703,70702,71202,4,tongue,1,False,organizer_artifact_flag,71327,71827
S06:E:record07:trial037,S06,A06E.mat,bf67a40621b74b6af7a986c2f6edfff7fc2bbbca237aadd07b575893032998d1,E,7,4,36,72723,72722,73222,1,left_hand,0,True,,73347,73847
S06:E:record07:trial038,S06,A06E.mat,bf67a40621b74b6af7a986c2f6edfff7fc2bbbca237aadd07b575893032998d1,E,7,4,37,74695,74694,75194,3,feet,0,True,,75319,75819
S06:E:record07:trial039,S06,A06E.mat,bf67a40621b74b6af7a986c2f6edfff7fc2bbbca237aadd07b575893032998d1,E,7,4,38,76658,76657,77157,1,left_hand,0,True,,77282,77782
S06:E:record07:trial040,S06,A06E.mat,bf67a40621b74b6af7a986c2f6edfff7fc2bbbca237aadd07b575893032998d1,E,7,4,39,78583,78582,79082,2,right_hand,1,False,organizer_artifact_flag,79207,79707
S06:E:record07:trial041,S06,A06E.mat,bf67a40621b74b6af7a986c2f6edfff7fc2bbbca237aadd07b575893032998d1,E,7,4,40,80664,80663,81163,3,feet,0,True,,81288,81788
S06:E:record07:trial042,S06,A06E.mat,bf67a40621b74b6af7a986c2f6edfff7fc2bbbca237aadd07b575893032998d1,E,7,4,41,82642,82641,83141,3,feet,1,False,organizer_artifact_flag,83266,83766
S06:E:record07:trial043,S06,A06E.mat,bf67a40621b74b6af7a986c2f6edfff7fc2bbbca237aadd07b575893032998d1,E,7,4,42,84632,84631,85131,4,tongue,1,False,organizer_artifact_flag,85256,85756
S06:E:record07:trial044,S06,A06E.mat,bf67a40621b74b6af7a986c2f6edfff7fc2bbbca237aadd07b575893032998d1,E,7,4,43,86751,86750,87250,1,left_hand,1,False,organizer_artifact_flag,87375,87875
S06:E:record07:trial045,S06,A06E.mat,bf67a40621b74b6af7a986c2f6edfff7fc2bbbca237aadd07b575893032998d1,E,7,4,44,88657,88656,89156,2,right_hand,0,True,,89281,89781
S06:E:record07:trial046,S06,A06E.mat,bf67a40621b74b6af7a986c2f6edfff7fc2bbbca237aadd07b575893032998d1,E,7,4,45,90585,90584,91084,4,tongue,0,True,,91209,91709
S06:E:record07:trial047,S06,A06E.mat,bf67a40621b74b6af7a986c2f6edfff7fc2bbbca237aadd07b575893032998d1,E,7,4,46,92699,92698,93198,2,right_hand,1,False,organizer_artifact_flag,93323,93823
S06:E:record07:trial048,S06,A06E.mat,bf67a40621b74b6af7a986c2f6edfff7fc2bbbca237aadd07b575893032998d1,E,7,4,47,94758,94757,95257,3,feet,0,True,,95382,95882
S06:E:record08:trial001,S06,A06E.mat,bf67a40621b74b6af7a986c2f6edfff7fc2bbbca237aadd07b575893032998d1,E,8,5,0,251,250,750,3,feet,1,False,organizer_artifact_flag,875,1375
S06:E:record08:trial002,S06,A06E.mat,bf67a40621b74b6af7a986c2f6edfff7fc2bbbca237aadd07b575893032998d1,E,8,5,1,2254,2253,2753,1,left_hand,1,False,organizer_artifact_flag,2878,3378
S06:E:record08:trial003,S06,A06E.mat,bf67a40621b74b6af7a986c2f6edfff7fc2bbbca237aadd07b575893032998d1,E,8,5,2,4172,4171,4671,4,tongue,0,True,,4796,5296
S06:E:record08:trial004,S06,A06E.mat,bf67a40621b74b6af7a986c2f6edfff7fc2bbbca237aadd07b575893032998d1,E,8,5,3,6124,6123,6623,2,right_hand,0,True,,6748,7248
S06:E:record08:trial005,S06,A06E.mat,bf67a40621b74b6af7a986c2f6edfff7fc2bbbca237aadd07b575893032998d1,E,8,5,4,8132,8131,8631,4,tongue,0,True,,8756,9256
S06:E:record08:trial006,S06,A06E.mat,bf67a40621b74b6af7a986c2f6edfff7fc2bbbca237aadd07b575893032998d1,E,8,5,5,10243,10242,10742,1,left_hand,0,True,,10867,11367
S06:E:record08:trial007,S06,A06E.mat,bf67a40621b74b6af7a986c2f6edfff7fc2bbbca237aadd07b575893032998d1,E,8,5,6,12160,12159,12659,1,left_hand,0,True,,12784,13284
S06:E:record08:trial008,S06,A06E.mat,bf67a40621b74b6af7a986c2f6edfff7fc2bbbca237aadd07b575893032998d1,E,8,5,7,14210,14209,14709,3,feet,0,True,,14834,15334
S06:E:record08:trial009,S06,A06E.mat,bf67a40621b74b6af7a986c2f6edfff7fc2bbbca237aadd07b575893032998d1,E,8,5,8,16141,16140,16640,3,feet,0,True,,16765,17265
S06:E:record08:trial010,S06,A06E.mat,bf67a40621b74b6af7a986c2f6edfff7fc2bbbca237aadd07b575893032998d1,E,8,5,9,18139,18138,18638,2,right_hand,0,True,,18763,19263
S06:E:record08:trial011,S06,A06E.mat,bf67a40621b74b6af7a986c2f6edfff7fc2bbbca237aadd07b575893032998d1,E,8,5,10,20045,20044,20544,4,tongue,0,True,,20669,21169
S06:E:record08:trial012,S06,A06E.mat,bf67a40621b74b6af7a986c2f6edfff7fc2bbbca237aadd07b575893032998d1,E,8,5,11,21940,21939,22439,2,right_hand,0,True,,22564,23064
S06:E:record08:trial013,S06,A06E.mat,bf67a40621b74b6af7a986c2f6edfff7fc2bbbca237aadd07b575893032998d1,E,8,5,12,23912,23911,24411,2,right_hand,0,True,,24536,25036
S06:E:record08:trial014,S06,A06E.mat,bf67a40621b74b6af7a986c2f6edfff7fc2bbbca237aadd07b575893032998d1,E,8,5,13,25856,25855,26355,1,left_hand,0,True,,26480,26980
S06:E:record08:trial015,S06,A06E.mat,bf67a40621b74b6af7a986c2f6edfff7fc2bbbca237aadd07b575893032998d1,E,8,5,14,27823,27822,28322,2,right_hand,0,True,,28447,28947
S06:E:record08:trial016,S06,A06E.mat,bf67a40621b74b6af7a986c2f6edfff7fc2bbbca237aadd07b575893032998d1,E,8,5,15,29943,29942,30442,4,tongue,0,True,,30567,31067
S06:E:record08:trial017,S06,A06E.mat,bf67a40621b74b6af7a986c2f6edfff7fc2bbbca237aadd07b575893032998d1,E,8,5,16,31951,31950,32450,4,tongue,0,True,,32575,33075
S06:E:record08:trial018,S06,A06E.mat,bf67a40621b74b6af7a986c2f6edfff7fc2bbbca237aadd07b575893032998d1,E,8,5,17,34017,34016,34516,2,right_hand,0,True,,34641,35141
S06:E:record08:trial019,S06,A06E.mat,bf67a40621b74b6af7a986c2f6edfff7fc2bbbca237aadd07b575893032998d1,E,8,5,18,36053,36052,36552,2,right_hand,0,True,,36677,37177
S06:E:record08:trial020,S06,A06E.mat,bf67a40621b74b6af7a986c2f6edfff7fc2bbbca237aadd07b575893032998d1,E,8,5,19,38119,38118,38618,2,right_hand,0,True,,38743,39243
S06:E:record08:trial021,S06,A06E.mat,bf67a40621b74b6af7a986c2f6edfff7fc2bbbca237aadd07b575893032998d1,E,8,5,20,40189,40188,40688,2,right_hand,0,True,,40813,41313
S06:E:record08:trial022,S06,A06E.mat,bf67a40621b74b6af7a986c2f6edfff7fc2bbbca237aadd07b575893032998d1,E,8,5,21,42269,42268,42768,4,tongue,0,True,,42893,43393
S06:E:record08:trial023,S06,A06E.mat,bf67a40621b74b6af7a986c2f6edfff7fc2bbbca237aadd07b575893032998d1,E,8,5,22,44181,44180,44680,4,tongue,0,True,,44805,45305
S06:E:record08:trial024,S06,A06E.mat,bf67a40621b74b6af7a986c2f6edfff7fc2bbbca237aadd07b575893032998d1,E,8,5,23,46212,46211,46711,3,feet,0,True,,46836,47336
S06:E:record08:trial025,S06,A06E.mat,bf67a40621b74b6af7a986c2f6edfff7fc2bbbca237aadd07b575893032998d1,E,8,5,24,48165,48164,48664,4,tongue,0,True,,48789,49289
S06:E:record08:trial026,S06,A06E.mat,bf67a40621b74b6af7a986c2f6edfff7fc2bbbca237aadd07b575893032998d1,E,8,5,25,50126,50125,50625,1,left_hand,0,True,,50750,51250
S06:E:record08:trial027,S06,A06E.mat,bf67a40621b74b6af7a986c2f6edfff7fc2bbbca237aadd07b575893032998d1,E,8,5,26,52230,52229,52729,2,right_hand,0,True,,52854,53354
S06:E:record08:trial028,S06,A06E.mat,bf67a40621b74b6af7a986c2f6edfff7fc2bbbca237aadd07b575893032998d1,E,8,5,27,54234,54233,54733,3,feet,0,True,,54858,55358
S06:E:record08:trial029,S06,A06E.mat,bf67a40621b74b6af7a986c2f6edfff7fc2bbbca237aadd07b575893032998d1,E,8,5,28,56209,56208,56708,2,right_hand,0,True,,56833,57333
S06:E:record08:trial030,S06,A06E.mat,bf67a40621b74b6af7a986c2f6edfff7fc2bbbca237aadd07b575893032998d1,E,8,5,29,58235,58234,58734,1,left_hand,0,True,,58859,59359
S06:E:record08:trial031,S06,A06E.mat,bf67a40621b74b6af7a986c2f6edfff7fc2bbbca237aadd07b575893032998d1,E,8,5,30,60306,60305,60805,4,tongue,0,True,,60930,61430
S06:E:record08:trial032,S06,A06E.mat,bf67a40621b74b6af7a986c2f6edfff7fc2bbbca237aadd07b575893032998d1,E,8,5,31,62413,62412,62912,1,left_hand,0,True,,63037,63537
S06:E:record08:trial033,S06,A06E.mat,bf67a40621b74b6af7a986c2f6edfff7fc2bbbca237aadd07b575893032998d1,E,8,5,32,64505,64504,65004,4,tongue,0,True,,65129,65629
S06:E:record08:trial034,S06,A06E.mat,bf67a40621b74b6af7a986c2f6edfff7fc2bbbca237aadd07b575893032998d1,E,8,5,33,66596,66595,67095,1,left_hand,0,True,,67220,67720
S06:E:record08:trial035,S06,A06E.mat,bf67a40621b74b6af7a986c2f6edfff7fc2bbbca237aadd07b575893032998d1,E,8,5,34,68639,68638,69138,1,left_hand,0,True,,69263,69763
S06:E:record08:trial036,S06,A06E.mat,bf67a40621b74b6af7a986c2f6edfff7fc2bbbca237aadd07b575893032998d1,E,8,5,35,70703,70702,71202,1,left_hand,1,False,organizer_artifact_flag,71327,71827
S06:E:record08:trial037,S06,A06E.mat,bf67a40621b74b6af7a986c2f6edfff7fc2bbbca237aadd07b575893032998d1,E,8,5,36,72723,72722,73222,1,left_hand,0,True,,73347,73847
S06:E:record08:trial038,S06,A06E.mat,bf67a40621b74b6af7a986c2f6edfff7fc2bbbca237aadd07b575893032998d1,E,8,5,37,74695,74694,75194,3,feet,0,True,,75319,75819
S06:E:record08:trial039,S06,A06E.mat,bf67a40621b74b6af7a986c2f6edfff7fc2bbbca237aadd07b575893032998d1,E,8,5,38,76658,76657,77157,3,feet,1,False,organizer_artifact_flag,77282,77782
S06:E:record08:trial040,S06,A06E.mat,bf67a40621b74b6af7a986c2f6edfff7fc2bbbca237aadd07b575893032998d1,E,8,5,39,78583,78582,79082,4,tongue,0,True,,79207,79707
S06:E:record08:trial041,S06,A06E.mat,bf67a40621b74b6af7a986c2f6edfff7fc2bbbca237aadd07b575893032998d1,E,8,5,40,80664,80663,81163,2,right_hand,0,True,,81288,81788
S06:E:record08:trial042,S06,A06E.mat,bf67a40621b74b6af7a986c2f6edfff7fc2bbbca237aadd07b575893032998d1,E,8,5,41,82642,82641,83141,3,feet,0,True,,83266,83766
S06:E:record08:trial043,S06,A06E.mat,bf67a40621b74b6af7a986c2f6edfff7fc2bbbca237aadd07b575893032998d1,E,8,5,42,84632,84631,85131,3,feet,0,True,,85256,85756
S06:E:record08:trial044,S06,A06E.mat,bf67a40621b74b6af7a986c2f6edfff7fc2bbbca237aadd07b575893032998d1,E,8,5,43,86751,86750,87250,3,feet,0,True,,87375,87875
S06:E:record08:trial045,S06,A06E.mat,bf67a40621b74b6af7a986c2f6edfff7fc2bbbca237aadd07b575893032998d1,E,8,5,44,88657,88656,89156,4,tongue,0,True,,89281,89781
S06:E:record08:trial046,S06,A06E.mat,bf67a40621b74b6af7a986c2f6edfff7fc2bbbca237aadd07b575893032998d1,E,8,5,45,90585,90584,91084,3,feet,0,True,,91209,91709
S06:E:record08:trial047,S06,A06E.mat,bf67a40621b74b6af7a986c2f6edfff7fc2bbbca237aadd07b575893032998d1,E,8,5,46,92699,92698,93198,1,left_hand,0,True,,93323,93823
S06:E:record08:trial048,S06,A06E.mat,bf67a40621b74b6af7a986c2f6edfff7fc2bbbca237aadd07b575893032998d1,E,8,5,47,94758,94757,95257,3,feet,0,True,,95382,95882
S07:T:record03:trial001,S07,A07T.mat,43b6bbef0be78f0ac2b66cb2d9679091f1f5b7f0a5d4ebef73d2c7cc8e11aa96,T,3,0,0,251,250,750,1,left_hand,0,True,,875,1375
S07:T:record03:trial002,S07,A07T.mat,43b6bbef0be78f0ac2b66cb2d9679091f1f5b7f0a5d4ebef73d2c7cc8e11aa96,T,3,0,1,2254,2253,2753,2,right_hand,0,True,,2878,3378
S07:T:record03:trial003,S07,A07T.mat,43b6bbef0be78f0ac2b66cb2d9679091f1f5b7f0a5d4ebef73d2c7cc8e11aa96,T,3,0,2,4172,4171,4671,2,right_hand,0,True,,4796,5296
S07:T:record03:trial004,S07,A07T.mat,43b6bbef0be78f0ac2b66cb2d9679091f1f5b7f0a5d4ebef73d2c7cc8e11aa96,T,3,0,3,6124,6123,6623,1,left_hand,0,True,,6748,7248
S07:T:record03:trial005,S07,A07T.mat,43b6bbef0be78f0ac2b66cb2d9679091f1f5b7f0a5d4ebef73d2c7cc8e11aa96,T,3,0,4,8132,8131,8631,2,right_hand,0,True,,8756,9256
S07:T:record03:trial006,S07,A07T.mat,43b6bbef0be78f0ac2b66cb2d9679091f1f5b7f0a5d4ebef73d2c7cc8e11aa96,T,3,0,5,10243,10242,10742,1,left_hand,0,True,,10867,11367
S07:T:record03:trial007,S07,A07T.mat,43b6bbef0be78f0ac2b66cb2d9679091f1f5b7f0a5d4ebef73d2c7cc8e11aa96,T,3,0,6,12160,12159,12659,2,right_hand,0,True,,12784,13284
S07:T:record03:trial008,S07,A07T.mat,43b6bbef0be78f0ac2b66cb2d9679091f1f5b7f0a5d4ebef73d2c7cc8e11aa96,T,3,0,7,14210,14209,14709,3,feet,0,True,,14834,15334
S07:T:record03:trial009,S07,A07T.mat,43b6bbef0be78f0ac2b66cb2d9679091f1f5b7f0a5d4ebef73d2c7cc8e11aa96,T,3,0,8,16141,16140,16640,2,right_hand,0,True,,16765,17265
S07:T:record03:trial010,S07,A07T.mat,43b6bbef0be78f0ac2b66cb2d9679091f1f5b7f0a5d4ebef73d2c7cc8e11aa96,T,3,0,9,18139,18138,18638,4,tongue,0,True,,18763,19263
S07:T:record03:trial011,S07,A07T.mat,43b6bbef0be78f0ac2b66cb2d9679091f1f5b7f0a5d4ebef73d2c7cc8e11aa96,T,3,0,10,20045,20044,20544,1,left_hand,0,True,,20669,21169
S07:T:record03:trial012,S07,A07T.mat,43b6bbef0be78f0ac2b66cb2d9679091f1f5b7f0a5d4ebef73d2c7cc8e11aa96,T,3,0,11,21940,21939,22439,3,feet,0,True,,22564,23064
S07:T:record03:trial013,S07,A07T.mat,43b6bbef0be78f0ac2b66cb2d9679091f1f5b7f0a5d4ebef73d2c7cc8e11aa96,T,3,0,12,23912,23911,24411,2,right_hand,0,True,,24536,25036
S07:T:record03:trial014,S07,A07T.mat,43b6bbef0be78f0ac2b66cb2d9679091f1f5b7f0a5d4ebef73d2c7cc8e11aa96,T,3,0,13,25856,25855,26355,1,left_hand,0,True,,26480,26980
S07:T:record03:trial015,S07,A07T.mat,43b6bbef0be78f0ac2b66cb2d9679091f1f5b7f0a5d4ebef73d2c7cc8e11aa96,T,3,0,14,27823,27822,28322,4,tongue,0,True,,28447,28947
S07:T:record03:trial016,S07,A07T.mat,43b6bbef0be78f0ac2b66cb2d9679091f1f5b7f0a5d4ebef73d2c7cc8e11aa96,T,3,0,15,29943,29942,30442,4,tongue,0,True,,30567,31067
S07:T:record03:trial017,S07,A07T.mat,43b6bbef0be78f0ac2b66cb2d9679091f1f5b7f0a5d4ebef73d2c7cc8e11aa96,T,3,0,16,31951,31950,32450,4,tongue,0,True,,32575,33075
S07:T:record03:trial018,S07,A07T.mat,43b6bbef0be78f0ac2b66cb2d9679091f1f5b7f0a5d4ebef73d2c7cc8e11aa96,T,3,0,17,34017,34016,34516,4,tongue,0,True,,34641,35141
S07:T:record03:trial019,S07,A07T.mat,43b6bbef0be78f0ac2b66cb2d9679091f1f5b7f0a5d4ebef73d2c7cc8e11aa96,T,3,0,18,36053,36052,36552,4,tongue,0,True,,36677,37177
S07:T:record03:trial020,S07,A07T.mat,43b6bbef0be78f0ac2b66cb2d9679091f1f5b7f0a5d4ebef73d2c7cc8e11aa96,T,3,0,19,38119,38118,38618,1,left_hand,0,True,,38743,39243
S07:T:record03:trial021,S07,A07T.mat,43b6bbef0be78f0ac2b66cb2d9679091f1f5b7f0a5d4ebef73d2c7cc8e11aa96,T,3,0,20,40189,40188,40688,3,feet,0,True,,40813,41313
S07:T:record03:trial022,S07,A07T.mat,43b6bbef0be78f0ac2b66cb2d9679091f1f5b7f0a5d4ebef73d2c7cc8e11aa96,T,3,0,21,42269,42268,42768,2,right_hand,0,True,,42893,43393
S07:T:record03:trial023,S07,A07T.mat,43b6bbef0be78f0ac2b66cb2d9679091f1f5b7f0a5d4ebef73d2c7cc8e11aa96,T,3,0,22,44181,44180,44680,1,left_hand,0,True,,44805,45305
S07:T:record03:trial024,S07,A07T.mat,43b6bbef0be78f0ac2b66cb2d9679091f1f5b7f0a5d4ebef73d2c7cc8e11aa96,T,3,0,23,46212,46211,46711,1,left_hand,0,True,,46836,47336
S07:T:record03:trial025,S07,A07T.mat,43b6bbef0be78f0ac2b66cb2d9679091f1f5b7f0a5d4ebef73d2c7cc8e11aa96,T,3,0,24,48165,48164,48664,3,feet,0,True,,48789,49289
S07:T:record03:trial026,S07,A07T.mat,43b6bbef0be78f0ac2b66cb2d9679091f1f5b7f0a5d4ebef73d2c7cc8e11aa96,T,3,0,25,50126,50125,50625,4,tongue,0,True,,50750,51250
S07:T:record03:trial027,S07,A07T.mat,43b6bbef0be78f0ac2b66cb2d9679091f1f5b7f0a5d4ebef73d2c7cc8e11aa96,T,3,0,26,52230,52229,52729,1,left_hand,0,True,,52854,53354
S07:T:record03:trial028,S07,A07T.mat,43b6bbef0be78f0ac2b66cb2d9679091f1f5b7f0a5d4ebef73d2c7cc8e11aa96,T,3,0,27,54234,54233,54733,3,feet,0,True,,54858,55358
S07:T:record03:trial029,S07,A07T.mat,43b6bbef0be78f0ac2b66cb2d9679091f1f5b7f0a5d4ebef73d2c7cc8e11aa96,T,3,0,28,56209,56208,56708,3,feet,0,True,,56833,57333
S07:T:record03:trial030,S07,A07T.mat,43b6bbef0be78f0ac2b66cb2d9679091f1f5b7f0a5d4ebef73d2c7cc8e11aa96,T,3,0,29,58235,58234,58734,3,feet,1,False,organizer_artifact_flag,58859,59359
S07:T:record03:trial031,S07,A07T.mat,43b6bbef0be78f0ac2b66cb2d9679091f1f5b7f0a5d4ebef73d2c7cc8e11aa96,T,3,0,30,60306,60305,60805,1,left_hand,0,True,,60930,61430
S07:T:record03:trial032,S07,A07T.mat,43b6bbef0be78f0ac2b66cb2d9679091f1f5b7f0a5d4ebef73d2c7cc8e11aa96,T,3,0,31,62413,62412,62912,2,right_hand,0,True,,63037,63537
S07:T:record03:trial033,S07,A07T.mat,43b6bbef0be78f0ac2b66cb2d9679091f1f5b7f0a5d4ebef73d2c7cc8e11aa96,T,3,0,32,64505,64504,65004,1,left_hand,0,True,,65129,65629
S07:T:record03:trial034,S07,A07T.mat,43b6bbef0be78f0ac2b66cb2d9679091f1f5b7f0a5d4ebef73d2c7cc8e11aa96,T,3,0,33,66596,66595,67095,2,right_hand,0,True,,67220,67720
S07:T:record03:trial035,S07,A07T.mat,43b6bbef0be78f0ac2b66cb2d9679091f1f5b7f0a5d4ebef73d2c7cc8e11aa96,T,3,0,34,68639,68638,69138,2,right_hand,0,True,,69263,69763
S07:T:record03:trial036,S07,A07T.mat,43b6bbef0be78f0ac2b66cb2d9679091f1f5b7f0a5d4ebef73d2c7cc8e11aa96,T,3,0,35,70703,70702,71202,1,left_hand,0,True,,71327,71827
S07:T:record03:trial037,S07,A07T.mat,43b6bbef0be78f0ac2b66cb2d9679091f1f5b7f0a5d4ebef73d2c7cc8e11aa96,T,3,0,36,72723,72722,73222,2,right_hand,1,False,organizer_artifact_flag,73347,73847
S07:T:record03:trial038,S07,A07T.mat,43b6bbef0be78f0ac2b66cb2d9679091f1f5b7f0a5d4ebef73d2c7cc8e11aa96,T,3,0,37,74695,74694,75194,3,feet,0,True,,75319,75819
S07:T:record03:trial039,S07,A07T.mat,43b6bbef0be78f0ac2b66cb2d9679091f1f5b7f0a5d4ebef73d2c7cc8e11aa96,T,3,0,38,76658,76657,77157,2,right_hand,0,True,,77282,77782
S07:T:record03:trial040,S07,A07T.mat,43b6bbef0be78f0ac2b66cb2d9679091f1f5b7f0a5d4ebef73d2c7cc8e11aa96,T,3,0,39,78583,78582,79082,3,feet,0,True,,79207,79707
S07:T:record03:trial041,S07,A07T.mat,43b6bbef0be78f0ac2b66cb2d9679091f1f5b7f0a5d4ebef73d2c7cc8e11aa96,T,3,0,40,80664,80663,81163,3,feet,0,True,,81288,81788
S07:T:record03:trial042,S07,A07T.mat,43b6bbef0be78f0ac2b66cb2d9679091f1f5b7f0a5d4ebef73d2c7cc8e11aa96,T,3,0,41,82642,82641,83141,4,tongue,0,True,,83266,83766
S07:T:record03:trial043,S07,A07T.mat,43b6bbef0be78f0ac2b66cb2d9679091f1f5b7f0a5d4ebef73d2c7cc8e11aa96,T,3,0,42,84632,84631,85131,3,feet,0,True,,85256,85756
S07:T:record03:trial044,S07,A07T.mat,43b6bbef0be78f0ac2b66cb2d9679091f1f5b7f0a5d4ebef73d2c7cc8e11aa96,T,3,0,43,86751,86750,87250,3,feet,1,False,organizer_artifact_flag,87375,87875
S07:T:record03:trial045,S07,A07T.mat,43b6bbef0be78f0ac2b66cb2d9679091f1f5b7f0a5d4ebef73d2c7cc8e11aa96,T,3,0,44,88657,88656,89156,4,tongue,0,True,,89281,89781
S07:T:record03:trial046,S07,A07T.mat,43b6bbef0be78f0ac2b66cb2d9679091f1f5b7f0a5d4ebef73d2c7cc8e11aa96,T,3,0,45,90585,90584,91084,4,tongue,0,True,,91209,91709
S07:T:record03:trial047,S07,A07T.mat,43b6bbef0be78f0ac2b66cb2d9679091f1f5b7f0a5d4ebef73d2c7cc8e11aa96,T,3,0,46,92699,92698,93198,4,tongue,0,True,,93323,93823
S07:T:record03:trial048,S07,A07T.mat,43b6bbef0be78f0ac2b66cb2d9679091f1f5b7f0a5d4ebef73d2c7cc8e11aa96,T,3,0,47,94758,94757,95257,4,tongue,0,True,,95382,95882
S07:T:record04:trial001,S07,A07T.mat,43b6bbef0be78f0ac2b66cb2d9679091f1f5b7f0a5d4ebef73d2c7cc8e11aa96,T,4,1,0,251,250,750,4,tongue,0,True,,875,1375
S07:T:record04:trial002,S07,A07T.mat,43b6bbef0be78f0ac2b66cb2d9679091f1f5b7f0a5d4ebef73d2c7cc8e11aa96,T,4,1,1,2254,2253,2753,3,feet,0,True,,2878,3378
S07:T:record04:trial003,S07,A07T.mat,43b6bbef0be78f0ac2b66cb2d9679091f1f5b7f0a5d4ebef73d2c7cc8e11aa96,T,4,1,2,4172,4171,4671,2,right_hand,0,True,,4796,5296
S07:T:record04:trial004,S07,A07T.mat,43b6bbef0be78f0ac2b66cb2d9679091f1f5b7f0a5d4ebef73d2c7cc8e11aa96,T,4,1,3,6124,6123,6623,1,left_hand,0,True,,6748,7248
S07:T:record04:trial005,S07,A07T.mat,43b6bbef0be78f0ac2b66cb2d9679091f1f5b7f0a5d4ebef73d2c7cc8e11aa96,T,4,1,4,8132,8131,8631,1,left_hand,0,True,,8756,9256
S07:T:record04:trial006,S07,A07T.mat,43b6bbef0be78f0ac2b66cb2d9679091f1f5b7f0a5d4ebef73d2c7cc8e11aa96,T,4,1,5,10243,10242,10742,2,right_hand,0,True,,10867,11367
S07:T:record04:trial007,S07,A07T.mat,43b6bbef0be78f0ac2b66cb2d9679091f1f5b7f0a5d4ebef73d2c7cc8e11aa96,T,4,1,6,12160,12159,12659,3,feet,1,False,organizer_artifact_flag,12784,13284
S07:T:record04:trial008,S07,A07T.mat,43b6bbef0be78f0ac2b66cb2d9679091f1f5b7f0a5d4ebef73d2c7cc8e11aa96,T,4,1,7,14210,14209,14709,4,tongue,0,True,,14834,15334
S07:T:record04:trial009,S07,A07T.mat,43b6bbef0be78f0ac2b66cb2d9679091f1f5b7f0a5d4ebef73d2c7cc8e11aa96,T,4,1,8,16141,16140,16640,2,right_hand,0,True,,16765,17265
S07:T:record04:trial010,S07,A07T.mat,43b6bbef0be78f0ac2b66cb2d9679091f1f5b7f0a5d4ebef73d2c7cc8e11aa96,T,4,1,9,18139,18138,18638,3,feet,0,True,,18763,19263
S07:T:record04:trial011,S07,A07T.mat,43b6bbef0be78f0ac2b66cb2d9679091f1f5b7f0a5d4ebef73d2c7cc8e11aa96,T,4,1,10,20045,20044,20544,1,left_hand,0,True,,20669,21169
S07:T:record04:trial012,S07,A07T.mat,43b6bbef0be78f0ac2b66cb2d9679091f1f5b7f0a5d4ebef73d2c7cc8e11aa96,T,4,1,11,21940,21939,22439,1,left_hand,0,True,,22564,23064
S07:T:record04:trial013,S07,A07T.mat,43b6bbef0be78f0ac2b66cb2d9679091f1f5b7f0a5d4ebef73d2c7cc8e11aa96,T,4,1,12,23912,23911,24411,1,left_hand,0,True,,24536,25036
S07:T:record04:trial014,S07,A07T.mat,43b6bbef0be78f0ac2b66cb2d9679091f1f5b7f0a5d4ebef73d2c7cc8e11aa96,T,4,1,13,25856,25855,26355,4,tongue,0,True,,26480,26980
S07:T:record04:trial015,S07,A07T.mat,43b6bbef0be78f0ac2b66cb2d9679091f1f5b7f0a5d4ebef73d2c7cc8e11aa96,T,4,1,14,27823,27822,28322,2,right_hand,0,True,,28447,28947
S07:T:record04:trial016,S07,A07T.mat,43b6bbef0be78f0ac2b66cb2d9679091f1f5b7f0a5d4ebef73d2c7cc8e11aa96,T,4,1,15,29943,29942,30442,2,right_hand,0,True,,30567,31067
S07:T:record04:trial017,S07,A07T.mat,43b6bbef0be78f0ac2b66cb2d9679091f1f5b7f0a5d4ebef73d2c7cc8e11aa96,T,4,1,16,31951,31950,32450,1,left_hand,0,True,,32575,33075
S07:T:record04:trial018,S07,A07T.mat,43b6bbef0be78f0ac2b66cb2d9679091f1f5b7f0a5d4ebef73d2c7cc8e11aa96,T,4,1,17,34017,34016,34516,1,left_hand,1,False,organizer_artifact_flag,34641,35141
S07:T:record04:trial019,S07,A07T.mat,43b6bbef0be78f0ac2b66cb2d9679091f1f5b7f0a5d4ebef73d2c7cc8e11aa96,T,4,1,18,36053,36052,36552,3,feet,0,True,,36677,37177
S07:T:record04:trial020,S07,A07T.mat,43b6bbef0be78f0ac2b66cb2d9679091f1f5b7f0a5d4ebef73d2c7cc8e11aa96,T,4,1,19,38119,38118,38618,1,left_hand,0,True,,38743,39243
S07:T:record04:trial021,S07,A07T.mat,43b6bbef0be78f0ac2b66cb2d9679091f1f5b7f0a5d4ebef73d2c7cc8e11aa96,T,4,1,20,40189,40188,40688,2,right_hand,0,True,,40813,41313
S07:T:record04:trial022,S07,A07T.mat,43b6bbef0be78f0ac2b66cb2d9679091f1f5b7f0a5d4ebef73d2c7cc8e11aa96,T,4,1,21,42269,42268,42768,4,tongue,0,True,,42893,43393
S07:T:record04:trial023,S07,A07T.mat,43b6bbef0be78f0ac2b66cb2d9679091f1f5b7f0a5d4ebef73d2c7cc8e11aa96,T,4,1,22,44181,44180,44680,4,tongue,0,True,,44805,45305
S07:T:record04:trial024,S07,A07T.mat,43b6bbef0be78f0ac2b66cb2d9679091f1f5b7f0a5d4ebef73d2c7cc8e11aa96,T,4,1,23,46212,46211,46711,3,feet,0,True,,46836,47336
S07:T:record04:trial025,S07,A07T.mat,43b6bbef0be78f0ac2b66cb2d9679091f1f5b7f0a5d4ebef73d2c7cc8e11aa96,T,4,1,24,48165,48164,48664,1,left_hand,0,True,,48789,49289
S07:T:record04:trial026,S07,A07T.mat,43b6bbef0be78f0ac2b66cb2d9679091f1f5b7f0a5d4ebef73d2c7cc8e11aa96,T,4,1,25,50126,50125,50625,4,tongue,0,True,,50750,51250
S07:T:record04:trial027,S07,A07T.mat,43b6bbef0be78f0ac2b66cb2d9679091f1f5b7f0a5d4ebef73d2c7cc8e11aa96,T,4,1,26,52230,52229,52729,4,tongue,0,True,,52854,53354
S07:T:record04:trial028,S07,A07T.mat,43b6bbef0be78f0ac2b66cb2d9679091f1f5b7f0a5d4ebef73d2c7cc8e11aa96,T,4,1,27,54234,54233,54733,2,right_hand,0,True,,54858,55358
S07:T:record04:trial029,S07,A07T.mat,43b6bbef0be78f0ac2b66cb2d9679091f1f5b7f0a5d4ebef73d2c7cc8e11aa96,T,4,1,28,56209,56208,56708,4,tongue,0,True,,56833,57333
S07:T:record04:trial030,S07,A07T.mat,43b6bbef0be78f0ac2b66cb2d9679091f1f5b7f0a5d4ebef73d2c7cc8e11aa96,T,4,1,29,58235,58234,58734,4,tongue,0,True,,58859,59359
S07:T:record04:trial031,S07,A07T.mat,43b6bbef0be78f0ac2b66cb2d9679091f1f5b7f0a5d4ebef73d2c7cc8e11aa96,T,4,1,30,60306,60305,60805,2,right_hand,0,True,,60930,61430
S07:T:record04:trial032,S07,A07T.mat,43b6bbef0be78f0ac2b66cb2d9679091f1f5b7f0a5d4ebef73d2c7cc8e11aa96,T,4,1,31,62413,62412,62912,1,left_hand,0,True,,63037,63537
S07:T:record04:trial033,S07,A07T.mat,43b6bbef0be78f0ac2b66cb2d9679091f1f5b7f0a5d4ebef73d2c7cc8e11aa96,T,4,1,32,64505,64504,65004,2,right_hand,1,False,organizer_artifact_flag,65129,65629
S07:T:record04:trial034,S07,A07T.mat,43b6bbef0be78f0ac2b66cb2d9679091f1f5b7f0a5d4ebef73d2c7cc8e11aa96,T,4,1,33,66596,66595,67095,3,feet,0,True,,67220,67720
S07:T:record04:trial035,S07,A07T.mat,43b6bbef0be78f0ac2b66cb2d9679091f1f5b7f0a5d4ebef73d2c7cc8e11aa96,T,4,1,34,68639,68638,69138,3,feet,0,True,,69263,69763
S07:T:record04:trial036,S07,A07T.mat,43b6bbef0be78f0ac2b66cb2d9679091f1f5b7f0a5d4ebef73d2c7cc8e11aa96,T,4,1,35,70703,70702,71202,3,feet,1,False,organizer_artifact_flag,71327,71827
S07:T:record04:trial037,S07,A07T.mat,43b6bbef0be78f0ac2b66cb2d9679091f1f5b7f0a5d4ebef73d2c7cc8e11aa96,T,4,1,36,72723,72722,73222,4,tongue,0,True,,73347,73847
S07:T:record04:trial038,S07,A07T.mat,43b6bbef0be78f0ac2b66cb2d9679091f1f5b7f0a5d4ebef73d2c7cc8e11aa96,T,4,1,37,74695,74694,75194,3,feet,0,True,,75319,75819
S07:T:record04:trial039,S07,A07T.mat,43b6bbef0be78f0ac2b66cb2d9679091f1f5b7f0a5d4ebef73d2c7cc8e11aa96,T,4,1,38,76658,76657,77157,1,left_hand,0,True,,77282,77782
S07:T:record04:trial040,S07,A07T.mat,43b6bbef0be78f0ac2b66cb2d9679091f1f5b7f0a5d4ebef73d2c7cc8e11aa96,T,4,1,39,78583,78582,79082,4,tongue,0,True,,79207,79707
S07:T:record04:trial041,S07,A07T.mat,43b6bbef0be78f0ac2b66cb2d9679091f1f5b7f0a5d4ebef73d2c7cc8e11aa96,T,4,1,40,80664,80663,81163,2,right_hand,0,True,,81288,81788
S07:T:record04:trial042,S07,A07T.mat,43b6bbef0be78f0ac2b66cb2d9679091f1f5b7f0a5d4ebef73d2c7cc8e11aa96,T,4,1,41,82642,82641,83141,3,feet,0,True,,83266,83766
S07:T:record04:trial043,S07,A07T.mat,43b6bbef0be78f0ac2b66cb2d9679091f1f5b7f0a5d4ebef73d2c7cc8e11aa96,T,4,1,42,84632,84631,85131,2,right_hand,0,True,,85256,85756
S07:T:record04:trial044,S07,A07T.mat,43b6bbef0be78f0ac2b66cb2d9679091f1f5b7f0a5d4ebef73d2c7cc8e11aa96,T,4,1,43,86751,86750,87250,3,feet,0,True,,87375,87875
S07:T:record04:trial045,S07,A07T.mat,43b6bbef0be78f0ac2b66cb2d9679091f1f5b7f0a5d4ebef73d2c7cc8e11aa96,T,4,1,44,88657,88656,89156,4,tongue,0,True,,89281,89781
S07:T:record04:trial046,S07,A07T.mat,43b6bbef0be78f0ac2b66cb2d9679091f1f5b7f0a5d4ebef73d2c7cc8e11aa96,T,4,1,45,90585,90584,91084,2,right_hand,0,True,,91209,91709
S07:T:record04:trial047,S07,A07T.mat,43b6bbef0be78f0ac2b66cb2d9679091f1f5b7f0a5d4ebef73d2c7cc8e11aa96,T,4,1,46,92699,92698,93198,3,feet,0,True,,93323,93823
S07:T:record04:trial048,S07,A07T.mat,43b6bbef0be78f0ac2b66cb2d9679091f1f5b7f0a5d4ebef73d2c7cc8e11aa96,T,4,1,47,94758,94757,95257,1,left_hand,0,True,,95382,95882
S07:T:record05:trial001,S07,A07T.mat,43b6bbef0be78f0ac2b66cb2d9679091f1f5b7f0a5d4ebef73d2c7cc8e11aa96,T,5,2,0,251,250,750,1,left_hand,0,True,,875,1375
S07:T:record05:trial002,S07,A07T.mat,43b6bbef0be78f0ac2b66cb2d9679091f1f5b7f0a5d4ebef73d2c7cc8e11aa96,T,5,2,1,2254,2253,2753,1,left_hand,0,True,,2878,3378
S07:T:record05:trial003,S07,A07T.mat,43b6bbef0be78f0ac2b66cb2d9679091f1f5b7f0a5d4ebef73d2c7cc8e11aa96,T,5,2,2,4172,4171,4671,4,tongue,0,True,,4796,5296
S07:T:record05:trial004,S07,A07T.mat,43b6bbef0be78f0ac2b66cb2d9679091f1f5b7f0a5d4ebef73d2c7cc8e11aa96,T,5,2,3,6124,6123,6623,2,right_hand,0,True,,6748,7248
S07:T:record05:trial005,S07,A07T.mat,43b6bbef0be78f0ac2b66cb2d9679091f1f5b7f0a5d4ebef73d2c7cc8e11aa96,T,5,2,4,8132,8131,8631,1,left_hand,0,True,,8756,9256
S07:T:record05:trial006,S07,A07T.mat,43b6bbef0be78f0ac2b66cb2d9679091f1f5b7f0a5d4ebef73d2c7cc8e11aa96,T,5,2,5,10243,10242,10742,3,feet,0,True,,10867,11367
S07:T:record05:trial007,S07,A07T.mat,43b6bbef0be78f0ac2b66cb2d9679091f1f5b7f0a5d4ebef73d2c7cc8e11aa96,T,5,2,6,12160,12159,12659,1,left_hand,0,True,,12784,13284
S07:T:record05:trial008,S07,A07T.mat,43b6bbef0be78f0ac2b66cb2d9679091f1f5b7f0a5d4ebef73d2c7cc8e11aa96,T,5,2,7,14210,14209,14709,3,feet,0,True,,14834,15334
S07:T:record05:trial009,S07,A07T.mat,43b6bbef0be78f0ac2b66cb2d9679091f1f5b7f0a5d4ebef73d2c7cc8e11aa96,T,5,2,8,16141,16140,16640,2,right_hand,0,True,,16765,17265
S07:T:record05:trial010,S07,A07T.mat,43b6bbef0be78f0ac2b66cb2d9679091f1f5b7f0a5d4ebef73d2c7cc8e11aa96,T,5,2,9,18139,18138,18638,4,tongue,0,True,,18763,19263
S07:T:record05:trial011,S07,A07T.mat,43b6bbef0be78f0ac2b66cb2d9679091f1f5b7f0a5d4ebef73d2c7cc8e11aa96,T,5,2,10,20045,20044,20544,1,left_hand,1,False,organizer_artifact_flag,20669,21169
S07:T:record05:trial012,S07,A07T.mat,43b6bbef0be78f0ac2b66cb2d9679091f1f5b7f0a5d4ebef73d2c7cc8e11aa96,T,5,2,11,21940,21939,22439,3,feet,0,True,,22564,23064
S07:T:record05:trial013,S07,A07T.mat,43b6bbef0be78f0ac2b66cb2d9679091f1f5b7f0a5d4ebef73d2c7cc8e11aa96,T,5,2,12,23912,23911,24411,3,feet,0,True,,24536,25036
S07:T:record05:trial014,S07,A07T.mat,43b6bbef0be78f0ac2b66cb2d9679091f1f5b7f0a5d4ebef73d2c7cc8e11aa96,T,5,2,13,25856,25855,26355,1,left_hand,1,False,organizer_artifact_flag,26480,26980
S07:T:record05:trial015,S07,A07T.mat,43b6bbef0be78f0ac2b66cb2d9679091f1f5b7f0a5d4ebef73d2c7cc8e11aa96,T,5,2,14,27823,27822,28322,3,feet,1,False,organizer_artifact_flag,28447,28947
S07:T:record05:trial016,S07,A07T.mat,43b6bbef0be78f0ac2b66cb2d9679091f1f5b7f0a5d4ebef73d2c7cc8e11aa96,T,5,2,15,29943,29942,30442,2,right_hand,0,True,,30567,31067
S07:T:record05:trial017,S07,A07T.mat,43b6bbef0be78f0ac2b66cb2d9679091f1f5b7f0a5d4ebef73d2c7cc8e11aa96,T,5,2,16,31951,31950,32450,4,tongue,0,True,,32575,33075
S07:T:record05:trial018,S07,A07T.mat,43b6bbef0be78f0ac2b66cb2d9679091f1f5b7f0a5d4ebef73d2c7cc8e11aa96,T,5,2,17,34017,34016,34516,4,tongue,0,True,,34641,35141
S07:T:record05:trial019,S07,A07T.mat,43b6bbef0be78f0ac2b66cb2d9679091f1f5b7f0a5d4ebef73d2c7cc8e11aa96,T,5,2,18,36053,36052,36552,4,tongue,0,True,,36677,37177
S07:T:record05:trial020,S07,A07T.mat,43b6bbef0be78f0ac2b66cb2d9679091f1f5b7f0a5d4ebef73d2c7cc8e11aa96,T,5,2,19,38119,38118,38618,3,feet,0,True,,38743,39243
S07:T:record05:trial021,S07,A07T.mat,43b6bbef0be78f0ac2b66cb2d9679091f1f5b7f0a5d4ebef73d2c7cc8e11aa96,T,5,2,20,40189,40188,40688,1,left_hand,0,True,,40813,41313
S07:T:record05:trial022,S07,A07T.mat,43b6bbef0be78f0ac2b66cb2d9679091f1f5b7f0a5d4ebef73d2c7cc8e11aa96,T,5,2,21,42269,42268,42768,4,tongue,0,True,,42893,43393
S07:T:record05:trial023,S07,A07T.mat,43b6bbef0be78f0ac2b66cb2d9679091f1f5b7f0a5d4ebef73d2c7cc8e11aa96,T,5,2,22,44181,44180,44680,2,right_hand,0,True,,44805,45305
S07:T:record05:trial024,S07,A07T.mat,43b6bbef0be78f0ac2b66cb2d9679091f1f5b7f0a5d4ebef73d2c7cc8e11aa96,T,5,2,23,46212,46211,46711,4,tongue,0,True,,46836,47336
S07:T:record05:trial025,S07,A07T.mat,43b6bbef0be78f0ac2b66cb2d9679091f1f5b7f0a5d4ebef73d2c7cc8e11aa96,T,5,2,24,48165,48164,48664,2,right_hand,0,True,,48789,49289
S07:T:record05:trial026,S07,A07T.mat,43b6bbef0be78f0ac2b66cb2d9679091f1f5b7f0a5d4ebef73d2c7cc8e11aa96,T,5,2,25,50126,50125,50625,1,left_hand,0,True,,50750,51250
S07:T:record05:trial027,S07,A07T.mat,43b6bbef0be78f0ac2b66cb2d9679091f1f5b7f0a5d4ebef73d2c7cc8e11aa96,T,5,2,26,52230,52229,52729,3,feet,0,True,,52854,53354
S07:T:record05:trial028,S07,A07T.mat,43b6bbef0be78f0ac2b66cb2d9679091f1f5b7f0a5d4ebef73d2c7cc8e11aa96,T,5,2,27,54234,54233,54733,2,right_hand,0,True,,54858,55358
S07:T:record05:trial029,S07,A07T.mat,43b6bbef0be78f0ac2b66cb2d9679091f1f5b7f0a5d4ebef73d2c7cc8e11aa96,T,5,2,28,56209,56208,56708,1,left_hand,0,True,,56833,57333
S07:T:record05:trial030,S07,A07T.mat,43b6bbef0be78f0ac2b66cb2d9679091f1f5b7f0a5d4ebef73d2c7cc8e11aa96,T,5,2,29,58235,58234,58734,3,feet,0,True,,58859,59359
S07:T:record05:trial031,S07,A07T.mat,43b6bbef0be78f0ac2b66cb2d9679091f1f5b7f0a5d4ebef73d2c7cc8e11aa96,T,5,2,30,60306,60305,60805,3,feet,0,True,,60930,61430
S07:T:record05:trial032,S07,A07T.mat,43b6bbef0be78f0ac2b66cb2d9679091f1f5b7f0a5d4ebef73d2c7cc8e11aa96,T,5,2,31,62413,62412,62912,1,left_hand,0,True,,63037,63537
S07:T:record05:trial033,S07,A07T.mat,43b6bbef0be78f0ac2b66cb2d9679091f1f5b7f0a5d4ebef73d2c7cc8e11aa96,T,5,2,32,64505,64504,65004,3,feet,0,True,,65129,65629
S07:T:record05:trial034,S07,A07T.mat,43b6bbef0be78f0ac2b66cb2d9679091f1f5b7f0a5d4ebef73d2c7cc8e11aa96,T,5,2,33,66596,66595,67095,4,tongue,0,True,,67220,67720
S07:T:record05:trial035,S07,A07T.mat,43b6bbef0be78f0ac2b66cb2d9679091f1f5b7f0a5d4ebef73d2c7cc8e11aa96,T,5,2,34,68639,68638,69138,4,tongue,0,True,,69263,69763
S07:T:record05:trial036,S07,A07T.mat,43b6bbef0be78f0ac2b66cb2d9679091f1f5b7f0a5d4ebef73d2c7cc8e11aa96,T,5,2,35,70703,70702,71202,2,right_hand,0,True,,71327,71827
S07:T:record05:trial037,S07,A07T.mat,43b6bbef0be78f0ac2b66cb2d9679091f1f5b7f0a5d4ebef73d2c7cc8e11aa96,T,5,2,36,72723,72722,73222,1,left_hand,0,True,,73347,73847
S07:T:record05:trial038,S07,A07T.mat,43b6bbef0be78f0ac2b66cb2d9679091f1f5b7f0a5d4ebef73d2c7cc8e11aa96,T,5,2,37,74695,74694,75194,2,right_hand,1,False,organizer_artifact_flag,75319,75819
S07:T:record05:trial039,S07,A07T.mat,43b6bbef0be78f0ac2b66cb2d9679091f1f5b7f0a5d4ebef73d2c7cc8e11aa96,T,5,2,38,76658,76657,77157,4,tongue,0,True,,77282,77782
S07:T:record05:trial040,S07,A07T.mat,43b6bbef0be78f0ac2b66cb2d9679091f1f5b7f0a5d4ebef73d2c7cc8e11aa96,T,5,2,39,78583,78582,79082,2,right_hand,0,True,,79207,79707
S07:T:record05:trial041,S07,A07T.mat,43b6bbef0be78f0ac2b66cb2d9679091f1f5b7f0a5d4ebef73d2c7cc8e11aa96,T,5,2,40,80664,80663,81163,4,tongue,0,True,,81288,81788
S07:T:record05:trial042,S07,A07T.mat,43b6bbef0be78f0ac2b66cb2d9679091f1f5b7f0a5d4ebef73d2c7cc8e11aa96,T,5,2,41,82642,82641,83141,3,feet,0,True,,83266,83766
S07:T:record05:trial043,S07,A07T.mat,43b6bbef0be78f0ac2b66cb2d9679091f1f5b7f0a5d4ebef73d2c7cc8e11aa96,T,5,2,42,84632,84631,85131,2,right_hand,0,True,,85256,85756
S07:T:record05:trial044,S07,A07T.mat,43b6bbef0be78f0ac2b66cb2d9679091f1f5b7f0a5d4ebef73d2c7cc8e11aa96,T,5,2,43,86751,86750,87250,2,right_hand,0,True,,87375,87875
S07:T:record05:trial045,S07,A07T.mat,43b6bbef0be78f0ac2b66cb2d9679091f1f5b7f0a5d4ebef73d2c7cc8e11aa96,T,5,2,44,88657,88656,89156,2,right_hand,0,True,,89281,89781
S07:T:record05:trial046,S07,A07T.mat,43b6bbef0be78f0ac2b66cb2d9679091f1f5b7f0a5d4ebef73d2c7cc8e11aa96,T,5,2,45,90585,90584,91084,3,feet,0,True,,91209,91709
S07:T:record05:trial047,S07,A07T.mat,43b6bbef0be78f0ac2b66cb2d9679091f1f5b7f0a5d4ebef73d2c7cc8e11aa96,T,5,2,46,92699,92698,93198,4,tongue,0,True,,93323,93823
S07:T:record05:trial048,S07,A07T.mat,43b6bbef0be78f0ac2b66cb2d9679091f1f5b7f0a5d4ebef73d2c7cc8e11aa96,T,5,2,47,94758,94757,95257,1,left_hand,0,True,,95382,95882
S07:T:record06:trial001,S07,A07T.mat,43b6bbef0be78f0ac2b66cb2d9679091f1f5b7f0a5d4ebef73d2c7cc8e11aa96,T,6,3,0,251,250,750,2,right_hand,0,True,,875,1375
S07:T:record06:trial002,S07,A07T.mat,43b6bbef0be78f0ac2b66cb2d9679091f1f5b7f0a5d4ebef73d2c7cc8e11aa96,T,6,3,1,2254,2253,2753,4,tongue,1,False,organizer_artifact_flag,2878,3378
S07:T:record06:trial003,S07,A07T.mat,43b6bbef0be78f0ac2b66cb2d9679091f1f5b7f0a5d4ebef73d2c7cc8e11aa96,T,6,3,2,4172,4171,4671,1,left_hand,0,True,,4796,5296
S07:T:record06:trial004,S07,A07T.mat,43b6bbef0be78f0ac2b66cb2d9679091f1f5b7f0a5d4ebef73d2c7cc8e11aa96,T,6,3,3,6124,6123,6623,3,feet,0,True,,6748,7248
S07:T:record06:trial005,S07,A07T.mat,43b6bbef0be78f0ac2b66cb2d9679091f1f5b7f0a5d4ebef73d2c7cc8e11aa96,T,6,3,4,8132,8131,8631,3,feet,0,True,,8756,9256
S07:T:record06:trial006,S07,A07T.mat,43b6bbef0be78f0ac2b66cb2d9679091f1f5b7f0a5d4ebef73d2c7cc8e11aa96,T,6,3,5,10243,10242,10742,4,tongue,0,True,,10867,11367
S07:T:record06:trial007,S07,A07T.mat,43b6bbef0be78f0ac2b66cb2d9679091f1f5b7f0a5d4ebef73d2c7cc8e11aa96,T,6,3,6,12160,12159,12659,1,left_hand,0,True,,12784,13284
S07:T:record06:trial008,S07,A07T.mat,43b6bbef0be78f0ac2b66cb2d9679091f1f5b7f0a5d4ebef73d2c7cc8e11aa96,T,6,3,7,14210,14209,14709,1,left_hand,0,True,,14834,15334
S07:T:record06:trial009,S07,A07T.mat,43b6bbef0be78f0ac2b66cb2d9679091f1f5b7f0a5d4ebef73d2c7cc8e11aa96,T,6,3,8,16141,16140,16640,3,feet,0,True,,16765,17265
S07:T:record06:trial010,S07,A07T.mat,43b6bbef0be78f0ac2b66cb2d9679091f1f5b7f0a5d4ebef73d2c7cc8e11aa96,T,6,3,9,18139,18138,18638,2,right_hand,0,True,,18763,19263
S07:T:record06:trial011,S07,A07T.mat,43b6bbef0be78f0ac2b66cb2d9679091f1f5b7f0a5d4ebef73d2c7cc8e11aa96,T,6,3,10,20045,20044,20544,4,tongue,0,True,,20669,21169
S07:T:record06:trial012,S07,A07T.mat,43b6bbef0be78f0ac2b66cb2d9679091f1f5b7f0a5d4ebef73d2c7cc8e11aa96,T,6,3,11,21940,21939,22439,4,tongue,0,True,,22564,23064
S07:T:record06:trial013,S07,A07T.mat,43b6bbef0be78f0ac2b66cb2d9679091f1f5b7f0a5d4ebef73d2c7cc8e11aa96,T,6,3,12,23912,23911,24411,4,tongue,0,True,,24536,25036
S07:T:record06:trial014,S07,A07T.mat,43b6bbef0be78f0ac2b66cb2d9679091f1f5b7f0a5d4ebef73d2c7cc8e11aa96,T,6,3,13,25856,25855,26355,2,right_hand,0,True,,26480,26980
S07:T:record06:trial015,S07,A07T.mat,43b6bbef0be78f0ac2b66cb2d9679091f1f5b7f0a5d4ebef73d2c7cc8e11aa96,T,6,3,14,27823,27822,28322,1,left_hand,0,True,,28447,28947
S07:T:record06:trial016,S07,A07T.mat,43b6bbef0be78f0ac2b66cb2d9679091f1f5b7f0a5d4ebef73d2c7cc8e11aa96,T,6,3,15,29943,29942,30442,3,feet,0,True,,30567,31067
S07:T:record06:trial017,S07,A07T.mat,43b6bbef0be78f0ac2b66cb2d9679091f1f5b7f0a5d4ebef73d2c7cc8e11aa96,T,6,3,16,31951,31950,32450,2,right_hand,1,False,organizer_artifact_flag,32575,33075
S07:T:record06:trial018,S07,A07T.mat,43b6bbef0be78f0ac2b66cb2d9679091f1f5b7f0a5d4ebef73d2c7cc8e11aa96,T,6,3,17,34017,34016,34516,4,tongue,0,True,,34641,35141
S07:T:record06:trial019,S07,A07T.mat,43b6bbef0be78f0ac2b66cb2d9679091f1f5b7f0a5d4ebef73d2c7cc8e11aa96,T,6,3,18,36053,36052,36552,1,left_hand,0,True,,36677,37177
S07:T:record06:trial020,S07,A07T.mat,43b6bbef0be78f0ac2b66cb2d9679091f1f5b7f0a5d4ebef73d2c7cc8e11aa96,T,6,3,19,38119,38118,38618,4,tongue,0,True,,38743,39243
S07:T:record06:trial021,S07,A07T.mat,43b6bbef0be78f0ac2b66cb2d9679091f1f5b7f0a5d4ebef73d2c7cc8e11aa96,T,6,3,20,40189,40188,40688,3,feet,0,True,,40813,41313
S07:T:record06:trial022,S07,A07T.mat,43b6bbef0be78f0ac2b66cb2d9679091f1f5b7f0a5d4ebef73d2c7cc8e11aa96,T,6,3,21,42269,42268,42768,2,right_hand,0,True,,42893,43393
S07:T:record06:trial023,S07,A07T.mat,43b6bbef0be78f0ac2b66cb2d9679091f1f5b7f0a5d4ebef73d2c7cc8e11aa96,T,6,3,22,44181,44180,44680,4,tongue,0,True,,44805,45305
S07:T:record06:trial024,S07,A07T.mat,43b6bbef0be78f0ac2b66cb2d9679091f1f5b7f0a5d4ebef73d2c7cc8e11aa96,T,6,3,23,46212,46211,46711,4,tongue,0,True,,46836,47336
S07:T:record06:trial025,S07,A07T.mat,43b6bbef0be78f0ac2b66cb2d9679091f1f5b7f0a5d4ebef73d2c7cc8e11aa96,T,6,3,24,48165,48164,48664,1,left_hand,0,True,,48789,49289
S07:T:record06:trial026,S07,A07T.mat,43b6bbef0be78f0ac2b66cb2d9679091f1f5b7f0a5d4ebef73d2c7cc8e11aa96,T,6,3,25,50126,50125,50625,2,right_hand,1,False,organizer_artifact_flag,50750,51250
S07:T:record06:trial027,S07,A07T.mat,43b6bbef0be78f0ac2b66cb2d9679091f1f5b7f0a5d4ebef73d2c7cc8e11aa96,T,6,3,26,52230,52229,52729,2,right_hand,0,True,,52854,53354
S07:T:record06:trial028,S07,A07T.mat,43b6bbef0be78f0ac2b66cb2d9679091f1f5b7f0a5d4ebef73d2c7cc8e11aa96,T,6,3,27,54234,54233,54733,3,feet,0,True,,54858,55358
S07:T:record06:trial029,S07,A07T.mat,43b6bbef0be78f0ac2b66cb2d9679091f1f5b7f0a5d4ebef73d2c7cc8e11aa96,T,6,3,28,56209,56208,56708,4,tongue,0,True,,56833,57333
S07:T:record06:trial030,S07,A07T.mat,43b6bbef0be78f0ac2b66cb2d9679091f1f5b7f0a5d4ebef73d2c7cc8e11aa96,T,6,3,29,58235,58234,58734,2,right_hand,0,True,,58859,59359
S07:T:record06:trial031,S07,A07T.mat,43b6bbef0be78f0ac2b66cb2d9679091f1f5b7f0a5d4ebef73d2c7cc8e11aa96,T,6,3,30,60306,60305,60805,1,left_hand,0,True,,60930,61430
S07:T:record06:trial032,S07,A07T.mat,43b6bbef0be78f0ac2b66cb2d9679091f1f5b7f0a5d4ebef73d2c7cc8e11aa96,T,6,3,31,62413,62412,62912,1,left_hand,0,True,,63037,63537
S07:T:record06:trial033,S07,A07T.mat,43b6bbef0be78f0ac2b66cb2d9679091f1f5b7f0a5d4ebef73d2c7cc8e11aa96,T,6,3,32,64505,64504,65004,4,tongue,0,True,,65129,65629
S07:T:record06:trial034,S07,A07T.mat,43b6bbef0be78f0ac2b66cb2d9679091f1f5b7f0a5d4ebef73d2c7cc8e11aa96,T,6,3,33,66596,66595,67095,2,right_hand,0,True,,67220,67720
S07:T:record06:trial035,S07,A07T.mat,43b6bbef0be78f0ac2b66cb2d9679091f1f5b7f0a5d4ebef73d2c7cc8e11aa96,T,6,3,34,68639,68638,69138,1,left_hand,0,True,,69263,69763
S07:T:record06:trial036,S07,A07T.mat,43b6bbef0be78f0ac2b66cb2d9679091f1f5b7f0a5d4ebef73d2c7cc8e11aa96,T,6,3,35,70703,70702,71202,3,feet,0,True,,71327,71827
S07:T:record06:trial037,S07,A07T.mat,43b6bbef0be78f0ac2b66cb2d9679091f1f5b7f0a5d4ebef73d2c7cc8e11aa96,T,6,3,36,72723,72722,73222,2,right_hand,0,True,,73347,73847
S07:T:record06:trial038,S07,A07T.mat,43b6bbef0be78f0ac2b66cb2d9679091f1f5b7f0a5d4ebef73d2c7cc8e11aa96,T,6,3,37,74695,74694,75194,2,right_hand,0,True,,75319,75819
S07:T:record06:trial039,S07,A07T.mat,43b6bbef0be78f0ac2b66cb2d9679091f1f5b7f0a5d4ebef73d2c7cc8e11aa96,T,6,3,38,76658,76657,77157,3,feet,0,True,,77282,77782
S07:T:record06:trial040,S07,A07T.mat,43b6bbef0be78f0ac2b66cb2d9679091f1f5b7f0a5d4ebef73d2c7cc8e11aa96,T,6,3,39,78583,78582,79082,1,left_hand,0,True,,79207,79707
S07:T:record06:trial041,S07,A07T.mat,43b6bbef0be78f0ac2b66cb2d9679091f1f5b7f0a5d4ebef73d2c7cc8e11aa96,T,6,3,40,80664,80663,81163,4,tongue,0,True,,81288,81788
S07:T:record06:trial042,S07,A07T.mat,43b6bbef0be78f0ac2b66cb2d9679091f1f5b7f0a5d4ebef73d2c7cc8e11aa96,T,6,3,41,82642,82641,83141,3,feet,0,True,,83266,83766
S07:T:record06:trial043,S07,A07T.mat,43b6bbef0be78f0ac2b66cb2d9679091f1f5b7f0a5d4ebef73d2c7cc8e11aa96,T,6,3,42,84632,84631,85131,3,feet,0,True,,85256,85756
S07:T:record06:trial044,S07,A07T.mat,43b6bbef0be78f0ac2b66cb2d9679091f1f5b7f0a5d4ebef73d2c7cc8e11aa96,T,6,3,43,86751,86750,87250,3,feet,0,True,,87375,87875
S07:T:record06:trial045,S07,A07T.mat,43b6bbef0be78f0ac2b66cb2d9679091f1f5b7f0a5d4ebef73d2c7cc8e11aa96,T,6,3,44,88657,88656,89156,3,feet,0,True,,89281,89781
S07:T:record06:trial046,S07,A07T.mat,43b6bbef0be78f0ac2b66cb2d9679091f1f5b7f0a5d4ebef73d2c7cc8e11aa96,T,6,3,45,90585,90584,91084,1,left_hand,1,False,organizer_artifact_flag,91209,91709
S07:T:record06:trial047,S07,A07T.mat,43b6bbef0be78f0ac2b66cb2d9679091f1f5b7f0a5d4ebef73d2c7cc8e11aa96,T,6,3,46,92699,92698,93198,2,right_hand,0,True,,93323,93823
S07:T:record06:trial048,S07,A07T.mat,43b6bbef0be78f0ac2b66cb2d9679091f1f5b7f0a5d4ebef73d2c7cc8e11aa96,T,6,3,47,94758,94757,95257,1,left_hand,0,True,,95382,95882
S07:T:record07:trial001,S07,A07T.mat,43b6bbef0be78f0ac2b66cb2d9679091f1f5b7f0a5d4ebef73d2c7cc8e11aa96,T,7,4,0,251,250,750,2,right_hand,0,True,,875,1375
S07:T:record07:trial002,S07,A07T.mat,43b6bbef0be78f0ac2b66cb2d9679091f1f5b7f0a5d4ebef73d2c7cc8e11aa96,T,7,4,1,2254,2253,2753,1,left_hand,0,True,,2878,3378
S07:T:record07:trial003,S07,A07T.mat,43b6bbef0be78f0ac2b66cb2d9679091f1f5b7f0a5d4ebef73d2c7cc8e11aa96,T,7,4,2,4172,4171,4671,1,left_hand,1,False,organizer_artifact_flag,4796,5296
S07:T:record07:trial004,S07,A07T.mat,43b6bbef0be78f0ac2b66cb2d9679091f1f5b7f0a5d4ebef73d2c7cc8e11aa96,T,7,4,3,6124,6123,6623,3,feet,0,True,,6748,7248
S07:T:record07:trial005,S07,A07T.mat,43b6bbef0be78f0ac2b66cb2d9679091f1f5b7f0a5d4ebef73d2c7cc8e11aa96,T,7,4,4,8132,8131,8631,3,feet,0,True,,8756,9256
S07:T:record07:trial006,S07,A07T.mat,43b6bbef0be78f0ac2b66cb2d9679091f1f5b7f0a5d4ebef73d2c7cc8e11aa96,T,7,4,5,10243,10242,10742,2,right_hand,0,True,,10867,11367
S07:T:record07:trial007,S07,A07T.mat,43b6bbef0be78f0ac2b66cb2d9679091f1f5b7f0a5d4ebef73d2c7cc8e11aa96,T,7,4,6,12160,12159,12659,3,feet,0,True,,12784,13284
S07:T:record07:trial008,S07,A07T.mat,43b6bbef0be78f0ac2b66cb2d9679091f1f5b7f0a5d4ebef73d2c7cc8e11aa96,T,7,4,7,14210,14209,14709,4,tongue,0,True,,14834,15334
S07:T:record07:trial009,S07,A07T.mat,43b6bbef0be78f0ac2b66cb2d9679091f1f5b7f0a5d4ebef73d2c7cc8e11aa96,T,7,4,8,16141,16140,16640,1,left_hand,0,True,,16765,17265
S07:T:record07:trial010,S07,A07T.mat,43b6bbef0be78f0ac2b66cb2d9679091f1f5b7f0a5d4ebef73d2c7cc8e11aa96,T,7,4,9,18139,18138,18638,4,tongue,0,True,,18763,19263
S07:T:record07:trial011,S07,A07T.mat,43b6bbef0be78f0ac2b66cb2d9679091f1f5b7f0a5d4ebef73d2c7cc8e11aa96,T,7,4,10,20045,20044,20544,1,left_hand,0,True,,20669,21169
S07:T:record07:trial012,S07,A07T.mat,43b6bbef0be78f0ac2b66cb2d9679091f1f5b7f0a5d4ebef73d2c7cc8e11aa96,T,7,4,11,21940,21939,22439,1,left_hand,0,True,,22564,23064
S07:T:record07:trial013,S07,A07T.mat,43b6bbef0be78f0ac2b66cb2d9679091f1f5b7f0a5d4ebef73d2c7cc8e11aa96,T,7,4,12,23912,23911,24411,2,right_hand,0,True,,24536,25036
S07:T:record07:trial014,S07,A07T.mat,43b6bbef0be78f0ac2b66cb2d9679091f1f5b7f0a5d4ebef73d2c7cc8e11aa96,T,7,4,13,25856,25855,26355,4,tongue,0,True,,26480,26980
S07:T:record07:trial015,S07,A07T.mat,43b6bbef0be78f0ac2b66cb2d9679091f1f5b7f0a5d4ebef73d2c7cc8e11aa96,T,7,4,14,27823,27822,28322,3,feet,0,True,,28447,28947
S07:T:record07:trial016,S07,A07T.mat,43b6bbef0be78f0ac2b66cb2d9679091f1f5b7f0a5d4ebef73d2c7cc8e11aa96,T,7,4,15,29943,29942,30442,2,right_hand,0,True,,30567,31067
S07:T:record07:trial017,S07,A07T.mat,43b6bbef0be78f0ac2b66cb2d9679091f1f5b7f0a5d4ebef73d2c7cc8e11aa96,T,7,4,16,31951,31950,32450,4,tongue,0,True,,32575,33075
S07:T:record07:trial018,S07,A07T.mat,43b6bbef0be78f0ac2b66cb2d9679091f1f5b7f0a5d4ebef73d2c7cc8e11aa96,T,7,4,17,34017,34016,34516,3,feet,0,True,,34641,35141
S07:T:record07:trial019,S07,A07T.mat,43b6bbef0be78f0ac2b66cb2d9679091f1f5b7f0a5d4ebef73d2c7cc8e11aa96,T,7,4,18,36053,36052,36552,4,tongue,0,True,,36677,37177
S07:T:record07:trial020,S07,A07T.mat,43b6bbef0be78f0ac2b66cb2d9679091f1f5b7f0a5d4ebef73d2c7cc8e11aa96,T,7,4,19,38119,38118,38618,3,feet,0,True,,38743,39243
S07:T:record07:trial021,S07,A07T.mat,43b6bbef0be78f0ac2b66cb2d9679091f1f5b7f0a5d4ebef73d2c7cc8e11aa96,T,7,4,20,40189,40188,40688,4,tongue,0,True,,40813,41313
S07:T:record07:trial022,S07,A07T.mat,43b6bbef0be78f0ac2b66cb2d9679091f1f5b7f0a5d4ebef73d2c7cc8e11aa96,T,7,4,21,42269,42268,42768,2,right_hand,0,True,,42893,43393
S07:T:record07:trial023,S07,A07T.mat,43b6bbef0be78f0ac2b66cb2d9679091f1f5b7f0a5d4ebef73d2c7cc8e11aa96,T,7,4,22,44181,44180,44680,2,right_hand,0,True,,44805,45305
S07:T:record07:trial024,S07,A07T.mat,43b6bbef0be78f0ac2b66cb2d9679091f1f5b7f0a5d4ebef73d2c7cc8e11aa96,T,7,4,23,46212,46211,46711,4,tongue,0,True,,46836,47336
S07:T:record07:trial025,S07,A07T.mat,43b6bbef0be78f0ac2b66cb2d9679091f1f5b7f0a5d4ebef73d2c7cc8e11aa96,T,7,4,24,48165,48164,48664,1,left_hand,0,True,,48789,49289
S07:T:record07:trial026,S07,A07T.mat,43b6bbef0be78f0ac2b66cb2d9679091f1f5b7f0a5d4ebef73d2c7cc8e11aa96,T,7,4,25,50126,50125,50625,2,right_hand,0,True,,50750,51250
S07:T:record07:trial027,S07,A07T.mat,43b6bbef0be78f0ac2b66cb2d9679091f1f5b7f0a5d4ebef73d2c7cc8e11aa96,T,7,4,26,52230,52229,52729,2,right_hand,1,False,organizer_artifact_flag,52854,53354
S07:T:record07:trial028,S07,A07T.mat,43b6bbef0be78f0ac2b66cb2d9679091f1f5b7f0a5d4ebef73d2c7cc8e11aa96,T,7,4,27,54234,54233,54733,2,right_hand,0,True,,54858,55358
S07:T:record07:trial029,S07,A07T.mat,43b6bbef0be78f0ac2b66cb2d9679091f1f5b7f0a5d4ebef73d2c7cc8e11aa96,T,7,4,28,56209,56208,56708,3,feet,0,True,,56833,57333
S07:T:record07:trial030,S07,A07T.mat,43b6bbef0be78f0ac2b66cb2d9679091f1f5b7f0a5d4ebef73d2c7cc8e11aa96,T,7,4,29,58235,58234,58734,4,tongue,0,True,,58859,59359
S07:T:record07:trial031,S07,A07T.mat,43b6bbef0be78f0ac2b66cb2d9679091f1f5b7f0a5d4ebef73d2c7cc8e11aa96,T,7,4,30,60306,60305,60805,1,left_hand,0,True,,60930,61430
S07:T:record07:trial032,S07,A07T.mat,43b6bbef0be78f0ac2b66cb2d9679091f1f5b7f0a5d4ebef73d2c7cc8e11aa96,T,7,4,31,62413,62412,62912,4,tongue,0,True,,63037,63537
S07:T:record07:trial033,S07,A07T.mat,43b6bbef0be78f0ac2b66cb2d9679091f1f5b7f0a5d4ebef73d2c7cc8e11aa96,T,7,4,32,64505,64504,65004,1,left_hand,0,True,,65129,65629
S07:T:record07:trial034,S07,A07T.mat,43b6bbef0be78f0ac2b66cb2d9679091f1f5b7f0a5d4ebef73d2c7cc8e11aa96,T,7,4,33,66596,66595,67095,3,feet,0,True,,67220,67720
S07:T:record07:trial035,S07,A07T.mat,43b6bbef0be78f0ac2b66cb2d9679091f1f5b7f0a5d4ebef73d2c7cc8e11aa96,T,7,4,34,68639,68638,69138,1,left_hand,0,True,,69263,69763
S07:T:record07:trial036,S07,A07T.mat,43b6bbef0be78f0ac2b66cb2d9679091f1f5b7f0a5d4ebef73d2c7cc8e11aa96,T,7,4,35,70703,70702,71202,4,tongue,0,True,,71327,71827
S07:T:record07:trial037,S07,A07T.mat,43b6bbef0be78f0ac2b66cb2d9679091f1f5b7f0a5d4ebef73d2c7cc8e11aa96,T,7,4,36,72723,72722,73222,1,left_hand,0,True,,73347,73847
S07:T:record07:trial038,S07,A07T.mat,43b6bbef0be78f0ac2b66cb2d9679091f1f5b7f0a5d4ebef73d2c7cc8e11aa96,T,7,4,37,74695,74694,75194,3,feet,0,True,,75319,75819
S07:T:record07:trial039,S07,A07T.mat,43b6bbef0be78f0ac2b66cb2d9679091f1f5b7f0a5d4ebef73d2c7cc8e11aa96,T,7,4,38,76658,76657,77157,1,left_hand,0,True,,77282,77782
S07:T:record07:trial040,S07,A07T.mat,43b6bbef0be78f0ac2b66cb2d9679091f1f5b7f0a5d4ebef73d2c7cc8e11aa96,T,7,4,39,78583,78582,79082,2,right_hand,0,True,,79207,79707
S07:T:record07:trial041,S07,A07T.mat,43b6bbef0be78f0ac2b66cb2d9679091f1f5b7f0a5d4ebef73d2c7cc8e11aa96,T,7,4,40,80664,80663,81163,3,feet,0,True,,81288,81788
S07:T:record07:trial042,S07,A07T.mat,43b6bbef0be78f0ac2b66cb2d9679091f1f5b7f0a5d4ebef73d2c7cc8e11aa96,T,7,4,41,82642,82641,83141,3,feet,0,True,,83266,83766
S07:T:record07:trial043,S07,A07T.mat,43b6bbef0be78f0ac2b66cb2d9679091f1f5b7f0a5d4ebef73d2c7cc8e11aa96,T,7,4,42,84632,84631,85131,4,tongue,0,True,,85256,85756
S07:T:record07:trial044,S07,A07T.mat,43b6bbef0be78f0ac2b66cb2d9679091f1f5b7f0a5d4ebef73d2c7cc8e11aa96,T,7,4,43,86751,86750,87250,1,left_hand,0,True,,87375,87875
S07:T:record07:trial045,S07,A07T.mat,43b6bbef0be78f0ac2b66cb2d9679091f1f5b7f0a5d4ebef73d2c7cc8e11aa96,T,7,4,44,88657,88656,89156,2,right_hand,0,True,,89281,89781
S07:T:record07:trial046,S07,A07T.mat,43b6bbef0be78f0ac2b66cb2d9679091f1f5b7f0a5d4ebef73d2c7cc8e11aa96,T,7,4,45,90585,90584,91084,4,tongue,0,True,,91209,91709
S07:T:record07:trial047,S07,A07T.mat,43b6bbef0be78f0ac2b66cb2d9679091f1f5b7f0a5d4ebef73d2c7cc8e11aa96,T,7,4,46,92699,92698,93198,2,right_hand,0,True,,93323,93823
S07:T:record07:trial048,S07,A07T.mat,43b6bbef0be78f0ac2b66cb2d9679091f1f5b7f0a5d4ebef73d2c7cc8e11aa96,T,7,4,47,94758,94757,95257,3,feet,0,True,,95382,95882
S07:T:record08:trial001,S07,A07T.mat,43b6bbef0be78f0ac2b66cb2d9679091f1f5b7f0a5d4ebef73d2c7cc8e11aa96,T,8,5,0,251,250,750,3,feet,0,True,,875,1375
S07:T:record08:trial002,S07,A07T.mat,43b6bbef0be78f0ac2b66cb2d9679091f1f5b7f0a5d4ebef73d2c7cc8e11aa96,T,8,5,1,2254,2253,2753,1,left_hand,0,True,,2878,3378
S07:T:record08:trial003,S07,A07T.mat,43b6bbef0be78f0ac2b66cb2d9679091f1f5b7f0a5d4ebef73d2c7cc8e11aa96,T,8,5,2,4172,4171,4671,4,tongue,0,True,,4796,5296
S07:T:record08:trial004,S07,A07T.mat,43b6bbef0be78f0ac2b66cb2d9679091f1f5b7f0a5d4ebef73d2c7cc8e11aa96,T,8,5,3,6124,6123,6623,2,right_hand,0,True,,6748,7248
S07:T:record08:trial005,S07,A07T.mat,43b6bbef0be78f0ac2b66cb2d9679091f1f5b7f0a5d4ebef73d2c7cc8e11aa96,T,8,5,4,8132,8131,8631,4,tongue,0,True,,8756,9256
S07:T:record08:trial006,S07,A07T.mat,43b6bbef0be78f0ac2b66cb2d9679091f1f5b7f0a5d4ebef73d2c7cc8e11aa96,T,8,5,5,10243,10242,10742,1,left_hand,0,True,,10867,11367
S07:T:record08:trial007,S07,A07T.mat,43b6bbef0be78f0ac2b66cb2d9679091f1f5b7f0a5d4ebef73d2c7cc8e11aa96,T,8,5,6,12160,12159,12659,1,left_hand,0,True,,12784,13284
S07:T:record08:trial008,S07,A07T.mat,43b6bbef0be78f0ac2b66cb2d9679091f1f5b7f0a5d4ebef73d2c7cc8e11aa96,T,8,5,7,14210,14209,14709,3,feet,0,True,,14834,15334
S07:T:record08:trial009,S07,A07T.mat,43b6bbef0be78f0ac2b66cb2d9679091f1f5b7f0a5d4ebef73d2c7cc8e11aa96,T,8,5,8,16141,16140,16640,3,feet,0,True,,16765,17265
S07:T:record08:trial010,S07,A07T.mat,43b6bbef0be78f0ac2b66cb2d9679091f1f5b7f0a5d4ebef73d2c7cc8e11aa96,T,8,5,9,18139,18138,18638,2,right_hand,0,True,,18763,19263
S07:T:record08:trial011,S07,A07T.mat,43b6bbef0be78f0ac2b66cb2d9679091f1f5b7f0a5d4ebef73d2c7cc8e11aa96,T,8,5,10,20045,20044,20544,4,tongue,0,True,,20669,21169
S07:T:record08:trial012,S07,A07T.mat,43b6bbef0be78f0ac2b66cb2d9679091f1f5b7f0a5d4ebef73d2c7cc8e11aa96,T,8,5,11,21940,21939,22439,2,right_hand,0,True,,22564,23064
S07:T:record08:trial013,S07,A07T.mat,43b6bbef0be78f0ac2b66cb2d9679091f1f5b7f0a5d4ebef73d2c7cc8e11aa96,T,8,5,12,23912,23911,24411,2,right_hand,0,True,,24536,25036
S07:T:record08:trial014,S07,A07T.mat,43b6bbef0be78f0ac2b66cb2d9679091f1f5b7f0a5d4ebef73d2c7cc8e11aa96,T,8,5,13,25856,25855,26355,1,left_hand,0,True,,26480,26980
S07:T:record08:trial015,S07,A07T.mat,43b6bbef0be78f0ac2b66cb2d9679091f1f5b7f0a5d4ebef73d2c7cc8e11aa96,T,8,5,14,27823,27822,28322,2,right_hand,0,True,,28447,28947
S07:T:record08:trial016,S07,A07T.mat,43b6bbef0be78f0ac2b66cb2d9679091f1f5b7f0a5d4ebef73d2c7cc8e11aa96,T,8,5,15,29943,29942,30442,4,tongue,0,True,,30567,31067
S07:T:record08:trial017,S07,A07T.mat,43b6bbef0be78f0ac2b66cb2d9679091f1f5b7f0a5d4ebef73d2c7cc8e11aa96,T,8,5,16,31951,31950,32450,4,tongue,0,True,,32575,33075
S07:T:record08:trial018,S07,A07T.mat,43b6bbef0be78f0ac2b66cb2d9679091f1f5b7f0a5d4ebef73d2c7cc8e11aa96,T,8,5,17,34017,34016,34516,2,right_hand,0,True,,34641,35141
S07:T:record08:trial019,S07,A07T.mat,43b6bbef0be78f0ac2b66cb2d9679091f1f5b7f0a5d4ebef73d2c7cc8e11aa96,T,8,5,18,36053,36052,36552,2,right_hand,0,True,,36677,37177
S07:T:record08:trial020,S07,A07T.mat,43b6bbef0be78f0ac2b66cb2d9679091f1f5b7f0a5d4ebef73d2c7cc8e11aa96,T,8,5,19,38119,38118,38618,2,right_hand,0,True,,38743,39243
S07:T:record08:trial021,S07,A07T.mat,43b6bbef0be78f0ac2b66cb2d9679091f1f5b7f0a5d4ebef73d2c7cc8e11aa96,T,8,5,20,40189,40188,40688,2,right_hand,0,True,,40813,41313
S07:T:record08:trial022,S07,A07T.mat,43b6bbef0be78f0ac2b66cb2d9679091f1f5b7f0a5d4ebef73d2c7cc8e11aa96,T,8,5,21,42269,42268,42768,4,tongue,0,True,,42893,43393
S07:T:record08:trial023,S07,A07T.mat,43b6bbef0be78f0ac2b66cb2d9679091f1f5b7f0a5d4ebef73d2c7cc8e11aa96,T,8,5,22,44181,44180,44680,4,tongue,0,True,,44805,45305
S07:T:record08:trial024,S07,A07T.mat,43b6bbef0be78f0ac2b66cb2d9679091f1f5b7f0a5d4ebef73d2c7cc8e11aa96,T,8,5,23,46212,46211,46711,3,feet,0,True,,46836,47336
S07:T:record08:trial025,S07,A07T.mat,43b6bbef0be78f0ac2b66cb2d9679091f1f5b7f0a5d4ebef73d2c7cc8e11aa96,T,8,5,24,48165,48164,48664,4,tongue,0,True,,48789,49289
S07:T:record08:trial026,S07,A07T.mat,43b6bbef0be78f0ac2b66cb2d9679091f1f5b7f0a5d4ebef73d2c7cc8e11aa96,T,8,5,25,50126,50125,50625,1,left_hand,0,True,,50750,51250
S07:T:record08:trial027,S07,A07T.mat,43b6bbef0be78f0ac2b66cb2d9679091f1f5b7f0a5d4ebef73d2c7cc8e11aa96,T,8,5,26,52230,52229,52729,2,right_hand,0,True,,52854,53354
S07:T:record08:trial028,S07,A07T.mat,43b6bbef0be78f0ac2b66cb2d9679091f1f5b7f0a5d4ebef73d2c7cc8e11aa96,T,8,5,27,54234,54233,54733,3,feet,0,True,,54858,55358
S07:T:record08:trial029,S07,A07T.mat,43b6bbef0be78f0ac2b66cb2d9679091f1f5b7f0a5d4ebef73d2c7cc8e11aa96,T,8,5,28,56209,56208,56708,2,right_hand,0,True,,56833,57333
S07:T:record08:trial030,S07,A07T.mat,43b6bbef0be78f0ac2b66cb2d9679091f1f5b7f0a5d4ebef73d2c7cc8e11aa96,T,8,5,29,58235,58234,58734,1,left_hand,0,True,,58859,59359
S07:T:record08:trial031,S07,A07T.mat,43b6bbef0be78f0ac2b66cb2d9679091f1f5b7f0a5d4ebef73d2c7cc8e11aa96,T,8,5,30,60306,60305,60805,4,tongue,0,True,,60930,61430
S07:T:record08:trial032,S07,A07T.mat,43b6bbef0be78f0ac2b66cb2d9679091f1f5b7f0a5d4ebef73d2c7cc8e11aa96,T,8,5,31,62413,62412,62912,1,left_hand,0,True,,63037,63537
S07:T:record08:trial033,S07,A07T.mat,43b6bbef0be78f0ac2b66cb2d9679091f1f5b7f0a5d4ebef73d2c7cc8e11aa96,T,8,5,32,64505,64504,65004,4,tongue,0,True,,65129,65629
S07:T:record08:trial034,S07,A07T.mat,43b6bbef0be78f0ac2b66cb2d9679091f1f5b7f0a5d4ebef73d2c7cc8e11aa96,T,8,5,33,66596,66595,67095,1,left_hand,0,True,,67220,67720
S07:T:record08:trial035,S07,A07T.mat,43b6bbef0be78f0ac2b66cb2d9679091f1f5b7f0a5d4ebef73d2c7cc8e11aa96,T,8,5,34,68639,68638,69138,1,left_hand,0,True,,69263,69763
S07:T:record08:trial036,S07,A07T.mat,43b6bbef0be78f0ac2b66cb2d9679091f1f5b7f0a5d4ebef73d2c7cc8e11aa96,T,8,5,35,70703,70702,71202,1,left_hand,0,True,,71327,71827
S07:T:record08:trial037,S07,A07T.mat,43b6bbef0be78f0ac2b66cb2d9679091f1f5b7f0a5d4ebef73d2c7cc8e11aa96,T,8,5,36,72723,72722,73222,1,left_hand,0,True,,73347,73847
S07:T:record08:trial038,S07,A07T.mat,43b6bbef0be78f0ac2b66cb2d9679091f1f5b7f0a5d4ebef73d2c7cc8e11aa96,T,8,5,37,74695,74694,75194,3,feet,0,True,,75319,75819
S07:T:record08:trial039,S07,A07T.mat,43b6bbef0be78f0ac2b66cb2d9679091f1f5b7f0a5d4ebef73d2c7cc8e11aa96,T,8,5,38,76658,76657,77157,3,feet,0,True,,77282,77782
S07:T:record08:trial040,S07,A07T.mat,43b6bbef0be78f0ac2b66cb2d9679091f1f5b7f0a5d4ebef73d2c7cc8e11aa96,T,8,5,39,78583,78582,79082,4,tongue,0,True,,79207,79707
S07:T:record08:trial041,S07,A07T.mat,43b6bbef0be78f0ac2b66cb2d9679091f1f5b7f0a5d4ebef73d2c7cc8e11aa96,T,8,5,40,80664,80663,81163,2,right_hand,0,True,,81288,81788
S07:T:record08:trial042,S07,A07T.mat,43b6bbef0be78f0ac2b66cb2d9679091f1f5b7f0a5d4ebef73d2c7cc8e11aa96,T,8,5,41,82642,82641,83141,3,feet,0,True,,83266,83766
S07:T:record08:trial043,S07,A07T.mat,43b6bbef0be78f0ac2b66cb2d9679091f1f5b7f0a5d4ebef73d2c7cc8e11aa96,T,8,5,42,84632,84631,85131,3,feet,0,True,,85256,85756
S07:T:record08:trial044,S07,A07T.mat,43b6bbef0be78f0ac2b66cb2d9679091f1f5b7f0a5d4ebef73d2c7cc8e11aa96,T,8,5,43,86751,86750,87250,3,feet,0,True,,87375,87875
S07:T:record08:trial045,S07,A07T.mat,43b6bbef0be78f0ac2b66cb2d9679091f1f5b7f0a5d4ebef73d2c7cc8e11aa96,T,8,5,44,88657,88656,89156,4,tongue,0,True,,89281,89781
S07:T:record08:trial046,S07,A07T.mat,43b6bbef0be78f0ac2b66cb2d9679091f1f5b7f0a5d4ebef73d2c7cc8e11aa96,T,8,5,45,90585,90584,91084,3,feet,0,True,,91209,91709
S07:T:record08:trial047,S07,A07T.mat,43b6bbef0be78f0ac2b66cb2d9679091f1f5b7f0a5d4ebef73d2c7cc8e11aa96,T,8,5,46,92699,92698,93198,1,left_hand,0,True,,93323,93823
S07:T:record08:trial048,S07,A07T.mat,43b6bbef0be78f0ac2b66cb2d9679091f1f5b7f0a5d4ebef73d2c7cc8e11aa96,T,8,5,47,94758,94757,95257,3,feet,0,True,,95382,95882
S07:E:record03:trial001,S07,A07E.mat,b9aaec73dcee002fab84ee98e938039a67bf6a3cbf4fc86d5d8df198cfe4c323,E,3,0,0,251,250,750,1,left_hand,0,True,,875,1375
S07:E:record03:trial002,S07,A07E.mat,b9aaec73dcee002fab84ee98e938039a67bf6a3cbf4fc86d5d8df198cfe4c323,E,3,0,1,2254,2253,2753,2,right_hand,0,True,,2878,3378
S07:E:record03:trial003,S07,A07E.mat,b9aaec73dcee002fab84ee98e938039a67bf6a3cbf4fc86d5d8df198cfe4c323,E,3,0,2,4172,4171,4671,2,right_hand,0,True,,4796,5296
S07:E:record03:trial004,S07,A07E.mat,b9aaec73dcee002fab84ee98e938039a67bf6a3cbf4fc86d5d8df198cfe4c323,E,3,0,3,6124,6123,6623,1,left_hand,0,True,,6748,7248
S07:E:record03:trial005,S07,A07E.mat,b9aaec73dcee002fab84ee98e938039a67bf6a3cbf4fc86d5d8df198cfe4c323,E,3,0,4,8132,8131,8631,2,right_hand,0,True,,8756,9256
S07:E:record03:trial006,S07,A07E.mat,b9aaec73dcee002fab84ee98e938039a67bf6a3cbf4fc86d5d8df198cfe4c323,E,3,0,5,10243,10242,10742,1,left_hand,0,True,,10867,11367
S07:E:record03:trial007,S07,A07E.mat,b9aaec73dcee002fab84ee98e938039a67bf6a3cbf4fc86d5d8df198cfe4c323,E,3,0,6,12160,12159,12659,2,right_hand,0,True,,12784,13284
S07:E:record03:trial008,S07,A07E.mat,b9aaec73dcee002fab84ee98e938039a67bf6a3cbf4fc86d5d8df198cfe4c323,E,3,0,7,14210,14209,14709,3,feet,0,True,,14834,15334
S07:E:record03:trial009,S07,A07E.mat,b9aaec73dcee002fab84ee98e938039a67bf6a3cbf4fc86d5d8df198cfe4c323,E,3,0,8,16141,16140,16640,2,right_hand,0,True,,16765,17265
S07:E:record03:trial010,S07,A07E.mat,b9aaec73dcee002fab84ee98e938039a67bf6a3cbf4fc86d5d8df198cfe4c323,E,3,0,9,18139,18138,18638,4,tongue,1,False,organizer_artifact_flag,18763,19263
S07:E:record03:trial011,S07,A07E.mat,b9aaec73dcee002fab84ee98e938039a67bf6a3cbf4fc86d5d8df198cfe4c323,E,3,0,10,20045,20044,20544,1,left_hand,0,True,,20669,21169
S07:E:record03:trial012,S07,A07E.mat,b9aaec73dcee002fab84ee98e938039a67bf6a3cbf4fc86d5d8df198cfe4c323,E,3,0,11,21940,21939,22439,3,feet,0,True,,22564,23064
S07:E:record03:trial013,S07,A07E.mat,b9aaec73dcee002fab84ee98e938039a67bf6a3cbf4fc86d5d8df198cfe4c323,E,3,0,12,23912,23911,24411,2,right_hand,0,True,,24536,25036
S07:E:record03:trial014,S07,A07E.mat,b9aaec73dcee002fab84ee98e938039a67bf6a3cbf4fc86d5d8df198cfe4c323,E,3,0,13,25856,25855,26355,1,left_hand,0,True,,26480,26980
S07:E:record03:trial015,S07,A07E.mat,b9aaec73dcee002fab84ee98e938039a67bf6a3cbf4fc86d5d8df198cfe4c323,E,3,0,14,27823,27822,28322,4,tongue,0,True,,28447,28947
S07:E:record03:trial016,S07,A07E.mat,b9aaec73dcee002fab84ee98e938039a67bf6a3cbf4fc86d5d8df198cfe4c323,E,3,0,15,29943,29942,30442,4,tongue,0,True,,30567,31067
S07:E:record03:trial017,S07,A07E.mat,b9aaec73dcee002fab84ee98e938039a67bf6a3cbf4fc86d5d8df198cfe4c323,E,3,0,16,31951,31950,32450,4,tongue,0,True,,32575,33075
S07:E:record03:trial018,S07,A07E.mat,b9aaec73dcee002fab84ee98e938039a67bf6a3cbf4fc86d5d8df198cfe4c323,E,3,0,17,34017,34016,34516,4,tongue,0,True,,34641,35141
S07:E:record03:trial019,S07,A07E.mat,b9aaec73dcee002fab84ee98e938039a67bf6a3cbf4fc86d5d8df198cfe4c323,E,3,0,18,36053,36052,36552,4,tongue,0,True,,36677,37177
S07:E:record03:trial020,S07,A07E.mat,b9aaec73dcee002fab84ee98e938039a67bf6a3cbf4fc86d5d8df198cfe4c323,E,3,0,19,38119,38118,38618,1,left_hand,0,True,,38743,39243
S07:E:record03:trial021,S07,A07E.mat,b9aaec73dcee002fab84ee98e938039a67bf6a3cbf4fc86d5d8df198cfe4c323,E,3,0,20,40189,40188,40688,3,feet,0,True,,40813,41313
S07:E:record03:trial022,S07,A07E.mat,b9aaec73dcee002fab84ee98e938039a67bf6a3cbf4fc86d5d8df198cfe4c323,E,3,0,21,42269,42268,42768,2,right_hand,0,True,,42893,43393
S07:E:record03:trial023,S07,A07E.mat,b9aaec73dcee002fab84ee98e938039a67bf6a3cbf4fc86d5d8df198cfe4c323,E,3,0,22,44181,44180,44680,1,left_hand,0,True,,44805,45305
S07:E:record03:trial024,S07,A07E.mat,b9aaec73dcee002fab84ee98e938039a67bf6a3cbf4fc86d5d8df198cfe4c323,E,3,0,23,46212,46211,46711,1,left_hand,0,True,,46836,47336
S07:E:record03:trial025,S07,A07E.mat,b9aaec73dcee002fab84ee98e938039a67bf6a3cbf4fc86d5d8df198cfe4c323,E,3,0,24,48165,48164,48664,3,feet,0,True,,48789,49289
S07:E:record03:trial026,S07,A07E.mat,b9aaec73dcee002fab84ee98e938039a67bf6a3cbf4fc86d5d8df198cfe4c323,E,3,0,25,50126,50125,50625,4,tongue,0,True,,50750,51250
S07:E:record03:trial027,S07,A07E.mat,b9aaec73dcee002fab84ee98e938039a67bf6a3cbf4fc86d5d8df198cfe4c323,E,3,0,26,52230,52229,52729,1,left_hand,0,True,,52854,53354
S07:E:record03:trial028,S07,A07E.mat,b9aaec73dcee002fab84ee98e938039a67bf6a3cbf4fc86d5d8df198cfe4c323,E,3,0,27,54234,54233,54733,3,feet,0,True,,54858,55358
S07:E:record03:trial029,S07,A07E.mat,b9aaec73dcee002fab84ee98e938039a67bf6a3cbf4fc86d5d8df198cfe4c323,E,3,0,28,56209,56208,56708,3,feet,0,True,,56833,57333
S07:E:record03:trial030,S07,A07E.mat,b9aaec73dcee002fab84ee98e938039a67bf6a3cbf4fc86d5d8df198cfe4c323,E,3,0,29,58235,58234,58734,3,feet,0,True,,58859,59359
S07:E:record03:trial031,S07,A07E.mat,b9aaec73dcee002fab84ee98e938039a67bf6a3cbf4fc86d5d8df198cfe4c323,E,3,0,30,60306,60305,60805,1,left_hand,0,True,,60930,61430
S07:E:record03:trial032,S07,A07E.mat,b9aaec73dcee002fab84ee98e938039a67bf6a3cbf4fc86d5d8df198cfe4c323,E,3,0,31,62413,62412,62912,2,right_hand,0,True,,63037,63537
S07:E:record03:trial033,S07,A07E.mat,b9aaec73dcee002fab84ee98e938039a67bf6a3cbf4fc86d5d8df198cfe4c323,E,3,0,32,64505,64504,65004,1,left_hand,0,True,,65129,65629
S07:E:record03:trial034,S07,A07E.mat,b9aaec73dcee002fab84ee98e938039a67bf6a3cbf4fc86d5d8df198cfe4c323,E,3,0,33,66596,66595,67095,2,right_hand,0,True,,67220,67720
S07:E:record03:trial035,S07,A07E.mat,b9aaec73dcee002fab84ee98e938039a67bf6a3cbf4fc86d5d8df198cfe4c323,E,3,0,34,68639,68638,69138,2,right_hand,0,True,,69263,69763
S07:E:record03:trial036,S07,A07E.mat,b9aaec73dcee002fab84ee98e938039a67bf6a3cbf4fc86d5d8df198cfe4c323,E,3,0,35,70703,70702,71202,1,left_hand,0,True,,71327,71827
S07:E:record03:trial037,S07,A07E.mat,b9aaec73dcee002fab84ee98e938039a67bf6a3cbf4fc86d5d8df198cfe4c323,E,3,0,36,72723,72722,73222,2,right_hand,0,True,,73347,73847
S07:E:record03:trial038,S07,A07E.mat,b9aaec73dcee002fab84ee98e938039a67bf6a3cbf4fc86d5d8df198cfe4c323,E,3,0,37,74695,74694,75194,3,feet,0,True,,75319,75819
S07:E:record03:trial039,S07,A07E.mat,b9aaec73dcee002fab84ee98e938039a67bf6a3cbf4fc86d5d8df198cfe4c323,E,3,0,38,76658,76657,77157,2,right_hand,0,True,,77282,77782
S07:E:record03:trial040,S07,A07E.mat,b9aaec73dcee002fab84ee98e938039a67bf6a3cbf4fc86d5d8df198cfe4c323,E,3,0,39,78583,78582,79082,3,feet,0,True,,79207,79707
S07:E:record03:trial041,S07,A07E.mat,b9aaec73dcee002fab84ee98e938039a67bf6a3cbf4fc86d5d8df198cfe4c323,E,3,0,40,80664,80663,81163,3,feet,0,True,,81288,81788
S07:E:record03:trial042,S07,A07E.mat,b9aaec73dcee002fab84ee98e938039a67bf6a3cbf4fc86d5d8df198cfe4c323,E,3,0,41,82642,82641,83141,4,tongue,0,True,,83266,83766
S07:E:record03:trial043,S07,A07E.mat,b9aaec73dcee002fab84ee98e938039a67bf6a3cbf4fc86d5d8df198cfe4c323,E,3,0,42,84632,84631,85131,3,feet,0,True,,85256,85756
S07:E:record03:trial044,S07,A07E.mat,b9aaec73dcee002fab84ee98e938039a67bf6a3cbf4fc86d5d8df198cfe4c323,E,3,0,43,86751,86750,87250,3,feet,0,True,,87375,87875
S07:E:record03:trial045,S07,A07E.mat,b9aaec73dcee002fab84ee98e938039a67bf6a3cbf4fc86d5d8df198cfe4c323,E,3,0,44,88657,88656,89156,4,tongue,0,True,,89281,89781
S07:E:record03:trial046,S07,A07E.mat,b9aaec73dcee002fab84ee98e938039a67bf6a3cbf4fc86d5d8df198cfe4c323,E,3,0,45,90585,90584,91084,4,tongue,0,True,,91209,91709
S07:E:record03:trial047,S07,A07E.mat,b9aaec73dcee002fab84ee98e938039a67bf6a3cbf4fc86d5d8df198cfe4c323,E,3,0,46,92699,92698,93198,4,tongue,0,True,,93323,93823
S07:E:record03:trial048,S07,A07E.mat,b9aaec73dcee002fab84ee98e938039a67bf6a3cbf4fc86d5d8df198cfe4c323,E,3,0,47,94758,94757,95257,4,tongue,0,True,,95382,95882
S07:E:record04:trial001,S07,A07E.mat,b9aaec73dcee002fab84ee98e938039a67bf6a3cbf4fc86d5d8df198cfe4c323,E,4,1,0,251,250,750,4,tongue,1,False,organizer_artifact_flag,875,1375
S07:E:record04:trial002,S07,A07E.mat,b9aaec73dcee002fab84ee98e938039a67bf6a3cbf4fc86d5d8df198cfe4c323,E,4,1,1,2254,2253,2753,3,feet,0,True,,2878,3378
S07:E:record04:trial003,S07,A07E.mat,b9aaec73dcee002fab84ee98e938039a67bf6a3cbf4fc86d5d8df198cfe4c323,E,4,1,2,4172,4171,4671,2,right_hand,0,True,,4796,5296
S07:E:record04:trial004,S07,A07E.mat,b9aaec73dcee002fab84ee98e938039a67bf6a3cbf4fc86d5d8df198cfe4c323,E,4,1,3,6124,6123,6623,1,left_hand,0,True,,6748,7248
S07:E:record04:trial005,S07,A07E.mat,b9aaec73dcee002fab84ee98e938039a67bf6a3cbf4fc86d5d8df198cfe4c323,E,4,1,4,8132,8131,8631,1,left_hand,0,True,,8756,9256
S07:E:record04:trial006,S07,A07E.mat,b9aaec73dcee002fab84ee98e938039a67bf6a3cbf4fc86d5d8df198cfe4c323,E,4,1,5,10243,10242,10742,2,right_hand,0,True,,10867,11367
S07:E:record04:trial007,S07,A07E.mat,b9aaec73dcee002fab84ee98e938039a67bf6a3cbf4fc86d5d8df198cfe4c323,E,4,1,6,12160,12159,12659,3,feet,0,True,,12784,13284
S07:E:record04:trial008,S07,A07E.mat,b9aaec73dcee002fab84ee98e938039a67bf6a3cbf4fc86d5d8df198cfe4c323,E,4,1,7,14210,14209,14709,4,tongue,0,True,,14834,15334
S07:E:record04:trial009,S07,A07E.mat,b9aaec73dcee002fab84ee98e938039a67bf6a3cbf4fc86d5d8df198cfe4c323,E,4,1,8,16141,16140,16640,2,right_hand,0,True,,16765,17265
S07:E:record04:trial010,S07,A07E.mat,b9aaec73dcee002fab84ee98e938039a67bf6a3cbf4fc86d5d8df198cfe4c323,E,4,1,9,18139,18138,18638,3,feet,0,True,,18763,19263
S07:E:record04:trial011,S07,A07E.mat,b9aaec73dcee002fab84ee98e938039a67bf6a3cbf4fc86d5d8df198cfe4c323,E,4,1,10,20045,20044,20544,1,left_hand,0,True,,20669,21169
S07:E:record04:trial012,S07,A07E.mat,b9aaec73dcee002fab84ee98e938039a67bf6a3cbf4fc86d5d8df198cfe4c323,E,4,1,11,21940,21939,22439,1,left_hand,0,True,,22564,23064
S07:E:record04:trial013,S07,A07E.mat,b9aaec73dcee002fab84ee98e938039a67bf6a3cbf4fc86d5d8df198cfe4c323,E,4,1,12,23912,23911,24411,1,left_hand,0,True,,24536,25036
S07:E:record04:trial014,S07,A07E.mat,b9aaec73dcee002fab84ee98e938039a67bf6a3cbf4fc86d5d8df198cfe4c323,E,4,1,13,25856,25855,26355,4,tongue,0,True,,26480,26980
S07:E:record04:trial015,S07,A07E.mat,b9aaec73dcee002fab84ee98e938039a67bf6a3cbf4fc86d5d8df198cfe4c323,E,4,1,14,27823,27822,28322,2,right_hand,0,True,,28447,28947
S07:E:record04:trial016,S07,A07E.mat,b9aaec73dcee002fab84ee98e938039a67bf6a3cbf4fc86d5d8df198cfe4c323,E,4,1,15,29943,29942,30442,2,right_hand,0,True,,30567,31067
S07:E:record04:trial017,S07,A07E.mat,b9aaec73dcee002fab84ee98e938039a67bf6a3cbf4fc86d5d8df198cfe4c323,E,4,1,16,31951,31950,32450,1,left_hand,0,True,,32575,33075
S07:E:record04:trial018,S07,A07E.mat,b9aaec73dcee002fab84ee98e938039a67bf6a3cbf4fc86d5d8df198cfe4c323,E,4,1,17,34017,34016,34516,1,left_hand,0,True,,34641,35141
S07:E:record04:trial019,S07,A07E.mat,b9aaec73dcee002fab84ee98e938039a67bf6a3cbf4fc86d5d8df198cfe4c323,E,4,1,18,36053,36052,36552,3,feet,0,True,,36677,37177
S07:E:record04:trial020,S07,A07E.mat,b9aaec73dcee002fab84ee98e938039a67bf6a3cbf4fc86d5d8df198cfe4c323,E,4,1,19,38119,38118,38618,1,left_hand,0,True,,38743,39243
S07:E:record04:trial021,S07,A07E.mat,b9aaec73dcee002fab84ee98e938039a67bf6a3cbf4fc86d5d8df198cfe4c323,E,4,1,20,40189,40188,40688,2,right_hand,0,True,,40813,41313
S07:E:record04:trial022,S07,A07E.mat,b9aaec73dcee002fab84ee98e938039a67bf6a3cbf4fc86d5d8df198cfe4c323,E,4,1,21,42269,42268,42768,4,tongue,0,True,,42893,43393
S07:E:record04:trial023,S07,A07E.mat,b9aaec73dcee002fab84ee98e938039a67bf6a3cbf4fc86d5d8df198cfe4c323,E,4,1,22,44181,44180,44680,4,tongue,0,True,,44805,45305
S07:E:record04:trial024,S07,A07E.mat,b9aaec73dcee002fab84ee98e938039a67bf6a3cbf4fc86d5d8df198cfe4c323,E,4,1,23,46212,46211,46711,3,feet,0,True,,46836,47336
S07:E:record04:trial025,S07,A07E.mat,b9aaec73dcee002fab84ee98e938039a67bf6a3cbf4fc86d5d8df198cfe4c323,E,4,1,24,48165,48164,48664,1,left_hand,0,True,,48789,49289
S07:E:record04:trial026,S07,A07E.mat,b9aaec73dcee002fab84ee98e938039a67bf6a3cbf4fc86d5d8df198cfe4c323,E,4,1,25,50126,50125,50625,4,tongue,0,True,,50750,51250
S07:E:record04:trial027,S07,A07E.mat,b9aaec73dcee002fab84ee98e938039a67bf6a3cbf4fc86d5d8df198cfe4c323,E,4,1,26,52230,52229,52729,4,tongue,0,True,,52854,53354
S07:E:record04:trial028,S07,A07E.mat,b9aaec73dcee002fab84ee98e938039a67bf6a3cbf4fc86d5d8df198cfe4c323,E,4,1,27,54234,54233,54733,2,right_hand,0,True,,54858,55358
S07:E:record04:trial029,S07,A07E.mat,b9aaec73dcee002fab84ee98e938039a67bf6a3cbf4fc86d5d8df198cfe4c323,E,4,1,28,56209,56208,56708,4,tongue,0,True,,56833,57333
S07:E:record04:trial030,S07,A07E.mat,b9aaec73dcee002fab84ee98e938039a67bf6a3cbf4fc86d5d8df198cfe4c323,E,4,1,29,58235,58234,58734,4,tongue,0,True,,58859,59359
S07:E:record04:trial031,S07,A07E.mat,b9aaec73dcee002fab84ee98e938039a67bf6a3cbf4fc86d5d8df198cfe4c323,E,4,1,30,60306,60305,60805,2,right_hand,0,True,,60930,61430
S07:E:record04:trial032,S07,A07E.mat,b9aaec73dcee002fab84ee98e938039a67bf6a3cbf4fc86d5d8df198cfe4c323,E,4,1,31,62413,62412,62912,1,left_hand,0,True,,63037,63537
S07:E:record04:trial033,S07,A07E.mat,b9aaec73dcee002fab84ee98e938039a67bf6a3cbf4fc86d5d8df198cfe4c323,E,4,1,32,64505,64504,65004,2,right_hand,0,True,,65129,65629
S07:E:record04:trial034,S07,A07E.mat,b9aaec73dcee002fab84ee98e938039a67bf6a3cbf4fc86d5d8df198cfe4c323,E,4,1,33,66596,66595,67095,3,feet,0,True,,67220,67720
S07:E:record04:trial035,S07,A07E.mat,b9aaec73dcee002fab84ee98e938039a67bf6a3cbf4fc86d5d8df198cfe4c323,E,4,1,34,68639,68638,69138,3,feet,0,True,,69263,69763
S07:E:record04:trial036,S07,A07E.mat,b9aaec73dcee002fab84ee98e938039a67bf6a3cbf4fc86d5d8df198cfe4c323,E,4,1,35,70703,70702,71202,3,feet,0,True,,71327,71827
S07:E:record04:trial037,S07,A07E.mat,b9aaec73dcee002fab84ee98e938039a67bf6a3cbf4fc86d5d8df198cfe4c323,E,4,1,36,72723,72722,73222,4,tongue,1,False,organizer_artifact_flag,73347,73847
S07:E:record04:trial038,S07,A07E.mat,b9aaec73dcee002fab84ee98e938039a67bf6a3cbf4fc86d5d8df198cfe4c323,E,4,1,37,74695,74694,75194,3,feet,0,True,,75319,75819
S07:E:record04:trial039,S07,A07E.mat,b9aaec73dcee002fab84ee98e938039a67bf6a3cbf4fc86d5d8df198cfe4c323,E,4,1,38,76658,76657,77157,1,left_hand,0,True,,77282,77782
S07:E:record04:trial040,S07,A07E.mat,b9aaec73dcee002fab84ee98e938039a67bf6a3cbf4fc86d5d8df198cfe4c323,E,4,1,39,78583,78582,79082,4,tongue,0,True,,79207,79707
S07:E:record04:trial041,S07,A07E.mat,b9aaec73dcee002fab84ee98e938039a67bf6a3cbf4fc86d5d8df198cfe4c323,E,4,1,40,80664,80663,81163,2,right_hand,0,True,,81288,81788
S07:E:record04:trial042,S07,A07E.mat,b9aaec73dcee002fab84ee98e938039a67bf6a3cbf4fc86d5d8df198cfe4c323,E,4,1,41,82642,82641,83141,3,feet,0,True,,83266,83766
S07:E:record04:trial043,S07,A07E.mat,b9aaec73dcee002fab84ee98e938039a67bf6a3cbf4fc86d5d8df198cfe4c323,E,4,1,42,84632,84631,85131,2,right_hand,0,True,,85256,85756
S07:E:record04:trial044,S07,A07E.mat,b9aaec73dcee002fab84ee98e938039a67bf6a3cbf4fc86d5d8df198cfe4c323,E,4,1,43,86751,86750,87250,3,feet,0,True,,87375,87875
S07:E:record04:trial045,S07,A07E.mat,b9aaec73dcee002fab84ee98e938039a67bf6a3cbf4fc86d5d8df198cfe4c323,E,4,1,44,88657,88656,89156,4,tongue,1,False,organizer_artifact_flag,89281,89781
S07:E:record04:trial046,S07,A07E.mat,b9aaec73dcee002fab84ee98e938039a67bf6a3cbf4fc86d5d8df198cfe4c323,E,4,1,45,90585,90584,91084,2,right_hand,0,True,,91209,91709
S07:E:record04:trial047,S07,A07E.mat,b9aaec73dcee002fab84ee98e938039a67bf6a3cbf4fc86d5d8df198cfe4c323,E,4,1,46,92699,92698,93198,3,feet,0,True,,93323,93823
S07:E:record04:trial048,S07,A07E.mat,b9aaec73dcee002fab84ee98e938039a67bf6a3cbf4fc86d5d8df198cfe4c323,E,4,1,47,94758,94757,95257,1,left_hand,0,True,,95382,95882
S07:E:record05:trial001,S07,A07E.mat,b9aaec73dcee002fab84ee98e938039a67bf6a3cbf4fc86d5d8df198cfe4c323,E,5,2,0,251,250,750,1,left_hand,0,True,,875,1375
S07:E:record05:trial002,S07,A07E.mat,b9aaec73dcee002fab84ee98e938039a67bf6a3cbf4fc86d5d8df198cfe4c323,E,5,2,1,2254,2253,2753,1,left_hand,0,True,,2878,3378
S07:E:record05:trial003,S07,A07E.mat,b9aaec73dcee002fab84ee98e938039a67bf6a3cbf4fc86d5d8df198cfe4c323,E,5,2,2,4172,4171,4671,4,tongue,0,True,,4796,5296
S07:E:record05:trial004,S07,A07E.mat,b9aaec73dcee002fab84ee98e938039a67bf6a3cbf4fc86d5d8df198cfe4c323,E,5,2,3,6124,6123,6623,2,right_hand,0,True,,6748,7248
S07:E:record05:trial005,S07,A07E.mat,b9aaec73dcee002fab84ee98e938039a67bf6a3cbf4fc86d5d8df198cfe4c323,E,5,2,4,8132,8131,8631,1,left_hand,0,True,,8756,9256
S07:E:record05:trial006,S07,A07E.mat,b9aaec73dcee002fab84ee98e938039a67bf6a3cbf4fc86d5d8df198cfe4c323,E,5,2,5,10243,10242,10742,3,feet,0,True,,10867,11367
S07:E:record05:trial007,S07,A07E.mat,b9aaec73dcee002fab84ee98e938039a67bf6a3cbf4fc86d5d8df198cfe4c323,E,5,2,6,12160,12159,12659,1,left_hand,0,True,,12784,13284
S07:E:record05:trial008,S07,A07E.mat,b9aaec73dcee002fab84ee98e938039a67bf6a3cbf4fc86d5d8df198cfe4c323,E,5,2,7,14210,14209,14709,3,feet,0,True,,14834,15334
S07:E:record05:trial009,S07,A07E.mat,b9aaec73dcee002fab84ee98e938039a67bf6a3cbf4fc86d5d8df198cfe4c323,E,5,2,8,16141,16140,16640,2,right_hand,0,True,,16765,17265
S07:E:record05:trial010,S07,A07E.mat,b9aaec73dcee002fab84ee98e938039a67bf6a3cbf4fc86d5d8df198cfe4c323,E,5,2,9,18139,18138,18638,4,tongue,0,True,,18763,19263
S07:E:record05:trial011,S07,A07E.mat,b9aaec73dcee002fab84ee98e938039a67bf6a3cbf4fc86d5d8df198cfe4c323,E,5,2,10,20045,20044,20544,1,left_hand,0,True,,20669,21169
S07:E:record05:trial012,S07,A07E.mat,b9aaec73dcee002fab84ee98e938039a67bf6a3cbf4fc86d5d8df198cfe4c323,E,5,2,11,21940,21939,22439,3,feet,0,True,,22564,23064
S07:E:record05:trial013,S07,A07E.mat,b9aaec73dcee002fab84ee98e938039a67bf6a3cbf4fc86d5d8df198cfe4c323,E,5,2,12,23912,23911,24411,3,feet,0,True,,24536,25036
S07:E:record05:trial014,S07,A07E.mat,b9aaec73dcee002fab84ee98e938039a67bf6a3cbf4fc86d5d8df198cfe4c323,E,5,2,13,25856,25855,26355,1,left_hand,0,True,,26480,26980
S07:E:record05:trial015,S07,A07E.mat,b9aaec73dcee002fab84ee98e938039a67bf6a3cbf4fc86d5d8df198cfe4c323,E,5,2,14,27823,27822,28322,3,feet,0,True,,28447,28947
S07:E:record05:trial016,S07,A07E.mat,b9aaec73dcee002fab84ee98e938039a67bf6a3cbf4fc86d5d8df198cfe4c323,E,5,2,15,29943,29942,30442,2,right_hand,0,True,,30567,31067
S07:E:record05:trial017,S07,A07E.mat,b9aaec73dcee002fab84ee98e938039a67bf6a3cbf4fc86d5d8df198cfe4c323,E,5,2,16,31951,31950,32450,4,tongue,0,True,,32575,33075
S07:E:record05:trial018,S07,A07E.mat,b9aaec73dcee002fab84ee98e938039a67bf6a3cbf4fc86d5d8df198cfe4c323,E,5,2,17,34017,34016,34516,4,tongue,0,True,,34641,35141
S07:E:record05:trial019,S07,A07E.mat,b9aaec73dcee002fab84ee98e938039a67bf6a3cbf4fc86d5d8df198cfe4c323,E,5,2,18,36053,36052,36552,4,tongue,0,True,,36677,37177
S07:E:record05:trial020,S07,A07E.mat,b9aaec73dcee002fab84ee98e938039a67bf6a3cbf4fc86d5d8df198cfe4c323,E,5,2,19,38119,38118,38618,3,feet,0,True,,38743,39243
S07:E:record05:trial021,S07,A07E.mat,b9aaec73dcee002fab84ee98e938039a67bf6a3cbf4fc86d5d8df198cfe4c323,E,5,2,20,40189,40188,40688,1,left_hand,0,True,,40813,41313
S07:E:record05:trial022,S07,A07E.mat,b9aaec73dcee002fab84ee98e938039a67bf6a3cbf4fc86d5d8df198cfe4c323,E,5,2,21,42269,42268,42768,4,tongue,0,True,,42893,43393
S07:E:record05:trial023,S07,A07E.mat,b9aaec73dcee002fab84ee98e938039a67bf6a3cbf4fc86d5d8df198cfe4c323,E,5,2,22,44181,44180,44680,2,right_hand,0,True,,44805,45305
S07:E:record05:trial024,S07,A07E.mat,b9aaec73dcee002fab84ee98e938039a67bf6a3cbf4fc86d5d8df198cfe4c323,E,5,2,23,46212,46211,46711,4,tongue,0,True,,46836,47336
S07:E:record05:trial025,S07,A07E.mat,b9aaec73dcee002fab84ee98e938039a67bf6a3cbf4fc86d5d8df198cfe4c323,E,5,2,24,48165,48164,48664,2,right_hand,0,True,,48789,49289
S07:E:record05:trial026,S07,A07E.mat,b9aaec73dcee002fab84ee98e938039a67bf6a3cbf4fc86d5d8df198cfe4c323,E,5,2,25,50126,50125,50625,1,left_hand,0,True,,50750,51250
S07:E:record05:trial027,S07,A07E.mat,b9aaec73dcee002fab84ee98e938039a67bf6a3cbf4fc86d5d8df198cfe4c323,E,5,2,26,52230,52229,52729,3,feet,0,True,,52854,53354
S07:E:record05:trial028,S07,A07E.mat,b9aaec73dcee002fab84ee98e938039a67bf6a3cbf4fc86d5d8df198cfe4c323,E,5,2,27,54234,54233,54733,2,right_hand,0,True,,54858,55358
S07:E:record05:trial029,S07,A07E.mat,b9aaec73dcee002fab84ee98e938039a67bf6a3cbf4fc86d5d8df198cfe4c323,E,5,2,28,56209,56208,56708,1,left_hand,0,True,,56833,57333
S07:E:record05:trial030,S07,A07E.mat,b9aaec73dcee002fab84ee98e938039a67bf6a3cbf4fc86d5d8df198cfe4c323,E,5,2,29,58235,58234,58734,3,feet,0,True,,58859,59359
S07:E:record05:trial031,S07,A07E.mat,b9aaec73dcee002fab84ee98e938039a67bf6a3cbf4fc86d5d8df198cfe4c323,E,5,2,30,60306,60305,60805,3,feet,0,True,,60930,61430
S07:E:record05:trial032,S07,A07E.mat,b9aaec73dcee002fab84ee98e938039a67bf6a3cbf4fc86d5d8df198cfe4c323,E,5,2,31,62413,62412,62912,1,left_hand,0,True,,63037,63537
S07:E:record05:trial033,S07,A07E.mat,b9aaec73dcee002fab84ee98e938039a67bf6a3cbf4fc86d5d8df198cfe4c323,E,5,2,32,64505,64504,65004,3,feet,0,True,,65129,65629
S07:E:record05:trial034,S07,A07E.mat,b9aaec73dcee002fab84ee98e938039a67bf6a3cbf4fc86d5d8df198cfe4c323,E,5,2,33,66596,66595,67095,4,tongue,0,True,,67220,67720
S07:E:record05:trial035,S07,A07E.mat,b9aaec73dcee002fab84ee98e938039a67bf6a3cbf4fc86d5d8df198cfe4c323,E,5,2,34,68639,68638,69138,4,tongue,1,False,organizer_artifact_flag,69263,69763
S07:E:record05:trial036,S07,A07E.mat,b9aaec73dcee002fab84ee98e938039a67bf6a3cbf4fc86d5d8df198cfe4c323,E,5,2,35,70703,70702,71202,2,right_hand,0,True,,71327,71827
S07:E:record05:trial037,S07,A07E.mat,b9aaec73dcee002fab84ee98e938039a67bf6a3cbf4fc86d5d8df198cfe4c323,E,5,2,36,72723,72722,73222,1,left_hand,0,True,,73347,73847
S07:E:record05:trial038,S07,A07E.mat,b9aaec73dcee002fab84ee98e938039a67bf6a3cbf4fc86d5d8df198cfe4c323,E,5,2,37,74695,74694,75194,2,right_hand,0,True,,75319,75819
S07:E:record05:trial039,S07,A07E.mat,b9aaec73dcee002fab84ee98e938039a67bf6a3cbf4fc86d5d8df198cfe4c323,E,5,2,38,76658,76657,77157,4,tongue,0,True,,77282,77782
S07:E:record05:trial040,S07,A07E.mat,b9aaec73dcee002fab84ee98e938039a67bf6a3cbf4fc86d5d8df198cfe4c323,E,5,2,39,78583,78582,79082,2,right_hand,0,True,,79207,79707
S07:E:record05:trial041,S07,A07E.mat,b9aaec73dcee002fab84ee98e938039a67bf6a3cbf4fc86d5d8df198cfe4c323,E,5,2,40,80664,80663,81163,4,tongue,0,True,,81288,81788
S07:E:record05:trial042,S07,A07E.mat,b9aaec73dcee002fab84ee98e938039a67bf6a3cbf4fc86d5d8df198cfe4c323,E,5,2,41,82642,82641,83141,3,feet,0,True,,83266,83766
S07:E:record05:trial043,S07,A07E.mat,b9aaec73dcee002fab84ee98e938039a67bf6a3cbf4fc86d5d8df198cfe4c323,E,5,2,42,84632,84631,85131,2,right_hand,0,True,,85256,85756
S07:E:record05:trial044,S07,A07E.mat,b9aaec73dcee002fab84ee98e938039a67bf6a3cbf4fc86d5d8df198cfe4c323,E,5,2,43,86751,86750,87250,2,right_hand,0,True,,87375,87875
S07:E:record05:trial045,S07,A07E.mat,b9aaec73dcee002fab84ee98e938039a67bf6a3cbf4fc86d5d8df198cfe4c323,E,5,2,44,88657,88656,89156,2,right_hand,0,True,,89281,89781
S07:E:record05:trial046,S07,A07E.mat,b9aaec73dcee002fab84ee98e938039a67bf6a3cbf4fc86d5d8df198cfe4c323,E,5,2,45,90585,90584,91084,3,feet,0,True,,91209,91709
S07:E:record05:trial047,S07,A07E.mat,b9aaec73dcee002fab84ee98e938039a67bf6a3cbf4fc86d5d8df198cfe4c323,E,5,2,46,92699,92698,93198,4,tongue,0,True,,93323,93823
S07:E:record05:trial048,S07,A07E.mat,b9aaec73dcee002fab84ee98e938039a67bf6a3cbf4fc86d5d8df198cfe4c323,E,5,2,47,94758,94757,95257,1,left_hand,0,True,,95382,95882
S07:E:record06:trial001,S07,A07E.mat,b9aaec73dcee002fab84ee98e938039a67bf6a3cbf4fc86d5d8df198cfe4c323,E,6,3,0,251,250,750,2,right_hand,1,False,organizer_artifact_flag,875,1375
S07:E:record06:trial002,S07,A07E.mat,b9aaec73dcee002fab84ee98e938039a67bf6a3cbf4fc86d5d8df198cfe4c323,E,6,3,1,2254,2253,2753,4,tongue,0,True,,2878,3378
S07:E:record06:trial003,S07,A07E.mat,b9aaec73dcee002fab84ee98e938039a67bf6a3cbf4fc86d5d8df198cfe4c323,E,6,3,2,4172,4171,4671,1,left_hand,0,True,,4796,5296
S07:E:record06:trial004,S07,A07E.mat,b9aaec73dcee002fab84ee98e938039a67bf6a3cbf4fc86d5d8df198cfe4c323,E,6,3,3,6124,6123,6623,3,feet,0,True,,6748,7248
S07:E:record06:trial005,S07,A07E.mat,b9aaec73dcee002fab84ee98e938039a67bf6a3cbf4fc86d5d8df198cfe4c323,E,6,3,4,8132,8131,8631,3,feet,0,True,,8756,9256
S07:E:record06:trial006,S07,A07E.mat,b9aaec73dcee002fab84ee98e938039a67bf6a3cbf4fc86d5d8df198cfe4c323,E,6,3,5,10243,10242,10742,4,tongue,0,True,,10867,11367
S07:E:record06:trial007,S07,A07E.mat,b9aaec73dcee002fab84ee98e938039a67bf6a3cbf4fc86d5d8df198cfe4c323,E,6,3,6,12160,12159,12659,1,left_hand,0,True,,12784,13284
S07:E:record06:trial008,S07,A07E.mat,b9aaec73dcee002fab84ee98e938039a67bf6a3cbf4fc86d5d8df198cfe4c323,E,6,3,7,14210,14209,14709,1,left_hand,1,False,organizer_artifact_flag,14834,15334
S07:E:record06:trial009,S07,A07E.mat,b9aaec73dcee002fab84ee98e938039a67bf6a3cbf4fc86d5d8df198cfe4c323,E,6,3,8,16141,16140,16640,3,feet,0,True,,16765,17265
S07:E:record06:trial010,S07,A07E.mat,b9aaec73dcee002fab84ee98e938039a67bf6a3cbf4fc86d5d8df198cfe4c323,E,6,3,9,18139,18138,18638,2,right_hand,0,True,,18763,19263
S07:E:record06:trial011,S07,A07E.mat,b9aaec73dcee002fab84ee98e938039a67bf6a3cbf4fc86d5d8df198cfe4c323,E,6,3,10,20045,20044,20544,4,tongue,0,True,,20669,21169
S07:E:record06:trial012,S07,A07E.mat,b9aaec73dcee002fab84ee98e938039a67bf6a3cbf4fc86d5d8df198cfe4c323,E,6,3,11,21940,21939,22439,4,tongue,0,True,,22564,23064
S07:E:record06:trial013,S07,A07E.mat,b9aaec73dcee002fab84ee98e938039a67bf6a3cbf4fc86d5d8df198cfe4c323,E,6,3,12,23912,23911,24411,4,tongue,0,True,,24536,25036
S07:E:record06:trial014,S07,A07E.mat,b9aaec73dcee002fab84ee98e938039a67bf6a3cbf4fc86d5d8df198cfe4c323,E,6,3,13,25856,25855,26355,2,right_hand,0,True,,26480,26980
S07:E:record06:trial015,S07,A07E.mat,b9aaec73dcee002fab84ee98e938039a67bf6a3cbf4fc86d5d8df198cfe4c323,E,6,3,14,27823,27822,28322,1,left_hand,0,True,,28447,28947
S07:E:record06:trial016,S07,A07E.mat,b9aaec73dcee002fab84ee98e938039a67bf6a3cbf4fc86d5d8df198cfe4c323,E,6,3,15,29943,29942,30442,3,feet,0,True,,30567,31067
S07:E:record06:trial017,S07,A07E.mat,b9aaec73dcee002fab84ee98e938039a67bf6a3cbf4fc86d5d8df198cfe4c323,E,6,3,16,31951,31950,32450,2,right_hand,0,True,,32575,33075
S07:E:record06:trial018,S07,A07E.mat,b9aaec73dcee002fab84ee98e938039a67bf6a3cbf4fc86d5d8df198cfe4c323,E,6,3,17,34017,34016,34516,4,tongue,0,True,,34641,35141
S07:E:record06:trial019,S07,A07E.mat,b9aaec73dcee002fab84ee98e938039a67bf6a3cbf4fc86d5d8df198cfe4c323,E,6,3,18,36053,36052,36552,1,left_hand,0,True,,36677,37177
S07:E:record06:trial020,S07,A07E.mat,b9aaec73dcee002fab84ee98e938039a67bf6a3cbf4fc86d5d8df198cfe4c323,E,6,3,19,38119,38118,38618,4,tongue,0,True,,38743,39243
S07:E:record06:trial021,S07,A07E.mat,b9aaec73dcee002fab84ee98e938039a67bf6a3cbf4fc86d5d8df198cfe4c323,E,6,3,20,40189,40188,40688,3,feet,0,True,,40813,41313
S07:E:record06:trial022,S07,A07E.mat,b9aaec73dcee002fab84ee98e938039a67bf6a3cbf4fc86d5d8df198cfe4c323,E,6,3,21,42269,42268,42768,2,right_hand,1,False,organizer_artifact_flag,42893,43393
S07:E:record06:trial023,S07,A07E.mat,b9aaec73dcee002fab84ee98e938039a67bf6a3cbf4fc86d5d8df198cfe4c323,E,6,3,22,44181,44180,44680,4,tongue,0,True,,44805,45305
S07:E:record06:trial024,S07,A07E.mat,b9aaec73dcee002fab84ee98e938039a67bf6a3cbf4fc86d5d8df198cfe4c323,E,6,3,23,46212,46211,46711,4,tongue,0,True,,46836,47336
S07:E:record06:trial025,S07,A07E.mat,b9aaec73dcee002fab84ee98e938039a67bf6a3cbf4fc86d5d8df198cfe4c323,E,6,3,24,48165,48164,48664,1,left_hand,0,True,,48789,49289
S07:E:record06:trial026,S07,A07E.mat,b9aaec73dcee002fab84ee98e938039a67bf6a3cbf4fc86d5d8df198cfe4c323,E,6,3,25,50126,50125,50625,2,right_hand,0,True,,50750,51250
S07:E:record06:trial027,S07,A07E.mat,b9aaec73dcee002fab84ee98e938039a67bf6a3cbf4fc86d5d8df198cfe4c323,E,6,3,26,52230,52229,52729,2,right_hand,0,True,,52854,53354
S07:E:record06:trial028,S07,A07E.mat,b9aaec73dcee002fab84ee98e938039a67bf6a3cbf4fc86d5d8df198cfe4c323,E,6,3,27,54234,54233,54733,3,feet,0,True,,54858,55358
S07:E:record06:trial029,S07,A07E.mat,b9aaec73dcee002fab84ee98e938039a67bf6a3cbf4fc86d5d8df198cfe4c323,E,6,3,28,56209,56208,56708,4,tongue,0,True,,56833,57333
S07:E:record06:trial030,S07,A07E.mat,b9aaec73dcee002fab84ee98e938039a67bf6a3cbf4fc86d5d8df198cfe4c323,E,6,3,29,58235,58234,58734,2,right_hand,0,True,,58859,59359
S07:E:record06:trial031,S07,A07E.mat,b9aaec73dcee002fab84ee98e938039a67bf6a3cbf4fc86d5d8df198cfe4c323,E,6,3,30,60306,60305,60805,1,left_hand,0,True,,60930,61430
S07:E:record06:trial032,S07,A07E.mat,b9aaec73dcee002fab84ee98e938039a67bf6a3cbf4fc86d5d8df198cfe4c323,E,6,3,31,62413,62412,62912,1,left_hand,0,True,,63037,63537
S07:E:record06:trial033,S07,A07E.mat,b9aaec73dcee002fab84ee98e938039a67bf6a3cbf4fc86d5d8df198cfe4c323,E,6,3,32,64505,64504,65004,4,tongue,0,True,,65129,65629
S07:E:record06:trial034,S07,A07E.mat,b9aaec73dcee002fab84ee98e938039a67bf6a3cbf4fc86d5d8df198cfe4c323,E,6,3,33,66596,66595,67095,2,right_hand,0,True,,67220,67720
S07:E:record06:trial035,S07,A07E.mat,b9aaec73dcee002fab84ee98e938039a67bf6a3cbf4fc86d5d8df198cfe4c323,E,6,3,34,68639,68638,69138,1,left_hand,0,True,,69263,69763
S07:E:record06:trial036,S07,A07E.mat,b9aaec73dcee002fab84ee98e938039a67bf6a3cbf4fc86d5d8df198cfe4c323,E,6,3,35,70703,70702,71202,3,feet,0,True,,71327,71827
S07:E:record06:trial037,S07,A07E.mat,b9aaec73dcee002fab84ee98e938039a67bf6a3cbf4fc86d5d8df198cfe4c323,E,6,3,36,72723,72722,73222,2,right_hand,0,True,,73347,73847
S07:E:record06:trial038,S07,A07E.mat,b9aaec73dcee002fab84ee98e938039a67bf6a3cbf4fc86d5d8df198cfe4c323,E,6,3,37,74695,74694,75194,2,right_hand,0,True,,75319,75819
S07:E:record06:trial039,S07,A07E.mat,b9aaec73dcee002fab84ee98e938039a67bf6a3cbf4fc86d5d8df198cfe4c323,E,6,3,38,76658,76657,77157,3,feet,0,True,,77282,77782
S07:E:record06:trial040,S07,A07E.mat,b9aaec73dcee002fab84ee98e938039a67bf6a3cbf4fc86d5d8df198cfe4c323,E,6,3,39,78583,78582,79082,1,left_hand,0,True,,79207,79707
S07:E:record06:trial041,S07,A07E.mat,b9aaec73dcee002fab84ee98e938039a67bf6a3cbf4fc86d5d8df198cfe4c323,E,6,3,40,80664,80663,81163,4,tongue,0,True,,81288,81788
S07:E:record06:trial042,S07,A07E.mat,b9aaec73dcee002fab84ee98e938039a67bf6a3cbf4fc86d5d8df198cfe4c323,E,6,3,41,82642,82641,83141,3,feet,0,True,,83266,83766
S07:E:record06:trial043,S07,A07E.mat,b9aaec73dcee002fab84ee98e938039a67bf6a3cbf4fc86d5d8df198cfe4c323,E,6,3,42,84632,84631,85131,3,feet,0,True,,85256,85756
S07:E:record06:trial044,S07,A07E.mat,b9aaec73dcee002fab84ee98e938039a67bf6a3cbf4fc86d5d8df198cfe4c323,E,6,3,43,86751,86750,87250,3,feet,0,True,,87375,87875
S07:E:record06:trial045,S07,A07E.mat,b9aaec73dcee002fab84ee98e938039a67bf6a3cbf4fc86d5d8df198cfe4c323,E,6,3,44,88657,88656,89156,3,feet,0,True,,89281,89781
S07:E:record06:trial046,S07,A07E.mat,b9aaec73dcee002fab84ee98e938039a67bf6a3cbf4fc86d5d8df198cfe4c323,E,6,3,45,90585,90584,91084,1,left_hand,0,True,,91209,91709
S07:E:record06:trial047,S07,A07E.mat,b9aaec73dcee002fab84ee98e938039a67bf6a3cbf4fc86d5d8df198cfe4c323,E,6,3,46,92699,92698,93198,2,right_hand,0,True,,93323,93823
S07:E:record06:trial048,S07,A07E.mat,b9aaec73dcee002fab84ee98e938039a67bf6a3cbf4fc86d5d8df198cfe4c323,E,6,3,47,94758,94757,95257,1,left_hand,0,True,,95382,95882
S07:E:record07:trial001,S07,A07E.mat,b9aaec73dcee002fab84ee98e938039a67bf6a3cbf4fc86d5d8df198cfe4c323,E,7,4,0,251,250,750,2,right_hand,0,True,,875,1375
S07:E:record07:trial002,S07,A07E.mat,b9aaec73dcee002fab84ee98e938039a67bf6a3cbf4fc86d5d8df198cfe4c323,E,7,4,1,2254,2253,2753,1,left_hand,0,True,,2878,3378
S07:E:record07:trial003,S07,A07E.mat,b9aaec73dcee002fab84ee98e938039a67bf6a3cbf4fc86d5d8df198cfe4c323,E,7,4,2,4172,4171,4671,1,left_hand,0,True,,4796,5296
S07:E:record07:trial004,S07,A07E.mat,b9aaec73dcee002fab84ee98e938039a67bf6a3cbf4fc86d5d8df198cfe4c323,E,7,4,3,6124,6123,6623,3,feet,0,True,,6748,7248
S07:E:record07:trial005,S07,A07E.mat,b9aaec73dcee002fab84ee98e938039a67bf6a3cbf4fc86d5d8df198cfe4c323,E,7,4,4,8132,8131,8631,3,feet,0,True,,8756,9256
S07:E:record07:trial006,S07,A07E.mat,b9aaec73dcee002fab84ee98e938039a67bf6a3cbf4fc86d5d8df198cfe4c323,E,7,4,5,10243,10242,10742,2,right_hand,0,True,,10867,11367
S07:E:record07:trial007,S07,A07E.mat,b9aaec73dcee002fab84ee98e938039a67bf6a3cbf4fc86d5d8df198cfe4c323,E,7,4,6,12160,12159,12659,3,feet,0,True,,12784,13284
S07:E:record07:trial008,S07,A07E.mat,b9aaec73dcee002fab84ee98e938039a67bf6a3cbf4fc86d5d8df198cfe4c323,E,7,4,7,14210,14209,14709,4,tongue,0,True,,14834,15334
S07:E:record07:trial009,S07,A07E.mat,b9aaec73dcee002fab84ee98e938039a67bf6a3cbf4fc86d5d8df198cfe4c323,E,7,4,8,16141,16140,16640,1,left_hand,0,True,,16765,17265
S07:E:record07:trial010,S07,A07E.mat,b9aaec73dcee002fab84ee98e938039a67bf6a3cbf4fc86d5d8df198cfe4c323,E,7,4,9,18139,18138,18638,4,tongue,0,True,,18763,19263
S07:E:record07:trial011,S07,A07E.mat,b9aaec73dcee002fab84ee98e938039a67bf6a3cbf4fc86d5d8df198cfe4c323,E,7,4,10,20045,20044,20544,1,left_hand,0,True,,20669,21169
S07:E:record07:trial012,S07,A07E.mat,b9aaec73dcee002fab84ee98e938039a67bf6a3cbf4fc86d5d8df198cfe4c323,E,7,4,11,21940,21939,22439,1,left_hand,0,True,,22564,23064
S07:E:record07:trial013,S07,A07E.mat,b9aaec73dcee002fab84ee98e938039a67bf6a3cbf4fc86d5d8df198cfe4c323,E,7,4,12,23912,23911,24411,2,right_hand,0,True,,24536,25036
S07:E:record07:trial014,S07,A07E.mat,b9aaec73dcee002fab84ee98e938039a67bf6a3cbf4fc86d5d8df198cfe4c323,E,7,4,13,25856,25855,26355,4,tongue,1,False,organizer_artifact_flag,26480,26980
S07:E:record07:trial015,S07,A07E.mat,b9aaec73dcee002fab84ee98e938039a67bf6a3cbf4fc86d5d8df198cfe4c323,E,7,4,14,27823,27822,28322,3,feet,0,True,,28447,28947
S07:E:record07:trial016,S07,A07E.mat,b9aaec73dcee002fab84ee98e938039a67bf6a3cbf4fc86d5d8df198cfe4c323,E,7,4,15,29943,29942,30442,2,right_hand,0,True,,30567,31067
S07:E:record07:trial017,S07,A07E.mat,b9aaec73dcee002fab84ee98e938039a67bf6a3cbf4fc86d5d8df198cfe4c323,E,7,4,16,31951,31950,32450,4,tongue,0,True,,32575,33075
S07:E:record07:trial018,S07,A07E.mat,b9aaec73dcee002fab84ee98e938039a67bf6a3cbf4fc86d5d8df198cfe4c323,E,7,4,17,34017,34016,34516,3,feet,0,True,,34641,35141
S07:E:record07:trial019,S07,A07E.mat,b9aaec73dcee002fab84ee98e938039a67bf6a3cbf4fc86d5d8df198cfe4c323,E,7,4,18,36053,36052,36552,4,tongue,0,True,,36677,37177
S07:E:record07:trial020,S07,A07E.mat,b9aaec73dcee002fab84ee98e938039a67bf6a3cbf4fc86d5d8df198cfe4c323,E,7,4,19,38119,38118,38618,3,feet,0,True,,38743,39243
S07:E:record07:trial021,S07,A07E.mat,b9aaec73dcee002fab84ee98e938039a67bf6a3cbf4fc86d5d8df198cfe4c323,E,7,4,20,40189,40188,40688,4,tongue,0,True,,40813,41313
S07:E:record07:trial022,S07,A07E.mat,b9aaec73dcee002fab84ee98e938039a67bf6a3cbf4fc86d5d8df198cfe4c323,E,7,4,21,42269,42268,42768,2,right_hand,0,True,,42893,43393
S07:E:record07:trial023,S07,A07E.mat,b9aaec73dcee002fab84ee98e938039a67bf6a3cbf4fc86d5d8df198cfe4c323,E,7,4,22,44181,44180,44680,2,right_hand,0,True,,44805,45305
S07:E:record07:trial024,S07,A07E.mat,b9aaec73dcee002fab84ee98e938039a67bf6a3cbf4fc86d5d8df198cfe4c323,E,7,4,23,46212,46211,46711,4,tongue,0,True,,46836,47336
S07:E:record07:trial025,S07,A07E.mat,b9aaec73dcee002fab84ee98e938039a67bf6a3cbf4fc86d5d8df198cfe4c323,E,7,4,24,48165,48164,48664,1,left_hand,0,True,,48789,49289
S07:E:record07:trial026,S07,A07E.mat,b9aaec73dcee002fab84ee98e938039a67bf6a3cbf4fc86d5d8df198cfe4c323,E,7,4,25,50126,50125,50625,2,right_hand,1,False,organizer_artifact_flag,50750,51250
S07:E:record07:trial027,S07,A07E.mat,b9aaec73dcee002fab84ee98e938039a67bf6a3cbf4fc86d5d8df198cfe4c323,E,7,4,26,52230,52229,52729,2,right_hand,0,True,,52854,53354
S07:E:record07:trial028,S07,A07E.mat,b9aaec73dcee002fab84ee98e938039a67bf6a3cbf4fc86d5d8df198cfe4c323,E,7,4,27,54234,54233,54733,2,right_hand,0,True,,54858,55358
S07:E:record07:trial029,S07,A07E.mat,b9aaec73dcee002fab84ee98e938039a67bf6a3cbf4fc86d5d8df198cfe4c323,E,7,4,28,56209,56208,56708,3,feet,0,True,,56833,57333
S07:E:record07:trial030,S07,A07E.mat,b9aaec73dcee002fab84ee98e938039a67bf6a3cbf4fc86d5d8df198cfe4c323,E,7,4,29,58235,58234,58734,4,tongue,0,True,,58859,59359
S07:E:record07:trial031,S07,A07E.mat,b9aaec73dcee002fab84ee98e938039a67bf6a3cbf4fc86d5d8df198cfe4c323,E,7,4,30,60306,60305,60805,1,left_hand,0,True,,60930,61430
S07:E:record07:trial032,S07,A07E.mat,b9aaec73dcee002fab84ee98e938039a67bf6a3cbf4fc86d5d8df198cfe4c323,E,7,4,31,62413,62412,62912,4,tongue,0,True,,63037,63537
S07:E:record07:trial033,S07,A07E.mat,b9aaec73dcee002fab84ee98e938039a67bf6a3cbf4fc86d5d8df198cfe4c323,E,7,4,32,64505,64504,65004,1,left_hand,0,True,,65129,65629
S07:E:record07:trial034,S07,A07E.mat,b9aaec73dcee002fab84ee98e938039a67bf6a3cbf4fc86d5d8df198cfe4c323,E,7,4,33,66596,66595,67095,3,feet,0,True,,67220,67720
S07:E:record07:trial035,S07,A07E.mat,b9aaec73dcee002fab84ee98e938039a67bf6a3cbf4fc86d5d8df198cfe4c323,E,7,4,34,68639,68638,69138,1,left_hand,0,True,,69263,69763
S07:E:record07:trial036,S07,A07E.mat,b9aaec73dcee002fab84ee98e938039a67bf6a3cbf4fc86d5d8df198cfe4c323,E,7,4,35,70703,70702,71202,4,tongue,0,True,,71327,71827
S07:E:record07:trial037,S07,A07E.mat,b9aaec73dcee002fab84ee98e938039a67bf6a3cbf4fc86d5d8df198cfe4c323,E,7,4,36,72723,72722,73222,1,left_hand,0,True,,73347,73847
S07:E:record07:trial038,S07,A07E.mat,b9aaec73dcee002fab84ee98e938039a67bf6a3cbf4fc86d5d8df198cfe4c323,E,7,4,37,74695,74694,75194,3,feet,0,True,,75319,75819
S07:E:record07:trial039,S07,A07E.mat,b9aaec73dcee002fab84ee98e938039a67bf6a3cbf4fc86d5d8df198cfe4c323,E,7,4,38,76658,76657,77157,1,left_hand,0,True,,77282,77782
S07:E:record07:trial040,S07,A07E.mat,b9aaec73dcee002fab84ee98e938039a67bf6a3cbf4fc86d5d8df198cfe4c323,E,7,4,39,78583,78582,79082,2,right_hand,0,True,,79207,79707
S07:E:record07:trial041,S07,A07E.mat,b9aaec73dcee002fab84ee98e938039a67bf6a3cbf4fc86d5d8df198cfe4c323,E,7,4,40,80664,80663,81163,3,feet,0,True,,81288,81788
S07:E:record07:trial042,S07,A07E.mat,b9aaec73dcee002fab84ee98e938039a67bf6a3cbf4fc86d5d8df198cfe4c323,E,7,4,41,82642,82641,83141,3,feet,0,True,,83266,83766
S07:E:record07:trial043,S07,A07E.mat,b9aaec73dcee002fab84ee98e938039a67bf6a3cbf4fc86d5d8df198cfe4c323,E,7,4,42,84632,84631,85131,4,tongue,0,True,,85256,85756
S07:E:record07:trial044,S07,A07E.mat,b9aaec73dcee002fab84ee98e938039a67bf6a3cbf4fc86d5d8df198cfe4c323,E,7,4,43,86751,86750,87250,1,left_hand,0,True,,87375,87875
S07:E:record07:trial045,S07,A07E.mat,b9aaec73dcee002fab84ee98e938039a67bf6a3cbf4fc86d5d8df198cfe4c323,E,7,4,44,88657,88656,89156,2,right_hand,0,True,,89281,89781
S07:E:record07:trial046,S07,A07E.mat,b9aaec73dcee002fab84ee98e938039a67bf6a3cbf4fc86d5d8df198cfe4c323,E,7,4,45,90585,90584,91084,4,tongue,0,True,,91209,91709
S07:E:record07:trial047,S07,A07E.mat,b9aaec73dcee002fab84ee98e938039a67bf6a3cbf4fc86d5d8df198cfe4c323,E,7,4,46,92699,92698,93198,2,right_hand,0,True,,93323,93823
S07:E:record07:trial048,S07,A07E.mat,b9aaec73dcee002fab84ee98e938039a67bf6a3cbf4fc86d5d8df198cfe4c323,E,7,4,47,94758,94757,95257,3,feet,0,True,,95382,95882
S07:E:record08:trial001,S07,A07E.mat,b9aaec73dcee002fab84ee98e938039a67bf6a3cbf4fc86d5d8df198cfe4c323,E,8,5,0,251,250,750,3,feet,1,False,organizer_artifact_flag,875,1375
S07:E:record08:trial002,S07,A07E.mat,b9aaec73dcee002fab84ee98e938039a67bf6a3cbf4fc86d5d8df198cfe4c323,E,8,5,1,2254,2253,2753,1,left_hand,0,True,,2878,3378
S07:E:record08:trial003,S07,A07E.mat,b9aaec73dcee002fab84ee98e938039a67bf6a3cbf4fc86d5d8df198cfe4c323,E,8,5,2,4172,4171,4671,4,tongue,0,True,,4796,5296
S07:E:record08:trial004,S07,A07E.mat,b9aaec73dcee002fab84ee98e938039a67bf6a3cbf4fc86d5d8df198cfe4c323,E,8,5,3,6124,6123,6623,2,right_hand,0,True,,6748,7248
S07:E:record08:trial005,S07,A07E.mat,b9aaec73dcee002fab84ee98e938039a67bf6a3cbf4fc86d5d8df198cfe4c323,E,8,5,4,8132,8131,8631,4,tongue,0,True,,8756,9256
S07:E:record08:trial006,S07,A07E.mat,b9aaec73dcee002fab84ee98e938039a67bf6a3cbf4fc86d5d8df198cfe4c323,E,8,5,5,10243,10242,10742,1,left_hand,0,True,,10867,11367
S07:E:record08:trial007,S07,A07E.mat,b9aaec73dcee002fab84ee98e938039a67bf6a3cbf4fc86d5d8df198cfe4c323,E,8,5,6,12160,12159,12659,1,left_hand,0,True,,12784,13284
S07:E:record08:trial008,S07,A07E.mat,b9aaec73dcee002fab84ee98e938039a67bf6a3cbf4fc86d5d8df198cfe4c323,E,8,5,7,14210,14209,14709,3,feet,0,True,,14834,15334
S07:E:record08:trial009,S07,A07E.mat,b9aaec73dcee002fab84ee98e938039a67bf6a3cbf4fc86d5d8df198cfe4c323,E,8,5,8,16141,16140,16640,3,feet,0,True,,16765,17265
S07:E:record08:trial010,S07,A07E.mat,b9aaec73dcee002fab84ee98e938039a67bf6a3cbf4fc86d5d8df198cfe4c323,E,8,5,9,18139,18138,18638,2,right_hand,0,True,,18763,19263
S07:E:record08:trial011,S07,A07E.mat,b9aaec73dcee002fab84ee98e938039a67bf6a3cbf4fc86d5d8df198cfe4c323,E,8,5,10,20045,20044,20544,4,tongue,0,True,,20669,21169
S07:E:record08:trial012,S07,A07E.mat,b9aaec73dcee002fab84ee98e938039a67bf6a3cbf4fc86d5d8df198cfe4c323,E,8,5,11,21940,21939,22439,2,right_hand,0,True,,22564,23064
S07:E:record08:trial013,S07,A07E.mat,b9aaec73dcee002fab84ee98e938039a67bf6a3cbf4fc86d5d8df198cfe4c323,E,8,5,12,23912,23911,24411,2,right_hand,0,True,,24536,25036
S07:E:record08:trial014,S07,A07E.mat,b9aaec73dcee002fab84ee98e938039a67bf6a3cbf4fc86d5d8df198cfe4c323,E,8,5,13,25856,25855,26355,1,left_hand,0,True,,26480,26980
S07:E:record08:trial015,S07,A07E.mat,b9aaec73dcee002fab84ee98e938039a67bf6a3cbf4fc86d5d8df198cfe4c323,E,8,5,14,27823,27822,28322,2,right_hand,0,True,,28447,28947
S07:E:record08:trial016,S07,A07E.mat,b9aaec73dcee002fab84ee98e938039a67bf6a3cbf4fc86d5d8df198cfe4c323,E,8,5,15,29943,29942,30442,4,tongue,0,True,,30567,31067
S07:E:record08:trial017,S07,A07E.mat,b9aaec73dcee002fab84ee98e938039a67bf6a3cbf4fc86d5d8df198cfe4c323,E,8,5,16,31951,31950,32450,4,tongue,0,True,,32575,33075
S07:E:record08:trial018,S07,A07E.mat,b9aaec73dcee002fab84ee98e938039a67bf6a3cbf4fc86d5d8df198cfe4c323,E,8,5,17,34017,34016,34516,2,right_hand,0,True,,34641,35141
S07:E:record08:trial019,S07,A07E.mat,b9aaec73dcee002fab84ee98e938039a67bf6a3cbf4fc86d5d8df198cfe4c323,E,8,5,18,36053,36052,36552,2,right_hand,0,True,,36677,37177
S07:E:record08:trial020,S07,A07E.mat,b9aaec73dcee002fab84ee98e938039a67bf6a3cbf4fc86d5d8df198cfe4c323,E,8,5,19,38119,38118,38618,2,right_hand,0,True,,38743,39243
S07:E:record08:trial021,S07,A07E.mat,b9aaec73dcee002fab84ee98e938039a67bf6a3cbf4fc86d5d8df198cfe4c323,E,8,5,20,40189,40188,40688,2,right_hand,0,True,,40813,41313
S07:E:record08:trial022,S07,A07E.mat,b9aaec73dcee002fab84ee98e938039a67bf6a3cbf4fc86d5d8df198cfe4c323,E,8,5,21,42269,42268,42768,4,tongue,0,True,,42893,43393
S07:E:record08:trial023,S07,A07E.mat,b9aaec73dcee002fab84ee98e938039a67bf6a3cbf4fc86d5d8df198cfe4c323,E,8,5,22,44181,44180,44680,4,tongue,0,True,,44805,45305
S07:E:record08:trial024,S07,A07E.mat,b9aaec73dcee002fab84ee98e938039a67bf6a3cbf4fc86d5d8df198cfe4c323,E,8,5,23,46212,46211,46711,3,feet,0,True,,46836,47336
S07:E:record08:trial025,S07,A07E.mat,b9aaec73dcee002fab84ee98e938039a67bf6a3cbf4fc86d5d8df198cfe4c323,E,8,5,24,48165,48164,48664,4,tongue,0,True,,48789,49289
S07:E:record08:trial026,S07,A07E.mat,b9aaec73dcee002fab84ee98e938039a67bf6a3cbf4fc86d5d8df198cfe4c323,E,8,5,25,50126,50125,50625,1,left_hand,0,True,,50750,51250
S07:E:record08:trial027,S07,A07E.mat,b9aaec73dcee002fab84ee98e938039a67bf6a3cbf4fc86d5d8df198cfe4c323,E,8,5,26,52230,52229,52729,2,right_hand,0,True,,52854,53354
S07:E:record08:trial028,S07,A07E.mat,b9aaec73dcee002fab84ee98e938039a67bf6a3cbf4fc86d5d8df198cfe4c323,E,8,5,27,54234,54233,54733,3,feet,0,True,,54858,55358
S07:E:record08:trial029,S07,A07E.mat,b9aaec73dcee002fab84ee98e938039a67bf6a3cbf4fc86d5d8df198cfe4c323,E,8,5,28,56209,56208,56708,2,right_hand,0,True,,56833,57333
S07:E:record08:trial030,S07,A07E.mat,b9aaec73dcee002fab84ee98e938039a67bf6a3cbf4fc86d5d8df198cfe4c323,E,8,5,29,58235,58234,58734,1,left_hand,0,True,,58859,59359
S07:E:record08:trial031,S07,A07E.mat,b9aaec73dcee002fab84ee98e938039a67bf6a3cbf4fc86d5d8df198cfe4c323,E,8,5,30,60306,60305,60805,4,tongue,0,True,,60930,61430
S07:E:record08:trial032,S07,A07E.mat,b9aaec73dcee002fab84ee98e938039a67bf6a3cbf4fc86d5d8df198cfe4c323,E,8,5,31,62413,62412,62912,1,left_hand,0,True,,63037,63537
S07:E:record08:trial033,S07,A07E.mat,b9aaec73dcee002fab84ee98e938039a67bf6a3cbf4fc86d5d8df198cfe4c323,E,8,5,32,64505,64504,65004,4,tongue,0,True,,65129,65629
S07:E:record08:trial034,S07,A07E.mat,b9aaec73dcee002fab84ee98e938039a67bf6a3cbf4fc86d5d8df198cfe4c323,E,8,5,33,66596,66595,67095,1,left_hand,0,True,,67220,67720
S07:E:record08:trial035,S07,A07E.mat,b9aaec73dcee002fab84ee98e938039a67bf6a3cbf4fc86d5d8df198cfe4c323,E,8,5,34,68639,68638,69138,1,left_hand,0,True,,69263,69763
S07:E:record08:trial036,S07,A07E.mat,b9aaec73dcee002fab84ee98e938039a67bf6a3cbf4fc86d5d8df198cfe4c323,E,8,5,35,70703,70702,71202,1,left_hand,0,True,,71327,71827
S07:E:record08:trial037,S07,A07E.mat,b9aaec73dcee002fab84ee98e938039a67bf6a3cbf4fc86d5d8df198cfe4c323,E,8,5,36,72723,72722,73222,1,left_hand,0,True,,73347,73847
S07:E:record08:trial038,S07,A07E.mat,b9aaec73dcee002fab84ee98e938039a67bf6a3cbf4fc86d5d8df198cfe4c323,E,8,5,37,74695,74694,75194,3,feet,0,True,,75319,75819
S07:E:record08:trial039,S07,A07E.mat,b9aaec73dcee002fab84ee98e938039a67bf6a3cbf4fc86d5d8df198cfe4c323,E,8,5,38,76658,76657,77157,3,feet,0,True,,77282,77782
S07:E:record08:trial040,S07,A07E.mat,b9aaec73dcee002fab84ee98e938039a67bf6a3cbf4fc86d5d8df198cfe4c323,E,8,5,39,78583,78582,79082,4,tongue,0,True,,79207,79707
S07:E:record08:trial041,S07,A07E.mat,b9aaec73dcee002fab84ee98e938039a67bf6a3cbf4fc86d5d8df198cfe4c323,E,8,5,40,80664,80663,81163,2,right_hand,0,True,,81288,81788
S07:E:record08:trial042,S07,A07E.mat,b9aaec73dcee002fab84ee98e938039a67bf6a3cbf4fc86d5d8df198cfe4c323,E,8,5,41,82642,82641,83141,3,feet,0,True,,83266,83766
S07:E:record08:trial043,S07,A07E.mat,b9aaec73dcee002fab84ee98e938039a67bf6a3cbf4fc86d5d8df198cfe4c323,E,8,5,42,84632,84631,85131,3,feet,0,True,,85256,85756
S07:E:record08:trial044,S07,A07E.mat,b9aaec73dcee002fab84ee98e938039a67bf6a3cbf4fc86d5d8df198cfe4c323,E,8,5,43,86751,86750,87250,3,feet,0,True,,87375,87875
S07:E:record08:trial045,S07,A07E.mat,b9aaec73dcee002fab84ee98e938039a67bf6a3cbf4fc86d5d8df198cfe4c323,E,8,5,44,88657,88656,89156,4,tongue,0,True,,89281,89781
S07:E:record08:trial046,S07,A07E.mat,b9aaec73dcee002fab84ee98e938039a67bf6a3cbf4fc86d5d8df198cfe4c323,E,8,5,45,90585,90584,91084,3,feet,0,True,,91209,91709
S07:E:record08:trial047,S07,A07E.mat,b9aaec73dcee002fab84ee98e938039a67bf6a3cbf4fc86d5d8df198cfe4c323,E,8,5,46,92699,92698,93198,1,left_hand,0,True,,93323,93823
S07:E:record08:trial048,S07,A07E.mat,b9aaec73dcee002fab84ee98e938039a67bf6a3cbf4fc86d5d8df198cfe4c323,E,8,5,47,94758,94757,95257,3,feet,0,True,,95382,95882
S08:T:record03:trial001,S08,A08T.mat,7a4b3bd602d5bc307d3f4527fca2cf076659e94aca584dd64f6286fd413a82f2,T,3,0,0,251,250,750,1,left_hand,0,True,,875,1375
S08:T:record03:trial002,S08,A08T.mat,7a4b3bd602d5bc307d3f4527fca2cf076659e94aca584dd64f6286fd413a82f2,T,3,0,1,2254,2253,2753,2,right_hand,0,True,,2878,3378
S08:T:record03:trial003,S08,A08T.mat,7a4b3bd602d5bc307d3f4527fca2cf076659e94aca584dd64f6286fd413a82f2,T,3,0,2,4172,4171,4671,2,right_hand,1,False,organizer_artifact_flag,4796,5296
S08:T:record03:trial004,S08,A08T.mat,7a4b3bd602d5bc307d3f4527fca2cf076659e94aca584dd64f6286fd413a82f2,T,3,0,3,6124,6123,6623,1,left_hand,0,True,,6748,7248
S08:T:record03:trial005,S08,A08T.mat,7a4b3bd602d5bc307d3f4527fca2cf076659e94aca584dd64f6286fd413a82f2,T,3,0,4,8132,8131,8631,2,right_hand,1,False,organizer_artifact_flag,8756,9256
S08:T:record03:trial006,S08,A08T.mat,7a4b3bd602d5bc307d3f4527fca2cf076659e94aca584dd64f6286fd413a82f2,T,3,0,5,10243,10242,10742,1,left_hand,0,True,,10867,11367
S08:T:record03:trial007,S08,A08T.mat,7a4b3bd602d5bc307d3f4527fca2cf076659e94aca584dd64f6286fd413a82f2,T,3,0,6,12160,12159,12659,2,right_hand,0,True,,12784,13284
S08:T:record03:trial008,S08,A08T.mat,7a4b3bd602d5bc307d3f4527fca2cf076659e94aca584dd64f6286fd413a82f2,T,3,0,7,14210,14209,14709,3,feet,0,True,,14834,15334
S08:T:record03:trial009,S08,A08T.mat,7a4b3bd602d5bc307d3f4527fca2cf076659e94aca584dd64f6286fd413a82f2,T,3,0,8,16141,16140,16640,2,right_hand,0,True,,16765,17265
S08:T:record03:trial010,S08,A08T.mat,7a4b3bd602d5bc307d3f4527fca2cf076659e94aca584dd64f6286fd413a82f2,T,3,0,9,18139,18138,18638,4,tongue,0,True,,18763,19263
S08:T:record03:trial011,S08,A08T.mat,7a4b3bd602d5bc307d3f4527fca2cf076659e94aca584dd64f6286fd413a82f2,T,3,0,10,20045,20044,20544,1,left_hand,0,True,,20669,21169
S08:T:record03:trial012,S08,A08T.mat,7a4b3bd602d5bc307d3f4527fca2cf076659e94aca584dd64f6286fd413a82f2,T,3,0,11,21940,21939,22439,3,feet,1,False,organizer_artifact_flag,22564,23064
S08:T:record03:trial013,S08,A08T.mat,7a4b3bd602d5bc307d3f4527fca2cf076659e94aca584dd64f6286fd413a82f2,T,3,0,12,23912,23911,24411,2,right_hand,0,True,,24536,25036
S08:T:record03:trial014,S08,A08T.mat,7a4b3bd602d5bc307d3f4527fca2cf076659e94aca584dd64f6286fd413a82f2,T,3,0,13,25856,25855,26355,1,left_hand,0,True,,26480,26980
S08:T:record03:trial015,S08,A08T.mat,7a4b3bd602d5bc307d3f4527fca2cf076659e94aca584dd64f6286fd413a82f2,T,3,0,14,27823,27822,28322,4,tongue,0,True,,28447,28947
S08:T:record03:trial016,S08,A08T.mat,7a4b3bd602d5bc307d3f4527fca2cf076659e94aca584dd64f6286fd413a82f2,T,3,0,15,29943,29942,30442,4,tongue,0,True,,30567,31067
S08:T:record03:trial017,S08,A08T.mat,7a4b3bd602d5bc307d3f4527fca2cf076659e94aca584dd64f6286fd413a82f2,T,3,0,16,31951,31950,32450,4,tongue,0,True,,32575,33075
S08:T:record03:trial018,S08,A08T.mat,7a4b3bd602d5bc307d3f4527fca2cf076659e94aca584dd64f6286fd413a82f2,T,3,0,17,34017,34016,34516,4,tongue,0,True,,34641,35141
S08:T:record03:trial019,S08,A08T.mat,7a4b3bd602d5bc307d3f4527fca2cf076659e94aca584dd64f6286fd413a82f2,T,3,0,18,36053,36052,36552,4,tongue,0,True,,36677,37177
S08:T:record03:trial020,S08,A08T.mat,7a4b3bd602d5bc307d3f4527fca2cf076659e94aca584dd64f6286fd413a82f2,T,3,0,19,38119,38118,38618,1,left_hand,0,True,,38743,39243
S08:T:record03:trial021,S08,A08T.mat,7a4b3bd602d5bc307d3f4527fca2cf076659e94aca584dd64f6286fd413a82f2,T,3,0,20,40189,40188,40688,3,feet,1,False,organizer_artifact_flag,40813,41313
S08:T:record03:trial022,S08,A08T.mat,7a4b3bd602d5bc307d3f4527fca2cf076659e94aca584dd64f6286fd413a82f2,T,3,0,21,42269,42268,42768,2,right_hand,0,True,,42893,43393
S08:T:record03:trial023,S08,A08T.mat,7a4b3bd602d5bc307d3f4527fca2cf076659e94aca584dd64f6286fd413a82f2,T,3,0,22,44181,44180,44680,1,left_hand,0,True,,44805,45305
S08:T:record03:trial024,S08,A08T.mat,7a4b3bd602d5bc307d3f4527fca2cf076659e94aca584dd64f6286fd413a82f2,T,3,0,23,46212,46211,46711,1,left_hand,0,True,,46836,47336
S08:T:record03:trial025,S08,A08T.mat,7a4b3bd602d5bc307d3f4527fca2cf076659e94aca584dd64f6286fd413a82f2,T,3,0,24,48165,48164,48664,3,feet,0,True,,48789,49289
S08:T:record03:trial026,S08,A08T.mat,7a4b3bd602d5bc307d3f4527fca2cf076659e94aca584dd64f6286fd413a82f2,T,3,0,25,50126,50125,50625,4,tongue,0,True,,50750,51250
S08:T:record03:trial027,S08,A08T.mat,7a4b3bd602d5bc307d3f4527fca2cf076659e94aca584dd64f6286fd413a82f2,T,3,0,26,52230,52229,52729,1,left_hand,0,True,,52854,53354
S08:T:record03:trial028,S08,A08T.mat,7a4b3bd602d5bc307d3f4527fca2cf076659e94aca584dd64f6286fd413a82f2,T,3,0,27,54234,54233,54733,3,feet,0,True,,54858,55358
S08:T:record03:trial029,S08,A08T.mat,7a4b3bd602d5bc307d3f4527fca2cf076659e94aca584dd64f6286fd413a82f2,T,3,0,28,56209,56208,56708,3,feet,0,True,,56833,57333
S08:T:record03:trial030,S08,A08T.mat,7a4b3bd602d5bc307d3f4527fca2cf076659e94aca584dd64f6286fd413a82f2,T,3,0,29,58235,58234,58734,3,feet,0,True,,58859,59359
S08:T:record03:trial031,S08,A08T.mat,7a4b3bd602d5bc307d3f4527fca2cf076659e94aca584dd64f6286fd413a82f2,T,3,0,30,60306,60305,60805,1,left_hand,0,True,,60930,61430
S08:T:record03:trial032,S08,A08T.mat,7a4b3bd602d5bc307d3f4527fca2cf076659e94aca584dd64f6286fd413a82f2,T,3,0,31,62413,62412,62912,2,right_hand,1,False,organizer_artifact_flag,63037,63537
S08:T:record03:trial033,S08,A08T.mat,7a4b3bd602d5bc307d3f4527fca2cf076659e94aca584dd64f6286fd413a82f2,T,3,0,32,64505,64504,65004,1,left_hand,0,True,,65129,65629
S08:T:record03:trial034,S08,A08T.mat,7a4b3bd602d5bc307d3f4527fca2cf076659e94aca584dd64f6286fd413a82f2,T,3,0,33,66596,66595,67095,2,right_hand,0,True,,67220,67720
S08:T:record03:trial035,S08,A08T.mat,7a4b3bd602d5bc307d3f4527fca2cf076659e94aca584dd64f6286fd413a82f2,T,3,0,34,68639,68638,69138,2,right_hand,0,True,,69263,69763
S08:T:record03:trial036,S08,A08T.mat,7a4b3bd602d5bc307d3f4527fca2cf076659e94aca584dd64f6286fd413a82f2,T,3,0,35,70703,70702,71202,1,left_hand,0,True,,71327,71827
S08:T:record03:trial037,S08,A08T.mat,7a4b3bd602d5bc307d3f4527fca2cf076659e94aca584dd64f6286fd413a82f2,T,3,0,36,72723,72722,73222,2,right_hand,0,True,,73347,73847
S08:T:record03:trial038,S08,A08T.mat,7a4b3bd602d5bc307d3f4527fca2cf076659e94aca584dd64f6286fd413a82f2,T,3,0,37,74695,74694,75194,3,feet,0,True,,75319,75819
S08:T:record03:trial039,S08,A08T.mat,7a4b3bd602d5bc307d3f4527fca2cf076659e94aca584dd64f6286fd413a82f2,T,3,0,38,76658,76657,77157,2,right_hand,0,True,,77282,77782
S08:T:record03:trial040,S08,A08T.mat,7a4b3bd602d5bc307d3f4527fca2cf076659e94aca584dd64f6286fd413a82f2,T,3,0,39,78583,78582,79082,3,feet,0,True,,79207,79707
S08:T:record03:trial041,S08,A08T.mat,7a4b3bd602d5bc307d3f4527fca2cf076659e94aca584dd64f6286fd413a82f2,T,3,0,40,80664,80663,81163,3,feet,0,True,,81288,81788
S08:T:record03:trial042,S08,A08T.mat,7a4b3bd602d5bc307d3f4527fca2cf076659e94aca584dd64f6286fd413a82f2,T,3,0,41,82642,82641,83141,4,tongue,0,True,,83266,83766
S08:T:record03:trial043,S08,A08T.mat,7a4b3bd602d5bc307d3f4527fca2cf076659e94aca584dd64f6286fd413a82f2,T,3,0,42,84632,84631,85131,3,feet,0,True,,85256,85756
S08:T:record03:trial044,S08,A08T.mat,7a4b3bd602d5bc307d3f4527fca2cf076659e94aca584dd64f6286fd413a82f2,T,3,0,43,86751,86750,87250,3,feet,0,True,,87375,87875
S08:T:record03:trial045,S08,A08T.mat,7a4b3bd602d5bc307d3f4527fca2cf076659e94aca584dd64f6286fd413a82f2,T,3,0,44,88657,88656,89156,4,tongue,0,True,,89281,89781
S08:T:record03:trial046,S08,A08T.mat,7a4b3bd602d5bc307d3f4527fca2cf076659e94aca584dd64f6286fd413a82f2,T,3,0,45,90585,90584,91084,4,tongue,0,True,,91209,91709
S08:T:record03:trial047,S08,A08T.mat,7a4b3bd602d5bc307d3f4527fca2cf076659e94aca584dd64f6286fd413a82f2,T,3,0,46,92699,92698,93198,4,tongue,0,True,,93323,93823
S08:T:record03:trial048,S08,A08T.mat,7a4b3bd602d5bc307d3f4527fca2cf076659e94aca584dd64f6286fd413a82f2,T,3,0,47,94758,94757,95257,4,tongue,0,True,,95382,95882
S08:T:record04:trial001,S08,A08T.mat,7a4b3bd602d5bc307d3f4527fca2cf076659e94aca584dd64f6286fd413a82f2,T,4,1,0,251,250,750,4,tongue,0,True,,875,1375
S08:T:record04:trial002,S08,A08T.mat,7a4b3bd602d5bc307d3f4527fca2cf076659e94aca584dd64f6286fd413a82f2,T,4,1,1,2254,2253,2753,3,feet,0,True,,2878,3378
S08:T:record04:trial003,S08,A08T.mat,7a4b3bd602d5bc307d3f4527fca2cf076659e94aca584dd64f6286fd413a82f2,T,4,1,2,4172,4171,4671,2,right_hand,0,True,,4796,5296
S08:T:record04:trial004,S08,A08T.mat,7a4b3bd602d5bc307d3f4527fca2cf076659e94aca584dd64f6286fd413a82f2,T,4,1,3,6124,6123,6623,1,left_hand,0,True,,6748,7248
S08:T:record04:trial005,S08,A08T.mat,7a4b3bd602d5bc307d3f4527fca2cf076659e94aca584dd64f6286fd413a82f2,T,4,1,4,8132,8131,8631,1,left_hand,0,True,,8756,9256
S08:T:record04:trial006,S08,A08T.mat,7a4b3bd602d5bc307d3f4527fca2cf076659e94aca584dd64f6286fd413a82f2,T,4,1,5,10243,10242,10742,2,right_hand,0,True,,10867,11367
S08:T:record04:trial007,S08,A08T.mat,7a4b3bd602d5bc307d3f4527fca2cf076659e94aca584dd64f6286fd413a82f2,T,4,1,6,12160,12159,12659,3,feet,0,True,,12784,13284
S08:T:record04:trial008,S08,A08T.mat,7a4b3bd602d5bc307d3f4527fca2cf076659e94aca584dd64f6286fd413a82f2,T,4,1,7,14210,14209,14709,4,tongue,0,True,,14834,15334
S08:T:record04:trial009,S08,A08T.mat,7a4b3bd602d5bc307d3f4527fca2cf076659e94aca584dd64f6286fd413a82f2,T,4,1,8,16141,16140,16640,2,right_hand,0,True,,16765,17265
S08:T:record04:trial010,S08,A08T.mat,7a4b3bd602d5bc307d3f4527fca2cf076659e94aca584dd64f6286fd413a82f2,T,4,1,9,18139,18138,18638,3,feet,0,True,,18763,19263
S08:T:record04:trial011,S08,A08T.mat,7a4b3bd602d5bc307d3f4527fca2cf076659e94aca584dd64f6286fd413a82f2,T,4,1,10,20045,20044,20544,1,left_hand,0,True,,20669,21169
S08:T:record04:trial012,S08,A08T.mat,7a4b3bd602d5bc307d3f4527fca2cf076659e94aca584dd64f6286fd413a82f2,T,4,1,11,21940,21939,22439,1,left_hand,1,False,organizer_artifact_flag,22564,23064
S08:T:record04:trial013,S08,A08T.mat,7a4b3bd602d5bc307d3f4527fca2cf076659e94aca584dd64f6286fd413a82f2,T,4,1,12,23912,23911,24411,1,left_hand,0,True,,24536,25036
S08:T:record04:trial014,S08,A08T.mat,7a4b3bd602d5bc307d3f4527fca2cf076659e94aca584dd64f6286fd413a82f2,T,4,1,13,25856,25855,26355,4,tongue,0,True,,26480,26980
S08:T:record04:trial015,S08,A08T.mat,7a4b3bd602d5bc307d3f4527fca2cf076659e94aca584dd64f6286fd413a82f2,T,4,1,14,27823,27822,28322,2,right_hand,0,True,,28447,28947
S08:T:record04:trial016,S08,A08T.mat,7a4b3bd602d5bc307d3f4527fca2cf076659e94aca584dd64f6286fd413a82f2,T,4,1,15,29943,29942,30442,2,right_hand,0,True,,30567,31067
S08:T:record04:trial017,S08,A08T.mat,7a4b3bd602d5bc307d3f4527fca2cf076659e94aca584dd64f6286fd413a82f2,T,4,1,16,31951,31950,32450,1,left_hand,1,False,organizer_artifact_flag,32575,33075
S08:T:record04:trial018,S08,A08T.mat,7a4b3bd602d5bc307d3f4527fca2cf076659e94aca584dd64f6286fd413a82f2,T,4,1,17,34017,34016,34516,1,left_hand,0,True,,34641,35141
S08:T:record04:trial019,S08,A08T.mat,7a4b3bd602d5bc307d3f4527fca2cf076659e94aca584dd64f6286fd413a82f2,T,4,1,18,36053,36052,36552,3,feet,0,True,,36677,37177
S08:T:record04:trial020,S08,A08T.mat,7a4b3bd602d5bc307d3f4527fca2cf076659e94aca584dd64f6286fd413a82f2,T,4,1,19,38119,38118,38618,1,left_hand,0,True,,38743,39243
S08:T:record04:trial021,S08,A08T.mat,7a4b3bd602d5bc307d3f4527fca2cf076659e94aca584dd64f6286fd413a82f2,T,4,1,20,40189,40188,40688,2,right_hand,0,True,,40813,41313
S08:T:record04:trial022,S08,A08T.mat,7a4b3bd602d5bc307d3f4527fca2cf076659e94aca584dd64f6286fd413a82f2,T,4,1,21,42269,42268,42768,4,tongue,0,True,,42893,43393
S08:T:record04:trial023,S08,A08T.mat,7a4b3bd602d5bc307d3f4527fca2cf076659e94aca584dd64f6286fd413a82f2,T,4,1,22,44181,44180,44680,4,tongue,0,True,,44805,45305
S08:T:record04:trial024,S08,A08T.mat,7a4b3bd602d5bc307d3f4527fca2cf076659e94aca584dd64f6286fd413a82f2,T,4,1,23,46212,46211,46711,3,feet,0,True,,46836,47336
S08:T:record04:trial025,S08,A08T.mat,7a4b3bd602d5bc307d3f4527fca2cf076659e94aca584dd64f6286fd413a82f2,T,4,1,24,48165,48164,48664,1,left_hand,0,True,,48789,49289
S08:T:record04:trial026,S08,A08T.mat,7a4b3bd602d5bc307d3f4527fca2cf076659e94aca584dd64f6286fd413a82f2,T,4,1,25,50126,50125,50625,4,tongue,0,True,,50750,51250
S08:T:record04:trial027,S08,A08T.mat,7a4b3bd602d5bc307d3f4527fca2cf076659e94aca584dd64f6286fd413a82f2,T,4,1,26,52230,52229,52729,4,tongue,0,True,,52854,53354
S08:T:record04:trial028,S08,A08T.mat,7a4b3bd602d5bc307d3f4527fca2cf076659e94aca584dd64f6286fd413a82f2,T,4,1,27,54234,54233,54733,2,right_hand,0,True,,54858,55358
S08:T:record04:trial029,S08,A08T.mat,7a4b3bd602d5bc307d3f4527fca2cf076659e94aca584dd64f6286fd413a82f2,T,4,1,28,56209,56208,56708,4,tongue,0,True,,56833,57333
S08:T:record04:trial030,S08,A08T.mat,7a4b3bd602d5bc307d3f4527fca2cf076659e94aca584dd64f6286fd413a82f2,T,4,1,29,58235,58234,58734,4,tongue,0,True,,58859,59359
S08:T:record04:trial031,S08,A08T.mat,7a4b3bd602d5bc307d3f4527fca2cf076659e94aca584dd64f6286fd413a82f2,T,4,1,30,60306,60305,60805,2,right_hand,0,True,,60930,61430
S08:T:record04:trial032,S08,A08T.mat,7a4b3bd602d5bc307d3f4527fca2cf076659e94aca584dd64f6286fd413a82f2,T,4,1,31,62413,62412,62912,1,left_hand,0,True,,63037,63537
S08:T:record04:trial033,S08,A08T.mat,7a4b3bd602d5bc307d3f4527fca2cf076659e94aca584dd64f6286fd413a82f2,T,4,1,32,64505,64504,65004,2,right_hand,0,True,,65129,65629
S08:T:record04:trial034,S08,A08T.mat,7a4b3bd602d5bc307d3f4527fca2cf076659e94aca584dd64f6286fd413a82f2,T,4,1,33,66596,66595,67095,3,feet,1,False,organizer_artifact_flag,67220,67720
S08:T:record04:trial035,S08,A08T.mat,7a4b3bd602d5bc307d3f4527fca2cf076659e94aca584dd64f6286fd413a82f2,T,4,1,34,68639,68638,69138,3,feet,0,True,,69263,69763
S08:T:record04:trial036,S08,A08T.mat,7a4b3bd602d5bc307d3f4527fca2cf076659e94aca584dd64f6286fd413a82f2,T,4,1,35,70703,70702,71202,3,feet,0,True,,71327,71827
S08:T:record04:trial037,S08,A08T.mat,7a4b3bd602d5bc307d3f4527fca2cf076659e94aca584dd64f6286fd413a82f2,T,4,1,36,72723,72722,73222,4,tongue,0,True,,73347,73847
S08:T:record04:trial038,S08,A08T.mat,7a4b3bd602d5bc307d3f4527fca2cf076659e94aca584dd64f6286fd413a82f2,T,4,1,37,74695,74694,75194,3,feet,0,True,,75319,75819
S08:T:record04:trial039,S08,A08T.mat,7a4b3bd602d5bc307d3f4527fca2cf076659e94aca584dd64f6286fd413a82f2,T,4,1,38,76658,76657,77157,1,left_hand,0,True,,77282,77782
S08:T:record04:trial040,S08,A08T.mat,7a4b3bd602d5bc307d3f4527fca2cf076659e94aca584dd64f6286fd413a82f2,T,4,1,39,78583,78582,79082,4,tongue,0,True,,79207,79707
S08:T:record04:trial041,S08,A08T.mat,7a4b3bd602d5bc307d3f4527fca2cf076659e94aca584dd64f6286fd413a82f2,T,4,1,40,80664,80663,81163,2,right_hand,0,True,,81288,81788
S08:T:record04:trial042,S08,A08T.mat,7a4b3bd602d5bc307d3f4527fca2cf076659e94aca584dd64f6286fd413a82f2,T,4,1,41,82642,82641,83141,3,feet,0,True,,83266,83766
S08:T:record04:trial043,S08,A08T.mat,7a4b3bd602d5bc307d3f4527fca2cf076659e94aca584dd64f6286fd413a82f2,T,4,1,42,84632,84631,85131,2,right_hand,0,True,,85256,85756
S08:T:record04:trial044,S08,A08T.mat,7a4b3bd602d5bc307d3f4527fca2cf076659e94aca584dd64f6286fd413a82f2,T,4,1,43,86751,86750,87250,3,feet,0,True,,87375,87875
S08:T:record04:trial045,S08,A08T.mat,7a4b3bd602d5bc307d3f4527fca2cf076659e94aca584dd64f6286fd413a82f2,T,4,1,44,88657,88656,89156,4,tongue,0,True,,89281,89781
S08:T:record04:trial046,S08,A08T.mat,7a4b3bd602d5bc307d3f4527fca2cf076659e94aca584dd64f6286fd413a82f2,T,4,1,45,90585,90584,91084,2,right_hand,0,True,,91209,91709
S08:T:record04:trial047,S08,A08T.mat,7a4b3bd602d5bc307d3f4527fca2cf076659e94aca584dd64f6286fd413a82f2,T,4,1,46,92699,92698,93198,3,feet,0,True,,93323,93823
S08:T:record04:trial048,S08,A08T.mat,7a4b3bd602d5bc307d3f4527fca2cf076659e94aca584dd64f6286fd413a82f2,T,4,1,47,94758,94757,95257,1,left_hand,0,True,,95382,95882
S08:T:record05:trial001,S08,A08T.mat,7a4b3bd602d5bc307d3f4527fca2cf076659e94aca584dd64f6286fd413a82f2,T,5,2,0,251,250,750,1,left_hand,0,True,,875,1375
S08:T:record05:trial002,S08,A08T.mat,7a4b3bd602d5bc307d3f4527fca2cf076659e94aca584dd64f6286fd413a82f2,T,5,2,1,2254,2253,2753,1,left_hand,0,True,,2878,3378
S08:T:record05:trial003,S08,A08T.mat,7a4b3bd602d5bc307d3f4527fca2cf076659e94aca584dd64f6286fd413a82f2,T,5,2,2,4172,4171,4671,4,tongue,0,True,,4796,5296
S08:T:record05:trial004,S08,A08T.mat,7a4b3bd602d5bc307d3f4527fca2cf076659e94aca584dd64f6286fd413a82f2,T,5,2,3,6124,6123,6623,2,right_hand,0,True,,6748,7248
S08:T:record05:trial005,S08,A08T.mat,7a4b3bd602d5bc307d3f4527fca2cf076659e94aca584dd64f6286fd413a82f2,T,5,2,4,8132,8131,8631,1,left_hand,0,True,,8756,9256
S08:T:record05:trial006,S08,A08T.mat,7a4b3bd602d5bc307d3f4527fca2cf076659e94aca584dd64f6286fd413a82f2,T,5,2,5,10243,10242,10742,3,feet,0,True,,10867,11367
S08:T:record05:trial007,S08,A08T.mat,7a4b3bd602d5bc307d3f4527fca2cf076659e94aca584dd64f6286fd413a82f2,T,5,2,6,12160,12159,12659,1,left_hand,0,True,,12784,13284
S08:T:record05:trial008,S08,A08T.mat,7a4b3bd602d5bc307d3f4527fca2cf076659e94aca584dd64f6286fd413a82f2,T,5,2,7,14210,14209,14709,3,feet,1,False,organizer_artifact_flag,14834,15334
S08:T:record05:trial009,S08,A08T.mat,7a4b3bd602d5bc307d3f4527fca2cf076659e94aca584dd64f6286fd413a82f2,T,5,2,8,16141,16140,16640,2,right_hand,0,True,,16765,17265
S08:T:record05:trial010,S08,A08T.mat,7a4b3bd602d5bc307d3f4527fca2cf076659e94aca584dd64f6286fd413a82f2,T,5,2,9,18139,18138,18638,4,tongue,0,True,,18763,19263
S08:T:record05:trial011,S08,A08T.mat,7a4b3bd602d5bc307d3f4527fca2cf076659e94aca584dd64f6286fd413a82f2,T,5,2,10,20045,20044,20544,1,left_hand,0,True,,20669,21169
S08:T:record05:trial012,S08,A08T.mat,7a4b3bd602d5bc307d3f4527fca2cf076659e94aca584dd64f6286fd413a82f2,T,5,2,11,21940,21939,22439,3,feet,0,True,,22564,23064
S08:T:record05:trial013,S08,A08T.mat,7a4b3bd602d5bc307d3f4527fca2cf076659e94aca584dd64f6286fd413a82f2,T,5,2,12,23912,23911,24411,3,feet,0,True,,24536,25036
S08:T:record05:trial014,S08,A08T.mat,7a4b3bd602d5bc307d3f4527fca2cf076659e94aca584dd64f6286fd413a82f2,T,5,2,13,25856,25855,26355,1,left_hand,0,True,,26480,26980
S08:T:record05:trial015,S08,A08T.mat,7a4b3bd602d5bc307d3f4527fca2cf076659e94aca584dd64f6286fd413a82f2,T,5,2,14,27823,27822,28322,3,feet,0,True,,28447,28947
S08:T:record05:trial016,S08,A08T.mat,7a4b3bd602d5bc307d3f4527fca2cf076659e94aca584dd64f6286fd413a82f2,T,5,2,15,29943,29942,30442,2,right_hand,0,True,,30567,31067
S08:T:record05:trial017,S08,A08T.mat,7a4b3bd602d5bc307d3f4527fca2cf076659e94aca584dd64f6286fd413a82f2,T,5,2,16,31951,31950,32450,4,tongue,0,True,,32575,33075
S08:T:record05:trial018,S08,A08T.mat,7a4b3bd602d5bc307d3f4527fca2cf076659e94aca584dd64f6286fd413a82f2,T,5,2,17,34017,34016,34516,4,tongue,0,True,,34641,35141
S08:T:record05:trial019,S08,A08T.mat,7a4b3bd602d5bc307d3f4527fca2cf076659e94aca584dd64f6286fd413a82f2,T,5,2,18,36053,36052,36552,4,tongue,0,True,,36677,37177
S08:T:record05:trial020,S08,A08T.mat,7a4b3bd602d5bc307d3f4527fca2cf076659e94aca584dd64f6286fd413a82f2,T,5,2,19,38119,38118,38618,3,feet,0,True,,38743,39243
S08:T:record05:trial021,S08,A08T.mat,7a4b3bd602d5bc307d3f4527fca2cf076659e94aca584dd64f6286fd413a82f2,T,5,2,20,40189,40188,40688,1,left_hand,0,True,,40813,41313
S08:T:record05:trial022,S08,A08T.mat,7a4b3bd602d5bc307d3f4527fca2cf076659e94aca584dd64f6286fd413a82f2,T,5,2,21,42269,42268,42768,4,tongue,0,True,,42893,43393
S08:T:record05:trial023,S08,A08T.mat,7a4b3bd602d5bc307d3f4527fca2cf076659e94aca584dd64f6286fd413a82f2,T,5,2,22,44181,44180,44680,2,right_hand,1,False,organizer_artifact_flag,44805,45305
S08:T:record05:trial024,S08,A08T.mat,7a4b3bd602d5bc307d3f4527fca2cf076659e94aca584dd64f6286fd413a82f2,T,5,2,23,46212,46211,46711,4,tongue,0,True,,46836,47336
S08:T:record05:trial025,S08,A08T.mat,7a4b3bd602d5bc307d3f4527fca2cf076659e94aca584dd64f6286fd413a82f2,T,5,2,24,48165,48164,48664,2,right_hand,0,True,,48789,49289
S08:T:record05:trial026,S08,A08T.mat,7a4b3bd602d5bc307d3f4527fca2cf076659e94aca584dd64f6286fd413a82f2,T,5,2,25,50126,50125,50625,1,left_hand,1,False,organizer_artifact_flag,50750,51250
S08:T:record05:trial027,S08,A08T.mat,7a4b3bd602d5bc307d3f4527fca2cf076659e94aca584dd64f6286fd413a82f2,T,5,2,26,52230,52229,52729,3,feet,0,True,,52854,53354
S08:T:record05:trial028,S08,A08T.mat,7a4b3bd602d5bc307d3f4527fca2cf076659e94aca584dd64f6286fd413a82f2,T,5,2,27,54234,54233,54733,2,right_hand,0,True,,54858,55358
S08:T:record05:trial029,S08,A08T.mat,7a4b3bd602d5bc307d3f4527fca2cf076659e94aca584dd64f6286fd413a82f2,T,5,2,28,56209,56208,56708,1,left_hand,0,True,,56833,57333
S08:T:record05:trial030,S08,A08T.mat,7a4b3bd602d5bc307d3f4527fca2cf076659e94aca584dd64f6286fd413a82f2,T,5,2,29,58235,58234,58734,3,feet,0,True,,58859,59359
S08:T:record05:trial031,S08,A08T.mat,7a4b3bd602d5bc307d3f4527fca2cf076659e94aca584dd64f6286fd413a82f2,T,5,2,30,60306,60305,60805,3,feet,0,True,,60930,61430
S08:T:record05:trial032,S08,A08T.mat,7a4b3bd602d5bc307d3f4527fca2cf076659e94aca584dd64f6286fd413a82f2,T,5,2,31,62413,62412,62912,1,left_hand,0,True,,63037,63537
S08:T:record05:trial033,S08,A08T.mat,7a4b3bd602d5bc307d3f4527fca2cf076659e94aca584dd64f6286fd413a82f2,T,5,2,32,64505,64504,65004,3,feet,0,True,,65129,65629
S08:T:record05:trial034,S08,A08T.mat,7a4b3bd602d5bc307d3f4527fca2cf076659e94aca584dd64f6286fd413a82f2,T,5,2,33,66596,66595,67095,4,tongue,0,True,,67220,67720
S08:T:record05:trial035,S08,A08T.mat,7a4b3bd602d5bc307d3f4527fca2cf076659e94aca584dd64f6286fd413a82f2,T,5,2,34,68639,68638,69138,4,tongue,0,True,,69263,69763
S08:T:record05:trial036,S08,A08T.mat,7a4b3bd602d5bc307d3f4527fca2cf076659e94aca584dd64f6286fd413a82f2,T,5,2,35,70703,70702,71202,2,right_hand,0,True,,71327,71827
S08:T:record05:trial037,S08,A08T.mat,7a4b3bd602d5bc307d3f4527fca2cf076659e94aca584dd64f6286fd413a82f2,T,5,2,36,72723,72722,73222,1,left_hand,1,False,organizer_artifact_flag,73347,73847
S08:T:record05:trial038,S08,A08T.mat,7a4b3bd602d5bc307d3f4527fca2cf076659e94aca584dd64f6286fd413a82f2,T,5,2,37,74695,74694,75194,2,right_hand,0,True,,75319,75819
S08:T:record05:trial039,S08,A08T.mat,7a4b3bd602d5bc307d3f4527fca2cf076659e94aca584dd64f6286fd413a82f2,T,5,2,38,76658,76657,77157,4,tongue,0,True,,77282,77782
S08:T:record05:trial040,S08,A08T.mat,7a4b3bd602d5bc307d3f4527fca2cf076659e94aca584dd64f6286fd413a82f2,T,5,2,39,78583,78582,79082,2,right_hand,0,True,,79207,79707
S08:T:record05:trial041,S08,A08T.mat,7a4b3bd602d5bc307d3f4527fca2cf076659e94aca584dd64f6286fd413a82f2,T,5,2,40,80664,80663,81163,4,tongue,0,True,,81288,81788
S08:T:record05:trial042,S08,A08T.mat,7a4b3bd602d5bc307d3f4527fca2cf076659e94aca584dd64f6286fd413a82f2,T,5,2,41,82642,82641,83141,3,feet,0,True,,83266,83766
S08:T:record05:trial043,S08,A08T.mat,7a4b3bd602d5bc307d3f4527fca2cf076659e94aca584dd64f6286fd413a82f2,T,5,2,42,84632,84631,85131,2,right_hand,0,True,,85256,85756
S08:T:record05:trial044,S08,A08T.mat,7a4b3bd602d5bc307d3f4527fca2cf076659e94aca584dd64f6286fd413a82f2,T,5,2,43,86751,86750,87250,2,right_hand,0,True,,87375,87875
S08:T:record05:trial045,S08,A08T.mat,7a4b3bd602d5bc307d3f4527fca2cf076659e94aca584dd64f6286fd413a82f2,T,5,2,44,88657,88656,89156,2,right_hand,0,True,,89281,89781
S08:T:record05:trial046,S08,A08T.mat,7a4b3bd602d5bc307d3f4527fca2cf076659e94aca584dd64f6286fd413a82f2,T,5,2,45,90585,90584,91084,3,feet,1,False,organizer_artifact_flag,91209,91709
S08:T:record05:trial047,S08,A08T.mat,7a4b3bd602d5bc307d3f4527fca2cf076659e94aca584dd64f6286fd413a82f2,T,5,2,46,92699,92698,93198,4,tongue,0,True,,93323,93823
S08:T:record05:trial048,S08,A08T.mat,7a4b3bd602d5bc307d3f4527fca2cf076659e94aca584dd64f6286fd413a82f2,T,5,2,47,94758,94757,95257,1,left_hand,0,True,,95382,95882
S08:T:record06:trial001,S08,A08T.mat,7a4b3bd602d5bc307d3f4527fca2cf076659e94aca584dd64f6286fd413a82f2,T,6,3,0,251,250,750,2,right_hand,0,True,,875,1375
S08:T:record06:trial002,S08,A08T.mat,7a4b3bd602d5bc307d3f4527fca2cf076659e94aca584dd64f6286fd413a82f2,T,6,3,1,2254,2253,2753,4,tongue,0,True,,2878,3378
S08:T:record06:trial003,S08,A08T.mat,7a4b3bd602d5bc307d3f4527fca2cf076659e94aca584dd64f6286fd413a82f2,T,6,3,2,4172,4171,4671,1,left_hand,0,True,,4796,5296
S08:T:record06:trial004,S08,A08T.mat,7a4b3bd602d5bc307d3f4527fca2cf076659e94aca584dd64f6286fd413a82f2,T,6,3,3,6124,6123,6623,3,feet,0,True,,6748,7248
S08:T:record06:trial005,S08,A08T.mat,7a4b3bd602d5bc307d3f4527fca2cf076659e94aca584dd64f6286fd413a82f2,T,6,3,4,8132,8131,8631,3,feet,0,True,,8756,9256
S08:T:record06:trial006,S08,A08T.mat,7a4b3bd602d5bc307d3f4527fca2cf076659e94aca584dd64f6286fd413a82f2,T,6,3,5,10243,10242,10742,4,tongue,0,True,,10867,11367
S08:T:record06:trial007,S08,A08T.mat,7a4b3bd602d5bc307d3f4527fca2cf076659e94aca584dd64f6286fd413a82f2,T,6,3,6,12160,12159,12659,1,left_hand,0,True,,12784,13284
S08:T:record06:trial008,S08,A08T.mat,7a4b3bd602d5bc307d3f4527fca2cf076659e94aca584dd64f6286fd413a82f2,T,6,3,7,14210,14209,14709,1,left_hand,0,True,,14834,15334
S08:T:record06:trial009,S08,A08T.mat,7a4b3bd602d5bc307d3f4527fca2cf076659e94aca584dd64f6286fd413a82f2,T,6,3,8,16141,16140,16640,3,feet,0,True,,16765,17265
S08:T:record06:trial010,S08,A08T.mat,7a4b3bd602d5bc307d3f4527fca2cf076659e94aca584dd64f6286fd413a82f2,T,6,3,9,18139,18138,18638,2,right_hand,0,True,,18763,19263
S08:T:record06:trial011,S08,A08T.mat,7a4b3bd602d5bc307d3f4527fca2cf076659e94aca584dd64f6286fd413a82f2,T,6,3,10,20045,20044,20544,4,tongue,0,True,,20669,21169
S08:T:record06:trial012,S08,A08T.mat,7a4b3bd602d5bc307d3f4527fca2cf076659e94aca584dd64f6286fd413a82f2,T,6,3,11,21940,21939,22439,4,tongue,0,True,,22564,23064
S08:T:record06:trial013,S08,A08T.mat,7a4b3bd602d5bc307d3f4527fca2cf076659e94aca584dd64f6286fd413a82f2,T,6,3,12,23912,23911,24411,4,tongue,0,True,,24536,25036
S08:T:record06:trial014,S08,A08T.mat,7a4b3bd602d5bc307d3f4527fca2cf076659e94aca584dd64f6286fd413a82f2,T,6,3,13,25856,25855,26355,2,right_hand,0,True,,26480,26980
S08:T:record06:trial015,S08,A08T.mat,7a4b3bd602d5bc307d3f4527fca2cf076659e94aca584dd64f6286fd413a82f2,T,6,3,14,27823,27822,28322,1,left_hand,0,True,,28447,28947
S08:T:record06:trial016,S08,A08T.mat,7a4b3bd602d5bc307d3f4527fca2cf076659e94aca584dd64f6286fd413a82f2,T,6,3,15,29943,29942,30442,3,feet,0,True,,30567,31067
S08:T:record06:trial017,S08,A08T.mat,7a4b3bd602d5bc307d3f4527fca2cf076659e94aca584dd64f6286fd413a82f2,T,6,3,16,31951,31950,32450,2,right_hand,1,False,organizer_artifact_flag,32575,33075
S08:T:record06:trial018,S08,A08T.mat,7a4b3bd602d5bc307d3f4527fca2cf076659e94aca584dd64f6286fd413a82f2,T,6,3,17,34017,34016,34516,4,tongue,0,True,,34641,35141
S08:T:record06:trial019,S08,A08T.mat,7a4b3bd602d5bc307d3f4527fca2cf076659e94aca584dd64f6286fd413a82f2,T,6,3,18,36053,36052,36552,1,left_hand,0,True,,36677,37177
S08:T:record06:trial020,S08,A08T.mat,7a4b3bd602d5bc307d3f4527fca2cf076659e94aca584dd64f6286fd413a82f2,T,6,3,19,38119,38118,38618,4,tongue,0,True,,38743,39243
S08:T:record06:trial021,S08,A08T.mat,7a4b3bd602d5bc307d3f4527fca2cf076659e94aca584dd64f6286fd413a82f2,T,6,3,20,40189,40188,40688,3,feet,1,False,organizer_artifact_flag,40813,41313
S08:T:record06:trial022,S08,A08T.mat,7a4b3bd602d5bc307d3f4527fca2cf076659e94aca584dd64f6286fd413a82f2,T,6,3,21,42269,42268,42768,2,right_hand,0,True,,42893,43393
S08:T:record06:trial023,S08,A08T.mat,7a4b3bd602d5bc307d3f4527fca2cf076659e94aca584dd64f6286fd413a82f2,T,6,3,22,44181,44180,44680,4,tongue,0,True,,44805,45305
S08:T:record06:trial024,S08,A08T.mat,7a4b3bd602d5bc307d3f4527fca2cf076659e94aca584dd64f6286fd413a82f2,T,6,3,23,46212,46211,46711,4,tongue,1,False,organizer_artifact_flag,46836,47336
S08:T:record06:trial025,S08,A08T.mat,7a4b3bd602d5bc307d3f4527fca2cf076659e94aca584dd64f6286fd413a82f2,T,6,3,24,48165,48164,48664,1,left_hand,0,True,,48789,49289
S08:T:record06:trial026,S08,A08T.mat,7a4b3bd602d5bc307d3f4527fca2cf076659e94aca584dd64f6286fd413a82f2,T,6,3,25,50126,50125,50625,2,right_hand,0,True,,50750,51250
S08:T:record06:trial027,S08,A08T.mat,7a4b3bd602d5bc307d3f4527fca2cf076659e94aca584dd64f6286fd413a82f2,T,6,3,26,52230,52229,52729,2,right_hand,0,True,,52854,53354
S08:T:record06:trial028,S08,A08T.mat,7a4b3bd602d5bc307d3f4527fca2cf076659e94aca584dd64f6286fd413a82f2,T,6,3,27,54234,54233,54733,3,feet,0,True,,54858,55358
S08:T:record06:trial029,S08,A08T.mat,7a4b3bd602d5bc307d3f4527fca2cf076659e94aca584dd64f6286fd413a82f2,T,6,3,28,56209,56208,56708,4,tongue,0,True,,56833,57333
S08:T:record06:trial030,S08,A08T.mat,7a4b3bd602d5bc307d3f4527fca2cf076659e94aca584dd64f6286fd413a82f2,T,6,3,29,58235,58234,58734,2,right_hand,0,True,,58859,59359
S08:T:record06:trial031,S08,A08T.mat,7a4b3bd602d5bc307d3f4527fca2cf076659e94aca584dd64f6286fd413a82f2,T,6,3,30,60306,60305,60805,1,left_hand,0,True,,60930,61430
S08:T:record06:trial032,S08,A08T.mat,7a4b3bd602d5bc307d3f4527fca2cf076659e94aca584dd64f6286fd413a82f2,T,6,3,31,62413,62412,62912,1,left_hand,0,True,,63037,63537
S08:T:record06:trial033,S08,A08T.mat,7a4b3bd602d5bc307d3f4527fca2cf076659e94aca584dd64f6286fd413a82f2,T,6,3,32,64505,64504,65004,4,tongue,0,True,,65129,65629
S08:T:record06:trial034,S08,A08T.mat,7a4b3bd602d5bc307d3f4527fca2cf076659e94aca584dd64f6286fd413a82f2,T,6,3,33,66596,66595,67095,2,right_hand,0,True,,67220,67720
S08:T:record06:trial035,S08,A08T.mat,7a4b3bd602d5bc307d3f4527fca2cf076659e94aca584dd64f6286fd413a82f2,T,6,3,34,68639,68638,69138,1,left_hand,0,True,,69263,69763
S08:T:record06:trial036,S08,A08T.mat,7a4b3bd602d5bc307d3f4527fca2cf076659e94aca584dd64f6286fd413a82f2,T,6,3,35,70703,70702,71202,3,feet,1,False,organizer_artifact_flag,71327,71827
S08:T:record06:trial037,S08,A08T.mat,7a4b3bd602d5bc307d3f4527fca2cf076659e94aca584dd64f6286fd413a82f2,T,6,3,36,72723,72722,73222,2,right_hand,0,True,,73347,73847
S08:T:record06:trial038,S08,A08T.mat,7a4b3bd602d5bc307d3f4527fca2cf076659e94aca584dd64f6286fd413a82f2,T,6,3,37,74695,74694,75194,2,right_hand,0,True,,75319,75819
S08:T:record06:trial039,S08,A08T.mat,7a4b3bd602d5bc307d3f4527fca2cf076659e94aca584dd64f6286fd413a82f2,T,6,3,38,76658,76657,77157,3,feet,0,True,,77282,77782
S08:T:record06:trial040,S08,A08T.mat,7a4b3bd602d5bc307d3f4527fca2cf076659e94aca584dd64f6286fd413a82f2,T,6,3,39,78583,78582,79082,1,left_hand,0,True,,79207,79707
S08:T:record06:trial041,S08,A08T.mat,7a4b3bd602d5bc307d3f4527fca2cf076659e94aca584dd64f6286fd413a82f2,T,6,3,40,80664,80663,81163,4,tongue,0,True,,81288,81788
S08:T:record06:trial042,S08,A08T.mat,7a4b3bd602d5bc307d3f4527fca2cf076659e94aca584dd64f6286fd413a82f2,T,6,3,41,82642,82641,83141,3,feet,0,True,,83266,83766
S08:T:record06:trial043,S08,A08T.mat,7a4b3bd602d5bc307d3f4527fca2cf076659e94aca584dd64f6286fd413a82f2,T,6,3,42,84632,84631,85131,3,feet,0,True,,85256,85756
S08:T:record06:trial044,S08,A08T.mat,7a4b3bd602d5bc307d3f4527fca2cf076659e94aca584dd64f6286fd413a82f2,T,6,3,43,86751,86750,87250,3,feet,0,True,,87375,87875
S08:T:record06:trial045,S08,A08T.mat,7a4b3bd602d5bc307d3f4527fca2cf076659e94aca584dd64f6286fd413a82f2,T,6,3,44,88657,88656,89156,3,feet,0,True,,89281,89781
S08:T:record06:trial046,S08,A08T.mat,7a4b3bd602d5bc307d3f4527fca2cf076659e94aca584dd64f6286fd413a82f2,T,6,3,45,90585,90584,91084,1,left_hand,0,True,,91209,91709
S08:T:record06:trial047,S08,A08T.mat,7a4b3bd602d5bc307d3f4527fca2cf076659e94aca584dd64f6286fd413a82f2,T,6,3,46,92699,92698,93198,2,right_hand,0,True,,93323,93823
S08:T:record06:trial048,S08,A08T.mat,7a4b3bd602d5bc307d3f4527fca2cf076659e94aca584dd64f6286fd413a82f2,T,6,3,47,94758,94757,95257,1,left_hand,1,False,organizer_artifact_flag,95382,95882
S08:T:record07:trial001,S08,A08T.mat,7a4b3bd602d5bc307d3f4527fca2cf076659e94aca584dd64f6286fd413a82f2,T,7,4,0,251,250,750,2,right_hand,0,True,,875,1375
S08:T:record07:trial002,S08,A08T.mat,7a4b3bd602d5bc307d3f4527fca2cf076659e94aca584dd64f6286fd413a82f2,T,7,4,1,2254,2253,2753,1,left_hand,0,True,,2878,3378
S08:T:record07:trial003,S08,A08T.mat,7a4b3bd602d5bc307d3f4527fca2cf076659e94aca584dd64f6286fd413a82f2,T,7,4,2,4172,4171,4671,1,left_hand,0,True,,4796,5296
S08:T:record07:trial004,S08,A08T.mat,7a4b3bd602d5bc307d3f4527fca2cf076659e94aca584dd64f6286fd413a82f2,T,7,4,3,6124,6123,6623,3,feet,0,True,,6748,7248
S08:T:record07:trial005,S08,A08T.mat,7a4b3bd602d5bc307d3f4527fca2cf076659e94aca584dd64f6286fd413a82f2,T,7,4,4,8132,8131,8631,3,feet,0,True,,8756,9256
S08:T:record07:trial006,S08,A08T.mat,7a4b3bd602d5bc307d3f4527fca2cf076659e94aca584dd64f6286fd413a82f2,T,7,4,5,10243,10242,10742,2,right_hand,0,True,,10867,11367
S08:T:record07:trial007,S08,A08T.mat,7a4b3bd602d5bc307d3f4527fca2cf076659e94aca584dd64f6286fd413a82f2,T,7,4,6,12160,12159,12659,3,feet,0,True,,12784,13284
S08:T:record07:trial008,S08,A08T.mat,7a4b3bd602d5bc307d3f4527fca2cf076659e94aca584dd64f6286fd413a82f2,T,7,4,7,14210,14209,14709,4,tongue,0,True,,14834,15334
S08:T:record07:trial009,S08,A08T.mat,7a4b3bd602d5bc307d3f4527fca2cf076659e94aca584dd64f6286fd413a82f2,T,7,4,8,16141,16140,16640,1,left_hand,0,True,,16765,17265
S08:T:record07:trial010,S08,A08T.mat,7a4b3bd602d5bc307d3f4527fca2cf076659e94aca584dd64f6286fd413a82f2,T,7,4,9,18139,18138,18638,4,tongue,0,True,,18763,19263
S08:T:record07:trial011,S08,A08T.mat,7a4b3bd602d5bc307d3f4527fca2cf076659e94aca584dd64f6286fd413a82f2,T,7,4,10,20045,20044,20544,1,left_hand,0,True,,20669,21169
S08:T:record07:trial012,S08,A08T.mat,7a4b3bd602d5bc307d3f4527fca2cf076659e94aca584dd64f6286fd413a82f2,T,7,4,11,21940,21939,22439,1,left_hand,0,True,,22564,23064
S08:T:record07:trial013,S08,A08T.mat,7a4b3bd602d5bc307d3f4527fca2cf076659e94aca584dd64f6286fd413a82f2,T,7,4,12,23912,23911,24411,2,right_hand,0,True,,24536,25036
S08:T:record07:trial014,S08,A08T.mat,7a4b3bd602d5bc307d3f4527fca2cf076659e94aca584dd64f6286fd413a82f2,T,7,4,13,25856,25855,26355,4,tongue,0,True,,26480,26980
S08:T:record07:trial015,S08,A08T.mat,7a4b3bd602d5bc307d3f4527fca2cf076659e94aca584dd64f6286fd413a82f2,T,7,4,14,27823,27822,28322,3,feet,1,False,organizer_artifact_flag,28447,28947
S08:T:record07:trial016,S08,A08T.mat,7a4b3bd602d5bc307d3f4527fca2cf076659e94aca584dd64f6286fd413a82f2,T,7,4,15,29943,29942,30442,2,right_hand,0,True,,30567,31067
S08:T:record07:trial017,S08,A08T.mat,7a4b3bd602d5bc307d3f4527fca2cf076659e94aca584dd64f6286fd413a82f2,T,7,4,16,31951,31950,32450,4,tongue,0,True,,32575,33075
S08:T:record07:trial018,S08,A08T.mat,7a4b3bd602d5bc307d3f4527fca2cf076659e94aca584dd64f6286fd413a82f2,T,7,4,17,34017,34016,34516,3,feet,0,True,,34641,35141
S08:T:record07:trial019,S08,A08T.mat,7a4b3bd602d5bc307d3f4527fca2cf076659e94aca584dd64f6286fd413a82f2,T,7,4,18,36053,36052,36552,4,tongue,0,True,,36677,37177
S08:T:record07:trial020,S08,A08T.mat,7a4b3bd602d5bc307d3f4527fca2cf076659e94aca584dd64f6286fd413a82f2,T,7,4,19,38119,38118,38618,3,feet,0,True,,38743,39243
S08:T:record07:trial021,S08,A08T.mat,7a4b3bd602d5bc307d3f4527fca2cf076659e94aca584dd64f6286fd413a82f2,T,7,4,20,40189,40188,40688,4,tongue,1,False,organizer_artifact_flag,40813,41313
S08:T:record07:trial022,S08,A08T.mat,7a4b3bd602d5bc307d3f4527fca2cf076659e94aca584dd64f6286fd413a82f2,T,7,4,21,42269,42268,42768,2,right_hand,0,True,,42893,43393
S08:T:record07:trial023,S08,A08T.mat,7a4b3bd602d5bc307d3f4527fca2cf076659e94aca584dd64f6286fd413a82f2,T,7,4,22,44181,44180,44680,2,right_hand,0,True,,44805,45305
S08:T:record07:trial024,S08,A08T.mat,7a4b3bd602d5bc307d3f4527fca2cf076659e94aca584dd64f6286fd413a82f2,T,7,4,23,46212,46211,46711,4,tongue,0,True,,46836,47336
S08:T:record07:trial025,S08,A08T.mat,7a4b3bd602d5bc307d3f4527fca2cf076659e94aca584dd64f6286fd413a82f2,T,7,4,24,48165,48164,48664,1,left_hand,0,True,,48789,49289
S08:T:record07:trial026,S08,A08T.mat,7a4b3bd602d5bc307d3f4527fca2cf076659e94aca584dd64f6286fd413a82f2,T,7,4,25,50126,50125,50625,2,right_hand,0,True,,50750,51250
S08:T:record07:trial027,S08,A08T.mat,7a4b3bd602d5bc307d3f4527fca2cf076659e94aca584dd64f6286fd413a82f2,T,7,4,26,52230,52229,52729,2,right_hand,0,True,,52854,53354
S08:T:record07:trial028,S08,A08T.mat,7a4b3bd602d5bc307d3f4527fca2cf076659e94aca584dd64f6286fd413a82f2,T,7,4,27,54234,54233,54733,2,right_hand,0,True,,54858,55358
S08:T:record07:trial029,S08,A08T.mat,7a4b3bd602d5bc307d3f4527fca2cf076659e94aca584dd64f6286fd413a82f2,T,7,4,28,56209,56208,56708,3,feet,0,True,,56833,57333
S08:T:record07:trial030,S08,A08T.mat,7a4b3bd602d5bc307d3f4527fca2cf076659e94aca584dd64f6286fd413a82f2,T,7,4,29,58235,58234,58734,4,tongue,0,True,,58859,59359
S08:T:record07:trial031,S08,A08T.mat,7a4b3bd602d5bc307d3f4527fca2cf076659e94aca584dd64f6286fd413a82f2,T,7,4,30,60306,60305,60805,1,left_hand,0,True,,60930,61430
S08:T:record07:trial032,S08,A08T.mat,7a4b3bd602d5bc307d3f4527fca2cf076659e94aca584dd64f6286fd413a82f2,T,7,4,31,62413,62412,62912,4,tongue,0,True,,63037,63537
S08:T:record07:trial033,S08,A08T.mat,7a4b3bd602d5bc307d3f4527fca2cf076659e94aca584dd64f6286fd413a82f2,T,7,4,32,64505,64504,65004,1,left_hand,1,False,organizer_artifact_flag,65129,65629
S08:T:record07:trial034,S08,A08T.mat,7a4b3bd602d5bc307d3f4527fca2cf076659e94aca584dd64f6286fd413a82f2,T,7,4,33,66596,66595,67095,3,feet,0,True,,67220,67720
S08:T:record07:trial035,S08,A08T.mat,7a4b3bd602d5bc307d3f4527fca2cf076659e94aca584dd64f6286fd413a82f2,T,7,4,34,68639,68638,69138,1,left_hand,0,True,,69263,69763
S08:T:record07:trial036,S08,A08T.mat,7a4b3bd602d5bc307d3f4527fca2cf076659e94aca584dd64f6286fd413a82f2,T,7,4,35,70703,70702,71202,4,tongue,0,True,,71327,71827
S08:T:record07:trial037,S08,A08T.mat,7a4b3bd602d5bc307d3f4527fca2cf076659e94aca584dd64f6286fd413a82f2,T,7,4,36,72723,72722,73222,1,left_hand,0,True,,73347,73847
S08:T:record07:trial038,S08,A08T.mat,7a4b3bd602d5bc307d3f4527fca2cf076659e94aca584dd64f6286fd413a82f2,T,7,4,37,74695,74694,75194,3,feet,0,True,,75319,75819
S08:T:record07:trial039,S08,A08T.mat,7a4b3bd602d5bc307d3f4527fca2cf076659e94aca584dd64f6286fd413a82f2,T,7,4,38,76658,76657,77157,1,left_hand,0,True,,77282,77782
S08:T:record07:trial040,S08,A08T.mat,7a4b3bd602d5bc307d3f4527fca2cf076659e94aca584dd64f6286fd413a82f2,T,7,4,39,78583,78582,79082,2,right_hand,0,True,,79207,79707
S08:T:record07:trial041,S08,A08T.mat,7a4b3bd602d5bc307d3f4527fca2cf076659e94aca584dd64f6286fd413a82f2,T,7,4,40,80664,80663,81163,3,feet,0,True,,81288,81788
S08:T:record07:trial042,S08,A08T.mat,7a4b3bd602d5bc307d3f4527fca2cf076659e94aca584dd64f6286fd413a82f2,T,7,4,41,82642,82641,83141,3,feet,0,True,,83266,83766
S08:T:record07:trial043,S08,A08T.mat,7a4b3bd602d5bc307d3f4527fca2cf076659e94aca584dd64f6286fd413a82f2,T,7,4,42,84632,84631,85131,4,tongue,0,True,,85256,85756
S08:T:record07:trial044,S08,A08T.mat,7a4b3bd602d5bc307d3f4527fca2cf076659e94aca584dd64f6286fd413a82f2,T,7,4,43,86751,86750,87250,1,left_hand,0,True,,87375,87875
S08:T:record07:trial045,S08,A08T.mat,7a4b3bd602d5bc307d3f4527fca2cf076659e94aca584dd64f6286fd413a82f2,T,7,4,44,88657,88656,89156,2,right_hand,0,True,,89281,89781
S08:T:record07:trial046,S08,A08T.mat,7a4b3bd602d5bc307d3f4527fca2cf076659e94aca584dd64f6286fd413a82f2,T,7,4,45,90585,90584,91084,4,tongue,0,True,,91209,91709
S08:T:record07:trial047,S08,A08T.mat,7a4b3bd602d5bc307d3f4527fca2cf076659e94aca584dd64f6286fd413a82f2,T,7,4,46,92699,92698,93198,2,right_hand,0,True,,93323,93823
S08:T:record07:trial048,S08,A08T.mat,7a4b3bd602d5bc307d3f4527fca2cf076659e94aca584dd64f6286fd413a82f2,T,7,4,47,94758,94757,95257,3,feet,0,True,,95382,95882
S08:T:record08:trial001,S08,A08T.mat,7a4b3bd602d5bc307d3f4527fca2cf076659e94aca584dd64f6286fd413a82f2,T,8,5,0,251,250,750,3,feet,0,True,,875,1375
S08:T:record08:trial002,S08,A08T.mat,7a4b3bd602d5bc307d3f4527fca2cf076659e94aca584dd64f6286fd413a82f2,T,8,5,1,2254,2253,2753,1,left_hand,0,True,,2878,3378
S08:T:record08:trial003,S08,A08T.mat,7a4b3bd602d5bc307d3f4527fca2cf076659e94aca584dd64f6286fd413a82f2,T,8,5,2,4172,4171,4671,4,tongue,0,True,,4796,5296
S08:T:record08:trial004,S08,A08T.mat,7a4b3bd602d5bc307d3f4527fca2cf076659e94aca584dd64f6286fd413a82f2,T,8,5,3,6124,6123,6623,2,right_hand,0,True,,6748,7248
S08:T:record08:trial005,S08,A08T.mat,7a4b3bd602d5bc307d3f4527fca2cf076659e94aca584dd64f6286fd413a82f2,T,8,5,4,8132,8131,8631,4,tongue,0,True,,8756,9256
S08:T:record08:trial006,S08,A08T.mat,7a4b3bd602d5bc307d3f4527fca2cf076659e94aca584dd64f6286fd413a82f2,T,8,5,5,10243,10242,10742,1,left_hand,0,True,,10867,11367
S08:T:record08:trial007,S08,A08T.mat,7a4b3bd602d5bc307d3f4527fca2cf076659e94aca584dd64f6286fd413a82f2,T,8,5,6,12160,12159,12659,1,left_hand,0,True,,12784,13284
S08:T:record08:trial008,S08,A08T.mat,7a4b3bd602d5bc307d3f4527fca2cf076659e94aca584dd64f6286fd413a82f2,T,8,5,7,14210,14209,14709,3,feet,0,True,,14834,15334
S08:T:record08:trial009,S08,A08T.mat,7a4b3bd602d5bc307d3f4527fca2cf076659e94aca584dd64f6286fd413a82f2,T,8,5,8,16141,16140,16640,3,feet,0,True,,16765,17265
S08:T:record08:trial010,S08,A08T.mat,7a4b3bd602d5bc307d3f4527fca2cf076659e94aca584dd64f6286fd413a82f2,T,8,5,9,18139,18138,18638,2,right_hand,1,False,organizer_artifact_flag,18763,19263
S08:T:record08:trial011,S08,A08T.mat,7a4b3bd602d5bc307d3f4527fca2cf076659e94aca584dd64f6286fd413a82f2,T,8,5,10,20045,20044,20544,4,tongue,0,True,,20669,21169
S08:T:record08:trial012,S08,A08T.mat,7a4b3bd602d5bc307d3f4527fca2cf076659e94aca584dd64f6286fd413a82f2,T,8,5,11,21940,21939,22439,2,right_hand,0,True,,22564,23064
S08:T:record08:trial013,S08,A08T.mat,7a4b3bd602d5bc307d3f4527fca2cf076659e94aca584dd64f6286fd413a82f2,T,8,5,12,23912,23911,24411,2,right_hand,0,True,,24536,25036
S08:T:record08:trial014,S08,A08T.mat,7a4b3bd602d5bc307d3f4527fca2cf076659e94aca584dd64f6286fd413a82f2,T,8,5,13,25856,25855,26355,1,left_hand,0,True,,26480,26980
S08:T:record08:trial015,S08,A08T.mat,7a4b3bd602d5bc307d3f4527fca2cf076659e94aca584dd64f6286fd413a82f2,T,8,5,14,27823,27822,28322,2,right_hand,0,True,,28447,28947
S08:T:record08:trial016,S08,A08T.mat,7a4b3bd602d5bc307d3f4527fca2cf076659e94aca584dd64f6286fd413a82f2,T,8,5,15,29943,29942,30442,4,tongue,1,False,organizer_artifact_flag,30567,31067
S08:T:record08:trial017,S08,A08T.mat,7a4b3bd602d5bc307d3f4527fca2cf076659e94aca584dd64f6286fd413a82f2,T,8,5,16,31951,31950,32450,4,tongue,0,True,,32575,33075
S08:T:record08:trial018,S08,A08T.mat,7a4b3bd602d5bc307d3f4527fca2cf076659e94aca584dd64f6286fd413a82f2,T,8,5,17,34017,34016,34516,2,right_hand,0,True,,34641,35141
S08:T:record08:trial019,S08,A08T.mat,7a4b3bd602d5bc307d3f4527fca2cf076659e94aca584dd64f6286fd413a82f2,T,8,5,18,36053,36052,36552,2,right_hand,0,True,,36677,37177
S08:T:record08:trial020,S08,A08T.mat,7a4b3bd602d5bc307d3f4527fca2cf076659e94aca584dd64f6286fd413a82f2,T,8,5,19,38119,38118,38618,2,right_hand,0,True,,38743,39243
S08:T:record08:trial021,S08,A08T.mat,7a4b3bd602d5bc307d3f4527fca2cf076659e94aca584dd64f6286fd413a82f2,T,8,5,20,40189,40188,40688,2,right_hand,0,True,,40813,41313
S08:T:record08:trial022,S08,A08T.mat,7a4b3bd602d5bc307d3f4527fca2cf076659e94aca584dd64f6286fd413a82f2,T,8,5,21,42269,42268,42768,4,tongue,0,True,,42893,43393
S08:T:record08:trial023,S08,A08T.mat,7a4b3bd602d5bc307d3f4527fca2cf076659e94aca584dd64f6286fd413a82f2,T,8,5,22,44181,44180,44680,4,tongue,0,True,,44805,45305
S08:T:record08:trial024,S08,A08T.mat,7a4b3bd602d5bc307d3f4527fca2cf076659e94aca584dd64f6286fd413a82f2,T,8,5,23,46212,46211,46711,3,feet,0,True,,46836,47336
S08:T:record08:trial025,S08,A08T.mat,7a4b3bd602d5bc307d3f4527fca2cf076659e94aca584dd64f6286fd413a82f2,T,8,5,24,48165,48164,48664,4,tongue,0,True,,48789,49289
S08:T:record08:trial026,S08,A08T.mat,7a4b3bd602d5bc307d3f4527fca2cf076659e94aca584dd64f6286fd413a82f2,T,8,5,25,50126,50125,50625,1,left_hand,0,True,,50750,51250
S08:T:record08:trial027,S08,A08T.mat,7a4b3bd602d5bc307d3f4527fca2cf076659e94aca584dd64f6286fd413a82f2,T,8,5,26,52230,52229,52729,2,right_hand,0,True,,52854,53354
S08:T:record08:trial028,S08,A08T.mat,7a4b3bd602d5bc307d3f4527fca2cf076659e94aca584dd64f6286fd413a82f2,T,8,5,27,54234,54233,54733,3,feet,0,True,,54858,55358
S08:T:record08:trial029,S08,A08T.mat,7a4b3bd602d5bc307d3f4527fca2cf076659e94aca584dd64f6286fd413a82f2,T,8,5,28,56209,56208,56708,2,right_hand,0,True,,56833,57333
S08:T:record08:trial030,S08,A08T.mat,7a4b3bd602d5bc307d3f4527fca2cf076659e94aca584dd64f6286fd413a82f2,T,8,5,29,58235,58234,58734,1,left_hand,0,True,,58859,59359
S08:T:record08:trial031,S08,A08T.mat,7a4b3bd602d5bc307d3f4527fca2cf076659e94aca584dd64f6286fd413a82f2,T,8,5,30,60306,60305,60805,4,tongue,0,True,,60930,61430
S08:T:record08:trial032,S08,A08T.mat,7a4b3bd602d5bc307d3f4527fca2cf076659e94aca584dd64f6286fd413a82f2,T,8,5,31,62413,62412,62912,1,left_hand,0,True,,63037,63537
S08:T:record08:trial033,S08,A08T.mat,7a4b3bd602d5bc307d3f4527fca2cf076659e94aca584dd64f6286fd413a82f2,T,8,5,32,64505,64504,65004,4,tongue,0,True,,65129,65629
S08:T:record08:trial034,S08,A08T.mat,7a4b3bd602d5bc307d3f4527fca2cf076659e94aca584dd64f6286fd413a82f2,T,8,5,33,66596,66595,67095,1,left_hand,0,True,,67220,67720
S08:T:record08:trial035,S08,A08T.mat,7a4b3bd602d5bc307d3f4527fca2cf076659e94aca584dd64f6286fd413a82f2,T,8,5,34,68639,68638,69138,1,left_hand,0,True,,69263,69763
S08:T:record08:trial036,S08,A08T.mat,7a4b3bd602d5bc307d3f4527fca2cf076659e94aca584dd64f6286fd413a82f2,T,8,5,35,70703,70702,71202,1,left_hand,0,True,,71327,71827
S08:T:record08:trial037,S08,A08T.mat,7a4b3bd602d5bc307d3f4527fca2cf076659e94aca584dd64f6286fd413a82f2,T,8,5,36,72723,72722,73222,1,left_hand,0,True,,73347,73847
S08:T:record08:trial038,S08,A08T.mat,7a4b3bd602d5bc307d3f4527fca2cf076659e94aca584dd64f6286fd413a82f2,T,8,5,37,74695,74694,75194,3,feet,0,True,,75319,75819
S08:T:record08:trial039,S08,A08T.mat,7a4b3bd602d5bc307d3f4527fca2cf076659e94aca584dd64f6286fd413a82f2,T,8,5,38,76658,76657,77157,3,feet,0,True,,77282,77782
S08:T:record08:trial040,S08,A08T.mat,7a4b3bd602d5bc307d3f4527fca2cf076659e94aca584dd64f6286fd413a82f2,T,8,5,39,78583,78582,79082,4,tongue,1,False,organizer_artifact_flag,79207,79707
S08:T:record08:trial041,S08,A08T.mat,7a4b3bd602d5bc307d3f4527fca2cf076659e94aca584dd64f6286fd413a82f2,T,8,5,40,80664,80663,81163,2,right_hand,0,True,,81288,81788
S08:T:record08:trial042,S08,A08T.mat,7a4b3bd602d5bc307d3f4527fca2cf076659e94aca584dd64f6286fd413a82f2,T,8,5,41,82642,82641,83141,3,feet,0,True,,83266,83766
S08:T:record08:trial043,S08,A08T.mat,7a4b3bd602d5bc307d3f4527fca2cf076659e94aca584dd64f6286fd413a82f2,T,8,5,42,84632,84631,85131,3,feet,0,True,,85256,85756
S08:T:record08:trial044,S08,A08T.mat,7a4b3bd602d5bc307d3f4527fca2cf076659e94aca584dd64f6286fd413a82f2,T,8,5,43,86751,86750,87250,3,feet,0,True,,87375,87875
S08:T:record08:trial045,S08,A08T.mat,7a4b3bd602d5bc307d3f4527fca2cf076659e94aca584dd64f6286fd413a82f2,T,8,5,44,88657,88656,89156,4,tongue,0,True,,89281,89781
S08:T:record08:trial046,S08,A08T.mat,7a4b3bd602d5bc307d3f4527fca2cf076659e94aca584dd64f6286fd413a82f2,T,8,5,45,90585,90584,91084,3,feet,0,True,,91209,91709
S08:T:record08:trial047,S08,A08T.mat,7a4b3bd602d5bc307d3f4527fca2cf076659e94aca584dd64f6286fd413a82f2,T,8,5,46,92699,92698,93198,1,left_hand,0,True,,93323,93823
S08:T:record08:trial048,S08,A08T.mat,7a4b3bd602d5bc307d3f4527fca2cf076659e94aca584dd64f6286fd413a82f2,T,8,5,47,94758,94757,95257,3,feet,0,True,,95382,95882
S08:E:record03:trial001,S08,A08E.mat,0eedbd89790c7d621c8eef68065ddecf80d437bbbcf60321d9253e2305f294f7,E,3,0,0,251,250,750,1,left_hand,0,True,,875,1375
S08:E:record03:trial002,S08,A08E.mat,0eedbd89790c7d621c8eef68065ddecf80d437bbbcf60321d9253e2305f294f7,E,3,0,1,2254,2253,2753,2,right_hand,0,True,,2878,3378
S08:E:record03:trial003,S08,A08E.mat,0eedbd89790c7d621c8eef68065ddecf80d437bbbcf60321d9253e2305f294f7,E,3,0,2,4172,4171,4671,2,right_hand,0,True,,4796,5296
S08:E:record03:trial004,S08,A08E.mat,0eedbd89790c7d621c8eef68065ddecf80d437bbbcf60321d9253e2305f294f7,E,3,0,3,6124,6123,6623,1,left_hand,0,True,,6748,7248
S08:E:record03:trial005,S08,A08E.mat,0eedbd89790c7d621c8eef68065ddecf80d437bbbcf60321d9253e2305f294f7,E,3,0,4,8132,8131,8631,2,right_hand,0,True,,8756,9256
S08:E:record03:trial006,S08,A08E.mat,0eedbd89790c7d621c8eef68065ddecf80d437bbbcf60321d9253e2305f294f7,E,3,0,5,10243,10242,10742,1,left_hand,0,True,,10867,11367
S08:E:record03:trial007,S08,A08E.mat,0eedbd89790c7d621c8eef68065ddecf80d437bbbcf60321d9253e2305f294f7,E,3,0,6,12160,12159,12659,2,right_hand,0,True,,12784,13284
S08:E:record03:trial008,S08,A08E.mat,0eedbd89790c7d621c8eef68065ddecf80d437bbbcf60321d9253e2305f294f7,E,3,0,7,14210,14209,14709,3,feet,0,True,,14834,15334
S08:E:record03:trial009,S08,A08E.mat,0eedbd89790c7d621c8eef68065ddecf80d437bbbcf60321d9253e2305f294f7,E,3,0,8,16141,16140,16640,2,right_hand,0,True,,16765,17265
S08:E:record03:trial010,S08,A08E.mat,0eedbd89790c7d621c8eef68065ddecf80d437bbbcf60321d9253e2305f294f7,E,3,0,9,18139,18138,18638,4,tongue,1,False,organizer_artifact_flag,18763,19263
S08:E:record03:trial011,S08,A08E.mat,0eedbd89790c7d621c8eef68065ddecf80d437bbbcf60321d9253e2305f294f7,E,3,0,10,20045,20044,20544,1,left_hand,0,True,,20669,21169
S08:E:record03:trial012,S08,A08E.mat,0eedbd89790c7d621c8eef68065ddecf80d437bbbcf60321d9253e2305f294f7,E,3,0,11,21940,21939,22439,3,feet,0,True,,22564,23064
S08:E:record03:trial013,S08,A08E.mat,0eedbd89790c7d621c8eef68065ddecf80d437bbbcf60321d9253e2305f294f7,E,3,0,12,23912,23911,24411,2,right_hand,0,True,,24536,25036
S08:E:record03:trial014,S08,A08E.mat,0eedbd89790c7d621c8eef68065ddecf80d437bbbcf60321d9253e2305f294f7,E,3,0,13,25856,25855,26355,1,left_hand,0,True,,26480,26980
S08:E:record03:trial015,S08,A08E.mat,0eedbd89790c7d621c8eef68065ddecf80d437bbbcf60321d9253e2305f294f7,E,3,0,14,27823,27822,28322,4,tongue,0,True,,28447,28947
S08:E:record03:trial016,S08,A08E.mat,0eedbd89790c7d621c8eef68065ddecf80d437bbbcf60321d9253e2305f294f7,E,3,0,15,29943,29942,30442,4,tongue,0,True,,30567,31067
S08:E:record03:trial017,S08,A08E.mat,0eedbd89790c7d621c8eef68065ddecf80d437bbbcf60321d9253e2305f294f7,E,3,0,16,31951,31950,32450,4,tongue,0,True,,32575,33075
S08:E:record03:trial018,S08,A08E.mat,0eedbd89790c7d621c8eef68065ddecf80d437bbbcf60321d9253e2305f294f7,E,3,0,17,34017,34016,34516,4,tongue,0,True,,34641,35141
S08:E:record03:trial019,S08,A08E.mat,0eedbd89790c7d621c8eef68065ddecf80d437bbbcf60321d9253e2305f294f7,E,3,0,18,36053,36052,36552,4,tongue,0,True,,36677,37177
S08:E:record03:trial020,S08,A08E.mat,0eedbd89790c7d621c8eef68065ddecf80d437bbbcf60321d9253e2305f294f7,E,3,0,19,38119,38118,38618,1,left_hand,1,False,organizer_artifact_flag,38743,39243
S08:E:record03:trial021,S08,A08E.mat,0eedbd89790c7d621c8eef68065ddecf80d437bbbcf60321d9253e2305f294f7,E,3,0,20,40189,40188,40688,3,feet,0,True,,40813,41313
S08:E:record03:trial022,S08,A08E.mat,0eedbd89790c7d621c8eef68065ddecf80d437bbbcf60321d9253e2305f294f7,E,3,0,21,42269,42268,42768,2,right_hand,0,True,,42893,43393
S08:E:record03:trial023,S08,A08E.mat,0eedbd89790c7d621c8eef68065ddecf80d437bbbcf60321d9253e2305f294f7,E,3,0,22,44181,44180,44680,1,left_hand,0,True,,44805,45305
S08:E:record03:trial024,S08,A08E.mat,0eedbd89790c7d621c8eef68065ddecf80d437bbbcf60321d9253e2305f294f7,E,3,0,23,46212,46211,46711,1,left_hand,0,True,,46836,47336
S08:E:record03:trial025,S08,A08E.mat,0eedbd89790c7d621c8eef68065ddecf80d437bbbcf60321d9253e2305f294f7,E,3,0,24,48165,48164,48664,3,feet,0,True,,48789,49289
S08:E:record03:trial026,S08,A08E.mat,0eedbd89790c7d621c8eef68065ddecf80d437bbbcf60321d9253e2305f294f7,E,3,0,25,50126,50125,50625,4,tongue,0,True,,50750,51250
S08:E:record03:trial027,S08,A08E.mat,0eedbd89790c7d621c8eef68065ddecf80d437bbbcf60321d9253e2305f294f7,E,3,0,26,52230,52229,52729,1,left_hand,0,True,,52854,53354
S08:E:record03:trial028,S08,A08E.mat,0eedbd89790c7d621c8eef68065ddecf80d437bbbcf60321d9253e2305f294f7,E,3,0,27,54234,54233,54733,3,feet,1,False,organizer_artifact_flag,54858,55358
S08:E:record03:trial029,S08,A08E.mat,0eedbd89790c7d621c8eef68065ddecf80d437bbbcf60321d9253e2305f294f7,E,3,0,28,56209,56208,56708,3,feet,0,True,,56833,57333
S08:E:record03:trial030,S08,A08E.mat,0eedbd89790c7d621c8eef68065ddecf80d437bbbcf60321d9253e2305f294f7,E,3,0,29,58235,58234,58734,3,feet,0,True,,58859,59359
S08:E:record03:trial031,S08,A08E.mat,0eedbd89790c7d621c8eef68065ddecf80d437bbbcf60321d9253e2305f294f7,E,3,0,30,60306,60305,60805,1,left_hand,0,True,,60930,61430
S08:E:record03:trial032,S08,A08E.mat,0eedbd89790c7d621c8eef68065ddecf80d437bbbcf60321d9253e2305f294f7,E,3,0,31,62413,62412,62912,2,right_hand,0,True,,63037,63537
S08:E:record03:trial033,S08,A08E.mat,0eedbd89790c7d621c8eef68065ddecf80d437bbbcf60321d9253e2305f294f7,E,3,0,32,64505,64504,65004,1,left_hand,0,True,,65129,65629
S08:E:record03:trial034,S08,A08E.mat,0eedbd89790c7d621c8eef68065ddecf80d437bbbcf60321d9253e2305f294f7,E,3,0,33,66596,66595,67095,2,right_hand,0,True,,67220,67720
S08:E:record03:trial035,S08,A08E.mat,0eedbd89790c7d621c8eef68065ddecf80d437bbbcf60321d9253e2305f294f7,E,3,0,34,68639,68638,69138,2,right_hand,0,True,,69263,69763
S08:E:record03:trial036,S08,A08E.mat,0eedbd89790c7d621c8eef68065ddecf80d437bbbcf60321d9253e2305f294f7,E,3,0,35,70703,70702,71202,1,left_hand,0,True,,71327,71827
S08:E:record03:trial037,S08,A08E.mat,0eedbd89790c7d621c8eef68065ddecf80d437bbbcf60321d9253e2305f294f7,E,3,0,36,72723,72722,73222,2,right_hand,0,True,,73347,73847
S08:E:record03:trial038,S08,A08E.mat,0eedbd89790c7d621c8eef68065ddecf80d437bbbcf60321d9253e2305f294f7,E,3,0,37,74695,74694,75194,3,feet,0,True,,75319,75819
S08:E:record03:trial039,S08,A08E.mat,0eedbd89790c7d621c8eef68065ddecf80d437bbbcf60321d9253e2305f294f7,E,3,0,38,76658,76657,77157,2,right_hand,0,True,,77282,77782
S08:E:record03:trial040,S08,A08E.mat,0eedbd89790c7d621c8eef68065ddecf80d437bbbcf60321d9253e2305f294f7,E,3,0,39,78583,78582,79082,3,feet,0,True,,79207,79707
S08:E:record03:trial041,S08,A08E.mat,0eedbd89790c7d621c8eef68065ddecf80d437bbbcf60321d9253e2305f294f7,E,3,0,40,80664,80663,81163,3,feet,0,True,,81288,81788
S08:E:record03:trial042,S08,A08E.mat,0eedbd89790c7d621c8eef68065ddecf80d437bbbcf60321d9253e2305f294f7,E,3,0,41,82642,82641,83141,4,tongue,0,True,,83266,83766
S08:E:record03:trial043,S08,A08E.mat,0eedbd89790c7d621c8eef68065ddecf80d437bbbcf60321d9253e2305f294f7,E,3,0,42,84632,84631,85131,3,feet,0,True,,85256,85756
S08:E:record03:trial044,S08,A08E.mat,0eedbd89790c7d621c8eef68065ddecf80d437bbbcf60321d9253e2305f294f7,E,3,0,43,86751,86750,87250,3,feet,0,True,,87375,87875
S08:E:record03:trial045,S08,A08E.mat,0eedbd89790c7d621c8eef68065ddecf80d437bbbcf60321d9253e2305f294f7,E,3,0,44,88657,88656,89156,4,tongue,0,True,,89281,89781
S08:E:record03:trial046,S08,A08E.mat,0eedbd89790c7d621c8eef68065ddecf80d437bbbcf60321d9253e2305f294f7,E,3,0,45,90585,90584,91084,4,tongue,0,True,,91209,91709
S08:E:record03:trial047,S08,A08E.mat,0eedbd89790c7d621c8eef68065ddecf80d437bbbcf60321d9253e2305f294f7,E,3,0,46,92699,92698,93198,4,tongue,0,True,,93323,93823
S08:E:record03:trial048,S08,A08E.mat,0eedbd89790c7d621c8eef68065ddecf80d437bbbcf60321d9253e2305f294f7,E,3,0,47,94758,94757,95257,4,tongue,0,True,,95382,95882
S08:E:record04:trial001,S08,A08E.mat,0eedbd89790c7d621c8eef68065ddecf80d437bbbcf60321d9253e2305f294f7,E,4,1,0,251,250,750,4,tongue,0,True,,875,1375
S08:E:record04:trial002,S08,A08E.mat,0eedbd89790c7d621c8eef68065ddecf80d437bbbcf60321d9253e2305f294f7,E,4,1,1,2254,2253,2753,3,feet,0,True,,2878,3378
S08:E:record04:trial003,S08,A08E.mat,0eedbd89790c7d621c8eef68065ddecf80d437bbbcf60321d9253e2305f294f7,E,4,1,2,4172,4171,4671,2,right_hand,0,True,,4796,5296
S08:E:record04:trial004,S08,A08E.mat,0eedbd89790c7d621c8eef68065ddecf80d437bbbcf60321d9253e2305f294f7,E,4,1,3,6124,6123,6623,1,left_hand,0,True,,6748,7248
S08:E:record04:trial005,S08,A08E.mat,0eedbd89790c7d621c8eef68065ddecf80d437bbbcf60321d9253e2305f294f7,E,4,1,4,8132,8131,8631,1,left_hand,0,True,,8756,9256
S08:E:record04:trial006,S08,A08E.mat,0eedbd89790c7d621c8eef68065ddecf80d437bbbcf60321d9253e2305f294f7,E,4,1,5,10243,10242,10742,2,right_hand,0,True,,10867,11367
S08:E:record04:trial007,S08,A08E.mat,0eedbd89790c7d621c8eef68065ddecf80d437bbbcf60321d9253e2305f294f7,E,4,1,6,12160,12159,12659,3,feet,0,True,,12784,13284
S08:E:record04:trial008,S08,A08E.mat,0eedbd89790c7d621c8eef68065ddecf80d437bbbcf60321d9253e2305f294f7,E,4,1,7,14210,14209,14709,4,tongue,0,True,,14834,15334
S08:E:record04:trial009,S08,A08E.mat,0eedbd89790c7d621c8eef68065ddecf80d437bbbcf60321d9253e2305f294f7,E,4,1,8,16141,16140,16640,2,right_hand,0,True,,16765,17265
S08:E:record04:trial010,S08,A08E.mat,0eedbd89790c7d621c8eef68065ddecf80d437bbbcf60321d9253e2305f294f7,E,4,1,9,18139,18138,18638,3,feet,0,True,,18763,19263
S08:E:record04:trial011,S08,A08E.mat,0eedbd89790c7d621c8eef68065ddecf80d437bbbcf60321d9253e2305f294f7,E,4,1,10,20045,20044,20544,1,left_hand,0,True,,20669,21169
S08:E:record04:trial012,S08,A08E.mat,0eedbd89790c7d621c8eef68065ddecf80d437bbbcf60321d9253e2305f294f7,E,4,1,11,21940,21939,22439,1,left_hand,0,True,,22564,23064
S08:E:record04:trial013,S08,A08E.mat,0eedbd89790c7d621c8eef68065ddecf80d437bbbcf60321d9253e2305f294f7,E,4,1,12,23912,23911,24411,1,left_hand,0,True,,24536,25036
S08:E:record04:trial014,S08,A08E.mat,0eedbd89790c7d621c8eef68065ddecf80d437bbbcf60321d9253e2305f294f7,E,4,1,13,25856,25855,26355,4,tongue,0,True,,26480,26980
S08:E:record04:trial015,S08,A08E.mat,0eedbd89790c7d621c8eef68065ddecf80d437bbbcf60321d9253e2305f294f7,E,4,1,14,27823,27822,28322,2,right_hand,0,True,,28447,28947
S08:E:record04:trial016,S08,A08E.mat,0eedbd89790c7d621c8eef68065ddecf80d437bbbcf60321d9253e2305f294f7,E,4,1,15,29943,29942,30442,2,right_hand,0,True,,30567,31067
S08:E:record04:trial017,S08,A08E.mat,0eedbd89790c7d621c8eef68065ddecf80d437bbbcf60321d9253e2305f294f7,E,4,1,16,31951,31950,32450,1,left_hand,0,True,,32575,33075
S08:E:record04:trial018,S08,A08E.mat,0eedbd89790c7d621c8eef68065ddecf80d437bbbcf60321d9253e2305f294f7,E,4,1,17,34017,34016,34516,1,left_hand,0,True,,34641,35141
S08:E:record04:trial019,S08,A08E.mat,0eedbd89790c7d621c8eef68065ddecf80d437bbbcf60321d9253e2305f294f7,E,4,1,18,36053,36052,36552,3,feet,1,False,organizer_artifact_flag,36677,37177
S08:E:record04:trial020,S08,A08E.mat,0eedbd89790c7d621c8eef68065ddecf80d437bbbcf60321d9253e2305f294f7,E,4,1,19,38119,38118,38618,1,left_hand,0,True,,38743,39243
S08:E:record04:trial021,S08,A08E.mat,0eedbd89790c7d621c8eef68065ddecf80d437bbbcf60321d9253e2305f294f7,E,4,1,20,40189,40188,40688,2,right_hand,0,True,,40813,41313
S08:E:record04:trial022,S08,A08E.mat,0eedbd89790c7d621c8eef68065ddecf80d437bbbcf60321d9253e2305f294f7,E,4,1,21,42269,42268,42768,4,tongue,0,True,,42893,43393
S08:E:record04:trial023,S08,A08E.mat,0eedbd89790c7d621c8eef68065ddecf80d437bbbcf60321d9253e2305f294f7,E,4,1,22,44181,44180,44680,4,tongue,0,True,,44805,45305
S08:E:record04:trial024,S08,A08E.mat,0eedbd89790c7d621c8eef68065ddecf80d437bbbcf60321d9253e2305f294f7,E,4,1,23,46212,46211,46711,3,feet,0,True,,46836,47336
S08:E:record04:trial025,S08,A08E.mat,0eedbd89790c7d621c8eef68065ddecf80d437bbbcf60321d9253e2305f294f7,E,4,1,24,48165,48164,48664,1,left_hand,0,True,,48789,49289
S08:E:record04:trial026,S08,A08E.mat,0eedbd89790c7d621c8eef68065ddecf80d437bbbcf60321d9253e2305f294f7,E,4,1,25,50126,50125,50625,4,tongue,0,True,,50750,51250
S08:E:record04:trial027,S08,A08E.mat,0eedbd89790c7d621c8eef68065ddecf80d437bbbcf60321d9253e2305f294f7,E,4,1,26,52230,52229,52729,4,tongue,0,True,,52854,53354
S08:E:record04:trial028,S08,A08E.mat,0eedbd89790c7d621c8eef68065ddecf80d437bbbcf60321d9253e2305f294f7,E,4,1,27,54234,54233,54733,2,right_hand,0,True,,54858,55358
S08:E:record04:trial029,S08,A08E.mat,0eedbd89790c7d621c8eef68065ddecf80d437bbbcf60321d9253e2305f294f7,E,4,1,28,56209,56208,56708,4,tongue,0,True,,56833,57333
S08:E:record04:trial030,S08,A08E.mat,0eedbd89790c7d621c8eef68065ddecf80d437bbbcf60321d9253e2305f294f7,E,4,1,29,58235,58234,58734,4,tongue,0,True,,58859,59359
S08:E:record04:trial031,S08,A08E.mat,0eedbd89790c7d621c8eef68065ddecf80d437bbbcf60321d9253e2305f294f7,E,4,1,30,60306,60305,60805,2,right_hand,0,True,,60930,61430
S08:E:record04:trial032,S08,A08E.mat,0eedbd89790c7d621c8eef68065ddecf80d437bbbcf60321d9253e2305f294f7,E,4,1,31,62413,62412,62912,1,left_hand,0,True,,63037,63537
S08:E:record04:trial033,S08,A08E.mat,0eedbd89790c7d621c8eef68065ddecf80d437bbbcf60321d9253e2305f294f7,E,4,1,32,64505,64504,65004,2,right_hand,0,True,,65129,65629
S08:E:record04:trial034,S08,A08E.mat,0eedbd89790c7d621c8eef68065ddecf80d437bbbcf60321d9253e2305f294f7,E,4,1,33,66596,66595,67095,3,feet,0,True,,67220,67720
S08:E:record04:trial035,S08,A08E.mat,0eedbd89790c7d621c8eef68065ddecf80d437bbbcf60321d9253e2305f294f7,E,4,1,34,68639,68638,69138,3,feet,0,True,,69263,69763
S08:E:record04:trial036,S08,A08E.mat,0eedbd89790c7d621c8eef68065ddecf80d437bbbcf60321d9253e2305f294f7,E,4,1,35,70703,70702,71202,3,feet,0,True,,71327,71827
S08:E:record04:trial037,S08,A08E.mat,0eedbd89790c7d621c8eef68065ddecf80d437bbbcf60321d9253e2305f294f7,E,4,1,36,72723,72722,73222,4,tongue,0,True,,73347,73847
S08:E:record04:trial038,S08,A08E.mat,0eedbd89790c7d621c8eef68065ddecf80d437bbbcf60321d9253e2305f294f7,E,4,1,37,74695,74694,75194,3,feet,0,True,,75319,75819
S08:E:record04:trial039,S08,A08E.mat,0eedbd89790c7d621c8eef68065ddecf80d437bbbcf60321d9253e2305f294f7,E,4,1,38,76658,76657,77157,1,left_hand,0,True,,77282,77782
S08:E:record04:trial040,S08,A08E.mat,0eedbd89790c7d621c8eef68065ddecf80d437bbbcf60321d9253e2305f294f7,E,4,1,39,78583,78582,79082,4,tongue,0,True,,79207,79707
S08:E:record04:trial041,S08,A08E.mat,0eedbd89790c7d621c8eef68065ddecf80d437bbbcf60321d9253e2305f294f7,E,4,1,40,80664,80663,81163,2,right_hand,0,True,,81288,81788
S08:E:record04:trial042,S08,A08E.mat,0eedbd89790c7d621c8eef68065ddecf80d437bbbcf60321d9253e2305f294f7,E,4,1,41,82642,82641,83141,3,feet,0,True,,83266,83766
S08:E:record04:trial043,S08,A08E.mat,0eedbd89790c7d621c8eef68065ddecf80d437bbbcf60321d9253e2305f294f7,E,4,1,42,84632,84631,85131,2,right_hand,1,False,organizer_artifact_flag,85256,85756
S08:E:record04:trial044,S08,A08E.mat,0eedbd89790c7d621c8eef68065ddecf80d437bbbcf60321d9253e2305f294f7,E,4,1,43,86751,86750,87250,3,feet,0,True,,87375,87875
S08:E:record04:trial045,S08,A08E.mat,0eedbd89790c7d621c8eef68065ddecf80d437bbbcf60321d9253e2305f294f7,E,4,1,44,88657,88656,89156,4,tongue,1,False,organizer_artifact_flag,89281,89781
S08:E:record04:trial046,S08,A08E.mat,0eedbd89790c7d621c8eef68065ddecf80d437bbbcf60321d9253e2305f294f7,E,4,1,45,90585,90584,91084,2,right_hand,0,True,,91209,91709
S08:E:record04:trial047,S08,A08E.mat,0eedbd89790c7d621c8eef68065ddecf80d437bbbcf60321d9253e2305f294f7,E,4,1,46,92699,92698,93198,3,feet,0,True,,93323,93823
S08:E:record04:trial048,S08,A08E.mat,0eedbd89790c7d621c8eef68065ddecf80d437bbbcf60321d9253e2305f294f7,E,4,1,47,94758,94757,95257,1,left_hand,0,True,,95382,95882
S08:E:record05:trial001,S08,A08E.mat,0eedbd89790c7d621c8eef68065ddecf80d437bbbcf60321d9253e2305f294f7,E,5,2,0,251,250,750,1,left_hand,0,True,,875,1375
S08:E:record05:trial002,S08,A08E.mat,0eedbd89790c7d621c8eef68065ddecf80d437bbbcf60321d9253e2305f294f7,E,5,2,1,2254,2253,2753,1,left_hand,0,True,,2878,3378
S08:E:record05:trial003,S08,A08E.mat,0eedbd89790c7d621c8eef68065ddecf80d437bbbcf60321d9253e2305f294f7,E,5,2,2,4172,4171,4671,4,tongue,0,True,,4796,5296
S08:E:record05:trial004,S08,A08E.mat,0eedbd89790c7d621c8eef68065ddecf80d437bbbcf60321d9253e2305f294f7,E,5,2,3,6124,6123,6623,2,right_hand,0,True,,6748,7248
S08:E:record05:trial005,S08,A08E.mat,0eedbd89790c7d621c8eef68065ddecf80d437bbbcf60321d9253e2305f294f7,E,5,2,4,8132,8131,8631,1,left_hand,0,True,,8756,9256
S08:E:record05:trial006,S08,A08E.mat,0eedbd89790c7d621c8eef68065ddecf80d437bbbcf60321d9253e2305f294f7,E,5,2,5,10243,10242,10742,3,feet,0,True,,10867,11367
S08:E:record05:trial007,S08,A08E.mat,0eedbd89790c7d621c8eef68065ddecf80d437bbbcf60321d9253e2305f294f7,E,5,2,6,12160,12159,12659,1,left_hand,0,True,,12784,13284
S08:E:record05:trial008,S08,A08E.mat,0eedbd89790c7d621c8eef68065ddecf80d437bbbcf60321d9253e2305f294f7,E,5,2,7,14210,14209,14709,3,feet,0,True,,14834,15334
S08:E:record05:trial009,S08,A08E.mat,0eedbd89790c7d621c8eef68065ddecf80d437bbbcf60321d9253e2305f294f7,E,5,2,8,16141,16140,16640,2,right_hand,0,True,,16765,17265
S08:E:record05:trial010,S08,A08E.mat,0eedbd89790c7d621c8eef68065ddecf80d437bbbcf60321d9253e2305f294f7,E,5,2,9,18139,18138,18638,4,tongue,0,True,,18763,19263
S08:E:record05:trial011,S08,A08E.mat,0eedbd89790c7d621c8eef68065ddecf80d437bbbcf60321d9253e2305f294f7,E,5,2,10,20045,20044,20544,1,left_hand,0,True,,20669,21169
S08:E:record05:trial012,S08,A08E.mat,0eedbd89790c7d621c8eef68065ddecf80d437bbbcf60321d9253e2305f294f7,E,5,2,11,21940,21939,22439,3,feet,0,True,,22564,23064
S08:E:record05:trial013,S08,A08E.mat,0eedbd89790c7d621c8eef68065ddecf80d437bbbcf60321d9253e2305f294f7,E,5,2,12,23912,23911,24411,3,feet,0,True,,24536,25036
S08:E:record05:trial014,S08,A08E.mat,0eedbd89790c7d621c8eef68065ddecf80d437bbbcf60321d9253e2305f294f7,E,5,2,13,25856,25855,26355,1,left_hand,0,True,,26480,26980
S08:E:record05:trial015,S08,A08E.mat,0eedbd89790c7d621c8eef68065ddecf80d437bbbcf60321d9253e2305f294f7,E,5,2,14,27823,27822,28322,3,feet,0,True,,28447,28947
S08:E:record05:trial016,S08,A08E.mat,0eedbd89790c7d621c8eef68065ddecf80d437bbbcf60321d9253e2305f294f7,E,5,2,15,29943,29942,30442,2,right_hand,0,True,,30567,31067
S08:E:record05:trial017,S08,A08E.mat,0eedbd89790c7d621c8eef68065ddecf80d437bbbcf60321d9253e2305f294f7,E,5,2,16,31951,31950,32450,4,tongue,0,True,,32575,33075
S08:E:record05:trial018,S08,A08E.mat,0eedbd89790c7d621c8eef68065ddecf80d437bbbcf60321d9253e2305f294f7,E,5,2,17,34017,34016,34516,4,tongue,0,True,,34641,35141
S08:E:record05:trial019,S08,A08E.mat,0eedbd89790c7d621c8eef68065ddecf80d437bbbcf60321d9253e2305f294f7,E,5,2,18,36053,36052,36552,4,tongue,0,True,,36677,37177
S08:E:record05:trial020,S08,A08E.mat,0eedbd89790c7d621c8eef68065ddecf80d437bbbcf60321d9253e2305f294f7,E,5,2,19,38119,38118,38618,3,feet,0,True,,38743,39243
S08:E:record05:trial021,S08,A08E.mat,0eedbd89790c7d621c8eef68065ddecf80d437bbbcf60321d9253e2305f294f7,E,5,2,20,40189,40188,40688,1,left_hand,0,True,,40813,41313
S08:E:record05:trial022,S08,A08E.mat,0eedbd89790c7d621c8eef68065ddecf80d437bbbcf60321d9253e2305f294f7,E,5,2,21,42269,42268,42768,4,tongue,0,True,,42893,43393
S08:E:record05:trial023,S08,A08E.mat,0eedbd89790c7d621c8eef68065ddecf80d437bbbcf60321d9253e2305f294f7,E,5,2,22,44181,44180,44680,2,right_hand,0,True,,44805,45305
S08:E:record05:trial024,S08,A08E.mat,0eedbd89790c7d621c8eef68065ddecf80d437bbbcf60321d9253e2305f294f7,E,5,2,23,46212,46211,46711,4,tongue,1,False,organizer_artifact_flag,46836,47336
S08:E:record05:trial025,S08,A08E.mat,0eedbd89790c7d621c8eef68065ddecf80d437bbbcf60321d9253e2305f294f7,E,5,2,24,48165,48164,48664,2,right_hand,0,True,,48789,49289
S08:E:record05:trial026,S08,A08E.mat,0eedbd89790c7d621c8eef68065ddecf80d437bbbcf60321d9253e2305f294f7,E,5,2,25,50126,50125,50625,1,left_hand,0,True,,50750,51250
S08:E:record05:trial027,S08,A08E.mat,0eedbd89790c7d621c8eef68065ddecf80d437bbbcf60321d9253e2305f294f7,E,5,2,26,52230,52229,52729,3,feet,0,True,,52854,53354
S08:E:record05:trial028,S08,A08E.mat,0eedbd89790c7d621c8eef68065ddecf80d437bbbcf60321d9253e2305f294f7,E,5,2,27,54234,54233,54733,2,right_hand,0,True,,54858,55358
S08:E:record05:trial029,S08,A08E.mat,0eedbd89790c7d621c8eef68065ddecf80d437bbbcf60321d9253e2305f294f7,E,5,2,28,56209,56208,56708,1,left_hand,0,True,,56833,57333
S08:E:record05:trial030,S08,A08E.mat,0eedbd89790c7d621c8eef68065ddecf80d437bbbcf60321d9253e2305f294f7,E,5,2,29,58235,58234,58734,3,feet,0,True,,58859,59359
S08:E:record05:trial031,S08,A08E.mat,0eedbd89790c7d621c8eef68065ddecf80d437bbbcf60321d9253e2305f294f7,E,5,2,30,60306,60305,60805,3,feet,0,True,,60930,61430
S08:E:record05:trial032,S08,A08E.mat,0eedbd89790c7d621c8eef68065ddecf80d437bbbcf60321d9253e2305f294f7,E,5,2,31,62413,62412,62912,1,left_hand,0,True,,63037,63537
S08:E:record05:trial033,S08,A08E.mat,0eedbd89790c7d621c8eef68065ddecf80d437bbbcf60321d9253e2305f294f7,E,5,2,32,64505,64504,65004,3,feet,0,True,,65129,65629
S08:E:record05:trial034,S08,A08E.mat,0eedbd89790c7d621c8eef68065ddecf80d437bbbcf60321d9253e2305f294f7,E,5,2,33,66596,66595,67095,4,tongue,0,True,,67220,67720
S08:E:record05:trial035,S08,A08E.mat,0eedbd89790c7d621c8eef68065ddecf80d437bbbcf60321d9253e2305f294f7,E,5,2,34,68639,68638,69138,4,tongue,0,True,,69263,69763
S08:E:record05:trial036,S08,A08E.mat,0eedbd89790c7d621c8eef68065ddecf80d437bbbcf60321d9253e2305f294f7,E,5,2,35,70703,70702,71202,2,right_hand,0,True,,71327,71827
S08:E:record05:trial037,S08,A08E.mat,0eedbd89790c7d621c8eef68065ddecf80d437bbbcf60321d9253e2305f294f7,E,5,2,36,72723,72722,73222,1,left_hand,0,True,,73347,73847
S08:E:record05:trial038,S08,A08E.mat,0eedbd89790c7d621c8eef68065ddecf80d437bbbcf60321d9253e2305f294f7,E,5,2,37,74695,74694,75194,2,right_hand,0,True,,75319,75819
S08:E:record05:trial039,S08,A08E.mat,0eedbd89790c7d621c8eef68065ddecf80d437bbbcf60321d9253e2305f294f7,E,5,2,38,76658,76657,77157,4,tongue,0,True,,77282,77782
S08:E:record05:trial040,S08,A08E.mat,0eedbd89790c7d621c8eef68065ddecf80d437bbbcf60321d9253e2305f294f7,E,5,2,39,78583,78582,79082,2,right_hand,0,True,,79207,79707
S08:E:record05:trial041,S08,A08E.mat,0eedbd89790c7d621c8eef68065ddecf80d437bbbcf60321d9253e2305f294f7,E,5,2,40,80664,80663,81163,4,tongue,0,True,,81288,81788
S08:E:record05:trial042,S08,A08E.mat,0eedbd89790c7d621c8eef68065ddecf80d437bbbcf60321d9253e2305f294f7,E,5,2,41,82642,82641,83141,3,feet,0,True,,83266,83766
S08:E:record05:trial043,S08,A08E.mat,0eedbd89790c7d621c8eef68065ddecf80d437bbbcf60321d9253e2305f294f7,E,5,2,42,84632,84631,85131,2,right_hand,0,True,,85256,85756
S08:E:record05:trial044,S08,A08E.mat,0eedbd89790c7d621c8eef68065ddecf80d437bbbcf60321d9253e2305f294f7,E,5,2,43,86751,86750,87250,2,right_hand,0,True,,87375,87875
S08:E:record05:trial045,S08,A08E.mat,0eedbd89790c7d621c8eef68065ddecf80d437bbbcf60321d9253e2305f294f7,E,5,2,44,88657,88656,89156,2,right_hand,0,True,,89281,89781
S08:E:record05:trial046,S08,A08E.mat,0eedbd89790c7d621c8eef68065ddecf80d437bbbcf60321d9253e2305f294f7,E,5,2,45,90585,90584,91084,3,feet,0,True,,91209,91709
S08:E:record05:trial047,S08,A08E.mat,0eedbd89790c7d621c8eef68065ddecf80d437bbbcf60321d9253e2305f294f7,E,5,2,46,92699,92698,93198,4,tongue,0,True,,93323,93823
S08:E:record05:trial048,S08,A08E.mat,0eedbd89790c7d621c8eef68065ddecf80d437bbbcf60321d9253e2305f294f7,E,5,2,47,94758,94757,95257,1,left_hand,0,True,,95382,95882
S08:E:record06:trial001,S08,A08E.mat,0eedbd89790c7d621c8eef68065ddecf80d437bbbcf60321d9253e2305f294f7,E,6,3,0,251,250,750,2,right_hand,0,True,,875,1375
S08:E:record06:trial002,S08,A08E.mat,0eedbd89790c7d621c8eef68065ddecf80d437bbbcf60321d9253e2305f294f7,E,6,3,1,2254,2253,2753,4,tongue,1,False,organizer_artifact_flag,2878,3378
S08:E:record06:trial003,S08,A08E.mat,0eedbd89790c7d621c8eef68065ddecf80d437bbbcf60321d9253e2305f294f7,E,6,3,2,4172,4171,4671,1,left_hand,0,True,,4796,5296
S08:E:record06:trial004,S08,A08E.mat,0eedbd89790c7d621c8eef68065ddecf80d437bbbcf60321d9253e2305f294f7,E,6,3,3,6124,6123,6623,3,feet,0,True,,6748,7248
S08:E:record06:trial005,S08,A08E.mat,0eedbd89790c7d621c8eef68065ddecf80d437bbbcf60321d9253e2305f294f7,E,6,3,4,8132,8131,8631,3,feet,0,True,,8756,9256
S08:E:record06:trial006,S08,A08E.mat,0eedbd89790c7d621c8eef68065ddecf80d437bbbcf60321d9253e2305f294f7,E,6,3,5,10243,10242,10742,4,tongue,0,True,,10867,11367
S08:E:record06:trial007,S08,A08E.mat,0eedbd89790c7d621c8eef68065ddecf80d437bbbcf60321d9253e2305f294f7,E,6,3,6,12160,12159,12659,1,left_hand,1,False,organizer_artifact_flag,12784,13284
S08:E:record06:trial008,S08,A08E.mat,0eedbd89790c7d621c8eef68065ddecf80d437bbbcf60321d9253e2305f294f7,E,6,3,7,14210,14209,14709,1,left_hand,0,True,,14834,15334
S08:E:record06:trial009,S08,A08E.mat,0eedbd89790c7d621c8eef68065ddecf80d437bbbcf60321d9253e2305f294f7,E,6,3,8,16141,16140,16640,3,feet,0,True,,16765,17265
S08:E:record06:trial010,S08,A08E.mat,0eedbd89790c7d621c8eef68065ddecf80d437bbbcf60321d9253e2305f294f7,E,6,3,9,18139,18138,18638,2,right_hand,0,True,,18763,19263
S08:E:record06:trial011,S08,A08E.mat,0eedbd89790c7d621c8eef68065ddecf80d437bbbcf60321d9253e2305f294f7,E,6,3,10,20045,20044,20544,4,tongue,0,True,,20669,21169
S08:E:record06:trial012,S08,A08E.mat,0eedbd89790c7d621c8eef68065ddecf80d437bbbcf60321d9253e2305f294f7,E,6,3,11,21940,21939,22439,4,tongue,0,True,,22564,23064
S08:E:record06:trial013,S08,A08E.mat,0eedbd89790c7d621c8eef68065ddecf80d437bbbcf60321d9253e2305f294f7,E,6,3,12,23912,23911,24411,4,tongue,0,True,,24536,25036
S08:E:record06:trial014,S08,A08E.mat,0eedbd89790c7d621c8eef68065ddecf80d437bbbcf60321d9253e2305f294f7,E,6,3,13,25856,25855,26355,2,right_hand,0,True,,26480,26980
S08:E:record06:trial015,S08,A08E.mat,0eedbd89790c7d621c8eef68065ddecf80d437bbbcf60321d9253e2305f294f7,E,6,3,14,27823,27822,28322,1,left_hand,0,True,,28447,28947
S08:E:record06:trial016,S08,A08E.mat,0eedbd89790c7d621c8eef68065ddecf80d437bbbcf60321d9253e2305f294f7,E,6,3,15,29943,29942,30442,3,feet,0,True,,30567,31067
S08:E:record06:trial017,S08,A08E.mat,0eedbd89790c7d621c8eef68065ddecf80d437bbbcf60321d9253e2305f294f7,E,6,3,16,31951,31950,32450,2,right_hand,0,True,,32575,33075
S08:E:record06:trial018,S08,A08E.mat,0eedbd89790c7d621c8eef68065ddecf80d437bbbcf60321d9253e2305f294f7,E,6,3,17,34017,34016,34516,4,tongue,0,True,,34641,35141
S08:E:record06:trial019,S08,A08E.mat,0eedbd89790c7d621c8eef68065ddecf80d437bbbcf60321d9253e2305f294f7,E,6,3,18,36053,36052,36552,1,left_hand,0,True,,36677,37177
S08:E:record06:trial020,S08,A08E.mat,0eedbd89790c7d621c8eef68065ddecf80d437bbbcf60321d9253e2305f294f7,E,6,3,19,38119,38118,38618,4,tongue,0,True,,38743,39243
S08:E:record06:trial021,S08,A08E.mat,0eedbd89790c7d621c8eef68065ddecf80d437bbbcf60321d9253e2305f294f7,E,6,3,20,40189,40188,40688,3,feet,0,True,,40813,41313
S08:E:record06:trial022,S08,A08E.mat,0eedbd89790c7d621c8eef68065ddecf80d437bbbcf60321d9253e2305f294f7,E,6,3,21,42269,42268,42768,2,right_hand,0,True,,42893,43393
S08:E:record06:trial023,S08,A08E.mat,0eedbd89790c7d621c8eef68065ddecf80d437bbbcf60321d9253e2305f294f7,E,6,3,22,44181,44180,44680,4,tongue,0,True,,44805,45305
S08:E:record06:trial024,S08,A08E.mat,0eedbd89790c7d621c8eef68065ddecf80d437bbbcf60321d9253e2305f294f7,E,6,3,23,46212,46211,46711,4,tongue,0,True,,46836,47336
S08:E:record06:trial025,S08,A08E.mat,0eedbd89790c7d621c8eef68065ddecf80d437bbbcf60321d9253e2305f294f7,E,6,3,24,48165,48164,48664,1,left_hand,0,True,,48789,49289
S08:E:record06:trial026,S08,A08E.mat,0eedbd89790c7d621c8eef68065ddecf80d437bbbcf60321d9253e2305f294f7,E,6,3,25,50126,50125,50625,2,right_hand,0,True,,50750,51250
S08:E:record06:trial027,S08,A08E.mat,0eedbd89790c7d621c8eef68065ddecf80d437bbbcf60321d9253e2305f294f7,E,6,3,26,52230,52229,52729,2,right_hand,0,True,,52854,53354
S08:E:record06:trial028,S08,A08E.mat,0eedbd89790c7d621c8eef68065ddecf80d437bbbcf60321d9253e2305f294f7,E,6,3,27,54234,54233,54733,3,feet,0,True,,54858,55358
S08:E:record06:trial029,S08,A08E.mat,0eedbd89790c7d621c8eef68065ddecf80d437bbbcf60321d9253e2305f294f7,E,6,3,28,56209,56208,56708,4,tongue,0,True,,56833,57333
S08:E:record06:trial030,S08,A08E.mat,0eedbd89790c7d621c8eef68065ddecf80d437bbbcf60321d9253e2305f294f7,E,6,3,29,58235,58234,58734,2,right_hand,0,True,,58859,59359
S08:E:record06:trial031,S08,A08E.mat,0eedbd89790c7d621c8eef68065ddecf80d437bbbcf60321d9253e2305f294f7,E,6,3,30,60306,60305,60805,1,left_hand,1,False,organizer_artifact_flag,60930,61430
S08:E:record06:trial032,S08,A08E.mat,0eedbd89790c7d621c8eef68065ddecf80d437bbbcf60321d9253e2305f294f7,E,6,3,31,62413,62412,62912,1,left_hand,0,True,,63037,63537
S08:E:record06:trial033,S08,A08E.mat,0eedbd89790c7d621c8eef68065ddecf80d437bbbcf60321d9253e2305f294f7,E,6,3,32,64505,64504,65004,4,tongue,0,True,,65129,65629
S08:E:record06:trial034,S08,A08E.mat,0eedbd89790c7d621c8eef68065ddecf80d437bbbcf60321d9253e2305f294f7,E,6,3,33,66596,66595,67095,2,right_hand,0,True,,67220,67720
S08:E:record06:trial035,S08,A08E.mat,0eedbd89790c7d621c8eef68065ddecf80d437bbbcf60321d9253e2305f294f7,E,6,3,34,68639,68638,69138,1,left_hand,0,True,,69263,69763
S08:E:record06:trial036,S08,A08E.mat,0eedbd89790c7d621c8eef68065ddecf80d437bbbcf60321d9253e2305f294f7,E,6,3,35,70703,70702,71202,3,feet,0,True,,71327,71827
S08:E:record06:trial037,S08,A08E.mat,0eedbd89790c7d621c8eef68065ddecf80d437bbbcf60321d9253e2305f294f7,E,6,3,36,72723,72722,73222,2,right_hand,0,True,,73347,73847
S08:E:record06:trial038,S08,A08E.mat,0eedbd89790c7d621c8eef68065ddecf80d437bbbcf60321d9253e2305f294f7,E,6,3,37,74695,74694,75194,2,right_hand,0,True,,75319,75819
S08:E:record06:trial039,S08,A08E.mat,0eedbd89790c7d621c8eef68065ddecf80d437bbbcf60321d9253e2305f294f7,E,6,3,38,76658,76657,77157,3,feet,0,True,,77282,77782
S08:E:record06:trial040,S08,A08E.mat,0eedbd89790c7d621c8eef68065ddecf80d437bbbcf60321d9253e2305f294f7,E,6,3,39,78583,78582,79082,1,left_hand,0,True,,79207,79707
S08:E:record06:trial041,S08,A08E.mat,0eedbd89790c7d621c8eef68065ddecf80d437bbbcf60321d9253e2305f294f7,E,6,3,40,80664,80663,81163,4,tongue,0,True,,81288,81788
S08:E:record06:trial042,S08,A08E.mat,0eedbd89790c7d621c8eef68065ddecf80d437bbbcf60321d9253e2305f294f7,E,6,3,41,82642,82641,83141,3,feet,0,True,,83266,83766
S08:E:record06:trial043,S08,A08E.mat,0eedbd89790c7d621c8eef68065ddecf80d437bbbcf60321d9253e2305f294f7,E,6,3,42,84632,84631,85131,3,feet,0,True,,85256,85756
S08:E:record06:trial044,S08,A08E.mat,0eedbd89790c7d621c8eef68065ddecf80d437bbbcf60321d9253e2305f294f7,E,6,3,43,86751,86750,87250,3,feet,0,True,,87375,87875
S08:E:record06:trial045,S08,A08E.mat,0eedbd89790c7d621c8eef68065ddecf80d437bbbcf60321d9253e2305f294f7,E,6,3,44,88657,88656,89156,3,feet,0,True,,89281,89781
S08:E:record06:trial046,S08,A08E.mat,0eedbd89790c7d621c8eef68065ddecf80d437bbbcf60321d9253e2305f294f7,E,6,3,45,90585,90584,91084,1,left_hand,0,True,,91209,91709
S08:E:record06:trial047,S08,A08E.mat,0eedbd89790c7d621c8eef68065ddecf80d437bbbcf60321d9253e2305f294f7,E,6,3,46,92699,92698,93198,2,right_hand,0,True,,93323,93823
S08:E:record06:trial048,S08,A08E.mat,0eedbd89790c7d621c8eef68065ddecf80d437bbbcf60321d9253e2305f294f7,E,6,3,47,94758,94757,95257,1,left_hand,0,True,,95382,95882
S08:E:record07:trial001,S08,A08E.mat,0eedbd89790c7d621c8eef68065ddecf80d437bbbcf60321d9253e2305f294f7,E,7,4,0,251,250,750,2,right_hand,0,True,,875,1375
S08:E:record07:trial002,S08,A08E.mat,0eedbd89790c7d621c8eef68065ddecf80d437bbbcf60321d9253e2305f294f7,E,7,4,1,2254,2253,2753,1,left_hand,0,True,,2878,3378
S08:E:record07:trial003,S08,A08E.mat,0eedbd89790c7d621c8eef68065ddecf80d437bbbcf60321d9253e2305f294f7,E,7,4,2,4172,4171,4671,1,left_hand,0,True,,4796,5296
S08:E:record07:trial004,S08,A08E.mat,0eedbd89790c7d621c8eef68065ddecf80d437bbbcf60321d9253e2305f294f7,E,7,4,3,6124,6123,6623,3,feet,0,True,,6748,7248
S08:E:record07:trial005,S08,A08E.mat,0eedbd89790c7d621c8eef68065ddecf80d437bbbcf60321d9253e2305f294f7,E,7,4,4,8132,8131,8631,3,feet,0,True,,8756,9256
S08:E:record07:trial006,S08,A08E.mat,0eedbd89790c7d621c8eef68065ddecf80d437bbbcf60321d9253e2305f294f7,E,7,4,5,10243,10242,10742,2,right_hand,0,True,,10867,11367
S08:E:record07:trial007,S08,A08E.mat,0eedbd89790c7d621c8eef68065ddecf80d437bbbcf60321d9253e2305f294f7,E,7,4,6,12160,12159,12659,3,feet,0,True,,12784,13284
S08:E:record07:trial008,S08,A08E.mat,0eedbd89790c7d621c8eef68065ddecf80d437bbbcf60321d9253e2305f294f7,E,7,4,7,14210,14209,14709,4,tongue,0,True,,14834,15334
S08:E:record07:trial009,S08,A08E.mat,0eedbd89790c7d621c8eef68065ddecf80d437bbbcf60321d9253e2305f294f7,E,7,4,8,16141,16140,16640,1,left_hand,0,True,,16765,17265
S08:E:record07:trial010,S08,A08E.mat,0eedbd89790c7d621c8eef68065ddecf80d437bbbcf60321d9253e2305f294f7,E,7,4,9,18139,18138,18638,4,tongue,0,True,,18763,19263
S08:E:record07:trial011,S08,A08E.mat,0eedbd89790c7d621c8eef68065ddecf80d437bbbcf60321d9253e2305f294f7,E,7,4,10,20045,20044,20544,1,left_hand,0,True,,20669,21169
S08:E:record07:trial012,S08,A08E.mat,0eedbd89790c7d621c8eef68065ddecf80d437bbbcf60321d9253e2305f294f7,E,7,4,11,21940,21939,22439,1,left_hand,0,True,,22564,23064
S08:E:record07:trial013,S08,A08E.mat,0eedbd89790c7d621c8eef68065ddecf80d437bbbcf60321d9253e2305f294f7,E,7,4,12,23912,23911,24411,2,right_hand,0,True,,24536,25036
S08:E:record07:trial014,S08,A08E.mat,0eedbd89790c7d621c8eef68065ddecf80d437bbbcf60321d9253e2305f294f7,E,7,4,13,25856,25855,26355,4,tongue,0,True,,26480,26980
S08:E:record07:trial015,S08,A08E.mat,0eedbd89790c7d621c8eef68065ddecf80d437bbbcf60321d9253e2305f294f7,E,7,4,14,27823,27822,28322,3,feet,0,True,,28447,28947
S08:E:record07:trial016,S08,A08E.mat,0eedbd89790c7d621c8eef68065ddecf80d437bbbcf60321d9253e2305f294f7,E,7,4,15,29943,29942,30442,2,right_hand,0,True,,30567,31067
S08:E:record07:trial017,S08,A08E.mat,0eedbd89790c7d621c8eef68065ddecf80d437bbbcf60321d9253e2305f294f7,E,7,4,16,31951,31950,32450,4,tongue,0,True,,32575,33075
S08:E:record07:trial018,S08,A08E.mat,0eedbd89790c7d621c8eef68065ddecf80d437bbbcf60321d9253e2305f294f7,E,7,4,17,34017,34016,34516,3,feet,0,True,,34641,35141
S08:E:record07:trial019,S08,A08E.mat,0eedbd89790c7d621c8eef68065ddecf80d437bbbcf60321d9253e2305f294f7,E,7,4,18,36053,36052,36552,4,tongue,0,True,,36677,37177
S08:E:record07:trial020,S08,A08E.mat,0eedbd89790c7d621c8eef68065ddecf80d437bbbcf60321d9253e2305f294f7,E,7,4,19,38119,38118,38618,3,feet,0,True,,38743,39243
S08:E:record07:trial021,S08,A08E.mat,0eedbd89790c7d621c8eef68065ddecf80d437bbbcf60321d9253e2305f294f7,E,7,4,20,40189,40188,40688,4,tongue,0,True,,40813,41313
S08:E:record07:trial022,S08,A08E.mat,0eedbd89790c7d621c8eef68065ddecf80d437bbbcf60321d9253e2305f294f7,E,7,4,21,42269,42268,42768,2,right_hand,0,True,,42893,43393
S08:E:record07:trial023,S08,A08E.mat,0eedbd89790c7d621c8eef68065ddecf80d437bbbcf60321d9253e2305f294f7,E,7,4,22,44181,44180,44680,2,right_hand,1,False,organizer_artifact_flag,44805,45305
S08:E:record07:trial024,S08,A08E.mat,0eedbd89790c7d621c8eef68065ddecf80d437bbbcf60321d9253e2305f294f7,E,7,4,23,46212,46211,46711,4,tongue,0,True,,46836,47336
S08:E:record07:trial025,S08,A08E.mat,0eedbd89790c7d621c8eef68065ddecf80d437bbbcf60321d9253e2305f294f7,E,7,4,24,48165,48164,48664,1,left_hand,0,True,,48789,49289
S08:E:record07:trial026,S08,A08E.mat,0eedbd89790c7d621c8eef68065ddecf80d437bbbcf60321d9253e2305f294f7,E,7,4,25,50126,50125,50625,2,right_hand,0,True,,50750,51250
S08:E:record07:trial027,S08,A08E.mat,0eedbd89790c7d621c8eef68065ddecf80d437bbbcf60321d9253e2305f294f7,E,7,4,26,52230,52229,52729,2,right_hand,0,True,,52854,53354
S08:E:record07:trial028,S08,A08E.mat,0eedbd89790c7d621c8eef68065ddecf80d437bbbcf60321d9253e2305f294f7,E,7,4,27,54234,54233,54733,2,right_hand,0,True,,54858,55358
S08:E:record07:trial029,S08,A08E.mat,0eedbd89790c7d621c8eef68065ddecf80d437bbbcf60321d9253e2305f294f7,E,7,4,28,56209,56208,56708,3,feet,0,True,,56833,57333
S08:E:record07:trial030,S08,A08E.mat,0eedbd89790c7d621c8eef68065ddecf80d437bbbcf60321d9253e2305f294f7,E,7,4,29,58235,58234,58734,4,tongue,0,True,,58859,59359
S08:E:record07:trial031,S08,A08E.mat,0eedbd89790c7d621c8eef68065ddecf80d437bbbcf60321d9253e2305f294f7,E,7,4,30,60306,60305,60805,1,left_hand,0,True,,60930,61430
S08:E:record07:trial032,S08,A08E.mat,0eedbd89790c7d621c8eef68065ddecf80d437bbbcf60321d9253e2305f294f7,E,7,4,31,62413,62412,62912,4,tongue,0,True,,63037,63537
S08:E:record07:trial033,S08,A08E.mat,0eedbd89790c7d621c8eef68065ddecf80d437bbbcf60321d9253e2305f294f7,E,7,4,32,64505,64504,65004,1,left_hand,0,True,,65129,65629
S08:E:record07:trial034,S08,A08E.mat,0eedbd89790c7d621c8eef68065ddecf80d437bbbcf60321d9253e2305f294f7,E,7,4,33,66596,66595,67095,3,feet,0,True,,67220,67720
S08:E:record07:trial035,S08,A08E.mat,0eedbd89790c7d621c8eef68065ddecf80d437bbbcf60321d9253e2305f294f7,E,7,4,34,68639,68638,69138,1,left_hand,0,True,,69263,69763
S08:E:record07:trial036,S08,A08E.mat,0eedbd89790c7d621c8eef68065ddecf80d437bbbcf60321d9253e2305f294f7,E,7,4,35,70703,70702,71202,4,tongue,0,True,,71327,71827
S08:E:record07:trial037,S08,A08E.mat,0eedbd89790c7d621c8eef68065ddecf80d437bbbcf60321d9253e2305f294f7,E,7,4,36,72723,72722,73222,1,left_hand,0,True,,73347,73847
S08:E:record07:trial038,S08,A08E.mat,0eedbd89790c7d621c8eef68065ddecf80d437bbbcf60321d9253e2305f294f7,E,7,4,37,74695,74694,75194,3,feet,0,True,,75319,75819
S08:E:record07:trial039,S08,A08E.mat,0eedbd89790c7d621c8eef68065ddecf80d437bbbcf60321d9253e2305f294f7,E,7,4,38,76658,76657,77157,1,left_hand,0,True,,77282,77782
S08:E:record07:trial040,S08,A08E.mat,0eedbd89790c7d621c8eef68065ddecf80d437bbbcf60321d9253e2305f294f7,E,7,4,39,78583,78582,79082,2,right_hand,0,True,,79207,79707
S08:E:record07:trial041,S08,A08E.mat,0eedbd89790c7d621c8eef68065ddecf80d437bbbcf60321d9253e2305f294f7,E,7,4,40,80664,80663,81163,3,feet,0,True,,81288,81788
S08:E:record07:trial042,S08,A08E.mat,0eedbd89790c7d621c8eef68065ddecf80d437bbbcf60321d9253e2305f294f7,E,7,4,41,82642,82641,83141,3,feet,0,True,,83266,83766
S08:E:record07:trial043,S08,A08E.mat,0eedbd89790c7d621c8eef68065ddecf80d437bbbcf60321d9253e2305f294f7,E,7,4,42,84632,84631,85131,4,tongue,0,True,,85256,85756
S08:E:record07:trial044,S08,A08E.mat,0eedbd89790c7d621c8eef68065ddecf80d437bbbcf60321d9253e2305f294f7,E,7,4,43,86751,86750,87250,1,left_hand,0,True,,87375,87875
S08:E:record07:trial045,S08,A08E.mat,0eedbd89790c7d621c8eef68065ddecf80d437bbbcf60321d9253e2305f294f7,E,7,4,44,88657,88656,89156,2,right_hand,0,True,,89281,89781
S08:E:record07:trial046,S08,A08E.mat,0eedbd89790c7d621c8eef68065ddecf80d437bbbcf60321d9253e2305f294f7,E,7,4,45,90585,90584,91084,4,tongue,0,True,,91209,91709
S08:E:record07:trial047,S08,A08E.mat,0eedbd89790c7d621c8eef68065ddecf80d437bbbcf60321d9253e2305f294f7,E,7,4,46,92699,92698,93198,2,right_hand,0,True,,93323,93823
S08:E:record07:trial048,S08,A08E.mat,0eedbd89790c7d621c8eef68065ddecf80d437bbbcf60321d9253e2305f294f7,E,7,4,47,94758,94757,95257,3,feet,0,True,,95382,95882
S08:E:record08:trial001,S08,A08E.mat,0eedbd89790c7d621c8eef68065ddecf80d437bbbcf60321d9253e2305f294f7,E,8,5,0,251,250,750,3,feet,0,True,,875,1375
S08:E:record08:trial002,S08,A08E.mat,0eedbd89790c7d621c8eef68065ddecf80d437bbbcf60321d9253e2305f294f7,E,8,5,1,2254,2253,2753,1,left_hand,1,False,organizer_artifact_flag,2878,3378
S08:E:record08:trial003,S08,A08E.mat,0eedbd89790c7d621c8eef68065ddecf80d437bbbcf60321d9253e2305f294f7,E,8,5,2,4172,4171,4671,4,tongue,0,True,,4796,5296
S08:E:record08:trial004,S08,A08E.mat,0eedbd89790c7d621c8eef68065ddecf80d437bbbcf60321d9253e2305f294f7,E,8,5,3,6124,6123,6623,2,right_hand,0,True,,6748,7248
S08:E:record08:trial005,S08,A08E.mat,0eedbd89790c7d621c8eef68065ddecf80d437bbbcf60321d9253e2305f294f7,E,8,5,4,8132,8131,8631,4,tongue,0,True,,8756,9256
S08:E:record08:trial006,S08,A08E.mat,0eedbd89790c7d621c8eef68065ddecf80d437bbbcf60321d9253e2305f294f7,E,8,5,5,10243,10242,10742,1,left_hand,0,True,,10867,11367
S08:E:record08:trial007,S08,A08E.mat,0eedbd89790c7d621c8eef68065ddecf80d437bbbcf60321d9253e2305f294f7,E,8,5,6,12160,12159,12659,1,left_hand,1,False,organizer_artifact_flag,12784,13284
S08:E:record08:trial008,S08,A08E.mat,0eedbd89790c7d621c8eef68065ddecf80d437bbbcf60321d9253e2305f294f7,E,8,5,7,14210,14209,14709,3,feet,0,True,,14834,15334
S08:E:record08:trial009,S08,A08E.mat,0eedbd89790c7d621c8eef68065ddecf80d437bbbcf60321d9253e2305f294f7,E,8,5,8,16141,16140,16640,3,feet,0,True,,16765,17265
S08:E:record08:trial010,S08,A08E.mat,0eedbd89790c7d621c8eef68065ddecf80d437bbbcf60321d9253e2305f294f7,E,8,5,9,18139,18138,18638,2,right_hand,0,True,,18763,19263
S08:E:record08:trial011,S08,A08E.mat,0eedbd89790c7d621c8eef68065ddecf80d437bbbcf60321d9253e2305f294f7,E,8,5,10,20045,20044,20544,4,tongue,0,True,,20669,21169
S08:E:record08:trial012,S08,A08E.mat,0eedbd89790c7d621c8eef68065ddecf80d437bbbcf60321d9253e2305f294f7,E,8,5,11,21940,21939,22439,2,right_hand,1,False,organizer_artifact_flag,22564,23064
S08:E:record08:trial013,S08,A08E.mat,0eedbd89790c7d621c8eef68065ddecf80d437bbbcf60321d9253e2305f294f7,E,8,5,12,23912,23911,24411,2,right_hand,0,True,,24536,25036
S08:E:record08:trial014,S08,A08E.mat,0eedbd89790c7d621c8eef68065ddecf80d437bbbcf60321d9253e2305f294f7,E,8,5,13,25856,25855,26355,1,left_hand,0,True,,26480,26980
S08:E:record08:trial015,S08,A08E.mat,0eedbd89790c7d621c8eef68065ddecf80d437bbbcf60321d9253e2305f294f7,E,8,5,14,27823,27822,28322,2,right_hand,0,True,,28447,28947
S08:E:record08:trial016,S08,A08E.mat,0eedbd89790c7d621c8eef68065ddecf80d437bbbcf60321d9253e2305f294f7,E,8,5,15,29943,29942,30442,4,tongue,0,True,,30567,31067
S08:E:record08:trial017,S08,A08E.mat,0eedbd89790c7d621c8eef68065ddecf80d437bbbcf60321d9253e2305f294f7,E,8,5,16,31951,31950,32450,4,tongue,0,True,,32575,33075
S08:E:record08:trial018,S08,A08E.mat,0eedbd89790c7d621c8eef68065ddecf80d437bbbcf60321d9253e2305f294f7,E,8,5,17,34017,34016,34516,2,right_hand,0,True,,34641,35141
S08:E:record08:trial019,S08,A08E.mat,0eedbd89790c7d621c8eef68065ddecf80d437bbbcf60321d9253e2305f294f7,E,8,5,18,36053,36052,36552,2,right_hand,1,False,organizer_artifact_flag,36677,37177
S08:E:record08:trial020,S08,A08E.mat,0eedbd89790c7d621c8eef68065ddecf80d437bbbcf60321d9253e2305f294f7,E,8,5,19,38119,38118,38618,2,right_hand,0,True,,38743,39243
S08:E:record08:trial021,S08,A08E.mat,0eedbd89790c7d621c8eef68065ddecf80d437bbbcf60321d9253e2305f294f7,E,8,5,20,40189,40188,40688,2,right_hand,0,True,,40813,41313
S08:E:record08:trial022,S08,A08E.mat,0eedbd89790c7d621c8eef68065ddecf80d437bbbcf60321d9253e2305f294f7,E,8,5,21,42269,42268,42768,4,tongue,0,True,,42893,43393
S08:E:record08:trial023,S08,A08E.mat,0eedbd89790c7d621c8eef68065ddecf80d437bbbcf60321d9253e2305f294f7,E,8,5,22,44181,44180,44680,4,tongue,0,True,,44805,45305
S08:E:record08:trial024,S08,A08E.mat,0eedbd89790c7d621c8eef68065ddecf80d437bbbcf60321d9253e2305f294f7,E,8,5,23,46212,46211,46711,3,feet,0,True,,46836,47336
S08:E:record08:trial025,S08,A08E.mat,0eedbd89790c7d621c8eef68065ddecf80d437bbbcf60321d9253e2305f294f7,E,8,5,24,48165,48164,48664,4,tongue,0,True,,48789,49289
S08:E:record08:trial026,S08,A08E.mat,0eedbd89790c7d621c8eef68065ddecf80d437bbbcf60321d9253e2305f294f7,E,8,5,25,50126,50125,50625,1,left_hand,0,True,,50750,51250
S08:E:record08:trial027,S08,A08E.mat,0eedbd89790c7d621c8eef68065ddecf80d437bbbcf60321d9253e2305f294f7,E,8,5,26,52230,52229,52729,2,right_hand,0,True,,52854,53354
S08:E:record08:trial028,S08,A08E.mat,0eedbd89790c7d621c8eef68065ddecf80d437bbbcf60321d9253e2305f294f7,E,8,5,27,54234,54233,54733,3,feet,0,True,,54858,55358
S08:E:record08:trial029,S08,A08E.mat,0eedbd89790c7d621c8eef68065ddecf80d437bbbcf60321d9253e2305f294f7,E,8,5,28,56209,56208,56708,2,right_hand,0,True,,56833,57333
S08:E:record08:trial030,S08,A08E.mat,0eedbd89790c7d621c8eef68065ddecf80d437bbbcf60321d9253e2305f294f7,E,8,5,29,58235,58234,58734,1,left_hand,0,True,,58859,59359
S08:E:record08:trial031,S08,A08E.mat,0eedbd89790c7d621c8eef68065ddecf80d437bbbcf60321d9253e2305f294f7,E,8,5,30,60306,60305,60805,4,tongue,0,True,,60930,61430
S08:E:record08:trial032,S08,A08E.mat,0eedbd89790c7d621c8eef68065ddecf80d437bbbcf60321d9253e2305f294f7,E,8,5,31,62413,62412,62912,1,left_hand,0,True,,63037,63537
S08:E:record08:trial033,S08,A08E.mat,0eedbd89790c7d621c8eef68065ddecf80d437bbbcf60321d9253e2305f294f7,E,8,5,32,64505,64504,65004,4,tongue,0,True,,65129,65629
S08:E:record08:trial034,S08,A08E.mat,0eedbd89790c7d621c8eef68065ddecf80d437bbbcf60321d9253e2305f294f7,E,8,5,33,66596,66595,67095,1,left_hand,0,True,,67220,67720
S08:E:record08:trial035,S08,A08E.mat,0eedbd89790c7d621c8eef68065ddecf80d437bbbcf60321d9253e2305f294f7,E,8,5,34,68639,68638,69138,1,left_hand,0,True,,69263,69763
S08:E:record08:trial036,S08,A08E.mat,0eedbd89790c7d621c8eef68065ddecf80d437bbbcf60321d9253e2305f294f7,E,8,5,35,70703,70702,71202,1,left_hand,0,True,,71327,71827
S08:E:record08:trial037,S08,A08E.mat,0eedbd89790c7d621c8eef68065ddecf80d437bbbcf60321d9253e2305f294f7,E,8,5,36,72723,72722,73222,1,left_hand,1,False,organizer_artifact_flag,73347,73847
S08:E:record08:trial038,S08,A08E.mat,0eedbd89790c7d621c8eef68065ddecf80d437bbbcf60321d9253e2305f294f7,E,8,5,37,74695,74694,75194,3,feet,0,True,,75319,75819
S08:E:record08:trial039,S08,A08E.mat,0eedbd89790c7d621c8eef68065ddecf80d437bbbcf60321d9253e2305f294f7,E,8,5,38,76658,76657,77157,3,feet,0,True,,77282,77782
S08:E:record08:trial040,S08,A08E.mat,0eedbd89790c7d621c8eef68065ddecf80d437bbbcf60321d9253e2305f294f7,E,8,5,39,78583,78582,79082,4,tongue,0,True,,79207,79707
S08:E:record08:trial041,S08,A08E.mat,0eedbd89790c7d621c8eef68065ddecf80d437bbbcf60321d9253e2305f294f7,E,8,5,40,80664,80663,81163,2,right_hand,0,True,,81288,81788
S08:E:record08:trial042,S08,A08E.mat,0eedbd89790c7d621c8eef68065ddecf80d437bbbcf60321d9253e2305f294f7,E,8,5,41,82642,82641,83141,3,feet,0,True,,83266,83766
S08:E:record08:trial043,S08,A08E.mat,0eedbd89790c7d621c8eef68065ddecf80d437bbbcf60321d9253e2305f294f7,E,8,5,42,84632,84631,85131,3,feet,0,True,,85256,85756
S08:E:record08:trial044,S08,A08E.mat,0eedbd89790c7d621c8eef68065ddecf80d437bbbcf60321d9253e2305f294f7,E,8,5,43,86751,86750,87250,3,feet,0,True,,87375,87875
S08:E:record08:trial045,S08,A08E.mat,0eedbd89790c7d621c8eef68065ddecf80d437bbbcf60321d9253e2305f294f7,E,8,5,44,88657,88656,89156,4,tongue,0,True,,89281,89781
S08:E:record08:trial046,S08,A08E.mat,0eedbd89790c7d621c8eef68065ddecf80d437bbbcf60321d9253e2305f294f7,E,8,5,45,90585,90584,91084,3,feet,1,False,organizer_artifact_flag,91209,91709
S08:E:record08:trial047,S08,A08E.mat,0eedbd89790c7d621c8eef68065ddecf80d437bbbcf60321d9253e2305f294f7,E,8,5,46,92699,92698,93198,1,left_hand,0,True,,93323,93823
S08:E:record08:trial048,S08,A08E.mat,0eedbd89790c7d621c8eef68065ddecf80d437bbbcf60321d9253e2305f294f7,E,8,5,47,94758,94757,95257,3,feet,0,True,,95382,95882
S09:T:record03:trial001,S09,A09T.mat,b28d8a262c779c8cad9cc80ee6aa9c5691cfa6617c03befe490a090347ebd15c,T,3,0,0,251,250,750,4,tongue,1,False,organizer_artifact_flag,875,1375
S09:T:record03:trial002,S09,A09T.mat,b28d8a262c779c8cad9cc80ee6aa9c5691cfa6617c03befe490a090347ebd15c,T,3,0,1,2254,2253,2753,2,right_hand,0,True,,2878,3378
S09:T:record03:trial003,S09,A09T.mat,b28d8a262c779c8cad9cc80ee6aa9c5691cfa6617c03befe490a090347ebd15c,T,3,0,2,4172,4171,4671,2,right_hand,0,True,,4796,5296
S09:T:record03:trial004,S09,A09T.mat,b28d8a262c779c8cad9cc80ee6aa9c5691cfa6617c03befe490a090347ebd15c,T,3,0,3,6124,6123,6623,1,left_hand,1,False,organizer_artifact_flag,6748,7248
S09:T:record03:trial005,S09,A09T.mat,b28d8a262c779c8cad9cc80ee6aa9c5691cfa6617c03befe490a090347ebd15c,T,3,0,4,8132,8131,8631,4,tongue,1,False,organizer_artifact_flag,8756,9256
S09:T:record03:trial006,S09,A09T.mat,b28d8a262c779c8cad9cc80ee6aa9c5691cfa6617c03befe490a090347ebd15c,T,3,0,5,10243,10242,10742,4,tongue,0,True,,10867,11367
S09:T:record03:trial007,S09,A09T.mat,b28d8a262c779c8cad9cc80ee6aa9c5691cfa6617c03befe490a090347ebd15c,T,3,0,6,12160,12159,12659,3,feet,0,True,,12784,13284
S09:T:record03:trial008,S09,A09T.mat,b28d8a262c779c8cad9cc80ee6aa9c5691cfa6617c03befe490a090347ebd15c,T,3,0,7,14210,14209,14709,2,right_hand,0,True,,14834,15334
S09:T:record03:trial009,S09,A09T.mat,b28d8a262c779c8cad9cc80ee6aa9c5691cfa6617c03befe490a090347ebd15c,T,3,0,8,16141,16140,16640,3,feet,0,True,,16765,17265
S09:T:record03:trial010,S09,A09T.mat,b28d8a262c779c8cad9cc80ee6aa9c5691cfa6617c03befe490a090347ebd15c,T,3,0,9,18139,18138,18638,1,left_hand,0,True,,18763,19263
S09:T:record03:trial011,S09,A09T.mat,b28d8a262c779c8cad9cc80ee6aa9c5691cfa6617c03befe490a090347ebd15c,T,3,0,10,20045,20044,20544,1,left_hand,0,True,,20669,21169
S09:T:record03:trial012,S09,A09T.mat,b28d8a262c779c8cad9cc80ee6aa9c5691cfa6617c03befe490a090347ebd15c,T,3,0,11,21940,21939,22439,2,right_hand,0,True,,22564,23064
S09:T:record03:trial013,S09,A09T.mat,b28d8a262c779c8cad9cc80ee6aa9c5691cfa6617c03befe490a090347ebd15c,T,3,0,12,23912,23911,24411,4,tongue,0,True,,24536,25036
S09:T:record03:trial014,S09,A09T.mat,b28d8a262c779c8cad9cc80ee6aa9c5691cfa6617c03befe490a090347ebd15c,T,3,0,13,25856,25855,26355,4,tongue,1,False,organizer_artifact_flag,26480,26980
S09:T:record03:trial015,S09,A09T.mat,b28d8a262c779c8cad9cc80ee6aa9c5691cfa6617c03befe490a090347ebd15c,T,3,0,14,27823,27822,28322,2,right_hand,0,True,,28447,28947
S09:T:record03:trial016,S09,A09T.mat,b28d8a262c779c8cad9cc80ee6aa9c5691cfa6617c03befe490a090347ebd15c,T,3,0,15,29943,29942,30442,4,tongue,0,True,,30567,31067
S09:T:record03:trial017,S09,A09T.mat,b28d8a262c779c8cad9cc80ee6aa9c5691cfa6617c03befe490a090347ebd15c,T,3,0,16,31951,31950,32450,3,feet,1,False,organizer_artifact_flag,32575,33075
S09:T:record03:trial018,S09,A09T.mat,b28d8a262c779c8cad9cc80ee6aa9c5691cfa6617c03befe490a090347ebd15c,T,3,0,17,34017,34016,34516,3,feet,0,True,,34641,35141
S09:T:record03:trial019,S09,A09T.mat,b28d8a262c779c8cad9cc80ee6aa9c5691cfa6617c03befe490a090347ebd15c,T,3,0,18,36053,36052,36552,3,feet,0,True,,36677,37177
S09:T:record03:trial020,S09,A09T.mat,b28d8a262c779c8cad9cc80ee6aa9c5691cfa6617c03befe490a090347ebd15c,T,3,0,19,38119,38118,38618,1,left_hand,0,True,,38743,39243
S09:T:record03:trial021,S09,A09T.mat,b28d8a262c779c8cad9cc80ee6aa9c5691cfa6617c03befe490a090347ebd15c,T,3,0,20,40189,40188,40688,3,feet,0,True,,40813,41313
S09:T:record03:trial022,S09,A09T.mat,b28d8a262c779c8cad9cc80ee6aa9c5691cfa6617c03befe490a090347ebd15c,T,3,0,21,42269,42268,42768,1,left_hand,1,False,organizer_artifact_flag,42893,43393
S09:T:record03:trial023,S09,A09T.mat,b28d8a262c779c8cad9cc80ee6aa9c5691cfa6617c03befe490a090347ebd15c,T,3,0,22,44181,44180,44680,3,feet,1,False,organizer_artifact_flag,44805,45305
S09:T:record03:trial024,S09,A09T.mat,b28d8a262c779c8cad9cc80ee6aa9c5691cfa6617c03befe490a090347ebd15c,T,3,0,23,46212,46211,46711,3,feet,1,False,organizer_artifact_flag,46836,47336
S09:T:record03:trial025,S09,A09T.mat,b28d8a262c779c8cad9cc80ee6aa9c5691cfa6617c03befe490a090347ebd15c,T,3,0,24,48165,48164,48664,1,left_hand,1,False,organizer_artifact_flag,48789,49289
S09:T:record03:trial026,S09,A09T.mat,b28d8a262c779c8cad9cc80ee6aa9c5691cfa6617c03befe490a090347ebd15c,T,3,0,25,50126,50125,50625,1,left_hand,0,True,,50750,51250
S09:T:record03:trial027,S09,A09T.mat,b28d8a262c779c8cad9cc80ee6aa9c5691cfa6617c03befe490a090347ebd15c,T,3,0,26,52230,52229,52729,2,right_hand,0,True,,52854,53354
S09:T:record03:trial028,S09,A09T.mat,b28d8a262c779c8cad9cc80ee6aa9c5691cfa6617c03befe490a090347ebd15c,T,3,0,27,54234,54233,54733,2,right_hand,0,True,,54858,55358
S09:T:record03:trial029,S09,A09T.mat,b28d8a262c779c8cad9cc80ee6aa9c5691cfa6617c03befe490a090347ebd15c,T,3,0,28,56209,56208,56708,1,left_hand,0,True,,56833,57333
S09:T:record03:trial030,S09,A09T.mat,b28d8a262c779c8cad9cc80ee6aa9c5691cfa6617c03befe490a090347ebd15c,T,3,0,29,58235,58234,58734,3,feet,1,False,organizer_artifact_flag,58859,59359
S09:T:record03:trial031,S09,A09T.mat,b28d8a262c779c8cad9cc80ee6aa9c5691cfa6617c03befe490a090347ebd15c,T,3,0,30,60306,60305,60805,2,right_hand,0,True,,60930,61430
S09:T:record03:trial032,S09,A09T.mat,b28d8a262c779c8cad9cc80ee6aa9c5691cfa6617c03befe490a090347ebd15c,T,3,0,31,62413,62412,62912,4,tongue,0,True,,63037,63537
S09:T:record03:trial033,S09,A09T.mat,b28d8a262c779c8cad9cc80ee6aa9c5691cfa6617c03befe490a090347ebd15c,T,3,0,32,64505,64504,65004,4,tongue,0,True,,65129,65629
S09:T:record03:trial034,S09,A09T.mat,b28d8a262c779c8cad9cc80ee6aa9c5691cfa6617c03befe490a090347ebd15c,T,3,0,33,66596,66595,67095,1,left_hand,0,True,,67220,67720
S09:T:record03:trial035,S09,A09T.mat,b28d8a262c779c8cad9cc80ee6aa9c5691cfa6617c03befe490a090347ebd15c,T,3,0,34,68639,68638,69138,4,tongue,0,True,,69263,69763
S09:T:record03:trial036,S09,A09T.mat,b28d8a262c779c8cad9cc80ee6aa9c5691cfa6617c03befe490a090347ebd15c,T,3,0,35,70703,70702,71202,1,left_hand,0,True,,71327,71827
S09:T:record03:trial037,S09,A09T.mat,b28d8a262c779c8cad9cc80ee6aa9c5691cfa6617c03befe490a090347ebd15c,T,3,0,36,72723,72722,73222,4,tongue,0,True,,73347,73847
S09:T:record03:trial038,S09,A09T.mat,b28d8a262c779c8cad9cc80ee6aa9c5691cfa6617c03befe490a090347ebd15c,T,3,0,37,74695,74694,75194,2,right_hand,0,True,,75319,75819
S09:T:record03:trial039,S09,A09T.mat,b28d8a262c779c8cad9cc80ee6aa9c5691cfa6617c03befe490a090347ebd15c,T,3,0,38,76658,76657,77157,3,feet,0,True,,77282,77782
S09:T:record03:trial040,S09,A09T.mat,b28d8a262c779c8cad9cc80ee6aa9c5691cfa6617c03befe490a090347ebd15c,T,3,0,39,78583,78582,79082,4,tongue,0,True,,79207,79707
S09:T:record03:trial041,S09,A09T.mat,b28d8a262c779c8cad9cc80ee6aa9c5691cfa6617c03befe490a090347ebd15c,T,3,0,40,80664,80663,81163,2,right_hand,0,True,,81288,81788
S09:T:record03:trial042,S09,A09T.mat,b28d8a262c779c8cad9cc80ee6aa9c5691cfa6617c03befe490a090347ebd15c,T,3,0,41,82642,82641,83141,3,feet,0,True,,83266,83766
S09:T:record03:trial043,S09,A09T.mat,b28d8a262c779c8cad9cc80ee6aa9c5691cfa6617c03befe490a090347ebd15c,T,3,0,42,84632,84631,85131,2,right_hand,0,True,,85256,85756
S09:T:record03:trial044,S09,A09T.mat,b28d8a262c779c8cad9cc80ee6aa9c5691cfa6617c03befe490a090347ebd15c,T,3,0,43,86751,86750,87250,3,feet,0,True,,87375,87875
S09:T:record03:trial045,S09,A09T.mat,b28d8a262c779c8cad9cc80ee6aa9c5691cfa6617c03befe490a090347ebd15c,T,3,0,44,88657,88656,89156,1,left_hand,1,False,organizer_artifact_flag,89281,89781
S09:T:record03:trial046,S09,A09T.mat,b28d8a262c779c8cad9cc80ee6aa9c5691cfa6617c03befe490a090347ebd15c,T,3,0,45,90585,90584,91084,2,right_hand,0,True,,91209,91709
S09:T:record03:trial047,S09,A09T.mat,b28d8a262c779c8cad9cc80ee6aa9c5691cfa6617c03befe490a090347ebd15c,T,3,0,46,92699,92698,93198,4,tongue,0,True,,93323,93823
S09:T:record03:trial048,S09,A09T.mat,b28d8a262c779c8cad9cc80ee6aa9c5691cfa6617c03befe490a090347ebd15c,T,3,0,47,94758,94757,95257,1,left_hand,0,True,,95382,95882
S09:T:record04:trial001,S09,A09T.mat,b28d8a262c779c8cad9cc80ee6aa9c5691cfa6617c03befe490a090347ebd15c,T,4,1,0,251,250,750,3,feet,1,False,organizer_artifact_flag,875,1375
S09:T:record04:trial002,S09,A09T.mat,b28d8a262c779c8cad9cc80ee6aa9c5691cfa6617c03befe490a090347ebd15c,T,4,1,1,2254,2253,2753,1,left_hand,0,True,,2878,3378
S09:T:record04:trial003,S09,A09T.mat,b28d8a262c779c8cad9cc80ee6aa9c5691cfa6617c03befe490a090347ebd15c,T,4,1,2,4172,4171,4671,1,left_hand,0,True,,4796,5296
S09:T:record04:trial004,S09,A09T.mat,b28d8a262c779c8cad9cc80ee6aa9c5691cfa6617c03befe490a090347ebd15c,T,4,1,3,6124,6123,6623,4,tongue,1,False,organizer_artifact_flag,6748,7248
S09:T:record04:trial005,S09,A09T.mat,b28d8a262c779c8cad9cc80ee6aa9c5691cfa6617c03befe490a090347ebd15c,T,4,1,4,8132,8131,8631,1,left_hand,1,False,organizer_artifact_flag,8756,9256
S09:T:record04:trial006,S09,A09T.mat,b28d8a262c779c8cad9cc80ee6aa9c5691cfa6617c03befe490a090347ebd15c,T,4,1,5,10243,10242,10742,4,tongue,0,True,,10867,11367
S09:T:record04:trial007,S09,A09T.mat,b28d8a262c779c8cad9cc80ee6aa9c5691cfa6617c03befe490a090347ebd15c,T,4,1,6,12160,12159,12659,4,tongue,0,True,,12784,13284
S09:T:record04:trial008,S09,A09T.mat,b28d8a262c779c8cad9cc80ee6aa9c5691cfa6617c03befe490a090347ebd15c,T,4,1,7,14210,14209,14709,2,right_hand,1,False,organizer_artifact_flag,14834,15334
S09:T:record04:trial009,S09,A09T.mat,b28d8a262c779c8cad9cc80ee6aa9c5691cfa6617c03befe490a090347ebd15c,T,4,1,8,16141,16140,16640,4,tongue,0,True,,16765,17265
S09:T:record04:trial010,S09,A09T.mat,b28d8a262c779c8cad9cc80ee6aa9c5691cfa6617c03befe490a090347ebd15c,T,4,1,9,18139,18138,18638,2,right_hand,0,True,,18763,19263
S09:T:record04:trial011,S09,A09T.mat,b28d8a262c779c8cad9cc80ee6aa9c5691cfa6617c03befe490a090347ebd15c,T,4,1,10,20045,20044,20544,4,tongue,0,True,,20669,21169
S09:T:record04:trial012,S09,A09T.mat,b28d8a262c779c8cad9cc80ee6aa9c5691cfa6617c03befe490a090347ebd15c,T,4,1,11,21940,21939,22439,3,feet,0,True,,22564,23064
S09:T:record04:trial013,S09,A09T.mat,b28d8a262c779c8cad9cc80ee6aa9c5691cfa6617c03befe490a090347ebd15c,T,4,1,12,23912,23911,24411,1,left_hand,0,True,,24536,25036
S09:T:record04:trial014,S09,A09T.mat,b28d8a262c779c8cad9cc80ee6aa9c5691cfa6617c03befe490a090347ebd15c,T,4,1,13,25856,25855,26355,2,right_hand,1,False,organizer_artifact_flag,26480,26980
S09:T:record04:trial015,S09,A09T.mat,b28d8a262c779c8cad9cc80ee6aa9c5691cfa6617c03befe490a090347ebd15c,T,4,1,14,27823,27822,28322,3,feet,0,True,,28447,28947
S09:T:record04:trial016,S09,A09T.mat,b28d8a262c779c8cad9cc80ee6aa9c5691cfa6617c03befe490a090347ebd15c,T,4,1,15,29943,29942,30442,1,left_hand,0,True,,30567,31067
S09:T:record04:trial017,S09,A09T.mat,b28d8a262c779c8cad9cc80ee6aa9c5691cfa6617c03befe490a090347ebd15c,T,4,1,16,31951,31950,32450,1,left_hand,0,True,,32575,33075
S09:T:record04:trial018,S09,A09T.mat,b28d8a262c779c8cad9cc80ee6aa9c5691cfa6617c03befe490a090347ebd15c,T,4,1,17,34017,34016,34516,4,tongue,0,True,,34641,35141
S09:T:record04:trial019,S09,A09T.mat,b28d8a262c779c8cad9cc80ee6aa9c5691cfa6617c03befe490a090347ebd15c,T,4,1,18,36053,36052,36552,4,tongue,0,True,,36677,37177
S09:T:record04:trial020,S09,A09T.mat,b28d8a262c779c8cad9cc80ee6aa9c5691cfa6617c03befe490a090347ebd15c,T,4,1,19,38119,38118,38618,2,right_hand,0,True,,38743,39243
S09:T:record04:trial021,S09,A09T.mat,b28d8a262c779c8cad9cc80ee6aa9c5691cfa6617c03befe490a090347ebd15c,T,4,1,20,40189,40188,40688,1,left_hand,0,True,,40813,41313
S09:T:record04:trial022,S09,A09T.mat,b28d8a262c779c8cad9cc80ee6aa9c5691cfa6617c03befe490a090347ebd15c,T,4,1,21,42269,42268,42768,3,feet,0,True,,42893,43393
S09:T:record04:trial023,S09,A09T.mat,b28d8a262c779c8cad9cc80ee6aa9c5691cfa6617c03befe490a090347ebd15c,T,4,1,22,44181,44180,44680,4,tongue,0,True,,44805,45305
S09:T:record04:trial024,S09,A09T.mat,b28d8a262c779c8cad9cc80ee6aa9c5691cfa6617c03befe490a090347ebd15c,T,4,1,23,46212,46211,46711,4,tongue,1,False,organizer_artifact_flag,46836,47336
S09:T:record04:trial025,S09,A09T.mat,b28d8a262c779c8cad9cc80ee6aa9c5691cfa6617c03befe490a090347ebd15c,T,4,1,24,48165,48164,48664,4,tongue,0,True,,48789,49289
S09:T:record04:trial026,S09,A09T.mat,b28d8a262c779c8cad9cc80ee6aa9c5691cfa6617c03befe490a090347ebd15c,T,4,1,25,50126,50125,50625,3,feet,0,True,,50750,51250
S09:T:record04:trial027,S09,A09T.mat,b28d8a262c779c8cad9cc80ee6aa9c5691cfa6617c03befe490a090347ebd15c,T,4,1,26,52230,52229,52729,3,feet,0,True,,52854,53354
S09:T:record04:trial028,S09,A09T.mat,b28d8a262c779c8cad9cc80ee6aa9c5691cfa6617c03befe490a090347ebd15c,T,4,1,27,54234,54233,54733,3,feet,1,False,organizer_artifact_flag,54858,55358
S09:T:record04:trial029,S09,A09T.mat,b28d8a262c779c8cad9cc80ee6aa9c5691cfa6617c03befe490a090347ebd15c,T,4,1,28,56209,56208,56708,1,left_hand,0,True,,56833,57333
S09:T:record04:trial030,S09,A09T.mat,b28d8a262c779c8cad9cc80ee6aa9c5691cfa6617c03befe490a090347ebd15c,T,4,1,29,58235,58234,58734,2,right_hand,0,True,,58859,59359
S09:T:record04:trial031,S09,A09T.mat,b28d8a262c779c8cad9cc80ee6aa9c5691cfa6617c03befe490a090347ebd15c,T,4,1,30,60306,60305,60805,2,right_hand,0,True,,60930,61430
S09:T:record04:trial032,S09,A09T.mat,b28d8a262c779c8cad9cc80ee6aa9c5691cfa6617c03befe490a090347ebd15c,T,4,1,31,62413,62412,62912,2,right_hand,0,True,,63037,63537
S09:T:record04:trial033,S09,A09T.mat,b28d8a262c779c8cad9cc80ee6aa9c5691cfa6617c03befe490a090347ebd15c,T,4,1,32,64505,64504,65004,3,feet,0,True,,65129,65629
S09:T:record04:trial034,S09,A09T.mat,b28d8a262c779c8cad9cc80ee6aa9c5691cfa6617c03befe490a090347ebd15c,T,4,1,33,66596,66595,67095,3,feet,0,True,,67220,67720
S09:T:record04:trial035,S09,A09T.mat,b28d8a262c779c8cad9cc80ee6aa9c5691cfa6617c03befe490a090347ebd15c,T,4,1,34,68639,68638,69138,2,right_hand,0,True,,69263,69763
S09:T:record04:trial036,S09,A09T.mat,b28d8a262c779c8cad9cc80ee6aa9c5691cfa6617c03befe490a090347ebd15c,T,4,1,35,70703,70702,71202,3,feet,0,True,,71327,71827
S09:T:record04:trial037,S09,A09T.mat,b28d8a262c779c8cad9cc80ee6aa9c5691cfa6617c03befe490a090347ebd15c,T,4,1,36,72723,72722,73222,1,left_hand,0,True,,73347,73847
S09:T:record04:trial038,S09,A09T.mat,b28d8a262c779c8cad9cc80ee6aa9c5691cfa6617c03befe490a090347ebd15c,T,4,1,37,74695,74694,75194,3,feet,1,False,organizer_artifact_flag,75319,75819
S09:T:record04:trial039,S09,A09T.mat,b28d8a262c779c8cad9cc80ee6aa9c5691cfa6617c03befe490a090347ebd15c,T,4,1,38,76658,76657,77157,3,feet,0,True,,77282,77782
S09:T:record04:trial040,S09,A09T.mat,b28d8a262c779c8cad9cc80ee6aa9c5691cfa6617c03befe490a090347ebd15c,T,4,1,39,78583,78582,79082,2,right_hand,0,True,,79207,79707
S09:T:record04:trial041,S09,A09T.mat,b28d8a262c779c8cad9cc80ee6aa9c5691cfa6617c03befe490a090347ebd15c,T,4,1,40,80664,80663,81163,2,right_hand,0,True,,81288,81788
S09:T:record04:trial042,S09,A09T.mat,b28d8a262c779c8cad9cc80ee6aa9c5691cfa6617c03befe490a090347ebd15c,T,4,1,41,82642,82641,83141,1,left_hand,0,True,,83266,83766
S09:T:record04:trial043,S09,A09T.mat,b28d8a262c779c8cad9cc80ee6aa9c5691cfa6617c03befe490a090347ebd15c,T,4,1,42,84632,84631,85131,2,right_hand,0,True,,85256,85756
S09:T:record04:trial044,S09,A09T.mat,b28d8a262c779c8cad9cc80ee6aa9c5691cfa6617c03befe490a090347ebd15c,T,4,1,43,86751,86750,87250,1,left_hand,1,False,organizer_artifact_flag,87375,87875
S09:T:record04:trial045,S09,A09T.mat,b28d8a262c779c8cad9cc80ee6aa9c5691cfa6617c03befe490a090347ebd15c,T,4,1,44,88657,88656,89156,1,left_hand,1,False,organizer_artifact_flag,89281,89781
S09:T:record04:trial046,S09,A09T.mat,b28d8a262c779c8cad9cc80ee6aa9c5691cfa6617c03befe490a090347ebd15c,T,4,1,45,90585,90584,91084,4,tongue,1,False,organizer_artifact_flag,91209,91709
S09:T:record04:trial047,S09,A09T.mat,b28d8a262c779c8cad9cc80ee6aa9c5691cfa6617c03befe490a090347ebd15c,T,4,1,46,92699,92698,93198,4,tongue,0,True,,93323,93823
S09:T:record04:trial048,S09,A09T.mat,b28d8a262c779c8cad9cc80ee6aa9c5691cfa6617c03befe490a090347ebd15c,T,4,1,47,94758,94757,95257,2,right_hand,0,True,,95382,95882
S09:T:record05:trial001,S09,A09T.mat,b28d8a262c779c8cad9cc80ee6aa9c5691cfa6617c03befe490a090347ebd15c,T,5,2,0,251,250,750,2,right_hand,0,True,,875,1375
S09:T:record05:trial002,S09,A09T.mat,b28d8a262c779c8cad9cc80ee6aa9c5691cfa6617c03befe490a090347ebd15c,T,5,2,1,2254,2253,2753,4,tongue,0,True,,2878,3378
S09:T:record05:trial003,S09,A09T.mat,b28d8a262c779c8cad9cc80ee6aa9c5691cfa6617c03befe490a090347ebd15c,T,5,2,2,4172,4171,4671,1,left_hand,0,True,,4796,5296
S09:T:record05:trial004,S09,A09T.mat,b28d8a262c779c8cad9cc80ee6aa9c5691cfa6617c03befe490a090347ebd15c,T,5,2,3,6124,6123,6623,4,tongue,0,True,,6748,7248
S09:T:record05:trial005,S09,A09T.mat,b28d8a262c779c8cad9cc80ee6aa9c5691cfa6617c03befe490a090347ebd15c,T,5,2,4,8132,8131,8631,2,right_hand,0,True,,8756,9256
S09:T:record05:trial006,S09,A09T.mat,b28d8a262c779c8cad9cc80ee6aa9c5691cfa6617c03befe490a090347ebd15c,T,5,2,5,10243,10242,10742,4,tongue,0,True,,10867,11367
S09:T:record05:trial007,S09,A09T.mat,b28d8a262c779c8cad9cc80ee6aa9c5691cfa6617c03befe490a090347ebd15c,T,5,2,6,12160,12159,12659,1,left_hand,1,False,organizer_artifact_flag,12784,13284
S09:T:record05:trial008,S09,A09T.mat,b28d8a262c779c8cad9cc80ee6aa9c5691cfa6617c03befe490a090347ebd15c,T,5,2,7,14210,14209,14709,2,right_hand,0,True,,14834,15334
S09:T:record05:trial009,S09,A09T.mat,b28d8a262c779c8cad9cc80ee6aa9c5691cfa6617c03befe490a090347ebd15c,T,5,2,8,16141,16140,16640,4,tongue,0,True,,16765,17265
S09:T:record05:trial010,S09,A09T.mat,b28d8a262c779c8cad9cc80ee6aa9c5691cfa6617c03befe490a090347ebd15c,T,5,2,9,18139,18138,18638,4,tongue,0,True,,18763,19263
S09:T:record05:trial011,S09,A09T.mat,b28d8a262c779c8cad9cc80ee6aa9c5691cfa6617c03befe490a090347ebd15c,T,5,2,10,20045,20044,20544,2,right_hand,1,False,organizer_artifact_flag,20669,21169
S09:T:record05:trial012,S09,A09T.mat,b28d8a262c779c8cad9cc80ee6aa9c5691cfa6617c03befe490a090347ebd15c,T,5,2,11,21940,21939,22439,3,feet,0,True,,22564,23064
S09:T:record05:trial013,S09,A09T.mat,b28d8a262c779c8cad9cc80ee6aa9c5691cfa6617c03befe490a090347ebd15c,T,5,2,12,23912,23911,24411,2,right_hand,0,True,,24536,25036
S09:T:record05:trial014,S09,A09T.mat,b28d8a262c779c8cad9cc80ee6aa9c5691cfa6617c03befe490a090347ebd15c,T,5,2,13,25856,25855,26355,1,left_hand,0,True,,26480,26980
S09:T:record05:trial015,S09,A09T.mat,b28d8a262c779c8cad9cc80ee6aa9c5691cfa6617c03befe490a090347ebd15c,T,5,2,14,27823,27822,28322,1,left_hand,0,True,,28447,28947
S09:T:record05:trial016,S09,A09T.mat,b28d8a262c779c8cad9cc80ee6aa9c5691cfa6617c03befe490a090347ebd15c,T,5,2,15,29943,29942,30442,2,right_hand,0,True,,30567,31067
S09:T:record05:trial017,S09,A09T.mat,b28d8a262c779c8cad9cc80ee6aa9c5691cfa6617c03befe490a090347ebd15c,T,5,2,16,31951,31950,32450,4,tongue,1,False,organizer_artifact_flag,32575,33075
S09:T:record05:trial018,S09,A09T.mat,b28d8a262c779c8cad9cc80ee6aa9c5691cfa6617c03befe490a090347ebd15c,T,5,2,17,34017,34016,34516,1,left_hand,0,True,,34641,35141
S09:T:record05:trial019,S09,A09T.mat,b28d8a262c779c8cad9cc80ee6aa9c5691cfa6617c03befe490a090347ebd15c,T,5,2,18,36053,36052,36552,4,tongue,0,True,,36677,37177
S09:T:record05:trial020,S09,A09T.mat,b28d8a262c779c8cad9cc80ee6aa9c5691cfa6617c03befe490a090347ebd15c,T,5,2,19,38119,38118,38618,2,right_hand,0,True,,38743,39243
S09:T:record05:trial021,S09,A09T.mat,b28d8a262c779c8cad9cc80ee6aa9c5691cfa6617c03befe490a090347ebd15c,T,5,2,20,40189,40188,40688,1,left_hand,0,True,,40813,41313
S09:T:record05:trial022,S09,A09T.mat,b28d8a262c779c8cad9cc80ee6aa9c5691cfa6617c03befe490a090347ebd15c,T,5,2,21,42269,42268,42768,3,feet,0,True,,42893,43393
S09:T:record05:trial023,S09,A09T.mat,b28d8a262c779c8cad9cc80ee6aa9c5691cfa6617c03befe490a090347ebd15c,T,5,2,22,44181,44180,44680,3,feet,0,True,,44805,45305
S09:T:record05:trial024,S09,A09T.mat,b28d8a262c779c8cad9cc80ee6aa9c5691cfa6617c03befe490a090347ebd15c,T,5,2,23,46212,46211,46711,1,left_hand,1,False,organizer_artifact_flag,46836,47336
S09:T:record05:trial025,S09,A09T.mat,b28d8a262c779c8cad9cc80ee6aa9c5691cfa6617c03befe490a090347ebd15c,T,5,2,24,48165,48164,48664,2,right_hand,1,False,organizer_artifact_flag,48789,49289
S09:T:record05:trial026,S09,A09T.mat,b28d8a262c779c8cad9cc80ee6aa9c5691cfa6617c03befe490a090347ebd15c,T,5,2,25,50126,50125,50625,4,tongue,0,True,,50750,51250
S09:T:record05:trial027,S09,A09T.mat,b28d8a262c779c8cad9cc80ee6aa9c5691cfa6617c03befe490a090347ebd15c,T,5,2,26,52230,52229,52729,3,feet,0,True,,52854,53354
S09:T:record05:trial028,S09,A09T.mat,b28d8a262c779c8cad9cc80ee6aa9c5691cfa6617c03befe490a090347ebd15c,T,5,2,27,54234,54233,54733,3,feet,0,True,,54858,55358
S09:T:record05:trial029,S09,A09T.mat,b28d8a262c779c8cad9cc80ee6aa9c5691cfa6617c03befe490a090347ebd15c,T,5,2,28,56209,56208,56708,3,feet,0,True,,56833,57333
S09:T:record05:trial030,S09,A09T.mat,b28d8a262c779c8cad9cc80ee6aa9c5691cfa6617c03befe490a090347ebd15c,T,5,2,29,58235,58234,58734,3,feet,0,True,,58859,59359
S09:T:record05:trial031,S09,A09T.mat,b28d8a262c779c8cad9cc80ee6aa9c5691cfa6617c03befe490a090347ebd15c,T,5,2,30,60306,60305,60805,1,left_hand,0,True,,60930,61430
S09:T:record05:trial032,S09,A09T.mat,b28d8a262c779c8cad9cc80ee6aa9c5691cfa6617c03befe490a090347ebd15c,T,5,2,31,62413,62412,62912,3,feet,0,True,,63037,63537
S09:T:record05:trial033,S09,A09T.mat,b28d8a262c779c8cad9cc80ee6aa9c5691cfa6617c03befe490a090347ebd15c,T,5,2,32,64505,64504,65004,4,tongue,0,True,,65129,65629
S09:T:record05:trial034,S09,A09T.mat,b28d8a262c779c8cad9cc80ee6aa9c5691cfa6617c03befe490a090347ebd15c,T,5,2,33,66596,66595,67095,3,feet,0,True,,67220,67720
S09:T:record05:trial035,S09,A09T.mat,b28d8a262c779c8cad9cc80ee6aa9c5691cfa6617c03befe490a090347ebd15c,T,5,2,34,68639,68638,69138,1,left_hand,0,True,,69263,69763
S09:T:record05:trial036,S09,A09T.mat,b28d8a262c779c8cad9cc80ee6aa9c5691cfa6617c03befe490a090347ebd15c,T,5,2,35,70703,70702,71202,3,feet,0,True,,71327,71827
S09:T:record05:trial037,S09,A09T.mat,b28d8a262c779c8cad9cc80ee6aa9c5691cfa6617c03befe490a090347ebd15c,T,5,2,36,72723,72722,73222,1,left_hand,0,True,,73347,73847
S09:T:record05:trial038,S09,A09T.mat,b28d8a262c779c8cad9cc80ee6aa9c5691cfa6617c03befe490a090347ebd15c,T,5,2,37,74695,74694,75194,4,tongue,0,True,,75319,75819
S09:T:record05:trial039,S09,A09T.mat,b28d8a262c779c8cad9cc80ee6aa9c5691cfa6617c03befe490a090347ebd15c,T,5,2,38,76658,76657,77157,1,left_hand,0,True,,77282,77782
S09:T:record05:trial040,S09,A09T.mat,b28d8a262c779c8cad9cc80ee6aa9c5691cfa6617c03befe490a090347ebd15c,T,5,2,39,78583,78582,79082,2,right_hand,1,False,organizer_artifact_flag,79207,79707
S09:T:record05:trial041,S09,A09T.mat,b28d8a262c779c8cad9cc80ee6aa9c5691cfa6617c03befe490a090347ebd15c,T,5,2,40,80664,80663,81163,3,feet,0,True,,81288,81788
S09:T:record05:trial042,S09,A09T.mat,b28d8a262c779c8cad9cc80ee6aa9c5691cfa6617c03befe490a090347ebd15c,T,5,2,41,82642,82641,83141,2,right_hand,0,True,,83266,83766
S09:T:record05:trial043,S09,A09T.mat,b28d8a262c779c8cad9cc80ee6aa9c5691cfa6617c03befe490a090347ebd15c,T,5,2,42,84632,84631,85131,1,left_hand,0,True,,85256,85756
S09:T:record05:trial044,S09,A09T.mat,b28d8a262c779c8cad9cc80ee6aa9c5691cfa6617c03befe490a090347ebd15c,T,5,2,43,86751,86750,87250,2,right_hand,1,False,organizer_artifact_flag,87375,87875
S09:T:record05:trial045,S09,A09T.mat,b28d8a262c779c8cad9cc80ee6aa9c5691cfa6617c03befe490a090347ebd15c,T,5,2,44,88657,88656,89156,2,right_hand,0,True,,89281,89781
S09:T:record05:trial046,S09,A09T.mat,b28d8a262c779c8cad9cc80ee6aa9c5691cfa6617c03befe490a090347ebd15c,T,5,2,45,90585,90584,91084,4,tongue,0,True,,91209,91709
S09:T:record05:trial047,S09,A09T.mat,b28d8a262c779c8cad9cc80ee6aa9c5691cfa6617c03befe490a090347ebd15c,T,5,2,46,92699,92698,93198,3,feet,0,True,,93323,93823
S09:T:record05:trial048,S09,A09T.mat,b28d8a262c779c8cad9cc80ee6aa9c5691cfa6617c03befe490a090347ebd15c,T,5,2,47,94758,94757,95257,4,tongue,0,True,,95382,95882
S09:T:record06:trial001,S09,A09T.mat,b28d8a262c779c8cad9cc80ee6aa9c5691cfa6617c03befe490a090347ebd15c,T,6,3,0,251,250,750,1,left_hand,0,True,,875,1375
S09:T:record06:trial002,S09,A09T.mat,b28d8a262c779c8cad9cc80ee6aa9c5691cfa6617c03befe490a090347ebd15c,T,6,3,1,2254,2253,2753,1,left_hand,0,True,,2878,3378
S09:T:record06:trial003,S09,A09T.mat,b28d8a262c779c8cad9cc80ee6aa9c5691cfa6617c03befe490a090347ebd15c,T,6,3,2,4172,4171,4671,2,right_hand,0,True,,4796,5296
S09:T:record06:trial004,S09,A09T.mat,b28d8a262c779c8cad9cc80ee6aa9c5691cfa6617c03befe490a090347ebd15c,T,6,3,3,6124,6123,6623,4,tongue,0,True,,6748,7248
S09:T:record06:trial005,S09,A09T.mat,b28d8a262c779c8cad9cc80ee6aa9c5691cfa6617c03befe490a090347ebd15c,T,6,3,4,8132,8131,8631,1,left_hand,0,True,,8756,9256
S09:T:record06:trial006,S09,A09T.mat,b28d8a262c779c8cad9cc80ee6aa9c5691cfa6617c03befe490a090347ebd15c,T,6,3,5,10243,10242,10742,4,tongue,0,True,,10867,11367
S09:T:record06:trial007,S09,A09T.mat,b28d8a262c779c8cad9cc80ee6aa9c5691cfa6617c03befe490a090347ebd15c,T,6,3,6,12160,12159,12659,4,tongue,1,False,organizer_artifact_flag,12784,13284
S09:T:record06:trial008,S09,A09T.mat,b28d8a262c779c8cad9cc80ee6aa9c5691cfa6617c03befe490a090347ebd15c,T,6,3,7,14210,14209,14709,4,tongue,0,True,,14834,15334
S09:T:record06:trial009,S09,A09T.mat,b28d8a262c779c8cad9cc80ee6aa9c5691cfa6617c03befe490a090347ebd15c,T,6,3,8,16141,16140,16640,1,left_hand,0,True,,16765,17265
S09:T:record06:trial010,S09,A09T.mat,b28d8a262c779c8cad9cc80ee6aa9c5691cfa6617c03befe490a090347ebd15c,T,6,3,9,18139,18138,18638,3,feet,1,False,organizer_artifact_flag,18763,19263
S09:T:record06:trial011,S09,A09T.mat,b28d8a262c779c8cad9cc80ee6aa9c5691cfa6617c03befe490a090347ebd15c,T,6,3,10,20045,20044,20544,4,tongue,0,True,,20669,21169
S09:T:record06:trial012,S09,A09T.mat,b28d8a262c779c8cad9cc80ee6aa9c5691cfa6617c03befe490a090347ebd15c,T,6,3,11,21940,21939,22439,4,tongue,0,True,,22564,23064
S09:T:record06:trial013,S09,A09T.mat,b28d8a262c779c8cad9cc80ee6aa9c5691cfa6617c03befe490a090347ebd15c,T,6,3,12,23912,23911,24411,2,right_hand,0,True,,24536,25036
S09:T:record06:trial014,S09,A09T.mat,b28d8a262c779c8cad9cc80ee6aa9c5691cfa6617c03befe490a090347ebd15c,T,6,3,13,25856,25855,26355,2,right_hand,0,True,,26480,26980
S09:T:record06:trial015,S09,A09T.mat,b28d8a262c779c8cad9cc80ee6aa9c5691cfa6617c03befe490a090347ebd15c,T,6,3,14,27823,27822,28322,4,tongue,0,True,,28447,28947
S09:T:record06:trial016,S09,A09T.mat,b28d8a262c779c8cad9cc80ee6aa9c5691cfa6617c03befe490a090347ebd15c,T,6,3,15,29943,29942,30442,1,left_hand,1,False,organizer_artifact_flag,30567,31067
S09:T:record06:trial017,S09,A09T.mat,b28d8a262c779c8cad9cc80ee6aa9c5691cfa6617c03befe490a090347ebd15c,T,6,3,16,31951,31950,32450,4,tongue,0,True,,32575,33075
S09:T:record06:trial018,S09,A09T.mat,b28d8a262c779c8cad9cc80ee6aa9c5691cfa6617c03befe490a090347ebd15c,T,6,3,17,34017,34016,34516,3,feet,0,True,,34641,35141
S09:T:record06:trial019,S09,A09T.mat,b28d8a262c779c8cad9cc80ee6aa9c5691cfa6617c03befe490a090347ebd15c,T,6,3,18,36053,36052,36552,2,right_hand,0,True,,36677,37177
S09:T:record06:trial020,S09,A09T.mat,b28d8a262c779c8cad9cc80ee6aa9c5691cfa6617c03befe490a090347ebd15c,T,6,3,19,38119,38118,38618,3,feet,0,True,,38743,39243
S09:T:record06:trial021,S09,A09T.mat,b28d8a262c779c8cad9cc80ee6aa9c5691cfa6617c03befe490a090347ebd15c,T,6,3,20,40189,40188,40688,2,right_hand,0,True,,40813,41313
S09:T:record06:trial022,S09,A09T.mat,b28d8a262c779c8cad9cc80ee6aa9c5691cfa6617c03befe490a090347ebd15c,T,6,3,21,42269,42268,42768,4,tongue,0,True,,42893,43393
S09:T:record06:trial023,S09,A09T.mat,b28d8a262c779c8cad9cc80ee6aa9c5691cfa6617c03befe490a090347ebd15c,T,6,3,22,44181,44180,44680,1,left_hand,0,True,,44805,45305
S09:T:record06:trial024,S09,A09T.mat,b28d8a262c779c8cad9cc80ee6aa9c5691cfa6617c03befe490a090347ebd15c,T,6,3,23,46212,46211,46711,1,left_hand,0,True,,46836,47336
S09:T:record06:trial025,S09,A09T.mat,b28d8a262c779c8cad9cc80ee6aa9c5691cfa6617c03befe490a090347ebd15c,T,6,3,24,48165,48164,48664,2,right_hand,0,True,,48789,49289
S09:T:record06:trial026,S09,A09T.mat,b28d8a262c779c8cad9cc80ee6aa9c5691cfa6617c03befe490a090347ebd15c,T,6,3,25,50126,50125,50625,3,feet,1,False,organizer_artifact_flag,50750,51250
S09:T:record06:trial027,S09,A09T.mat,b28d8a262c779c8cad9cc80ee6aa9c5691cfa6617c03befe490a090347ebd15c,T,6,3,26,52230,52229,52729,1,left_hand,0,True,,52854,53354
S09:T:record06:trial028,S09,A09T.mat,b28d8a262c779c8cad9cc80ee6aa9c5691cfa6617c03befe490a090347ebd15c,T,6,3,27,54234,54233,54733,4,tongue,0,True,,54858,55358
S09:T:record06:trial029,S09,A09T.mat,b28d8a262c779c8cad9cc80ee6aa9c5691cfa6617c03befe490a090347ebd15c,T,6,3,28,56209,56208,56708,1,left_hand,0,True,,56833,57333
S09:T:record06:trial030,S09,A09T.mat,b28d8a262c779c8cad9cc80ee6aa9c5691cfa6617c03befe490a090347ebd15c,T,6,3,29,58235,58234,58734,3,feet,0,True,,58859,59359
S09:T:record06:trial031,S09,A09T.mat,b28d8a262c779c8cad9cc80ee6aa9c5691cfa6617c03befe490a090347ebd15c,T,6,3,30,60306,60305,60805,3,feet,0,True,,60930,61430
S09:T:record06:trial032,S09,A09T.mat,b28d8a262c779c8cad9cc80ee6aa9c5691cfa6617c03befe490a090347ebd15c,T,6,3,31,62413,62412,62912,3,feet,0,True,,63037,63537
S09:T:record06:trial033,S09,A09T.mat,b28d8a262c779c8cad9cc80ee6aa9c5691cfa6617c03befe490a090347ebd15c,T,6,3,32,64505,64504,65004,2,right_hand,0,True,,65129,65629
S09:T:record06:trial034,S09,A09T.mat,b28d8a262c779c8cad9cc80ee6aa9c5691cfa6617c03befe490a090347ebd15c,T,6,3,33,66596,66595,67095,2,right_hand,0,True,,67220,67720
S09:T:record06:trial035,S09,A09T.mat,b28d8a262c779c8cad9cc80ee6aa9c5691cfa6617c03befe490a090347ebd15c,T,6,3,34,68639,68638,69138,2,right_hand,0,True,,69263,69763
S09:T:record06:trial036,S09,A09T.mat,b28d8a262c779c8cad9cc80ee6aa9c5691cfa6617c03befe490a090347ebd15c,T,6,3,35,70703,70702,71202,3,feet,0,True,,71327,71827
S09:T:record06:trial037,S09,A09T.mat,b28d8a262c779c8cad9cc80ee6aa9c5691cfa6617c03befe490a090347ebd15c,T,6,3,36,72723,72722,73222,1,left_hand,0,True,,73347,73847
S09:T:record06:trial038,S09,A09T.mat,b28d8a262c779c8cad9cc80ee6aa9c5691cfa6617c03befe490a090347ebd15c,T,6,3,37,74695,74694,75194,2,right_hand,0,True,,75319,75819
S09:T:record06:trial039,S09,A09T.mat,b28d8a262c779c8cad9cc80ee6aa9c5691cfa6617c03befe490a090347ebd15c,T,6,3,38,76658,76657,77157,1,left_hand,1,False,organizer_artifact_flag,77282,77782
S09:T:record06:trial040,S09,A09T.mat,b28d8a262c779c8cad9cc80ee6aa9c5691cfa6617c03befe490a090347ebd15c,T,6,3,39,78583,78582,79082,4,tongue,1,False,organizer_artifact_flag,79207,79707
S09:T:record06:trial041,S09,A09T.mat,b28d8a262c779c8cad9cc80ee6aa9c5691cfa6617c03befe490a090347ebd15c,T,6,3,40,80664,80663,81163,4,tongue,0,True,,81288,81788
S09:T:record06:trial042,S09,A09T.mat,b28d8a262c779c8cad9cc80ee6aa9c5691cfa6617c03befe490a090347ebd15c,T,6,3,41,82642,82641,83141,3,feet,0,True,,83266,83766
S09:T:record06:trial043,S09,A09T.mat,b28d8a262c779c8cad9cc80ee6aa9c5691cfa6617c03befe490a090347ebd15c,T,6,3,42,84632,84631,85131,3,feet,0,True,,85256,85756
S09:T:record06:trial044,S09,A09T.mat,b28d8a262c779c8cad9cc80ee6aa9c5691cfa6617c03befe490a090347ebd15c,T,6,3,43,86751,86750,87250,2,right_hand,0,True,,87375,87875
S09:T:record06:trial045,S09,A09T.mat,b28d8a262c779c8cad9cc80ee6aa9c5691cfa6617c03befe490a090347ebd15c,T,6,3,44,88657,88656,89156,2,right_hand,0,True,,89281,89781
S09:T:record06:trial046,S09,A09T.mat,b28d8a262c779c8cad9cc80ee6aa9c5691cfa6617c03befe490a090347ebd15c,T,6,3,45,90585,90584,91084,1,left_hand,0,True,,91209,91709
S09:T:record06:trial047,S09,A09T.mat,b28d8a262c779c8cad9cc80ee6aa9c5691cfa6617c03befe490a090347ebd15c,T,6,3,46,92699,92698,93198,3,feet,0,True,,93323,93823
S09:T:record06:trial048,S09,A09T.mat,b28d8a262c779c8cad9cc80ee6aa9c5691cfa6617c03befe490a090347ebd15c,T,6,3,47,94758,94757,95257,3,feet,0,True,,95382,95882
S09:T:record07:trial001,S09,A09T.mat,b28d8a262c779c8cad9cc80ee6aa9c5691cfa6617c03befe490a090347ebd15c,T,7,4,0,251,250,750,4,tongue,0,True,,875,1375
S09:T:record07:trial002,S09,A09T.mat,b28d8a262c779c8cad9cc80ee6aa9c5691cfa6617c03befe490a090347ebd15c,T,7,4,1,2254,2253,2753,1,left_hand,0,True,,2878,3378
S09:T:record07:trial003,S09,A09T.mat,b28d8a262c779c8cad9cc80ee6aa9c5691cfa6617c03befe490a090347ebd15c,T,7,4,2,4172,4171,4671,3,feet,0,True,,4796,5296
S09:T:record07:trial004,S09,A09T.mat,b28d8a262c779c8cad9cc80ee6aa9c5691cfa6617c03befe490a090347ebd15c,T,7,4,3,6124,6123,6623,4,tongue,0,True,,6748,7248
S09:T:record07:trial005,S09,A09T.mat,b28d8a262c779c8cad9cc80ee6aa9c5691cfa6617c03befe490a090347ebd15c,T,7,4,4,8132,8131,8631,2,right_hand,0,True,,8756,9256
S09:T:record07:trial006,S09,A09T.mat,b28d8a262c779c8cad9cc80ee6aa9c5691cfa6617c03befe490a090347ebd15c,T,7,4,5,10243,10242,10742,2,right_hand,0,True,,10867,11367
S09:T:record07:trial007,S09,A09T.mat,b28d8a262c779c8cad9cc80ee6aa9c5691cfa6617c03befe490a090347ebd15c,T,7,4,6,12160,12159,12659,3,feet,0,True,,12784,13284
S09:T:record07:trial008,S09,A09T.mat,b28d8a262c779c8cad9cc80ee6aa9c5691cfa6617c03befe490a090347ebd15c,T,7,4,7,14210,14209,14709,3,feet,0,True,,14834,15334
S09:T:record07:trial009,S09,A09T.mat,b28d8a262c779c8cad9cc80ee6aa9c5691cfa6617c03befe490a090347ebd15c,T,7,4,8,16141,16140,16640,1,left_hand,1,False,organizer_artifact_flag,16765,17265
S09:T:record07:trial010,S09,A09T.mat,b28d8a262c779c8cad9cc80ee6aa9c5691cfa6617c03befe490a090347ebd15c,T,7,4,9,18139,18138,18638,1,left_hand,1,False,organizer_artifact_flag,18763,19263
S09:T:record07:trial011,S09,A09T.mat,b28d8a262c779c8cad9cc80ee6aa9c5691cfa6617c03befe490a090347ebd15c,T,7,4,10,20045,20044,20544,2,right_hand,1,False,organizer_artifact_flag,20669,21169
S09:T:record07:trial012,S09,A09T.mat,b28d8a262c779c8cad9cc80ee6aa9c5691cfa6617c03befe490a090347ebd15c,T,7,4,11,21940,21939,22439,2,right_hand,1,False,organizer_artifact_flag,22564,23064
S09:T:record07:trial013,S09,A09T.mat,b28d8a262c779c8cad9cc80ee6aa9c5691cfa6617c03befe490a090347ebd15c,T,7,4,12,23912,23911,24411,1,left_hand,1,False,organizer_artifact_flag,24536,25036
S09:T:record07:trial014,S09,A09T.mat,b28d8a262c779c8cad9cc80ee6aa9c5691cfa6617c03befe490a090347ebd15c,T,7,4,13,25856,25855,26355,4,tongue,1,False,organizer_artifact_flag,26480,26980
S09:T:record07:trial015,S09,A09T.mat,b28d8a262c779c8cad9cc80ee6aa9c5691cfa6617c03befe490a090347ebd15c,T,7,4,14,27823,27822,28322,1,left_hand,1,False,organizer_artifact_flag,28447,28947
S09:T:record07:trial016,S09,A09T.mat,b28d8a262c779c8cad9cc80ee6aa9c5691cfa6617c03befe490a090347ebd15c,T,7,4,15,29943,29942,30442,2,right_hand,0,True,,30567,31067
S09:T:record07:trial017,S09,A09T.mat,b28d8a262c779c8cad9cc80ee6aa9c5691cfa6617c03befe490a090347ebd15c,T,7,4,16,31951,31950,32450,3,feet,0,True,,32575,33075
S09:T:record07:trial018,S09,A09T.mat,b28d8a262c779c8cad9cc80ee6aa9c5691cfa6617c03befe490a090347ebd15c,T,7,4,17,34017,34016,34516,1,left_hand,0,True,,34641,35141
S09:T:record07:trial019,S09,A09T.mat,b28d8a262c779c8cad9cc80ee6aa9c5691cfa6617c03befe490a090347ebd15c,T,7,4,18,36053,36052,36552,4,tongue,0,True,,36677,37177
S09:T:record07:trial020,S09,A09T.mat,b28d8a262c779c8cad9cc80ee6aa9c5691cfa6617c03befe490a090347ebd15c,T,7,4,19,38119,38118,38618,2,right_hand,0,True,,38743,39243
S09:T:record07:trial021,S09,A09T.mat,b28d8a262c779c8cad9cc80ee6aa9c5691cfa6617c03befe490a090347ebd15c,T,7,4,20,40189,40188,40688,2,right_hand,0,True,,40813,41313
S09:T:record07:trial022,S09,A09T.mat,b28d8a262c779c8cad9cc80ee6aa9c5691cfa6617c03befe490a090347ebd15c,T,7,4,21,42269,42268,42768,2,right_hand,0,True,,42893,43393
S09:T:record07:trial023,S09,A09T.mat,b28d8a262c779c8cad9cc80ee6aa9c5691cfa6617c03befe490a090347ebd15c,T,7,4,22,44181,44180,44680,1,left_hand,0,True,,44805,45305
S09:T:record07:trial024,S09,A09T.mat,b28d8a262c779c8cad9cc80ee6aa9c5691cfa6617c03befe490a090347ebd15c,T,7,4,23,46212,46211,46711,2,right_hand,0,True,,46836,47336
S09:T:record07:trial025,S09,A09T.mat,b28d8a262c779c8cad9cc80ee6aa9c5691cfa6617c03befe490a090347ebd15c,T,7,4,24,48165,48164,48664,2,right_hand,0,True,,48789,49289
S09:T:record07:trial026,S09,A09T.mat,b28d8a262c779c8cad9cc80ee6aa9c5691cfa6617c03befe490a090347ebd15c,T,7,4,25,50126,50125,50625,1,left_hand,0,True,,50750,51250
S09:T:record07:trial027,S09,A09T.mat,b28d8a262c779c8cad9cc80ee6aa9c5691cfa6617c03befe490a090347ebd15c,T,7,4,26,52230,52229,52729,4,tongue,0,True,,52854,53354
S09:T:record07:trial028,S09,A09T.mat,b28d8a262c779c8cad9cc80ee6aa9c5691cfa6617c03befe490a090347ebd15c,T,7,4,27,54234,54233,54733,4,tongue,0,True,,54858,55358
S09:T:record07:trial029,S09,A09T.mat,b28d8a262c779c8cad9cc80ee6aa9c5691cfa6617c03befe490a090347ebd15c,T,7,4,28,56209,56208,56708,4,tongue,0,True,,56833,57333
S09:T:record07:trial030,S09,A09T.mat,b28d8a262c779c8cad9cc80ee6aa9c5691cfa6617c03befe490a090347ebd15c,T,7,4,29,58235,58234,58734,1,left_hand,0,True,,58859,59359
S09:T:record07:trial031,S09,A09T.mat,b28d8a262c779c8cad9cc80ee6aa9c5691cfa6617c03befe490a090347ebd15c,T,7,4,30,60306,60305,60805,1,left_hand,1,False,organizer_artifact_flag,60930,61430
S09:T:record07:trial032,S09,A09T.mat,b28d8a262c779c8cad9cc80ee6aa9c5691cfa6617c03befe490a090347ebd15c,T,7,4,31,62413,62412,62912,3,feet,0,True,,63037,63537
S09:T:record07:trial033,S09,A09T.mat,b28d8a262c779c8cad9cc80ee6aa9c5691cfa6617c03befe490a090347ebd15c,T,7,4,32,64505,64504,65004,4,tongue,0,True,,65129,65629
S09:T:record07:trial034,S09,A09T.mat,b28d8a262c779c8cad9cc80ee6aa9c5691cfa6617c03befe490a090347ebd15c,T,7,4,33,66596,66595,67095,4,tongue,0,True,,67220,67720
S09:T:record07:trial035,S09,A09T.mat,b28d8a262c779c8cad9cc80ee6aa9c5691cfa6617c03befe490a090347ebd15c,T,7,4,34,68639,68638,69138,3,feet,0,True,,69263,69763
S09:T:record07:trial036,S09,A09T.mat,b28d8a262c779c8cad9cc80ee6aa9c5691cfa6617c03befe490a090347ebd15c,T,7,4,35,70703,70702,71202,2,right_hand,0,True,,71327,71827
S09:T:record07:trial037,S09,A09T.mat,b28d8a262c779c8cad9cc80ee6aa9c5691cfa6617c03befe490a090347ebd15c,T,7,4,36,72723,72722,73222,3,feet,0,True,,73347,73847
S09:T:record07:trial038,S09,A09T.mat,b28d8a262c779c8cad9cc80ee6aa9c5691cfa6617c03befe490a090347ebd15c,T,7,4,37,74695,74694,75194,4,tongue,0,True,,75319,75819
S09:T:record07:trial039,S09,A09T.mat,b28d8a262c779c8cad9cc80ee6aa9c5691cfa6617c03befe490a090347ebd15c,T,7,4,38,76658,76657,77157,4,tongue,0,True,,77282,77782
S09:T:record07:trial040,S09,A09T.mat,b28d8a262c779c8cad9cc80ee6aa9c5691cfa6617c03befe490a090347ebd15c,T,7,4,39,78583,78582,79082,1,left_hand,0,True,,79207,79707
S09:T:record07:trial041,S09,A09T.mat,b28d8a262c779c8cad9cc80ee6aa9c5691cfa6617c03befe490a090347ebd15c,T,7,4,40,80664,80663,81163,3,feet,1,False,organizer_artifact_flag,81288,81788
S09:T:record07:trial042,S09,A09T.mat,b28d8a262c779c8cad9cc80ee6aa9c5691cfa6617c03befe490a090347ebd15c,T,7,4,41,82642,82641,83141,3,feet,0,True,,83266,83766
S09:T:record07:trial043,S09,A09T.mat,b28d8a262c779c8cad9cc80ee6aa9c5691cfa6617c03befe490a090347ebd15c,T,7,4,42,84632,84631,85131,3,feet,0,True,,85256,85756
S09:T:record07:trial044,S09,A09T.mat,b28d8a262c779c8cad9cc80ee6aa9c5691cfa6617c03befe490a090347ebd15c,T,7,4,43,86751,86750,87250,3,feet,0,True,,87375,87875
S09:T:record07:trial045,S09,A09T.mat,b28d8a262c779c8cad9cc80ee6aa9c5691cfa6617c03befe490a090347ebd15c,T,7,4,44,88657,88656,89156,1,left_hand,0,True,,89281,89781
S09:T:record07:trial046,S09,A09T.mat,b28d8a262c779c8cad9cc80ee6aa9c5691cfa6617c03befe490a090347ebd15c,T,7,4,45,90585,90584,91084,3,feet,0,True,,91209,91709
S09:T:record07:trial047,S09,A09T.mat,b28d8a262c779c8cad9cc80ee6aa9c5691cfa6617c03befe490a090347ebd15c,T,7,4,46,92699,92698,93198,2,right_hand,0,True,,93323,93823
S09:T:record07:trial048,S09,A09T.mat,b28d8a262c779c8cad9cc80ee6aa9c5691cfa6617c03befe490a090347ebd15c,T,7,4,47,94758,94757,95257,4,tongue,1,False,organizer_artifact_flag,95382,95882
S09:T:record08:trial001,S09,A09T.mat,b28d8a262c779c8cad9cc80ee6aa9c5691cfa6617c03befe490a090347ebd15c,T,8,5,0,251,250,750,1,left_hand,0,True,,875,1375
S09:T:record08:trial002,S09,A09T.mat,b28d8a262c779c8cad9cc80ee6aa9c5691cfa6617c03befe490a090347ebd15c,T,8,5,1,2254,2253,2753,1,left_hand,0,True,,2878,3378
S09:T:record08:trial003,S09,A09T.mat,b28d8a262c779c8cad9cc80ee6aa9c5691cfa6617c03befe490a090347ebd15c,T,8,5,2,4172,4171,4671,3,feet,0,True,,4796,5296
S09:T:record08:trial004,S09,A09T.mat,b28d8a262c779c8cad9cc80ee6aa9c5691cfa6617c03befe490a090347ebd15c,T,8,5,3,6124,6123,6623,3,feet,0,True,,6748,7248
S09:T:record08:trial005,S09,A09T.mat,b28d8a262c779c8cad9cc80ee6aa9c5691cfa6617c03befe490a090347ebd15c,T,8,5,4,8132,8131,8631,1,left_hand,0,True,,8756,9256
S09:T:record08:trial006,S09,A09T.mat,b28d8a262c779c8cad9cc80ee6aa9c5691cfa6617c03befe490a090347ebd15c,T,8,5,5,10243,10242,10742,3,feet,0,True,,10867,11367
S09:T:record08:trial007,S09,A09T.mat,b28d8a262c779c8cad9cc80ee6aa9c5691cfa6617c03befe490a090347ebd15c,T,8,5,6,12160,12159,12659,3,feet,0,True,,12784,13284
S09:T:record08:trial008,S09,A09T.mat,b28d8a262c779c8cad9cc80ee6aa9c5691cfa6617c03befe490a090347ebd15c,T,8,5,7,14210,14209,14709,4,tongue,0,True,,14834,15334
S09:T:record08:trial009,S09,A09T.mat,b28d8a262c779c8cad9cc80ee6aa9c5691cfa6617c03befe490a090347ebd15c,T,8,5,8,16141,16140,16640,2,right_hand,1,False,organizer_artifact_flag,16765,17265
S09:T:record08:trial010,S09,A09T.mat,b28d8a262c779c8cad9cc80ee6aa9c5691cfa6617c03befe490a090347ebd15c,T,8,5,9,18139,18138,18638,2,right_hand,0,True,,18763,19263
S09:T:record08:trial011,S09,A09T.mat,b28d8a262c779c8cad9cc80ee6aa9c5691cfa6617c03befe490a090347ebd15c,T,8,5,10,20045,20044,20544,4,tongue,0,True,,20669,21169
S09:T:record08:trial012,S09,A09T.mat,b28d8a262c779c8cad9cc80ee6aa9c5691cfa6617c03befe490a090347ebd15c,T,8,5,11,21940,21939,22439,2,right_hand,0,True,,22564,23064
S09:T:record08:trial013,S09,A09T.mat,b28d8a262c779c8cad9cc80ee6aa9c5691cfa6617c03befe490a090347ebd15c,T,8,5,12,23912,23911,24411,3,feet,0,True,,24536,25036
S09:T:record08:trial014,S09,A09T.mat,b28d8a262c779c8cad9cc80ee6aa9c5691cfa6617c03befe490a090347ebd15c,T,8,5,13,25856,25855,26355,4,tongue,0,True,,26480,26980
S09:T:record08:trial015,S09,A09T.mat,b28d8a262c779c8cad9cc80ee6aa9c5691cfa6617c03befe490a090347ebd15c,T,8,5,14,27823,27822,28322,3,feet,0,True,,28447,28947
S09:T:record08:trial016,S09,A09T.mat,b28d8a262c779c8cad9cc80ee6aa9c5691cfa6617c03befe490a090347ebd15c,T,8,5,15,29943,29942,30442,2,right_hand,0,True,,30567,31067
S09:T:record08:trial017,S09,A09T.mat,b28d8a262c779c8cad9cc80ee6aa9c5691cfa6617c03befe490a090347ebd15c,T,8,5,16,31951,31950,32450,1,left_hand,1,False,organizer_artifact_flag,32575,33075
S09:T:record08:trial018,S09,A09T.mat,b28d8a262c779c8cad9cc80ee6aa9c5691cfa6617c03befe490a090347ebd15c,T,8,5,17,34017,34016,34516,2,right_hand,0,True,,34641,35141
S09:T:record08:trial019,S09,A09T.mat,b28d8a262c779c8cad9cc80ee6aa9c5691cfa6617c03befe490a090347ebd15c,T,8,5,18,36053,36052,36552,4,tongue,1,False,organizer_artifact_flag,36677,37177
S09:T:record08:trial020,S09,A09T.mat,b28d8a262c779c8cad9cc80ee6aa9c5691cfa6617c03befe490a090347ebd15c,T,8,5,19,38119,38118,38618,1,left_hand,0,True,,38743,39243
S09:T:record08:trial021,S09,A09T.mat,b28d8a262c779c8cad9cc80ee6aa9c5691cfa6617c03befe490a090347ebd15c,T,8,5,20,40189,40188,40688,3,feet,0,True,,40813,41313
S09:T:record08:trial022,S09,A09T.mat,b28d8a262c779c8cad9cc80ee6aa9c5691cfa6617c03befe490a090347ebd15c,T,8,5,21,42269,42268,42768,2,right_hand,0,True,,42893,43393
S09:T:record08:trial023,S09,A09T.mat,b28d8a262c779c8cad9cc80ee6aa9c5691cfa6617c03befe490a090347ebd15c,T,8,5,22,44181,44180,44680,3,feet,0,True,,44805,45305
S09:T:record08:trial024,S09,A09T.mat,b28d8a262c779c8cad9cc80ee6aa9c5691cfa6617c03befe490a090347ebd15c,T,8,5,23,46212,46211,46711,4,tongue,0,True,,46836,47336
S09:T:record08:trial025,S09,A09T.mat,b28d8a262c779c8cad9cc80ee6aa9c5691cfa6617c03befe490a090347ebd15c,T,8,5,24,48165,48164,48664,1,left_hand,0,True,,48789,49289
S09:T:record08:trial026,S09,A09T.mat,b28d8a262c779c8cad9cc80ee6aa9c5691cfa6617c03befe490a090347ebd15c,T,8,5,25,50126,50125,50625,1,left_hand,1,False,organizer_artifact_flag,50750,51250
S09:T:record08:trial027,S09,A09T.mat,b28d8a262c779c8cad9cc80ee6aa9c5691cfa6617c03befe490a090347ebd15c,T,8,5,26,52230,52229,52729,2,right_hand,0,True,,52854,53354
S09:T:record08:trial028,S09,A09T.mat,b28d8a262c779c8cad9cc80ee6aa9c5691cfa6617c03befe490a090347ebd15c,T,8,5,27,54234,54233,54733,4,tongue,0,True,,54858,55358
S09:T:record08:trial029,S09,A09T.mat,b28d8a262c779c8cad9cc80ee6aa9c5691cfa6617c03befe490a090347ebd15c,T,8,5,28,56209,56208,56708,1,left_hand,1,False,organizer_artifact_flag,56833,57333
S09:T:record08:trial030,S09,A09T.mat,b28d8a262c779c8cad9cc80ee6aa9c5691cfa6617c03befe490a090347ebd15c,T,8,5,29,58235,58234,58734,4,tongue,0,True,,58859,59359
S09:T:record08:trial031,S09,A09T.mat,b28d8a262c779c8cad9cc80ee6aa9c5691cfa6617c03befe490a090347ebd15c,T,8,5,30,60306,60305,60805,2,right_hand,0,True,,60930,61430
S09:T:record08:trial032,S09,A09T.mat,b28d8a262c779c8cad9cc80ee6aa9c5691cfa6617c03befe490a090347ebd15c,T,8,5,31,62413,62412,62912,2,right_hand,0,True,,63037,63537
S09:T:record08:trial033,S09,A09T.mat,b28d8a262c779c8cad9cc80ee6aa9c5691cfa6617c03befe490a090347ebd15c,T,8,5,32,64505,64504,65004,3,feet,0,True,,65129,65629
S09:T:record08:trial034,S09,A09T.mat,b28d8a262c779c8cad9cc80ee6aa9c5691cfa6617c03befe490a090347ebd15c,T,8,5,33,66596,66595,67095,3,feet,0,True,,67220,67720
S09:T:record08:trial035,S09,A09T.mat,b28d8a262c779c8cad9cc80ee6aa9c5691cfa6617c03befe490a090347ebd15c,T,8,5,34,68639,68638,69138,4,tongue,0,True,,69263,69763
S09:T:record08:trial036,S09,A09T.mat,b28d8a262c779c8cad9cc80ee6aa9c5691cfa6617c03befe490a090347ebd15c,T,8,5,35,70703,70702,71202,4,tongue,0,True,,71327,71827
S09:T:record08:trial037,S09,A09T.mat,b28d8a262c779c8cad9cc80ee6aa9c5691cfa6617c03befe490a090347ebd15c,T,8,5,36,72723,72722,73222,3,feet,1,False,organizer_artifact_flag,73347,73847
S09:T:record08:trial038,S09,A09T.mat,b28d8a262c779c8cad9cc80ee6aa9c5691cfa6617c03befe490a090347ebd15c,T,8,5,37,74695,74694,75194,1,left_hand,0,True,,75319,75819
S09:T:record08:trial039,S09,A09T.mat,b28d8a262c779c8cad9cc80ee6aa9c5691cfa6617c03befe490a090347ebd15c,T,8,5,38,76658,76657,77157,1,left_hand,0,True,,77282,77782
S09:T:record08:trial040,S09,A09T.mat,b28d8a262c779c8cad9cc80ee6aa9c5691cfa6617c03befe490a090347ebd15c,T,8,5,39,78583,78582,79082,2,right_hand,0,True,,79207,79707
S09:T:record08:trial041,S09,A09T.mat,b28d8a262c779c8cad9cc80ee6aa9c5691cfa6617c03befe490a090347ebd15c,T,8,5,40,80664,80663,81163,1,left_hand,0,True,,81288,81788
S09:T:record08:trial042,S09,A09T.mat,b28d8a262c779c8cad9cc80ee6aa9c5691cfa6617c03befe490a090347ebd15c,T,8,5,41,82642,82641,83141,4,tongue,0,True,,83266,83766
S09:T:record08:trial043,S09,A09T.mat,b28d8a262c779c8cad9cc80ee6aa9c5691cfa6617c03befe490a090347ebd15c,T,8,5,42,84632,84631,85131,2,right_hand,0,True,,85256,85756
S09:T:record08:trial044,S09,A09T.mat,b28d8a262c779c8cad9cc80ee6aa9c5691cfa6617c03befe490a090347ebd15c,T,8,5,43,86751,86750,87250,4,tongue,0,True,,87375,87875
S09:T:record08:trial045,S09,A09T.mat,b28d8a262c779c8cad9cc80ee6aa9c5691cfa6617c03befe490a090347ebd15c,T,8,5,44,88657,88656,89156,4,tongue,0,True,,89281,89781
S09:T:record08:trial046,S09,A09T.mat,b28d8a262c779c8cad9cc80ee6aa9c5691cfa6617c03befe490a090347ebd15c,T,8,5,45,90585,90584,91084,1,left_hand,0,True,,91209,91709
S09:T:record08:trial047,S09,A09T.mat,b28d8a262c779c8cad9cc80ee6aa9c5691cfa6617c03befe490a090347ebd15c,T,8,5,46,92699,92698,93198,2,right_hand,0,True,,93323,93823
S09:T:record08:trial048,S09,A09T.mat,b28d8a262c779c8cad9cc80ee6aa9c5691cfa6617c03befe490a090347ebd15c,T,8,5,47,94758,94757,95257,3,feet,0,True,,95382,95882
S09:E:record03:trial001,S09,A09E.mat,5d79649a42df9d51215def8ffbdaf1c3f76c54b88b9bbaae721e8c6fd972cc36,E,3,0,0,251,250,750,1,left_hand,0,True,,875,1375
S09:E:record03:trial002,S09,A09E.mat,5d79649a42df9d51215def8ffbdaf1c3f76c54b88b9bbaae721e8c6fd972cc36,E,3,0,1,2254,2253,2753,2,right_hand,0,True,,2878,3378
S09:E:record03:trial003,S09,A09E.mat,5d79649a42df9d51215def8ffbdaf1c3f76c54b88b9bbaae721e8c6fd972cc36,E,3,0,2,4172,4171,4671,2,right_hand,0,True,,4796,5296
S09:E:record03:trial004,S09,A09E.mat,5d79649a42df9d51215def8ffbdaf1c3f76c54b88b9bbaae721e8c6fd972cc36,E,3,0,3,6124,6123,6623,1,left_hand,0,True,,6748,7248
S09:E:record03:trial005,S09,A09E.mat,5d79649a42df9d51215def8ffbdaf1c3f76c54b88b9bbaae721e8c6fd972cc36,E,3,0,4,8132,8131,8631,2,right_hand,0,True,,8756,9256
S09:E:record03:trial006,S09,A09E.mat,5d79649a42df9d51215def8ffbdaf1c3f76c54b88b9bbaae721e8c6fd972cc36,E,3,0,5,10243,10242,10742,1,left_hand,0,True,,10867,11367
S09:E:record03:trial007,S09,A09E.mat,5d79649a42df9d51215def8ffbdaf1c3f76c54b88b9bbaae721e8c6fd972cc36,E,3,0,6,12160,12159,12659,2,right_hand,0,True,,12784,13284
S09:E:record03:trial008,S09,A09E.mat,5d79649a42df9d51215def8ffbdaf1c3f76c54b88b9bbaae721e8c6fd972cc36,E,3,0,7,14210,14209,14709,3,feet,0,True,,14834,15334
S09:E:record03:trial009,S09,A09E.mat,5d79649a42df9d51215def8ffbdaf1c3f76c54b88b9bbaae721e8c6fd972cc36,E,3,0,8,16141,16140,16640,2,right_hand,0,True,,16765,17265
S09:E:record03:trial010,S09,A09E.mat,5d79649a42df9d51215def8ffbdaf1c3f76c54b88b9bbaae721e8c6fd972cc36,E,3,0,9,18139,18138,18638,4,tongue,0,True,,18763,19263
S09:E:record03:trial011,S09,A09E.mat,5d79649a42df9d51215def8ffbdaf1c3f76c54b88b9bbaae721e8c6fd972cc36,E,3,0,10,20045,20044,20544,1,left_hand,0,True,,20669,21169
S09:E:record03:trial012,S09,A09E.mat,5d79649a42df9d51215def8ffbdaf1c3f76c54b88b9bbaae721e8c6fd972cc36,E,3,0,11,21940,21939,22439,3,feet,0,True,,22564,23064
S09:E:record03:trial013,S09,A09E.mat,5d79649a42df9d51215def8ffbdaf1c3f76c54b88b9bbaae721e8c6fd972cc36,E,3,0,12,23912,23911,24411,2,right_hand,0,True,,24536,25036
S09:E:record03:trial014,S09,A09E.mat,5d79649a42df9d51215def8ffbdaf1c3f76c54b88b9bbaae721e8c6fd972cc36,E,3,0,13,25856,25855,26355,1,left_hand,0,True,,26480,26980
S09:E:record03:trial015,S09,A09E.mat,5d79649a42df9d51215def8ffbdaf1c3f76c54b88b9bbaae721e8c6fd972cc36,E,3,0,14,27823,27822,28322,4,tongue,0,True,,28447,28947
S09:E:record03:trial016,S09,A09E.mat,5d79649a42df9d51215def8ffbdaf1c3f76c54b88b9bbaae721e8c6fd972cc36,E,3,0,15,29943,29942,30442,4,tongue,1,False,organizer_artifact_flag,30567,31067
S09:E:record03:trial017,S09,A09E.mat,5d79649a42df9d51215def8ffbdaf1c3f76c54b88b9bbaae721e8c6fd972cc36,E,3,0,16,31951,31950,32450,4,tongue,0,True,,32575,33075
S09:E:record03:trial018,S09,A09E.mat,5d79649a42df9d51215def8ffbdaf1c3f76c54b88b9bbaae721e8c6fd972cc36,E,3,0,17,34017,34016,34516,4,tongue,0,True,,34641,35141
S09:E:record03:trial019,S09,A09E.mat,5d79649a42df9d51215def8ffbdaf1c3f76c54b88b9bbaae721e8c6fd972cc36,E,3,0,18,36053,36052,36552,4,tongue,0,True,,36677,37177
S09:E:record03:trial020,S09,A09E.mat,5d79649a42df9d51215def8ffbdaf1c3f76c54b88b9bbaae721e8c6fd972cc36,E,3,0,19,38119,38118,38618,1,left_hand,0,True,,38743,39243
S09:E:record03:trial021,S09,A09E.mat,5d79649a42df9d51215def8ffbdaf1c3f76c54b88b9bbaae721e8c6fd972cc36,E,3,0,20,40189,40188,40688,3,feet,0,True,,40813,41313
S09:E:record03:trial022,S09,A09E.mat,5d79649a42df9d51215def8ffbdaf1c3f76c54b88b9bbaae721e8c6fd972cc36,E,3,0,21,42269,42268,42768,2,right_hand,0,True,,42893,43393
S09:E:record03:trial023,S09,A09E.mat,5d79649a42df9d51215def8ffbdaf1c3f76c54b88b9bbaae721e8c6fd972cc36,E,3,0,22,44181,44180,44680,1,left_hand,0,True,,44805,45305
S09:E:record03:trial024,S09,A09E.mat,5d79649a42df9d51215def8ffbdaf1c3f76c54b88b9bbaae721e8c6fd972cc36,E,3,0,23,46212,46211,46711,1,left_hand,0,True,,46836,47336
S09:E:record03:trial025,S09,A09E.mat,5d79649a42df9d51215def8ffbdaf1c3f76c54b88b9bbaae721e8c6fd972cc36,E,3,0,24,48165,48164,48664,3,feet,0,True,,48789,49289
S09:E:record03:trial026,S09,A09E.mat,5d79649a42df9d51215def8ffbdaf1c3f76c54b88b9bbaae721e8c6fd972cc36,E,3,0,25,50126,50125,50625,4,tongue,0,True,,50750,51250
S09:E:record03:trial027,S09,A09E.mat,5d79649a42df9d51215def8ffbdaf1c3f76c54b88b9bbaae721e8c6fd972cc36,E,3,0,26,52230,52229,52729,1,left_hand,0,True,,52854,53354
S09:E:record03:trial028,S09,A09E.mat,5d79649a42df9d51215def8ffbdaf1c3f76c54b88b9bbaae721e8c6fd972cc36,E,3,0,27,54234,54233,54733,3,feet,0,True,,54858,55358
S09:E:record03:trial029,S09,A09E.mat,5d79649a42df9d51215def8ffbdaf1c3f76c54b88b9bbaae721e8c6fd972cc36,E,3,0,28,56209,56208,56708,3,feet,0,True,,56833,57333
S09:E:record03:trial030,S09,A09E.mat,5d79649a42df9d51215def8ffbdaf1c3f76c54b88b9bbaae721e8c6fd972cc36,E,3,0,29,58235,58234,58734,3,feet,0,True,,58859,59359
S09:E:record03:trial031,S09,A09E.mat,5d79649a42df9d51215def8ffbdaf1c3f76c54b88b9bbaae721e8c6fd972cc36,E,3,0,30,60306,60305,60805,1,left_hand,0,True,,60930,61430
S09:E:record03:trial032,S09,A09E.mat,5d79649a42df9d51215def8ffbdaf1c3f76c54b88b9bbaae721e8c6fd972cc36,E,3,0,31,62413,62412,62912,2,right_hand,1,False,organizer_artifact_flag,63037,63537
S09:E:record03:trial033,S09,A09E.mat,5d79649a42df9d51215def8ffbdaf1c3f76c54b88b9bbaae721e8c6fd972cc36,E,3,0,32,64505,64504,65004,1,left_hand,0,True,,65129,65629
S09:E:record03:trial034,S09,A09E.mat,5d79649a42df9d51215def8ffbdaf1c3f76c54b88b9bbaae721e8c6fd972cc36,E,3,0,33,66596,66595,67095,2,right_hand,0,True,,67220,67720
S09:E:record03:trial035,S09,A09E.mat,5d79649a42df9d51215def8ffbdaf1c3f76c54b88b9bbaae721e8c6fd972cc36,E,3,0,34,68639,68638,69138,2,right_hand,0,True,,69263,69763
S09:E:record03:trial036,S09,A09E.mat,5d79649a42df9d51215def8ffbdaf1c3f76c54b88b9bbaae721e8c6fd972cc36,E,3,0,35,70703,70702,71202,1,left_hand,0,True,,71327,71827
S09:E:record03:trial037,S09,A09E.mat,5d79649a42df9d51215def8ffbdaf1c3f76c54b88b9bbaae721e8c6fd972cc36,E,3,0,36,72723,72722,73222,2,right_hand,0,True,,73347,73847
S09:E:record03:trial038,S09,A09E.mat,5d79649a42df9d51215def8ffbdaf1c3f76c54b88b9bbaae721e8c6fd972cc36,E,3,0,37,74695,74694,75194,3,feet,0,True,,75319,75819
S09:E:record03:trial039,S09,A09E.mat,5d79649a42df9d51215def8ffbdaf1c3f76c54b88b9bbaae721e8c6fd972cc36,E,3,0,38,76658,76657,77157,2,right_hand,1,False,organizer_artifact_flag,77282,77782
S09:E:record03:trial040,S09,A09E.mat,5d79649a42df9d51215def8ffbdaf1c3f76c54b88b9bbaae721e8c6fd972cc36,E,3,0,39,78583,78582,79082,3,feet,0,True,,79207,79707
S09:E:record03:trial041,S09,A09E.mat,5d79649a42df9d51215def8ffbdaf1c3f76c54b88b9bbaae721e8c6fd972cc36,E,3,0,40,80664,80663,81163,3,feet,0,True,,81288,81788
S09:E:record03:trial042,S09,A09E.mat,5d79649a42df9d51215def8ffbdaf1c3f76c54b88b9bbaae721e8c6fd972cc36,E,3,0,41,82642,82641,83141,4,tongue,0,True,,83266,83766
S09:E:record03:trial043,S09,A09E.mat,5d79649a42df9d51215def8ffbdaf1c3f76c54b88b9bbaae721e8c6fd972cc36,E,3,0,42,84632,84631,85131,3,feet,0,True,,85256,85756
S09:E:record03:trial044,S09,A09E.mat,5d79649a42df9d51215def8ffbdaf1c3f76c54b88b9bbaae721e8c6fd972cc36,E,3,0,43,86751,86750,87250,3,feet,0,True,,87375,87875
S09:E:record03:trial045,S09,A09E.mat,5d79649a42df9d51215def8ffbdaf1c3f76c54b88b9bbaae721e8c6fd972cc36,E,3,0,44,88657,88656,89156,4,tongue,0,True,,89281,89781
S09:E:record03:trial046,S09,A09E.mat,5d79649a42df9d51215def8ffbdaf1c3f76c54b88b9bbaae721e8c6fd972cc36,E,3,0,45,90585,90584,91084,4,tongue,0,True,,91209,91709
S09:E:record03:trial047,S09,A09E.mat,5d79649a42df9d51215def8ffbdaf1c3f76c54b88b9bbaae721e8c6fd972cc36,E,3,0,46,92699,92698,93198,4,tongue,0,True,,93323,93823
S09:E:record03:trial048,S09,A09E.mat,5d79649a42df9d51215def8ffbdaf1c3f76c54b88b9bbaae721e8c6fd972cc36,E,3,0,47,94758,94757,95257,4,tongue,0,True,,95382,95882
S09:E:record04:trial001,S09,A09E.mat,5d79649a42df9d51215def8ffbdaf1c3f76c54b88b9bbaae721e8c6fd972cc36,E,4,1,0,251,250,750,4,tongue,0,True,,875,1375
S09:E:record04:trial002,S09,A09E.mat,5d79649a42df9d51215def8ffbdaf1c3f76c54b88b9bbaae721e8c6fd972cc36,E,4,1,1,2254,2253,2753,3,feet,0,True,,2878,3378
S09:E:record04:trial003,S09,A09E.mat,5d79649a42df9d51215def8ffbdaf1c3f76c54b88b9bbaae721e8c6fd972cc36,E,4,1,2,4172,4171,4671,2,right_hand,0,True,,4796,5296
S09:E:record04:trial004,S09,A09E.mat,5d79649a42df9d51215def8ffbdaf1c3f76c54b88b9bbaae721e8c6fd972cc36,E,4,1,3,6124,6123,6623,1,left_hand,0,True,,6748,7248
S09:E:record04:trial005,S09,A09E.mat,5d79649a42df9d51215def8ffbdaf1c3f76c54b88b9bbaae721e8c6fd972cc36,E,4,1,4,8132,8131,8631,1,left_hand,0,True,,8756,9256
S09:E:record04:trial006,S09,A09E.mat,5d79649a42df9d51215def8ffbdaf1c3f76c54b88b9bbaae721e8c6fd972cc36,E,4,1,5,10243,10242,10742,2,right_hand,0,True,,10867,11367
S09:E:record04:trial007,S09,A09E.mat,5d79649a42df9d51215def8ffbdaf1c3f76c54b88b9bbaae721e8c6fd972cc36,E,4,1,6,12160,12159,12659,3,feet,0,True,,12784,13284
S09:E:record04:trial008,S09,A09E.mat,5d79649a42df9d51215def8ffbdaf1c3f76c54b88b9bbaae721e8c6fd972cc36,E,4,1,7,14210,14209,14709,4,tongue,0,True,,14834,15334
S09:E:record04:trial009,S09,A09E.mat,5d79649a42df9d51215def8ffbdaf1c3f76c54b88b9bbaae721e8c6fd972cc36,E,4,1,8,16141,16140,16640,2,right_hand,0,True,,16765,17265
S09:E:record04:trial010,S09,A09E.mat,5d79649a42df9d51215def8ffbdaf1c3f76c54b88b9bbaae721e8c6fd972cc36,E,4,1,9,18139,18138,18638,3,feet,0,True,,18763,19263
S09:E:record04:trial011,S09,A09E.mat,5d79649a42df9d51215def8ffbdaf1c3f76c54b88b9bbaae721e8c6fd972cc36,E,4,1,10,20045,20044,20544,1,left_hand,1,False,organizer_artifact_flag,20669,21169
S09:E:record04:trial012,S09,A09E.mat,5d79649a42df9d51215def8ffbdaf1c3f76c54b88b9bbaae721e8c6fd972cc36,E,4,1,11,21940,21939,22439,1,left_hand,0,True,,22564,23064
S09:E:record04:trial013,S09,A09E.mat,5d79649a42df9d51215def8ffbdaf1c3f76c54b88b9bbaae721e8c6fd972cc36,E,4,1,12,23912,23911,24411,1,left_hand,0,True,,24536,25036
S09:E:record04:trial014,S09,A09E.mat,5d79649a42df9d51215def8ffbdaf1c3f76c54b88b9bbaae721e8c6fd972cc36,E,4,1,13,25856,25855,26355,4,tongue,0,True,,26480,26980
S09:E:record04:trial015,S09,A09E.mat,5d79649a42df9d51215def8ffbdaf1c3f76c54b88b9bbaae721e8c6fd972cc36,E,4,1,14,27823,27822,28322,2,right_hand,0,True,,28447,28947
S09:E:record04:trial016,S09,A09E.mat,5d79649a42df9d51215def8ffbdaf1c3f76c54b88b9bbaae721e8c6fd972cc36,E,4,1,15,29943,29942,30442,2,right_hand,0,True,,30567,31067
S09:E:record04:trial017,S09,A09E.mat,5d79649a42df9d51215def8ffbdaf1c3f76c54b88b9bbaae721e8c6fd972cc36,E,4,1,16,31951,31950,32450,1,left_hand,0,True,,32575,33075
S09:E:record04:trial018,S09,A09E.mat,5d79649a42df9d51215def8ffbdaf1c3f76c54b88b9bbaae721e8c6fd972cc36,E,4,1,17,34017,34016,34516,1,left_hand,0,True,,34641,35141
S09:E:record04:trial019,S09,A09E.mat,5d79649a42df9d51215def8ffbdaf1c3f76c54b88b9bbaae721e8c6fd972cc36,E,4,1,18,36053,36052,36552,3,feet,0,True,,36677,37177
S09:E:record04:trial020,S09,A09E.mat,5d79649a42df9d51215def8ffbdaf1c3f76c54b88b9bbaae721e8c6fd972cc36,E,4,1,19,38119,38118,38618,1,left_hand,0,True,,38743,39243
S09:E:record04:trial021,S09,A09E.mat,5d79649a42df9d51215def8ffbdaf1c3f76c54b88b9bbaae721e8c6fd972cc36,E,4,1,20,40189,40188,40688,2,right_hand,0,True,,40813,41313
S09:E:record04:trial022,S09,A09E.mat,5d79649a42df9d51215def8ffbdaf1c3f76c54b88b9bbaae721e8c6fd972cc36,E,4,1,21,42269,42268,42768,4,tongue,0,True,,42893,43393
S09:E:record04:trial023,S09,A09E.mat,5d79649a42df9d51215def8ffbdaf1c3f76c54b88b9bbaae721e8c6fd972cc36,E,4,1,22,44181,44180,44680,4,tongue,0,True,,44805,45305
S09:E:record04:trial024,S09,A09E.mat,5d79649a42df9d51215def8ffbdaf1c3f76c54b88b9bbaae721e8c6fd972cc36,E,4,1,23,46212,46211,46711,3,feet,0,True,,46836,47336
S09:E:record04:trial025,S09,A09E.mat,5d79649a42df9d51215def8ffbdaf1c3f76c54b88b9bbaae721e8c6fd972cc36,E,4,1,24,48165,48164,48664,1,left_hand,0,True,,48789,49289
S09:E:record04:trial026,S09,A09E.mat,5d79649a42df9d51215def8ffbdaf1c3f76c54b88b9bbaae721e8c6fd972cc36,E,4,1,25,50126,50125,50625,4,tongue,0,True,,50750,51250
S09:E:record04:trial027,S09,A09E.mat,5d79649a42df9d51215def8ffbdaf1c3f76c54b88b9bbaae721e8c6fd972cc36,E,4,1,26,52230,52229,52729,4,tongue,0,True,,52854,53354
S09:E:record04:trial028,S09,A09E.mat,5d79649a42df9d51215def8ffbdaf1c3f76c54b88b9bbaae721e8c6fd972cc36,E,4,1,27,54234,54233,54733,2,right_hand,0,True,,54858,55358
S09:E:record04:trial029,S09,A09E.mat,5d79649a42df9d51215def8ffbdaf1c3f76c54b88b9bbaae721e8c6fd972cc36,E,4,1,28,56209,56208,56708,4,tongue,0,True,,56833,57333
S09:E:record04:trial030,S09,A09E.mat,5d79649a42df9d51215def8ffbdaf1c3f76c54b88b9bbaae721e8c6fd972cc36,E,4,1,29,58235,58234,58734,4,tongue,0,True,,58859,59359
S09:E:record04:trial031,S09,A09E.mat,5d79649a42df9d51215def8ffbdaf1c3f76c54b88b9bbaae721e8c6fd972cc36,E,4,1,30,60306,60305,60805,2,right_hand,0,True,,60930,61430
S09:E:record04:trial032,S09,A09E.mat,5d79649a42df9d51215def8ffbdaf1c3f76c54b88b9bbaae721e8c6fd972cc36,E,4,1,31,62413,62412,62912,1,left_hand,0,True,,63037,63537
S09:E:record04:trial033,S09,A09E.mat,5d79649a42df9d51215def8ffbdaf1c3f76c54b88b9bbaae721e8c6fd972cc36,E,4,1,32,64505,64504,65004,2,right_hand,0,True,,65129,65629
S09:E:record04:trial034,S09,A09E.mat,5d79649a42df9d51215def8ffbdaf1c3f76c54b88b9bbaae721e8c6fd972cc36,E,4,1,33,66596,66595,67095,3,feet,0,True,,67220,67720
S09:E:record04:trial035,S09,A09E.mat,5d79649a42df9d51215def8ffbdaf1c3f76c54b88b9bbaae721e8c6fd972cc36,E,4,1,34,68639,68638,69138,3,feet,0,True,,69263,69763
S09:E:record04:trial036,S09,A09E.mat,5d79649a42df9d51215def8ffbdaf1c3f76c54b88b9bbaae721e8c6fd972cc36,E,4,1,35,70703,70702,71202,3,feet,0,True,,71327,71827
S09:E:record04:trial037,S09,A09E.mat,5d79649a42df9d51215def8ffbdaf1c3f76c54b88b9bbaae721e8c6fd972cc36,E,4,1,36,72723,72722,73222,4,tongue,0,True,,73347,73847
S09:E:record04:trial038,S09,A09E.mat,5d79649a42df9d51215def8ffbdaf1c3f76c54b88b9bbaae721e8c6fd972cc36,E,4,1,37,74695,74694,75194,3,feet,0,True,,75319,75819
S09:E:record04:trial039,S09,A09E.mat,5d79649a42df9d51215def8ffbdaf1c3f76c54b88b9bbaae721e8c6fd972cc36,E,4,1,38,76658,76657,77157,1,left_hand,0,True,,77282,77782
S09:E:record04:trial040,S09,A09E.mat,5d79649a42df9d51215def8ffbdaf1c3f76c54b88b9bbaae721e8c6fd972cc36,E,4,1,39,78583,78582,79082,4,tongue,0,True,,79207,79707
S09:E:record04:trial041,S09,A09E.mat,5d79649a42df9d51215def8ffbdaf1c3f76c54b88b9bbaae721e8c6fd972cc36,E,4,1,40,80664,80663,81163,2,right_hand,0,True,,81288,81788
S09:E:record04:trial042,S09,A09E.mat,5d79649a42df9d51215def8ffbdaf1c3f76c54b88b9bbaae721e8c6fd972cc36,E,4,1,41,82642,82641,83141,3,feet,0,True,,83266,83766
S09:E:record04:trial043,S09,A09E.mat,5d79649a42df9d51215def8ffbdaf1c3f76c54b88b9bbaae721e8c6fd972cc36,E,4,1,42,84632,84631,85131,2,right_hand,0,True,,85256,85756
S09:E:record04:trial044,S09,A09E.mat,5d79649a42df9d51215def8ffbdaf1c3f76c54b88b9bbaae721e8c6fd972cc36,E,4,1,43,86751,86750,87250,3,feet,0,True,,87375,87875
S09:E:record04:trial045,S09,A09E.mat,5d79649a42df9d51215def8ffbdaf1c3f76c54b88b9bbaae721e8c6fd972cc36,E,4,1,44,88657,88656,89156,4,tongue,0,True,,89281,89781
S09:E:record04:trial046,S09,A09E.mat,5d79649a42df9d51215def8ffbdaf1c3f76c54b88b9bbaae721e8c6fd972cc36,E,4,1,45,90585,90584,91084,2,right_hand,0,True,,91209,91709
S09:E:record04:trial047,S09,A09E.mat,5d79649a42df9d51215def8ffbdaf1c3f76c54b88b9bbaae721e8c6fd972cc36,E,4,1,46,92699,92698,93198,3,feet,0,True,,93323,93823
S09:E:record04:trial048,S09,A09E.mat,5d79649a42df9d51215def8ffbdaf1c3f76c54b88b9bbaae721e8c6fd972cc36,E,4,1,47,94758,94757,95257,1,left_hand,0,True,,95382,95882
S09:E:record05:trial001,S09,A09E.mat,5d79649a42df9d51215def8ffbdaf1c3f76c54b88b9bbaae721e8c6fd972cc36,E,5,2,0,251,250,750,1,left_hand,0,True,,875,1375
S09:E:record05:trial002,S09,A09E.mat,5d79649a42df9d51215def8ffbdaf1c3f76c54b88b9bbaae721e8c6fd972cc36,E,5,2,1,2254,2253,2753,1,left_hand,0,True,,2878,3378
S09:E:record05:trial003,S09,A09E.mat,5d79649a42df9d51215def8ffbdaf1c3f76c54b88b9bbaae721e8c6fd972cc36,E,5,2,2,4172,4171,4671,4,tongue,0,True,,4796,5296
S09:E:record05:trial004,S09,A09E.mat,5d79649a42df9d51215def8ffbdaf1c3f76c54b88b9bbaae721e8c6fd972cc36,E,5,2,3,6124,6123,6623,2,right_hand,0,True,,6748,7248
S09:E:record05:trial005,S09,A09E.mat,5d79649a42df9d51215def8ffbdaf1c3f76c54b88b9bbaae721e8c6fd972cc36,E,5,2,4,8132,8131,8631,1,left_hand,0,True,,8756,9256
S09:E:record05:trial006,S09,A09E.mat,5d79649a42df9d51215def8ffbdaf1c3f76c54b88b9bbaae721e8c6fd972cc36,E,5,2,5,10243,10242,10742,3,feet,0,True,,10867,11367
S09:E:record05:trial007,S09,A09E.mat,5d79649a42df9d51215def8ffbdaf1c3f76c54b88b9bbaae721e8c6fd972cc36,E,5,2,6,12160,12159,12659,1,left_hand,0,True,,12784,13284
S09:E:record05:trial008,S09,A09E.mat,5d79649a42df9d51215def8ffbdaf1c3f76c54b88b9bbaae721e8c6fd972cc36,E,5,2,7,14210,14209,14709,3,feet,0,True,,14834,15334
S09:E:record05:trial009,S09,A09E.mat,5d79649a42df9d51215def8ffbdaf1c3f76c54b88b9bbaae721e8c6fd972cc36,E,5,2,8,16141,16140,16640,2,right_hand,1,False,organizer_artifact_flag,16765,17265
S09:E:record05:trial010,S09,A09E.mat,5d79649a42df9d51215def8ffbdaf1c3f76c54b88b9bbaae721e8c6fd972cc36,E,5,2,9,18139,18138,18638,4,tongue,0,True,,18763,19263
S09:E:record05:trial011,S09,A09E.mat,5d79649a42df9d51215def8ffbdaf1c3f76c54b88b9bbaae721e8c6fd972cc36,E,5,2,10,20045,20044,20544,1,left_hand,0,True,,20669,21169
S09:E:record05:trial012,S09,A09E.mat,5d79649a42df9d51215def8ffbdaf1c3f76c54b88b9bbaae721e8c6fd972cc36,E,5,2,11,21940,21939,22439,3,feet,1,False,organizer_artifact_flag,22564,23064
S09:E:record05:trial013,S09,A09E.mat,5d79649a42df9d51215def8ffbdaf1c3f76c54b88b9bbaae721e8c6fd972cc36,E,5,2,12,23912,23911,24411,3,feet,0,True,,24536,25036
S09:E:record05:trial014,S09,A09E.mat,5d79649a42df9d51215def8ffbdaf1c3f76c54b88b9bbaae721e8c6fd972cc36,E,5,2,13,25856,25855,26355,1,left_hand,0,True,,26480,26980
S09:E:record05:trial015,S09,A09E.mat,5d79649a42df9d51215def8ffbdaf1c3f76c54b88b9bbaae721e8c6fd972cc36,E,5,2,14,27823,27822,28322,3,feet,0,True,,28447,28947
S09:E:record05:trial016,S09,A09E.mat,5d79649a42df9d51215def8ffbdaf1c3f76c54b88b9bbaae721e8c6fd972cc36,E,5,2,15,29943,29942,30442,2,right_hand,0,True,,30567,31067
S09:E:record05:trial017,S09,A09E.mat,5d79649a42df9d51215def8ffbdaf1c3f76c54b88b9bbaae721e8c6fd972cc36,E,5,2,16,31951,31950,32450,4,tongue,0,True,,32575,33075
S09:E:record05:trial018,S09,A09E.mat,5d79649a42df9d51215def8ffbdaf1c3f76c54b88b9bbaae721e8c6fd972cc36,E,5,2,17,34017,34016,34516,4,tongue,0,True,,34641,35141
S09:E:record05:trial019,S09,A09E.mat,5d79649a42df9d51215def8ffbdaf1c3f76c54b88b9bbaae721e8c6fd972cc36,E,5,2,18,36053,36052,36552,4,tongue,1,False,organizer_artifact_flag,36677,37177
S09:E:record05:trial020,S09,A09E.mat,5d79649a42df9d51215def8ffbdaf1c3f76c54b88b9bbaae721e8c6fd972cc36,E,5,2,19,38119,38118,38618,3,feet,0,True,,38743,39243
S09:E:record05:trial021,S09,A09E.mat,5d79649a42df9d51215def8ffbdaf1c3f76c54b88b9bbaae721e8c6fd972cc36,E,5,2,20,40189,40188,40688,1,left_hand,0,True,,40813,41313
S09:E:record05:trial022,S09,A09E.mat,5d79649a42df9d51215def8ffbdaf1c3f76c54b88b9bbaae721e8c6fd972cc36,E,5,2,21,42269,42268,42768,4,tongue,0,True,,42893,43393
S09:E:record05:trial023,S09,A09E.mat,5d79649a42df9d51215def8ffbdaf1c3f76c54b88b9bbaae721e8c6fd972cc36,E,5,2,22,44181,44180,44680,2,right_hand,0,True,,44805,45305
S09:E:record05:trial024,S09,A09E.mat,5d79649a42df9d51215def8ffbdaf1c3f76c54b88b9bbaae721e8c6fd972cc36,E,5,2,23,46212,46211,46711,4,tongue,0,True,,46836,47336
S09:E:record05:trial025,S09,A09E.mat,5d79649a42df9d51215def8ffbdaf1c3f76c54b88b9bbaae721e8c6fd972cc36,E,5,2,24,48165,48164,48664,2,right_hand,0,True,,48789,49289
S09:E:record05:trial026,S09,A09E.mat,5d79649a42df9d51215def8ffbdaf1c3f76c54b88b9bbaae721e8c6fd972cc36,E,5,2,25,50126,50125,50625,1,left_hand,0,True,,50750,51250
S09:E:record05:trial027,S09,A09E.mat,5d79649a42df9d51215def8ffbdaf1c3f76c54b88b9bbaae721e8c6fd972cc36,E,5,2,26,52230,52229,52729,3,feet,0,True,,52854,53354
S09:E:record05:trial028,S09,A09E.mat,5d79649a42df9d51215def8ffbdaf1c3f76c54b88b9bbaae721e8c6fd972cc36,E,5,2,27,54234,54233,54733,2,right_hand,0,True,,54858,55358
S09:E:record05:trial029,S09,A09E.mat,5d79649a42df9d51215def8ffbdaf1c3f76c54b88b9bbaae721e8c6fd972cc36,E,5,2,28,56209,56208,56708,1,left_hand,0,True,,56833,57333
S09:E:record05:trial030,S09,A09E.mat,5d79649a42df9d51215def8ffbdaf1c3f76c54b88b9bbaae721e8c6fd972cc36,E,5,2,29,58235,58234,58734,3,feet,0,True,,58859,59359
S09:E:record05:trial031,S09,A09E.mat,5d79649a42df9d51215def8ffbdaf1c3f76c54b88b9bbaae721e8c6fd972cc36,E,5,2,30,60306,60305,60805,3,feet,0,True,,60930,61430
S09:E:record05:trial032,S09,A09E.mat,5d79649a42df9d51215def8ffbdaf1c3f76c54b88b9bbaae721e8c6fd972cc36,E,5,2,31,62413,62412,62912,1,left_hand,0,True,,63037,63537
S09:E:record05:trial033,S09,A09E.mat,5d79649a42df9d51215def8ffbdaf1c3f76c54b88b9bbaae721e8c6fd972cc36,E,5,2,32,64505,64504,65004,3,feet,0,True,,65129,65629
S09:E:record05:trial034,S09,A09E.mat,5d79649a42df9d51215def8ffbdaf1c3f76c54b88b9bbaae721e8c6fd972cc36,E,5,2,33,66596,66595,67095,4,tongue,0,True,,67220,67720
S09:E:record05:trial035,S09,A09E.mat,5d79649a42df9d51215def8ffbdaf1c3f76c54b88b9bbaae721e8c6fd972cc36,E,5,2,34,68639,68638,69138,4,tongue,0,True,,69263,69763
S09:E:record05:trial036,S09,A09E.mat,5d79649a42df9d51215def8ffbdaf1c3f76c54b88b9bbaae721e8c6fd972cc36,E,5,2,35,70703,70702,71202,2,right_hand,1,False,organizer_artifact_flag,71327,71827
S09:E:record05:trial037,S09,A09E.mat,5d79649a42df9d51215def8ffbdaf1c3f76c54b88b9bbaae721e8c6fd972cc36,E,5,2,36,72723,72722,73222,1,left_hand,0,True,,73347,73847
S09:E:record05:trial038,S09,A09E.mat,5d79649a42df9d51215def8ffbdaf1c3f76c54b88b9bbaae721e8c6fd972cc36,E,5,2,37,74695,74694,75194,2,right_hand,0,True,,75319,75819
S09:E:record05:trial039,S09,A09E.mat,5d79649a42df9d51215def8ffbdaf1c3f76c54b88b9bbaae721e8c6fd972cc36,E,5,2,38,76658,76657,77157,4,tongue,0,True,,77282,77782
S09:E:record05:trial040,S09,A09E.mat,5d79649a42df9d51215def8ffbdaf1c3f76c54b88b9bbaae721e8c6fd972cc36,E,5,2,39,78583,78582,79082,2,right_hand,0,True,,79207,79707
S09:E:record05:trial041,S09,A09E.mat,5d79649a42df9d51215def8ffbdaf1c3f76c54b88b9bbaae721e8c6fd972cc36,E,5,2,40,80664,80663,81163,4,tongue,0,True,,81288,81788
S09:E:record05:trial042,S09,A09E.mat,5d79649a42df9d51215def8ffbdaf1c3f76c54b88b9bbaae721e8c6fd972cc36,E,5,2,41,82642,82641,83141,3,feet,1,False,organizer_artifact_flag,83266,83766
S09:E:record05:trial043,S09,A09E.mat,5d79649a42df9d51215def8ffbdaf1c3f76c54b88b9bbaae721e8c6fd972cc36,E,5,2,42,84632,84631,85131,2,right_hand,0,True,,85256,85756
S09:E:record05:trial044,S09,A09E.mat,5d79649a42df9d51215def8ffbdaf1c3f76c54b88b9bbaae721e8c6fd972cc36,E,5,2,43,86751,86750,87250,2,right_hand,0,True,,87375,87875
S09:E:record05:trial045,S09,A09E.mat,5d79649a42df9d51215def8ffbdaf1c3f76c54b88b9bbaae721e8c6fd972cc36,E,5,2,44,88657,88656,89156,2,right_hand,0,True,,89281,89781
S09:E:record05:trial046,S09,A09E.mat,5d79649a42df9d51215def8ffbdaf1c3f76c54b88b9bbaae721e8c6fd972cc36,E,5,2,45,90585,90584,91084,3,feet,0,True,,91209,91709
S09:E:record05:trial047,S09,A09E.mat,5d79649a42df9d51215def8ffbdaf1c3f76c54b88b9bbaae721e8c6fd972cc36,E,5,2,46,92699,92698,93198,4,tongue,0,True,,93323,93823
S09:E:record05:trial048,S09,A09E.mat,5d79649a42df9d51215def8ffbdaf1c3f76c54b88b9bbaae721e8c6fd972cc36,E,5,2,47,94758,94757,95257,1,left_hand,0,True,,95382,95882
S09:E:record06:trial001,S09,A09E.mat,5d79649a42df9d51215def8ffbdaf1c3f76c54b88b9bbaae721e8c6fd972cc36,E,6,3,0,251,250,750,2,right_hand,0,True,,875,1375
S09:E:record06:trial002,S09,A09E.mat,5d79649a42df9d51215def8ffbdaf1c3f76c54b88b9bbaae721e8c6fd972cc36,E,6,3,1,2254,2253,2753,4,tongue,1,False,organizer_artifact_flag,2878,3378
S09:E:record06:trial003,S09,A09E.mat,5d79649a42df9d51215def8ffbdaf1c3f76c54b88b9bbaae721e8c6fd972cc36,E,6,3,2,4172,4171,4671,1,left_hand,0,True,,4796,5296
S09:E:record06:trial004,S09,A09E.mat,5d79649a42df9d51215def8ffbdaf1c3f76c54b88b9bbaae721e8c6fd972cc36,E,6,3,3,6124,6123,6623,3,feet,0,True,,6748,7248
S09:E:record06:trial005,S09,A09E.mat,5d79649a42df9d51215def8ffbdaf1c3f76c54b88b9bbaae721e8c6fd972cc36,E,6,3,4,8132,8131,8631,3,feet,0,True,,8756,9256
S09:E:record06:trial006,S09,A09E.mat,5d79649a42df9d51215def8ffbdaf1c3f76c54b88b9bbaae721e8c6fd972cc36,E,6,3,5,10243,10242,10742,4,tongue,0,True,,10867,11367
S09:E:record06:trial007,S09,A09E.mat,5d79649a42df9d51215def8ffbdaf1c3f76c54b88b9bbaae721e8c6fd972cc36,E,6,3,6,12160,12159,12659,1,left_hand,0,True,,12784,13284
S09:E:record06:trial008,S09,A09E.mat,5d79649a42df9d51215def8ffbdaf1c3f76c54b88b9bbaae721e8c6fd972cc36,E,6,3,7,14210,14209,14709,1,left_hand,0,True,,14834,15334
S09:E:record06:trial009,S09,A09E.mat,5d79649a42df9d51215def8ffbdaf1c3f76c54b88b9bbaae721e8c6fd972cc36,E,6,3,8,16141,16140,16640,3,feet,1,False,organizer_artifact_flag,16765,17265
S09:E:record06:trial010,S09,A09E.mat,5d79649a42df9d51215def8ffbdaf1c3f76c54b88b9bbaae721e8c6fd972cc36,E,6,3,9,18139,18138,18638,2,right_hand,0,True,,18763,19263
S09:E:record06:trial011,S09,A09E.mat,5d79649a42df9d51215def8ffbdaf1c3f76c54b88b9bbaae721e8c6fd972cc36,E,6,3,10,20045,20044,20544,4,tongue,0,True,,20669,21169
S09:E:record06:trial012,S09,A09E.mat,5d79649a42df9d51215def8ffbdaf1c3f76c54b88b9bbaae721e8c6fd972cc36,E,6,3,11,21940,21939,22439,4,tongue,0,True,,22564,23064
S09:E:record06:trial013,S09,A09E.mat,5d79649a42df9d51215def8ffbdaf1c3f76c54b88b9bbaae721e8c6fd972cc36,E,6,3,12,23912,23911,24411,4,tongue,0,True,,24536,25036
S09:E:record06:trial014,S09,A09E.mat,5d79649a42df9d51215def8ffbdaf1c3f76c54b88b9bbaae721e8c6fd972cc36,E,6,3,13,25856,25855,26355,2,right_hand,0,True,,26480,26980
S09:E:record06:trial015,S09,A09E.mat,5d79649a42df9d51215def8ffbdaf1c3f76c54b88b9bbaae721e8c6fd972cc36,E,6,3,14,27823,27822,28322,1,left_hand,1,False,organizer_artifact_flag,28447,28947
S09:E:record06:trial016,S09,A09E.mat,5d79649a42df9d51215def8ffbdaf1c3f76c54b88b9bbaae721e8c6fd972cc36,E,6,3,15,29943,29942,30442,3,feet,0,True,,30567,31067
S09:E:record06:trial017,S09,A09E.mat,5d79649a42df9d51215def8ffbdaf1c3f76c54b88b9bbaae721e8c6fd972cc36,E,6,3,16,31951,31950,32450,2,right_hand,0,True,,32575,33075
S09:E:record06:trial018,S09,A09E.mat,5d79649a42df9d51215def8ffbdaf1c3f76c54b88b9bbaae721e8c6fd972cc36,E,6,3,17,34017,34016,34516,4,tongue,0,True,,34641,35141
S09:E:record06:trial019,S09,A09E.mat,5d79649a42df9d51215def8ffbdaf1c3f76c54b88b9bbaae721e8c6fd972cc36,E,6,3,18,36053,36052,36552,1,left_hand,1,False,organizer_artifact_flag,36677,37177
S09:E:record06:trial020,S09,A09E.mat,5d79649a42df9d51215def8ffbdaf1c3f76c54b88b9bbaae721e8c6fd972cc36,E,6,3,19,38119,38118,38618,4,tongue,0,True,,38743,39243
S09:E:record06:trial021,S09,A09E.mat,5d79649a42df9d51215def8ffbdaf1c3f76c54b88b9bbaae721e8c6fd972cc36,E,6,3,20,40189,40188,40688,3,feet,0,True,,40813,41313
S09:E:record06:trial022,S09,A09E.mat,5d79649a42df9d51215def8ffbdaf1c3f76c54b88b9bbaae721e8c6fd972cc36,E,6,3,21,42269,42268,42768,2,right_hand,0,True,,42893,43393
S09:E:record06:trial023,S09,A09E.mat,5d79649a42df9d51215def8ffbdaf1c3f76c54b88b9bbaae721e8c6fd972cc36,E,6,3,22,44181,44180,44680,4,tongue,0,True,,44805,45305
S09:E:record06:trial024,S09,A09E.mat,5d79649a42df9d51215def8ffbdaf1c3f76c54b88b9bbaae721e8c6fd972cc36,E,6,3,23,46212,46211,46711,4,tongue,0,True,,46836,47336
S09:E:record06:trial025,S09,A09E.mat,5d79649a42df9d51215def8ffbdaf1c3f76c54b88b9bbaae721e8c6fd972cc36,E,6,3,24,48165,48164,48664,1,left_hand,0,True,,48789,49289
S09:E:record06:trial026,S09,A09E.mat,5d79649a42df9d51215def8ffbdaf1c3f76c54b88b9bbaae721e8c6fd972cc36,E,6,3,25,50126,50125,50625,2,right_hand,0,True,,50750,51250
S09:E:record06:trial027,S09,A09E.mat,5d79649a42df9d51215def8ffbdaf1c3f76c54b88b9bbaae721e8c6fd972cc36,E,6,3,26,52230,52229,52729,2,right_hand,0,True,,52854,53354
S09:E:record06:trial028,S09,A09E.mat,5d79649a42df9d51215def8ffbdaf1c3f76c54b88b9bbaae721e8c6fd972cc36,E,6,3,27,54234,54233,54733,3,feet,0,True,,54858,55358
S09:E:record06:trial029,S09,A09E.mat,5d79649a42df9d51215def8ffbdaf1c3f76c54b88b9bbaae721e8c6fd972cc36,E,6,3,28,56209,56208,56708,4,tongue,1,False,organizer_artifact_flag,56833,57333
S09:E:record06:trial030,S09,A09E.mat,5d79649a42df9d51215def8ffbdaf1c3f76c54b88b9bbaae721e8c6fd972cc36,E,6,3,29,58235,58234,58734,2,right_hand,0,True,,58859,59359
S09:E:record06:trial031,S09,A09E.mat,5d79649a42df9d51215def8ffbdaf1c3f76c54b88b9bbaae721e8c6fd972cc36,E,6,3,30,60306,60305,60805,1,left_hand,0,True,,60930,61430
S09:E:record06:trial032,S09,A09E.mat,5d79649a42df9d51215def8ffbdaf1c3f76c54b88b9bbaae721e8c6fd972cc36,E,6,3,31,62413,62412,62912,1,left_hand,0,True,,63037,63537
S09:E:record06:trial033,S09,A09E.mat,5d79649a42df9d51215def8ffbdaf1c3f76c54b88b9bbaae721e8c6fd972cc36,E,6,3,32,64505,64504,65004,4,tongue,0,True,,65129,65629
S09:E:record06:trial034,S09,A09E.mat,5d79649a42df9d51215def8ffbdaf1c3f76c54b88b9bbaae721e8c6fd972cc36,E,6,3,33,66596,66595,67095,2,right_hand,0,True,,67220,67720
S09:E:record06:trial035,S09,A09E.mat,5d79649a42df9d51215def8ffbdaf1c3f76c54b88b9bbaae721e8c6fd972cc36,E,6,3,34,68639,68638,69138,1,left_hand,0,True,,69263,69763
S09:E:record06:trial036,S09,A09E.mat,5d79649a42df9d51215def8ffbdaf1c3f76c54b88b9bbaae721e8c6fd972cc36,E,6,3,35,70703,70702,71202,3,feet,0,True,,71327,71827
S09:E:record06:trial037,S09,A09E.mat,5d79649a42df9d51215def8ffbdaf1c3f76c54b88b9bbaae721e8c6fd972cc36,E,6,3,36,72723,72722,73222,2,right_hand,0,True,,73347,73847
S09:E:record06:trial038,S09,A09E.mat,5d79649a42df9d51215def8ffbdaf1c3f76c54b88b9bbaae721e8c6fd972cc36,E,6,3,37,74695,74694,75194,2,right_hand,0,True,,75319,75819
S09:E:record06:trial039,S09,A09E.mat,5d79649a42df9d51215def8ffbdaf1c3f76c54b88b9bbaae721e8c6fd972cc36,E,6,3,38,76658,76657,77157,3,feet,0,True,,77282,77782
S09:E:record06:trial040,S09,A09E.mat,5d79649a42df9d51215def8ffbdaf1c3f76c54b88b9bbaae721e8c6fd972cc36,E,6,3,39,78583,78582,79082,1,left_hand,0,True,,79207,79707
S09:E:record06:trial041,S09,A09E.mat,5d79649a42df9d51215def8ffbdaf1c3f76c54b88b9bbaae721e8c6fd972cc36,E,6,3,40,80664,80663,81163,4,tongue,0,True,,81288,81788
S09:E:record06:trial042,S09,A09E.mat,5d79649a42df9d51215def8ffbdaf1c3f76c54b88b9bbaae721e8c6fd972cc36,E,6,3,41,82642,82641,83141,3,feet,0,True,,83266,83766
S09:E:record06:trial043,S09,A09E.mat,5d79649a42df9d51215def8ffbdaf1c3f76c54b88b9bbaae721e8c6fd972cc36,E,6,3,42,84632,84631,85131,3,feet,0,True,,85256,85756
S09:E:record06:trial044,S09,A09E.mat,5d79649a42df9d51215def8ffbdaf1c3f76c54b88b9bbaae721e8c6fd972cc36,E,6,3,43,86751,86750,87250,3,feet,0,True,,87375,87875
S09:E:record06:trial045,S09,A09E.mat,5d79649a42df9d51215def8ffbdaf1c3f76c54b88b9bbaae721e8c6fd972cc36,E,6,3,44,88657,88656,89156,3,feet,0,True,,89281,89781
S09:E:record06:trial046,S09,A09E.mat,5d79649a42df9d51215def8ffbdaf1c3f76c54b88b9bbaae721e8c6fd972cc36,E,6,3,45,90585,90584,91084,1,left_hand,0,True,,91209,91709
S09:E:record06:trial047,S09,A09E.mat,5d79649a42df9d51215def8ffbdaf1c3f76c54b88b9bbaae721e8c6fd972cc36,E,6,3,46,92699,92698,93198,2,right_hand,0,True,,93323,93823
S09:E:record06:trial048,S09,A09E.mat,5d79649a42df9d51215def8ffbdaf1c3f76c54b88b9bbaae721e8c6fd972cc36,E,6,3,47,94758,94757,95257,1,left_hand,0,True,,95382,95882
S09:E:record07:trial001,S09,A09E.mat,5d79649a42df9d51215def8ffbdaf1c3f76c54b88b9bbaae721e8c6fd972cc36,E,7,4,0,251,250,750,2,right_hand,0,True,,875,1375
S09:E:record07:trial002,S09,A09E.mat,5d79649a42df9d51215def8ffbdaf1c3f76c54b88b9bbaae721e8c6fd972cc36,E,7,4,1,2254,2253,2753,1,left_hand,0,True,,2878,3378
S09:E:record07:trial003,S09,A09E.mat,5d79649a42df9d51215def8ffbdaf1c3f76c54b88b9bbaae721e8c6fd972cc36,E,7,4,2,4172,4171,4671,1,left_hand,0,True,,4796,5296
S09:E:record07:trial004,S09,A09E.mat,5d79649a42df9d51215def8ffbdaf1c3f76c54b88b9bbaae721e8c6fd972cc36,E,7,4,3,6124,6123,6623,3,feet,0,True,,6748,7248
S09:E:record07:trial005,S09,A09E.mat,5d79649a42df9d51215def8ffbdaf1c3f76c54b88b9bbaae721e8c6fd972cc36,E,7,4,4,8132,8131,8631,3,feet,0,True,,8756,9256
S09:E:record07:trial006,S09,A09E.mat,5d79649a42df9d51215def8ffbdaf1c3f76c54b88b9bbaae721e8c6fd972cc36,E,7,4,5,10243,10242,10742,2,right_hand,1,False,organizer_artifact_flag,10867,11367
S09:E:record07:trial007,S09,A09E.mat,5d79649a42df9d51215def8ffbdaf1c3f76c54b88b9bbaae721e8c6fd972cc36,E,7,4,6,12160,12159,12659,3,feet,0,True,,12784,13284
S09:E:record07:trial008,S09,A09E.mat,5d79649a42df9d51215def8ffbdaf1c3f76c54b88b9bbaae721e8c6fd972cc36,E,7,4,7,14210,14209,14709,4,tongue,0,True,,14834,15334
S09:E:record07:trial009,S09,A09E.mat,5d79649a42df9d51215def8ffbdaf1c3f76c54b88b9bbaae721e8c6fd972cc36,E,7,4,8,16141,16140,16640,1,left_hand,0,True,,16765,17265
S09:E:record07:trial010,S09,A09E.mat,5d79649a42df9d51215def8ffbdaf1c3f76c54b88b9bbaae721e8c6fd972cc36,E,7,4,9,18139,18138,18638,4,tongue,0,True,,18763,19263
S09:E:record07:trial011,S09,A09E.mat,5d79649a42df9d51215def8ffbdaf1c3f76c54b88b9bbaae721e8c6fd972cc36,E,7,4,10,20045,20044,20544,1,left_hand,0,True,,20669,21169
S09:E:record07:trial012,S09,A09E.mat,5d79649a42df9d51215def8ffbdaf1c3f76c54b88b9bbaae721e8c6fd972cc36,E,7,4,11,21940,21939,22439,1,left_hand,0,True,,22564,23064
S09:E:record07:trial013,S09,A09E.mat,5d79649a42df9d51215def8ffbdaf1c3f76c54b88b9bbaae721e8c6fd972cc36,E,7,4,12,23912,23911,24411,2,right_hand,0,True,,24536,25036
S09:E:record07:trial014,S09,A09E.mat,5d79649a42df9d51215def8ffbdaf1c3f76c54b88b9bbaae721e8c6fd972cc36,E,7,4,13,25856,25855,26355,4,tongue,0,True,,26480,26980
S09:E:record07:trial015,S09,A09E.mat,5d79649a42df9d51215def8ffbdaf1c3f76c54b88b9bbaae721e8c6fd972cc36,E,7,4,14,27823,27822,28322,3,feet,0,True,,28447,28947
S09:E:record07:trial016,S09,A09E.mat,5d79649a42df9d51215def8ffbdaf1c3f76c54b88b9bbaae721e8c6fd972cc36,E,7,4,15,29943,29942,30442,2,right_hand,0,True,,30567,31067
S09:E:record07:trial017,S09,A09E.mat,5d79649a42df9d51215def8ffbdaf1c3f76c54b88b9bbaae721e8c6fd972cc36,E,7,4,16,31951,31950,32450,4,tongue,0,True,,32575,33075
S09:E:record07:trial018,S09,A09E.mat,5d79649a42df9d51215def8ffbdaf1c3f76c54b88b9bbaae721e8c6fd972cc36,E,7,4,17,34017,34016,34516,3,feet,0,True,,34641,35141
S09:E:record07:trial019,S09,A09E.mat,5d79649a42df9d51215def8ffbdaf1c3f76c54b88b9bbaae721e8c6fd972cc36,E,7,4,18,36053,36052,36552,4,tongue,0,True,,36677,37177
S09:E:record07:trial020,S09,A09E.mat,5d79649a42df9d51215def8ffbdaf1c3f76c54b88b9bbaae721e8c6fd972cc36,E,7,4,19,38119,38118,38618,3,feet,0,True,,38743,39243
S09:E:record07:trial021,S09,A09E.mat,5d79649a42df9d51215def8ffbdaf1c3f76c54b88b9bbaae721e8c6fd972cc36,E,7,4,20,40189,40188,40688,4,tongue,0,True,,40813,41313
S09:E:record07:trial022,S09,A09E.mat,5d79649a42df9d51215def8ffbdaf1c3f76c54b88b9bbaae721e8c6fd972cc36,E,7,4,21,42269,42268,42768,2,right_hand,0,True,,42893,43393
S09:E:record07:trial023,S09,A09E.mat,5d79649a42df9d51215def8ffbdaf1c3f76c54b88b9bbaae721e8c6fd972cc36,E,7,4,22,44181,44180,44680,2,right_hand,0,True,,44805,45305
S09:E:record07:trial024,S09,A09E.mat,5d79649a42df9d51215def8ffbdaf1c3f76c54b88b9bbaae721e8c6fd972cc36,E,7,4,23,46212,46211,46711,4,tongue,1,False,organizer_artifact_flag,46836,47336
S09:E:record07:trial025,S09,A09E.mat,5d79649a42df9d51215def8ffbdaf1c3f76c54b88b9bbaae721e8c6fd972cc36,E,7,4,24,48165,48164,48664,1,left_hand,0,True,,48789,49289
S09:E:record07:trial026,S09,A09E.mat,5d79649a42df9d51215def8ffbdaf1c3f76c54b88b9bbaae721e8c6fd972cc36,E,7,4,25,50126,50125,50625,2,right_hand,0,True,,50750,51250
S09:E:record07:trial027,S09,A09E.mat,5d79649a42df9d51215def8ffbdaf1c3f76c54b88b9bbaae721e8c6fd972cc36,E,7,4,26,52230,52229,52729,2,right_hand,0,True,,52854,53354
S09:E:record07:trial028,S09,A09E.mat,5d79649a42df9d51215def8ffbdaf1c3f76c54b88b9bbaae721e8c6fd972cc36,E,7,4,27,54234,54233,54733,2,right_hand,0,True,,54858,55358
S09:E:record07:trial029,S09,A09E.mat,5d79649a42df9d51215def8ffbdaf1c3f76c54b88b9bbaae721e8c6fd972cc36,E,7,4,28,56209,56208,56708,3,feet,0,True,,56833,57333
S09:E:record07:trial030,S09,A09E.mat,5d79649a42df9d51215def8ffbdaf1c3f76c54b88b9bbaae721e8c6fd972cc36,E,7,4,29,58235,58234,58734,4,tongue,0,True,,58859,59359
S09:E:record07:trial031,S09,A09E.mat,5d79649a42df9d51215def8ffbdaf1c3f76c54b88b9bbaae721e8c6fd972cc36,E,7,4,30,60306,60305,60805,1,left_hand,0,True,,60930,61430
S09:E:record07:trial032,S09,A09E.mat,5d79649a42df9d51215def8ffbdaf1c3f76c54b88b9bbaae721e8c6fd972cc36,E,7,4,31,62413,62412,62912,4,tongue,0,True,,63037,63537
S09:E:record07:trial033,S09,A09E.mat,5d79649a42df9d51215def8ffbdaf1c3f76c54b88b9bbaae721e8c6fd972cc36,E,7,4,32,64505,64504,65004,1,left_hand,0,True,,65129,65629
S09:E:record07:trial034,S09,A09E.mat,5d79649a42df9d51215def8ffbdaf1c3f76c54b88b9bbaae721e8c6fd972cc36,E,7,4,33,66596,66595,67095,3,feet,0,True,,67220,67720
S09:E:record07:trial035,S09,A09E.mat,5d79649a42df9d51215def8ffbdaf1c3f76c54b88b9bbaae721e8c6fd972cc36,E,7,4,34,68639,68638,69138,1,left_hand,1,False,organizer_artifact_flag,69263,69763
S09:E:record07:trial036,S09,A09E.mat,5d79649a42df9d51215def8ffbdaf1c3f76c54b88b9bbaae721e8c6fd972cc36,E,7,4,35,70703,70702,71202,4,tongue,0,True,,71327,71827
S09:E:record07:trial037,S09,A09E.mat,5d79649a42df9d51215def8ffbdaf1c3f76c54b88b9bbaae721e8c6fd972cc36,E,7,4,36,72723,72722,73222,1,left_hand,1,False,organizer_artifact_flag,73347,73847
S09:E:record07:trial038,S09,A09E.mat,5d79649a42df9d51215def8ffbdaf1c3f76c54b88b9bbaae721e8c6fd972cc36,E,7,4,37,74695,74694,75194,3,feet,0,True,,75319,75819
S09:E:record07:trial039,S09,A09E.mat,5d79649a42df9d51215def8ffbdaf1c3f76c54b88b9bbaae721e8c6fd972cc36,E,7,4,38,76658,76657,77157,1,left_hand,0,True,,77282,77782
S09:E:record07:trial040,S09,A09E.mat,5d79649a42df9d51215def8ffbdaf1c3f76c54b88b9bbaae721e8c6fd972cc36,E,7,4,39,78583,78582,79082,2,right_hand,1,False,organizer_artifact_flag,79207,79707
S09:E:record07:trial041,S09,A09E.mat,5d79649a42df9d51215def8ffbdaf1c3f76c54b88b9bbaae721e8c6fd972cc36,E,7,4,40,80664,80663,81163,3,feet,0,True,,81288,81788
S09:E:record07:trial042,S09,A09E.mat,5d79649a42df9d51215def8ffbdaf1c3f76c54b88b9bbaae721e8c6fd972cc36,E,7,4,41,82642,82641,83141,3,feet,0,True,,83266,83766
S09:E:record07:trial043,S09,A09E.mat,5d79649a42df9d51215def8ffbdaf1c3f76c54b88b9bbaae721e8c6fd972cc36,E,7,4,42,84632,84631,85131,4,tongue,0,True,,85256,85756
S09:E:record07:trial044,S09,A09E.mat,5d79649a42df9d51215def8ffbdaf1c3f76c54b88b9bbaae721e8c6fd972cc36,E,7,4,43,86751,86750,87250,1,left_hand,0,True,,87375,87875
S09:E:record07:trial045,S09,A09E.mat,5d79649a42df9d51215def8ffbdaf1c3f76c54b88b9bbaae721e8c6fd972cc36,E,7,4,44,88657,88656,89156,2,right_hand,0,True,,89281,89781
S09:E:record07:trial046,S09,A09E.mat,5d79649a42df9d51215def8ffbdaf1c3f76c54b88b9bbaae721e8c6fd972cc36,E,7,4,45,90585,90584,91084,4,tongue,0,True,,91209,91709
S09:E:record07:trial047,S09,A09E.mat,5d79649a42df9d51215def8ffbdaf1c3f76c54b88b9bbaae721e8c6fd972cc36,E,7,4,46,92699,92698,93198,2,right_hand,0,True,,93323,93823
S09:E:record07:trial048,S09,A09E.mat,5d79649a42df9d51215def8ffbdaf1c3f76c54b88b9bbaae721e8c6fd972cc36,E,7,4,47,94758,94757,95257,3,feet,0,True,,95382,95882
S09:E:record08:trial001,S09,A09E.mat,5d79649a42df9d51215def8ffbdaf1c3f76c54b88b9bbaae721e8c6fd972cc36,E,8,5,0,251,250,750,3,feet,0,True,,875,1375
S09:E:record08:trial002,S09,A09E.mat,5d79649a42df9d51215def8ffbdaf1c3f76c54b88b9bbaae721e8c6fd972cc36,E,8,5,1,2254,2253,2753,1,left_hand,0,True,,2878,3378
S09:E:record08:trial003,S09,A09E.mat,5d79649a42df9d51215def8ffbdaf1c3f76c54b88b9bbaae721e8c6fd972cc36,E,8,5,2,4172,4171,4671,4,tongue,0,True,,4796,5296
S09:E:record08:trial004,S09,A09E.mat,5d79649a42df9d51215def8ffbdaf1c3f76c54b88b9bbaae721e8c6fd972cc36,E,8,5,3,6124,6123,6623,2,right_hand,0,True,,6748,7248
S09:E:record08:trial005,S09,A09E.mat,5d79649a42df9d51215def8ffbdaf1c3f76c54b88b9bbaae721e8c6fd972cc36,E,8,5,4,8132,8131,8631,4,tongue,0,True,,8756,9256
S09:E:record08:trial006,S09,A09E.mat,5d79649a42df9d51215def8ffbdaf1c3f76c54b88b9bbaae721e8c6fd972cc36,E,8,5,5,10243,10242,10742,1,left_hand,0,True,,10867,11367
S09:E:record08:trial007,S09,A09E.mat,5d79649a42df9d51215def8ffbdaf1c3f76c54b88b9bbaae721e8c6fd972cc36,E,8,5,6,12160,12159,12659,1,left_hand,0,True,,12784,13284
S09:E:record08:trial008,S09,A09E.mat,5d79649a42df9d51215def8ffbdaf1c3f76c54b88b9bbaae721e8c6fd972cc36,E,8,5,7,14210,14209,14709,3,feet,0,True,,14834,15334
S09:E:record08:trial009,S09,A09E.mat,5d79649a42df9d51215def8ffbdaf1c3f76c54b88b9bbaae721e8c6fd972cc36,E,8,5,8,16141,16140,16640,3,feet,0,True,,16765,17265
S09:E:record08:trial010,S09,A09E.mat,5d79649a42df9d51215def8ffbdaf1c3f76c54b88b9bbaae721e8c6fd972cc36,E,8,5,9,18139,18138,18638,2,right_hand,0,True,,18763,19263
S09:E:record08:trial011,S09,A09E.mat,5d79649a42df9d51215def8ffbdaf1c3f76c54b88b9bbaae721e8c6fd972cc36,E,8,5,10,20045,20044,20544,4,tongue,0,True,,20669,21169
S09:E:record08:trial012,S09,A09E.mat,5d79649a42df9d51215def8ffbdaf1c3f76c54b88b9bbaae721e8c6fd972cc36,E,8,5,11,21940,21939,22439,2,right_hand,0,True,,22564,23064
S09:E:record08:trial013,S09,A09E.mat,5d79649a42df9d51215def8ffbdaf1c3f76c54b88b9bbaae721e8c6fd972cc36,E,8,5,12,23912,23911,24411,2,right_hand,0,True,,24536,25036
S09:E:record08:trial014,S09,A09E.mat,5d79649a42df9d51215def8ffbdaf1c3f76c54b88b9bbaae721e8c6fd972cc36,E,8,5,13,25856,25855,26355,1,left_hand,0,True,,26480,26980
S09:E:record08:trial015,S09,A09E.mat,5d79649a42df9d51215def8ffbdaf1c3f76c54b88b9bbaae721e8c6fd972cc36,E,8,5,14,27823,27822,28322,2,right_hand,0,True,,28447,28947
S09:E:record08:trial016,S09,A09E.mat,5d79649a42df9d51215def8ffbdaf1c3f76c54b88b9bbaae721e8c6fd972cc36,E,8,5,15,29943,29942,30442,4,tongue,0,True,,30567,31067
S09:E:record08:trial017,S09,A09E.mat,5d79649a42df9d51215def8ffbdaf1c3f76c54b88b9bbaae721e8c6fd972cc36,E,8,5,16,31951,31950,32450,4,tongue,0,True,,32575,33075
S09:E:record08:trial018,S09,A09E.mat,5d79649a42df9d51215def8ffbdaf1c3f76c54b88b9bbaae721e8c6fd972cc36,E,8,5,17,34017,34016,34516,2,right_hand,0,True,,34641,35141
S09:E:record08:trial019,S09,A09E.mat,5d79649a42df9d51215def8ffbdaf1c3f76c54b88b9bbaae721e8c6fd972cc36,E,8,5,18,36053,36052,36552,2,right_hand,0,True,,36677,37177
S09:E:record08:trial020,S09,A09E.mat,5d79649a42df9d51215def8ffbdaf1c3f76c54b88b9bbaae721e8c6fd972cc36,E,8,5,19,38119,38118,38618,2,right_hand,0,True,,38743,39243
S09:E:record08:trial021,S09,A09E.mat,5d79649a42df9d51215def8ffbdaf1c3f76c54b88b9bbaae721e8c6fd972cc36,E,8,5,20,40189,40188,40688,2,right_hand,0,True,,40813,41313
S09:E:record08:trial022,S09,A09E.mat,5d79649a42df9d51215def8ffbdaf1c3f76c54b88b9bbaae721e8c6fd972cc36,E,8,5,21,42269,42268,42768,4,tongue,0,True,,42893,43393
S09:E:record08:trial023,S09,A09E.mat,5d79649a42df9d51215def8ffbdaf1c3f76c54b88b9bbaae721e8c6fd972cc36,E,8,5,22,44181,44180,44680,4,tongue,0,True,,44805,45305
S09:E:record08:trial024,S09,A09E.mat,5d79649a42df9d51215def8ffbdaf1c3f76c54b88b9bbaae721e8c6fd972cc36,E,8,5,23,46212,46211,46711,3,feet,0,True,,46836,47336
S09:E:record08:trial025,S09,A09E.mat,5d79649a42df9d51215def8ffbdaf1c3f76c54b88b9bbaae721e8c6fd972cc36,E,8,5,24,48165,48164,48664,4,tongue,0,True,,48789,49289
S09:E:record08:trial026,S09,A09E.mat,5d79649a42df9d51215def8ffbdaf1c3f76c54b88b9bbaae721e8c6fd972cc36,E,8,5,25,50126,50125,50625,1,left_hand,0,True,,50750,51250
S09:E:record08:trial027,S09,A09E.mat,5d79649a42df9d51215def8ffbdaf1c3f76c54b88b9bbaae721e8c6fd972cc36,E,8,5,26,52230,52229,52729,2,right_hand,0,True,,52854,53354
S09:E:record08:trial028,S09,A09E.mat,5d79649a42df9d51215def8ffbdaf1c3f76c54b88b9bbaae721e8c6fd972cc36,E,8,5,27,54234,54233,54733,3,feet,0,True,,54858,55358
S09:E:record08:trial029,S09,A09E.mat,5d79649a42df9d51215def8ffbdaf1c3f76c54b88b9bbaae721e8c6fd972cc36,E,8,5,28,56209,56208,56708,2,right_hand,1,False,organizer_artifact_flag,56833,57333
S09:E:record08:trial030,S09,A09E.mat,5d79649a42df9d51215def8ffbdaf1c3f76c54b88b9bbaae721e8c6fd972cc36,E,8,5,29,58235,58234,58734,1,left_hand,0,True,,58859,59359
S09:E:record08:trial031,S09,A09E.mat,5d79649a42df9d51215def8ffbdaf1c3f76c54b88b9bbaae721e8c6fd972cc36,E,8,5,30,60306,60305,60805,4,tongue,1,False,organizer_artifact_flag,60930,61430
S09:E:record08:trial032,S09,A09E.mat,5d79649a42df9d51215def8ffbdaf1c3f76c54b88b9bbaae721e8c6fd972cc36,E,8,5,31,62413,62412,62912,1,left_hand,0,True,,63037,63537
S09:E:record08:trial033,S09,A09E.mat,5d79649a42df9d51215def8ffbdaf1c3f76c54b88b9bbaae721e8c6fd972cc36,E,8,5,32,64505,64504,65004,4,tongue,0,True,,65129,65629
S09:E:record08:trial034,S09,A09E.mat,5d79649a42df9d51215def8ffbdaf1c3f76c54b88b9bbaae721e8c6fd972cc36,E,8,5,33,66596,66595,67095,1,left_hand,1,False,organizer_artifact_flag,67220,67720
S09:E:record08:trial035,S09,A09E.mat,5d79649a42df9d51215def8ffbdaf1c3f76c54b88b9bbaae721e8c6fd972cc36,E,8,5,34,68639,68638,69138,1,left_hand,1,False,organizer_artifact_flag,69263,69763
S09:E:record08:trial036,S09,A09E.mat,5d79649a42df9d51215def8ffbdaf1c3f76c54b88b9bbaae721e8c6fd972cc36,E,8,5,35,70703,70702,71202,1,left_hand,0,True,,71327,71827
S09:E:record08:trial037,S09,A09E.mat,5d79649a42df9d51215def8ffbdaf1c3f76c54b88b9bbaae721e8c6fd972cc36,E,8,5,36,72723,72722,73222,1,left_hand,0,True,,73347,73847
S09:E:record08:trial038,S09,A09E.mat,5d79649a42df9d51215def8ffbdaf1c3f76c54b88b9bbaae721e8c6fd972cc36,E,8,5,37,74695,74694,75194,3,feet,0,True,,75319,75819
S09:E:record08:trial039,S09,A09E.mat,5d79649a42df9d51215def8ffbdaf1c3f76c54b88b9bbaae721e8c6fd972cc36,E,8,5,38,76658,76657,77157,3,feet,0,True,,77282,77782
S09:E:record08:trial040,S09,A09E.mat,5d79649a42df9d51215def8ffbdaf1c3f76c54b88b9bbaae721e8c6fd972cc36,E,8,5,39,78583,78582,79082,4,tongue,0,True,,79207,79707
S09:E:record08:trial041,S09,A09E.mat,5d79649a42df9d51215def8ffbdaf1c3f76c54b88b9bbaae721e8c6fd972cc36,E,8,5,40,80664,80663,81163,2,right_hand,0,True,,81288,81788
S09:E:record08:trial042,S09,A09E.mat,5d79649a42df9d51215def8ffbdaf1c3f76c54b88b9bbaae721e8c6fd972cc36,E,8,5,41,82642,82641,83141,3,feet,0,True,,83266,83766
S09:E:record08:trial043,S09,A09E.mat,5d79649a42df9d51215def8ffbdaf1c3f76c54b88b9bbaae721e8c6fd972cc36,E,8,5,42,84632,84631,85131,3,feet,0,True,,85256,85756
S09:E:record08:trial044,S09,A09E.mat,5d79649a42df9d51215def8ffbdaf1c3f76c54b88b9bbaae721e8c6fd972cc36,E,8,5,43,86751,86750,87250,3,feet,0,True,,87375,87875
S09:E:record08:trial045,S09,A09E.mat,5d79649a42df9d51215def8ffbdaf1c3f76c54b88b9bbaae721e8c6fd972cc36,E,8,5,44,88657,88656,89156,4,tongue,1,False,organizer_artifact_flag,89281,89781
S09:E:record08:trial046,S09,A09E.mat,5d79649a42df9d51215def8ffbdaf1c3f76c54b88b9bbaae721e8c6fd972cc36,E,8,5,45,90585,90584,91084,3,feet,0,True,,91209,91709
S09:E:record08:trial047,S09,A09E.mat,5d79649a42df9d51215def8ffbdaf1c3f76c54b88b9bbaae721e8c6fd972cc36,E,8,5,46,92699,92698,93198,1,left_hand,0,True,,93323,93823
S09:E:record08:trial048,S09,A09E.mat,5d79649a42df9d51215def8ffbdaf1c3f76c54b88b9bbaae721e8c6fd972cc36,E,8,5,47,94758,94757,95257,3,feet,0,True,,95382,95882
